# 6123 vertices, 11200 faces
mtllib Tile_+002_+000.mtl
v 400.019 200.193 42.96869
v 400.0293 200.193 42.99306
v 454.535 178.8586 39.88192
v 467.5517 167.5943 52.48647
v 452.6248 178.4395 39.81944
v 454.3378 182.1633 36.30785
v 490.9836 177.6294 52.06642
v 422.2121 189.3859 48.74854
v 531.7949 185.6301 49.38619
v 448.1601 175.4942 42.65468
v 448.4459 177.7814 38.89195
v 458.548 176.2457 43.95387
v 457.4102 177.1774 41.26374
v 452.8456 165.9118 48.78242
v 445.328 176.4508 42.24973
v 441.9432 175.7325 41.97915
v 442.709 176.1716 42.11031
v 449.9085 174.5476 35.46062
v 450.864 174.0483 48.86697
v 400.3758 200.193 44.89421
v 400.3707 200.193 45.31777
v 451.1458 173.6494 49.26727
v 421.1316 200.193 43.51805
v 464.897 187.0371 40.8111
v 464.6193 186.6256 40.97969
v 450.7567 41.96689 38.99301
v 486.6004 137.8363 45.36457
v 448.8017 165.1741 51.34795
v 431.8736 185.3967 46.73682
v 426.4016 190.1678 47.64546
v 429.306 189.029 39.55192
v 431.0836 167.7973 43.80514
v 430.18 191.288 40.54544
v 469.9103 105.1617 42.1876
v 440.0534 94.80969 49.01503
v 448.3454 163.7455 51.70065
v 480.2601 200.193 49.69901
v 419.7303 119.5653 43.09263
v 425.5727 163.7583 48.21124
v 425.523 164.3004 47.96944
v 402.503 200.193 37.86768
v 441.6026 175.4016 41.7613
v 519.2921 184.3196 37.90396
v 402.5219 200.193 37.24273
v 502.7357 79.95091 50.74181
v 463.0131 150.725 46.55578
v 432.0919 168.3303 44.16722
v 436.318 170.4688 44.80904
v 423.3631 165.4899 45.25388
v 508.4503 176.7514 42.45339
v 402.5887 200.193 38.24833
v 402.6122 200.193 38.70596
v 402.6011 200.193 39.13992
v 467.0013 173.6476 50.64419
v 422.7323 166.4865 44.21483
v 431.652 156.0913 51.18142
v 492.2715 193.1295 47.88356
v 488.2525 200.193 46.89668
v 517.1443 102.2542 52.83355
v 488.2609 200.193 46.8945
v 469.9918 200.193 46.76346
v 414.9538 148.6197 42.27899
v 416.4516 200.193 50.69009
v 416.4285 200.193 50.68406
v 416.475 200.193 50.68515
v 409.5378 145.6536 38.89777
v 427.1687 157.8216 51.54025
v 426.9757 157.4213 51.87876
v 525.6112 188.1132 49.73991
v 426.2343 187.7206 47.49884
v 416.4691 200.193 50.68567
v 477.9929 73.00037 39.52872
v 446.9902 175.9399 42.30432
v 402.1634 200.193 47.85048
v 408.9061 200.193 34.67456
v 446.4782 176.3249 42.86994
v 445.1414 177.2898 43.70222
v 444.9345 176.9318 42.72585
v 427.9074 200.193 37.18687
v 440.9846 174.5581 42.81013
v 443.9544 169.4193 48.73158
v 509.3201 196.4055 42.044
v 430.3864 166.5604 45.28811
v 428.1602 200.193 37.21584
v 485.0975 170.8209 52.32782
v 520.7684 184.3296 39.36093
v 431.5306 168.4089 43.75337
v 446.0893 200.193 37.39356
v 425.8355 200.193 36.86704
v 486.1335 200.193 46.84685
v 429.192 189.5155 46.10178
v 442.7482 172.6755 37.50336
v 445.8866 176.4185 42.04365
v 446.3043 176.6876 42.01625
v 438.3825 172.3902 36.80616
v 427.9854 190.0539 46.82832
v 468.6701 108.3909 39.52176
v 444.6095 170.5699 49.24843
v 491.9562 200.193 48.6977
v 491.5007 200.193 48.85559
v 445.2924 169.9679 50.53881
v 403.5551 200.193 34.61891
v 403.8473 200.193 34.56029
v 506.8957 200.193 46.51129
v 525.6581 200.193 49.18913
v 442.035 175.8986 41.67175
v 414.9796 148.0738 43.34543
v 415.8991 147.9739 43.29894
v 411.2638 144.9892 43.75882
v 413.7369 156.8179 42.07952
v 525.8336 200.193 49.24152
v 408.1433 136.9647 40.73616
v 522.6453 183.3314 41.04433
v 521.7746 183.5656 41.48594
v 526.0923 200.193 49.21367
v 494.9172 192.8524 47.29211
v 493.0499 200.193 48.36522
v 579.38 200.193 44.39188
v 549.7495 200.193 56.19619
v 414.2327 147.1726 42.80433
v 421.7081 158.7378 49.77104
v 549.649 200.193 55.64353
v 432.508 159.1592 51.06694
v 549.6945 200.193 55.9339
v 424.5693 164.8937 46.81111
v 427.16 192.7119 42.54636
v 521.9985 200.193 49.17336
v 425.8915 195.8152 44.32409
v 409.0355 144.6167 39.45597
v 521.7728 200.193 49.2234
v 521.673 200.193 49.30595
v 523.0448 200.193 49.08037
v 523.1159 200.193 49.09076
v 426.9202 196.4372 44.48406
v 460.4708 185.8325 41.55307
v 414.6915 145.5947 44.52135
v 413.879 145.761 44.08181
v 528.0928 181.1598 45.20429
v 417.852 117.3869 43.90038
v 522.8874 200.193 49.10046
v 446.3397 162.8112 32.16515
v 445.5151 163.0764 32.23687
v 424.0678 196.6477 44.07682
v 410.5974 126.2618 42.11628
v 418.5793 192.2513 36.19892
v 418.4429 118.0293 44.01918
v 417.7846 107.6234 46.52505
v 525.4052 200.193 49.12849
v 413.8701 138.4304 46.7935
v 481.8252 169.1356 32.67294
v 426.6874 195.5639 42.05874
v 426.0415 196.1449 41.9798
v 421.4413 118.8765 45.9971
v 525.2046 200.193 49.19717
v 426.4638 196.7891 42.3797
v 525.2605 200.193 49.19025
v 477.1059 180.6578 50.24605
v 410.5675 101.7235 44.4988
v 427.0074 196.3947 42.46528
v 520.0089 200.193 47.50129
v 519.4639 200.193 47.3205
v 527.7969 200.193 48.60857
v 541.0057 200.193 47.46318
v 434.8131 147.8522 52.30467
v 540.9902 200.193 47.13513
v 435.7785 151.1381 53.13557
v 522.2377 200.193 49.16436
v 520.7971 200.193 47.73544
v 520.1146 184.1863 38.67565
v 539.3696 200.193 45.54753
v 412.3097 141.2396 44.96564
v 418.0404 118.8583 42.50072
v 443.423 175.4543 42.99443
v 433.6968 29.48768 40.38825
v 539.973 200.193 45.64485
v 405.106 124.2446 38.25928
v 539.4229 200.193 45.48425
v 427.9145 186.2776 48.38677
v 431.6784 166.4507 44.73206
v 528.3305 200.193 48.63474
v 418.6643 120.4774 43.95802
v 528.8954 200.193 48.67382
v 417.5316 117.5882 43.56444
v 528.7145 200.193 48.64624
v 423.2149 110.352 48.45735
v 426.5805 36.44102 39.49049
v 575.0587 200.193 45.45887
v 438.7522 160.7314 52.02124
v 574.4483 200.193 45.51844
v 536.1933 130.3465 53.90537
v 426.6832 196.048 44.09119
v 517.8759 200.193 46.89707
v 518.2968 200.193 46.95768
v 448.0689 104.9017 42.79176
v 423.0631 36.93307 40.48418
v 549.6308 200.193 55.48932
v 411.4653 84.60124 41.00649
v 467.6283 174.2332 50.35753
v 429.0455 191.3216 40.57957
v 481.1515 177.1564 33.46884
v 415.6296 69.07065 44.52493
v 430.4732 36.38988 42.01841
v 516.5937 183.8023 35.58745
v 541.0201 200.193 47.68003
v 411.9043 66.36519 44.27349
v 541.0399 200.193 47.82624
v 407.7574 95.56104 40.37363
v 423.6329 198.1826 43.90289
v 406.3052 94.41059 43.40374
v 522.5056 184.6826 41.1184
v 540.1061 200.193 45.62284
v 408.382 97.71035 37.60057
v 520.3287 182.5048 40.86058
v 502.3005 186.2841 46.93474
v 540.5144 200.193 45.433
v 540.6132 200.193 45.41899
v 540.6511 200.193 45.43861
v 412.3571 117.9137 41.3044
v 480.6186 169.9826 31.87574
v 540.7896 200.193 45.60271
v 412.0294 115.6503 44.85153
v 409.9981 99.0557 43.80268
v 522.3956 200.193 49.13912
v 425.543 196.7559 42.66104
v 426.2118 196.8959 42.61255
v 522.5626 200.193 49.1174
v 410.3983 130.6382 42.64588
v 549.2904 200.193 53.57714
v 549.2793 200.193 53.74629
v 539.5949 190.1999 49.34017
v 517.8136 183.3596 36.50116
v 549.2899 200.193 53.83603
v 420.3611 162.4492 45.34772
v 413.891 151.3719 40.99938
v 416.1137 143.8163 45.95466
v 416.7594 143.6445 46.32712
v 481.2253 172.2312 32.71825
v 526.9472 200.193 49.10641
v 557.0334 200.193 52.90223
v 415.4507 141.0871 46.04462
v 494.7897 200.193 47.49017
v 495.353 200.193 47.14328
v 451.2919 177.2121 42.09154
v 416.5546 145.4723 44.78794
v 506.508 200.193 46.55653
v 506.4645 200.193 46.54557
v 505.7159 200.193 46.35043
v 515.9032 183.3113 35.1285
v 426.7812 196.5386 43.23533
v 414.7366 143.2185 45.55287
v 504.6442 195.9975 47.30201
v 414.8438 142.8992 45.65129
v 497.18 112.3045 42.21209
v 420.178 106.6474 47.60133
v 411.8223 126.8558 42.75221
v 505.6325 200.193 46.32161
v 521.562 200.193 49.3989
v 521.4778 200.193 49.46935
v 553.3209 200.193 54.50908
v 553.1909 200.193 54.59474
v 487.8078 128.5747 43.23255
v 514.071 170.4625 41.96271
v 474.2254 182.4156 48.20839
v 553.0327 200.193 54.69078
v 436.9817 153.1732 52.22994
v 525.3393 100.3509 40.04626
v 442.2462 69.78633 44.79547
v 516.0987 200.193 46.76358
v 515.1972 200.193 46.75924
v 541.1542 200.193 48.88501
v 466.6529 167.1833 53.25523
v 448.8724 67.07767 43.46093
v 541.1274 200.193 48.47113
v 540.99 200.193 46.81195
v 549.4429 200.193 54.34544
v 510.7329 83.59871 49.29644
v 444.3762 169.0125 49.67068
v 513.786 101.3743 53.05826
v 430.5777 172.0664 39.59802
v 549.4562 200.193 54.40627
v 549.4647 200.193 54.45002
v 549.4897 200.193 54.60693
v 478.4203 128.1353 44.80581
v 549.2887 200.193 53.47153
v 541.184 200.193 49.30742
v 409.127 129.8019 41.71086
v 541.17 200.193 49.05188
v 541.2101 200.193 49.67724
v 477.7313 176.5723 30.37872
v 523.5472 200.193 49.16395
v 467.8937 175.5165 49.84024
v 529.1654 200.193 48.68995
v 549.2154 200.193 53.45496
v 485.4168 76.11966 48.02024
v 548.9299 200.193 53.12646
v 462.199 42.45422 45.50755
v 468.2346 182.8372 46.65198
v 478.2483 179.35 31.26906
v 503.9562 197.6874 46.17307
v 463.8189 176.7301 49.21934
v 563.8175 200.193 47.02995
v 534.6879 200.193 48.75525
v 534.8622 200.193 48.62487
v 470.6904 164.9392 52.95358
v 535.0005 200.193 48.58601
v 482.9234 200.193 47.10765
v 483.15 200.193 46.83509
v 471.6564 166.2746 52.18359
v 481.8078 180.428 51.59605
v 570.1291 200.193 45.48247
v 457.2158 1.394142 36.6148
v 478.8084 200.193 49.57446
v 459.5185 2.398758 37.41656
v 530.2399 200.193 50.03411
v 438.1361 151.2144 52.92996
v 410.383 200.193 48.44264
v 410.5553 200.193 48.49094
v 462.8471 39.97495 41.01004
v 539.0652 146.4718 38.63255
v 549.993 152.8413 42.17375
v 474.4809 72.08386 50.72712
v 415.2946 200.193 50.09277
v 475.7981 178.223 50.91422
v 483.8694 200.193 46.36584
v 467.8513 200.193 45.75315
v 446.1959 200.193 37.37651
v 580.1613 200.193 44.22378
v 488.6113 186.8021 50.10863
v 498.0134 200.193 45.83891
v 426.1291 197.0178 42.34553
v 433.4762 200.193 38.6798
v 465.1998 177.583 48.47847
v 566.4508 200.193 45.35196
v 511.8274 88.59848 51.44809
v 495.3752 179.367 48.03244
v 567.4262 200.193 45.35708
v 567.5914 200.193 45.36436
v 494.4051 179.1733 48.1627
v 468.5315 200.193 46.99747
v 488.0099 141.9557 44.22584
v 467.9871 200.193 46.06039
v 566.7705 168.18 42.29877
v 451.0053 139.958 47.44515
v 538.3955 146.7577 38.47739
v 501.9649 200.193 45.24987
v 501.6691 200.193 45.22616
v 531.8944 200.193 51.4001
v 435.9185 162.3076 51.32964
v 531.3154 200.193 51.29847
v 418.5584 200.193 50.16017
v 417.9209 200.193 50.40443
v 420.9233 200.193 46.16809
v 451.801 61.56137 46.377
v 420.9284 200.193 46.06366
v 421.0022 200.193 45.49768
v 568.281 200.193 45.38313
v 568.9661 200.193 45.42323
v 471.7695 68.4831 48.79754
v 569.3165 200.193 45.43282
v 472.622 68.00072 49.61743
v 500.1762 184.5513 47.30793
v 463.8456 149.445 40.9599
v 414.6734 200.193 49.7524
v 414.6594 200.193 49.7424
v 471.8078 72.35387 46.83727
v 428.4477 200.193 37.30411
v 428.9903 200.193 37.42253
v 468.4356 92.61566 42.69313
v 428.8665 200.193 37.38744
v 511.2029 200.193 46.81845
v 511.88 200.193 46.79634
v 470.8283 167.8289 51.59175
v 484.9483 65.13813 49.63381
v 422.509 198.2746 43.67233
v 511.7185 200.193 46.79939
v 511.0788 200.193 46.82087
v 423.0946 198.158 43.25454
v 494.2026 200.193 47.90051
v 499.8137 200.193 45.25452
v 500.1374 200.193 45.19524
v 447.9032 174.8308 44.51188
v 500.0599 200.193 45.20722
v 418.3622 159.387 46.82664
v 481.0215 124.9891 43.90312
v 512.8552 165.7701 49.47483
v 573.5545 200.193 45.57698
v 425.2709 196.8628 42.05396
v 404.5057 200.193 39.43652
v 499.1327 200.193 45.38334
v 475.905 192.744 34.34346
v 419.6996 200.193 38.94013
v 462.5477 169.284 52.0386
v 402.6018 200.193 39.36417
v 488.2618 141.1668 46.33313
v 402.7073 200.193 39.90661
v 402.7196 200.193 39.96411
v 550.6686 200.193 56.18303
v 550.4451 200.193 56.32174
v 473.5496 200.193 49.5787
v 482.3055 141.448 46.49614
v 402.5639 200.193 36.77927
v 425.0595 196.8986 42.19943
v 498.3788 176.961 48.16605
v 402.696 200.193 35.48695
v 499.5048 113.5653 40.19735
v 430.9409 153.1058 53.23785
v 402.6728 200.193 36.08069
v 438.7279 156.9515 52.35619
v 551.4921 200.193 55.84761
v 550.7812 200.193 56.12509
v 494.7622 144.7711 41.07547
v 430.294 158.4344 49.65136
v 431.1202 157.6529 50.37817
v 431.3785 153.0048 53.39038
v 550.8375 200.193 56.10271
v 486.3939 200.193 47.02381
v 461.2766 174.9475 48.80163
v 540.8775 200.193 45.69682
v 540.8738 200.193 45.71613
v 421.8606 159.4507 49.49763
v 579.3274 200.193 44.43892
v 509.4385 200.193 46.86423
v 492.3384 200.193 48.67115
v 492.8265 200.193 48.49192
v 492.6113 200.193 48.74627
v 437.46 160.4093 52.15838
v 439.1004 170.7392 42.85926
v 453.707 155.1158 52.1889
v 520.8788 200.193 47.76173
v 497.3768 191.5456 47.42856
v 485.7924 176.6451 52.14465
v 404.0281 161.7666 43.64592
v 433.8141 155.753 51.30397
v 431.1541 153.2487 51.51302
v 520.9178 200.193 47.80454
v 509.3274 200.193 46.86276
v 509.2508 200.193 46.85906
v 509.2855 200.193 46.86157
v 423.8722 193.0592 48.41909
v 479.5372 194.248 36.94783
v 551.7277 200.193 55.75689
v 411.3623 145.9753 43.48303
v 479.8887 193.8295 41.08788
v 481.1502 128.4715 45.08467
v 426.7713 160.3771 49.5514
v 480.0947 193.7204 35.63591
v 569.6559 169.7517 43.54505
v 430.7465 154.4171 50.88379
v 481.8283 196.8291 40.28947
v 436.3425 163.1089 48.0327
v 439.7726 160.5584 51.99655
v 508.5971 200.193 46.79665
v 468.1503 173.3006 50.97428
v 508.4502 200.193 46.78187
v 420.7781 156.7439 50.91276
v 519.3243 200.193 47.27971
v 519.2294 200.193 47.24865
v 525.0169 200.193 49.17908
v 435.1874 165.2953 49.25886
v 524.7893 200.193 49.20901
v 524.3737 200.193 49.20709
v 524.0098 200.193 49.18259
v 510.9969 200.193 46.82285
v 517.7075 200.193 46.87077
v 517.4978 200.193 46.84919
v 579.2926 200.193 44.49234
v 579.1565 200.193 44.66373
v 578.5303 200.193 45.49722
v 577.6529 200.193 45.39074
v 503.9396 200.193 45.63813
v 403.0801 200.193 35.45782
v 467.317 176.435 48.7295
v 427.8421 179.2709 47.23595
v 403.2333 200.193 34.93151
v 403.311 200.193 35.07546
v 427.7239 192.6214 40.79239
v 421.1414 200.193 43.90042
v 421.1215 200.193 44.14383
v 467.4497 175.895 49.57231
v 486.745 127.2282 43.63606
v 426.6154 159.5295 50.98158
v 516.1959 200.193 46.76633
v 520.1766 200.193 47.55145
v 520.3298 200.193 47.59795
v 520.6591 200.193 47.69599
v 527.6617 200.193 48.70416
v 527.6075 200.193 48.83307
v 468.7563 172.7224 51.23925
v 527.2726 200.193 49.02478
v 491.2355 200.193 48.2056
v 518.4403 200.193 46.98392
v 521.4751 200.193 49.46916
v 421.9887 197.4653 45.55585
v 426.3665 161.4969 49.28755
v 526.7845 200.193 49.13658
v 404.4593 196.9049 44.85337
v 483.3307 147.4611 41.75697
v 508.5914 192.6374 44.3548
v 505.3627 200.193 46.16664
v 548.7748 151.3642 39.79647
v 437.3927 161.442 52.14939
v 526.6944 200.193 49.15694
v 549.5874 200.193 55.19936
v 504.7394 196.2811 47.31443
v 505.0439 200.193 45.91695
v 504.9493 200.193 45.91498
v 526.3737 200.193 49.17791
v 526.2529 200.193 49.21021
v 436.9885 151.6808 52.70548
v 438.4202 160.7253 52.17371
v 541.0815 200.193 48.16975
v 541.0781 200.193 48.13635
v 435.3808 165.9557 51.40424
v 442.1975 168.1902 46.92034
v 529.4123 200.193 48.80995
v 422.7537 198.0871 44.40295
v 406.4404 200.193 45.75677
v 485.3311 44.1195 42.13781
v 449.1335 175.8493 46.53437
v 405.8824 200.193 43.70361
v 506.5165 198.5493 47.2711
v 448.4895 175.2913 45.79948
v 475.6667 200.193 49.73426
v 418.7768 157.078 48.64906
v 482.3336 200.193 47.78648
v 405.6228 200.193 43.11549
v 422.382 197.8978 44.96658
v 481.8347 169.3182 32.71273
v 473.2545 164.508 52.49828
v 422.6455 155.9927 51.42131
v 405.3495 200.193 41.98482
v 473.2666 74.47095 42.30621
v 407.1218 200.193 37.02977
v 405.1084 193.5561 48.2979
v 542.3604 200.193 53.14591
v 459.4245 176.0356 46.76092
v 436.7221 160.7801 52.14475
v 542.9737 200.193 53.10962
v 404.5317 200.193 40.87407
v 412.95 200.193 49.11907
v 467.114 200.193 44.71965
v 481.3119 169.5384 32.35726
v 466.8757 200.193 44.44729
v 570.4941 200.193 45.50479
v 432.7935 163.5563 46.07051
v 464.8236 200.193 41.39872
v 464.5169 200.193 41.01207
v 466.099 200.193 43.26825
v 432.8703 154.3582 53.266
v 433.2646 153.2753 53.03202
v 465.7575 200.193 42.79329
v 463.5812 200.193 39.60317
v 478.315 180.4768 31.85145
v 433.456 200.193 38.67804
v 433.4326 200.193 38.66887
v 478.7702 196.771 45.48156
v 450.067 174.5179 47.7894
v 434.3848 164.3708 46.73861
v 420.9093 200.193 46.22943
v 402.7006 200.193 43.24481
v 444.3269 171.4773 45.73777
v 443.8481 173.0947 46.27161
v 451.4444 170.9048 49.26922
v 402.6656 200.193 42.84399
v 402.6046 200.193 42.40054
v 570.9026 200.193 45.52112
v 571.7275 200.193 45.54492
v 402.7487 200.193 40.04957
v 407.7035 191.0023 47.75989
v 425.0724 157.7147 51.85632
v 425.1795 158.5368 51.89447
v 437.2338 160.7904 52.20139
v 420.6671 200.193 42.12006
v 425.4889 158.8011 51.7158
v 538.3141 200.193 46.64144
v 423.1866 198.115 44.76044
v 494.2445 192.6722 47.778
v 478.9819 200.193 49.56986
v 479.5652 200.193 49.57733
v 531.9033 200.193 51.40247
v 532.0345 200.193 51.12708
v 532.0369 200.193 51.12347
v 412.5655 200.193 49.06155
v 494.4401 115.0609 39.61984
v 499.0088 195.9797 47.01587
v 412.245 200.193 48.9782
v 533.3409 200.193 49.54796
v 430.931 163.6569 49.51997
v 533.4493 200.193 49.47733
v 541.3934 200.193 51.61916
v 485.0736 200.193 46.47154
v 486.059 200.193 46.82812
v 485.2787 200.193 46.52906
v 563.2222 160.6022 42.71927
v 572.8845 200.193 45.58126
v 467.3635 182.4351 47.24547
v 572.9362 200.193 45.5816
v 420.2562 200.193 41.11021
v 439.5178 162.3658 51.36277
v 488.6072 195.5393 45.08599
v 480.4822 189.8312 47.25523
v 434.2204 162.9701 49.01941
v 436.7438 166.6995 47.67012
v 428.0638 162.1223 49.53181
v 436.9061 166.7637 49.81077
v 402.8895 200.193 45.88047
v 431.8452 183.6 46.69037
v 408.1131 188.7833 47.79146
v 403.0806 200.193 47.06502
v 476.4293 195.9494 43.24889
v 433.5551 162.7743 50.03076
v 430.4784 154.2314 51.86382
v 404.2631 198.003 35.08989
v 436.2524 164.1119 47.75339
v 432.7876 163.3672 48.58143
v 439.2331 161.3795 51.73859
v 433.047 162.5929 48.84557
v 403.1071 200.193 47.20425
v 403.1042 200.193 47.18407
v 460.8933 200.193 35.60606
v 423.2981 196.128 44.34004
v 407.1541 190.081 48.10221
v 461.0004 200.193 35.61149
v 448.6176 176.1586 42.5654
v 467.1051 169.6572 50.90919
v 497.4059 200.193 46.12345
v 497.0739 200.193 46.25149
v 470.2104 200.193 46.86153
v 471.3377 75.19633 44.61055
v 495.8556 71.03037 45.74413
v 467.6478 172.1489 51.54765
v 470.4956 200.193 47.01255
v 563.5223 200.193 49.56861
v 548.139 200.193 53.05081
v 449.21 176.4963 42.08574
v 581.4959 200.193 42.69272
v 462.2064 176.0166 49.42507
v 524.3395 188.1836 49.34504
v 474.8143 180.9812 49.42126
v 502.3761 200.193 45.3089
v 444.3656 200.193 37.82943
v 445.962 200.193 37.43054
v 444.6685 200.193 37.75366
v 422.5544 200.193 36.43598
v 465.6285 174.9137 50.41981
v 421.7196 200.193 36.37581
v 426.3675 193.878 40.98468
v 439.4838 167.9905 48.31784
v 471.4085 135.0552 44.98041
v 407.5366 180.5592 49.9386
v 442.8601 175.9463 41.17067
v 422.9797 200.193 36.46449
v 450.3786 172.6945 49.25779
v 402.9009 200.193 40.60415
v 470.1436 107.2759 39.72433
v 545.2363 149.5031 40.66948
v 423.7568 195.8658 45.26341
v 402.7032 200.193 43.51567
v 402.7265 200.193 43.90702
v 410.7711 200.193 48.55861
v 411.7457 200.193 48.82472
v 412.0525 179.7351 47.6256
v 410.7691 184.1311 46.53506
v 423.0443 196.3304 45.22107
v 429.4086 185.5008 46.16418
v 405.3112 198.0326 46.02907
v 425.3975 193.7402 47.31506
v 563.6422 200.193 48.21951
v 493.9082 200.193 48.02483
v 494.4567 200.193 47.76468
v 471.8231 186.4043 46.43971
v 499.1268 197.2672 46.38939
v 451.9886 165.4022 51.52766
v 452.0818 164.8953 52.008
v 459.4101 169.897 51.15524
v 494.6725 200.193 47.69184
v 463.3819 170.0196 51.3107
v 459.0874 171.0756 51.15519
v 475.8065 200.193 49.76242
v 458.9941 171.9889 51.06229
v 503.768 197.6415 46.09186
v 407.5573 200.193 35.3795
v 504.4008 197.6388 46.24863
v 410.6405 185.7403 46.81949
v 454.6313 164.1276 52.2646
v 436.0666 189.1019 34.26191
v 466.3869 174.8028 50.15146
v 482.0355 195.1898 37.73013
v 580.133 200.193 44.23497
v 580.0332 200.193 44.24888
v 466.4168 174.5238 50.36678
v 507.7056 197.4427 45.76589
v 493.1935 200.193 48.30658
v 421.3442 179.5921 47.18194
v 505.6857 197.7542 47.43087
v 473.667 182.2343 48.07287
v 452.7278 174.4484 47.22648
v 500.7929 196.0643 45.86502
v 460.0737 162.0324 51.67971
v 503.6628 195.8784 47.15768
v 426.4521 184.9999 35.79859
v 466.5448 164.5169 54.56674
v 404.5471 200.193 34.94544
v 463.67 177.2336 49.05386
v 467.598 164.187 54.46388
v 402.0963 200.193 47.87262
v 422.8903 188.7083 36.72707
v 401.5043 200.193 47.81862
v 424.4417 195.4754 45.91603
v 521.8227 124.3333 48.68736
v 463.1234 165.2367 53.89692
v 461.5879 161.868 52.97583
v 529.9866 200.193 49.41808
v 425.5682 165.9328 46.44733
v 575.2434 200.193 45.43579
v 404.0141 200.193 39.93066
v 479.3665 193.2387 41.44955
v 403.73 200.193 40.18323
v 403.8946 200.193 40.0122
v 468.8506 200.193 47.17506
v 456.3051 172.651 49.69201
v 462.393 162.505 52.93642
v 428.7573 67.67535 44.51767
v 413.7277 200.193 49.376
v 414.619 200.193 49.72712
v 413.9512 200.193 49.43427
v 400.3003 200.193 43.63006
v 493.531 200.193 48.17579
v 541.2288 200.193 50.00425
v 541.308 200.193 50.87082
v 541.2784 200.193 50.61006
v 541.2745 200.193 50.56107
v 469.1854 200.193 47.0075
v 469.4218 200.193 46.92295
v 572.8514 200.193 45.58105
v 571.9271 200.193 45.56276
v 552.4341 200.193 55.22773
v 553.9534 200.193 54.16975
v 554.0958 200.193 54.08874
v 574.0706 200.193 45.55285
v 573.9187 200.193 45.56345
v 421.0905 200.193 44.47679
v 420.9709 200.193 45.07576
v 518.5533 200.193 47.01496
v 434.5534 200.193 38.56033
v 433.8707 200.193 38.61953
v 419.9261 200.193 48.7147
v 552.2496 200.193 55.36694
v 552.34 200.193 55.31305
v 487.8282 200.193 47.17386
v 529.5951 200.193 48.96659
v 458.8978 170.7498 51.06472
v 529.5573 200.193 48.85292
v 420.2162 200.193 48.21037
v 407.0855 200.193 37.06013
v 521.2497 200.193 49.28998
v 521.2245 200.193 49.16056
v 520.9759 200.193 48.01008
v 521.0653 200.193 48.28305
v 521.2091 200.193 49.0412
v 521.0834 200.193 48.42676
v 541.4374 200.193 53.28531
v 542.1946 200.193 53.15764
v 531.0083 200.193 51.21173
v 493.8638 200.193 48.00528
v 493.764 200.193 48.04903
v 501.006 200.193 45.17782
v 500.7844 200.193 45.17521
v 549.5682 200.193 55.0674
v 549.5549 200.193 54.93528
v 548.908 200.193 53.09604
v 548.9094 200.193 53.0709
v 483.3748 200.193 46.60767
v 483.4517 200.193 46.47189
v 562.9177 200.193 51.26197
v 444.1074 200.193 37.89318
v 562.7253 200.193 51.28503
v 459.2848 200.193 35.33688
v 459.3339 200.193 35.34167
v 544.7386 200.193 53.04119
v 565.4374 200.193 42.24623
v 544.4632 200.193 53.05019
v 543.3355 200.193 53.07763
v 432.5748 200.193 38.07469
v 432.3599 200.193 37.98249
v 563.5205 200.193 49.01178
v 563.4675 200.193 49.36443
v 463.2435 200.193 38.89985
v 462.8293 200.193 38.24379
v 405.1562 200.193 41.39127
v 404.8641 200.193 40.98788
v 478.4393 200.193 49.59134
v 478.0833 200.193 49.58672
v 403.9497 200.193 40.68358
v 555.8135 200.193 53.35435
v 556.6833 200.193 53.06112
v 423.2509 200.193 36.49044
v 472.0414 200.193 48.61966
v 471.9573 200.193 48.53168
v 411.4522 182.1516 46.01496
v 563.7903 200.193 50.34675
v 564.0251 200.193 50.55912
v 564.693 200.193 50.88131
v 532.9289 200.193 49.71067
v 545.4258 200.193 53.02505
v 495.6108 200.193 46.96851
v 409.5846 200.193 48.19302
v 409.0452 200.193 47.89821
v 403.6428 200.193 40.54186
v 403.9194 200.193 40.60486
v 419.778 200.193 36.40403
v 471.4184 200.193 47.5763
v 471.0677 200.193 47.35655
v 532.8428 200.193 49.7734
v 483.5163 200.193 46.35807
v 483.7276 200.193 46.30946
v 425.5504 200.193 36.81053
v 420.5594 200.193 36.37739
v 420.0139 200.193 36.48938
v 539.1251 200.193 46.20458
v 539.1465 200.193 46.04915
v 539.1176 200.193 46.0982
v 538.233 200.193 46.65326
v 538.1652 200.193 46.79111
v 480.1174 200.193 49.69513
v 479.976 200.193 49.59198
v 431.064 200.193 37.75082
v 430.4916 200.193 37.62991
v 430.3651 200.193 37.60923
v 430.1915 200.193 37.58357
v 565.8986 200.193 43.42338
v 565.8822 200.193 42.47937
v 460.3084 200.193 35.39254
v 460.2517 200.193 35.38007
v 532.5436 200.193 50.56683
v 532.3117 200.193 50.68132
v 566.1368 200.193 43.85764
v 566.0123 200.193 44.55432
v 566.0925 200.193 44.39854
v 534.4089 200.193 48.92645
v 534.1996 200.193 49.07911
v 419.6749 200.193 49.17614
v 441.7623 200.193 38.64169
v 441.4001 200.193 38.65983
v 417.9067 200.193 50.40908
v 417.8992 200.193 50.41081
v 417.2263 200.193 50.55054
v 417.061 200.193 50.58752
v 530.8589 200.193 51.18795
v 530.8351 200.193 51.02983
v 545.8938 200.193 53.01279
v 547.422 200.193 52.91341
v 547.0339 200.193 52.97289
v 402.8685 200.193 40.96847
v 402.6751 200.193 41.83321
v 425.0713 200.193 36.7286
v 424.5201 200.193 36.65126
v 462.1905 200.193 37.19264
v 462.1191 200.193 37.11399
v 585.3572 200.193 40.55453
v 536.0877 200.193 47.93586
v 584.9915 200.193 40.66072
v 584.1074 200.193 41.04068
v 489.1999 200.193 46.91679
v 488.9605 200.193 46.90381
v 419.351 192.6698 35.88221
v 450.8013 200.193 35.92915
v 536.6756 200.193 47.70022
v 480.1308 194.9449 39.42173
v 586.2119 200.193 40.43896
v 585.7004 200.193 40.50883
v 402.8139 200.193 45.15842
v 402.7505 200.193 44.58152
v 524.0271 200.193 48.35868
v 525.107 200.193 48.56984
v 576.355 200.193 45.33502
v 576.2437 200.193 45.35546
v 577.5679 200.193 45.37875
v 577.5315 200.193 45.36905
v 540.9825 200.193 46.52461
v 540.9562 200.193 46.15306
v 540.9626 200.193 45.83576
v 550.3378 200.193 56.33471
v 555.6447 200.193 53.39815
v 510.1333 200.193 46.86995
v 549.9697 200.193 56.43817
v 549.8013 200.193 56.48144
v 557.2808 200.193 52.81383
v 455.4367 200.193 35.66126
v 400.6225 200.193 43.18488
v 406.3855 200.193 37.66549
v 541.4311 200.193 53.28597
v 420.9251 200.193 42.834
v 541.4028 200.193 51.71246
v 505.8754 199.0744 46.99351
v 541.4308 200.193 53.28059
v 525.0786 200.193 48.51067
v 525.0053 200.193 48.48679
v 409.1605 200.193 34.38972
v 434.7106 200.193 38.56153
v 555.589 200.193 53.41842
v 555.5438 200.193 53.4402
v 524.9246 200.193 48.53394
v 525.0727 200.193 48.56535
v 516.8739 200.193 46.79199
v 516.6561 200.193 46.7746
v 473.6177 200.193 49.58519
v 407.0251 200.193 46.32682
v 442.881 200.193 38.34885
v 409.4287 200.193 33.52833
v 409.7344 200.193 32.95423
v 455.2292 200.193 35.67242
v 404.5633 200.193 40.8844
v 404.5595 200.193 40.88317
v 463.714 200.193 39.83065
v 463.9083 200.193 40.16167
v 564.4738 200.193 43.1054
v 564.34 200.193 43.54647
v 400.3859 200.193 44.05661
v 400.4447 200.193 43.74645
v 537.8917 200.193 46.94582
v 445.369 170.4087 48.92891
v 537.5408 200.193 47.16671
v 496.6484 200.193 46.47403
v 495.9232 200.193 46.83464
v 415.802 200.193 50.54096
v 437.4101 200.193 38.84031
v 432.0387 182.4458 45.37933
v 580.8207 200.193 44.01855
v 581.6166 200.193 43.04942
v 581.5395 200.193 43.25081
v 499.3046 200.193 45.34328
v 499.2178 200.193 45.35382
v 582.5331 200.193 42.50407
v 447.0025 200.193 37.25785
v 408.8882 200.193 34.56986
v 409.2256 200.193 33.15158
v 524.1984 200.193 48.25931
v 415.9082 200.193 50.61313
v 415.9728 200.193 50.63691
v 515.1765 200.193 46.75911
v 515.1855 200.193 46.75914
v 442.6331 200.193 38.42509
v 442.3166 200.193 38.48437
v 524.1358 200.193 48.23825
v 523.9029 200.193 48.31591
v 448.3313 200.193 36.41543
v 448.239 200.193 36.45102
v 457.6242 200.193 35.5338
v 457.7116 200.193 35.52969
v 408.2848 200.193 47.51511
v 408.7198 200.193 47.7757
v 524.3333 200.193 48.30331
v 524.6293 200.193 48.38413
v 439.0483 200.193 38.8167
v 438.8608 200.193 38.81369
v 439.1802 200.193 38.81005
v 407.1332 200.193 46.45395
v 407.2046 200.193 36.90976
v 407.7139 200.193 36.38923
v 407.6912 200.193 36.22714
v 407.7671 200.193 35.29739
v 407.8526 200.193 35.73442
v 407.904 200.193 35.86474
v 407.4727 200.193 35.39825
v 407.3286 200.193 35.4147
v 406.995 200.193 35.44371
v 406.8594 200.193 35.44355
v 406.4042 200.193 35.44293
v 405.8308 200.193 35.32732
v 406.346 200.193 35.43817
v 406.0861 200.193 35.37904
v 405.6835 200.193 35.27491
v 405.2452 200.193 35.14076
v 405.0617 200.193 35.09202
v 404.906 200.193 35.044
v 524.5567 200.193 48.4644
v 524.287 200.193 48.41338
v 512.97 200.193 46.7756
v 515.1496 200.193 46.75922
v 512.1128 200.193 46.79301
v 512.6258 200.193 46.78028
v 519.0167 200.193 47.15877
v 518.9217 200.193 47.12533
v 518.9361 200.193 47.02315
v 519.0068 200.193 47.06305
v 420.0096 200.193 40.52161
v 419.9667 200.193 40.40071
v 420.4525 200.193 41.54253
v 420.407 200.193 41.46595
v 419.4463 200.193 37.31262
v 419.8422 200.193 40.00502
v 419.7236 200.193 39.70703
v 419.7431 200.193 39.44404
v 419.3037 200.193 37.53035
v 419.2923 200.193 37.5732
v 419.4911 200.193 38.24268
v 419.2364 200.193 37.85616
v 419.2026 200.193 37.75965
v 400.8097 200.193 47.70589
v 400.4524 200.193 47.6322
v 404.6998 200.193 39.19912
v 405.0751 200.193 38.84172
v 405.9764 200.193 38.02045
v 405.642 200.193 38.332
v 405.3697 200.193 38.56883
v 421.0673 200.193 36.35817
v 421.0924 200.193 36.35815
v 420.9621 200.193 42.96046
v 421.1032 200.193 43.40406
v 486.8399 200.193 47.26678
v 487.2706 200.193 47.29967
v 491.415 200.193 48.7049
v 491.1747 200.193 48.2494
v 491.1621 200.193 48.22513
v 490.9354 200.193 47.96265
v 490.9661 200.193 47.83333
v 490.4433 200.193 47.50739
v 458.4693 174.2717 50.15318
v 489.9231 200.193 47.04753
v 489.7579 200.193 46.97576
v 489.8806 200.193 46.99217
v 480.5582 200.193 49.62412
v 480.7308 200.193 49.45029
v 481.0194 200.193 49.21321
v 481.2394 200.193 48.95918
v 404.4644 200.193 34.92325
v 404.3015 200.193 34.87775
v 450.3437 200.193 35.97543
v 448.6635 200.193 36.35491
v 449.8549 200.193 36.06036
v 491.4297 200.193 48.2835
v 491.2233 200.193 48.07767
v 403.2279 200.193 47.57519
v 402.2495 200.193 47.85144
v 402.7543 200.193 47.76091
v 426.2688 200.193 36.9297
v 426.4334 200.193 36.95364
v 426.7662 200.193 36.99382
v 458.0358 172.4689 50.37922
v 427.1432 200.193 37.02566
v 427.3175 200.193 37.06303
v 506.9363 200.193 46.51613
v 507.4867 200.193 46.47638
v 451.8558 176.4577 44.3113
v 507.5065 200.193 46.47723
v 564.1322 200.193 51.20883
v 564.9717 200.193 51.01578
v 554.6488 200.193 53.81065
v 554.648 200.193 53.81113
v 554.6332 200.193 53.81871
v 462.8204 177.32 48.10831
v 418.9933 200.193 49.88446
v 419.1355 200.193 49.81456
v 419.2459 200.193 49.67442
v 420.8148 200.193 46.55427
v 420.5392 200.193 47.39849
v 420.6662 200.193 47.09543
v 503.9828 200.193 45.65143
v 504.024 200.193 45.66342
v 504.3592 200.193 45.75722
v 503.0459 200.193 45.42215
v 503.0344 200.193 45.41953
v 503.0404 200.193 45.42065
v 407.8106 200.193 47.20377
v 407.6281 200.193 47.05021
v 453.1429 200.193 35.73568
v 452.074 200.193 35.83702
v 566.2102 200.193 45.32883
v 566.2566 200.193 45.34772
v 563.3854 200.193 48.03093
v 479.4577 185.8597 33.25761
v 563.6835 200.193 47.92867
v 468.8322 200.193 47.21061
v 468.7074 200.193 47.23213
v 468.63 200.193 47.15572
v 564.0016 200.193 45.72273
v 505.9462 200.193 46.43279
v 467.1094 168.942 52.87564
v 506.1947 200.193 46.50887
v 506.1193 200.193 46.48549
v 482.2677 200.193 47.86048
v 482.0096 200.193 48.13169
v 467.5627 168.9444 52.42791
v 530.6527 200.193 50.78315
v 422.9358 197.9931 42.77776
v 432.8512 191.9493 35.89429
v 446.1287 186.7394 37.35106
v 463.5941 167.5971 52.89156
v 524.8724 197.2427 49.24206
v 454.5248 124.4855 43.14314
v 461.6685 194.5675 35.28164
v 433.1123 189.2768 35.71207
v 433.9368 188.3054 38.45344
v 455.1313 192.6828 35.2956
v 439.4952 167.4291 48.96767
v 530.0592 186.4648 48.98229
v 551.6477 152.7643 39.94995
v 518.9012 192.2285 47.33829
v 427.2707 164.1695 48.00161
v 465.094 184.0527 42.76192
v 521.1369 189.1537 49.33549
v 428.2013 152.1599 52.27733
v 447.1629 163.2274 32.56483
v 538.4352 192.757 49.36965
v 413.0305 148.6837 39.9232
v 455.6932 164.45 52.19296
v 463.9166 194.8193 35.67986
v 518.8878 191.0967 49.09919
v 530.4676 200.193 50.48187
v 520.6685 196.3829 49.85875
v 466.5477 175.4585 49.76251
v 459.2697 193.2746 36.11716
v 568.1326 162.6993 60.57967
v 520.2991 195.3403 49.30045
v 521.5153 197.2728 49.67459
v 406.911 182.9078 51.29126
v 444.9394 186.61 36.17215
v 519.0693 191.8743 49.79361
v 521.3477 194.9281 49.55744
v 530.315 200.193 50.19071
v 521.0883 196.3032 50.01041
v 434.7724 183.5713 35.63577
v 521.5779 196.7448 49.6187
v 521.236 196.5302 49.59812
v 521.2672 196.9351 49.87934
v 454.3981 197.3867 35.81499
v 443.0654 166.9687 31.86355
v 455.3174 196.9221 35.51837
v 530.2487 200.193 50.06255
v 521.6922 195.1146 49.35773
v 521.8293 195.7775 49.37426
v 446.7273 187.2434 34.34172
v 446.4341 188.3924 34.46628
v 522.8641 195.5377 49.33039
v 518.7771 191.7411 49.10331
v 454.5983 181.7721 38.56525
v 518.9757 191.2488 49.2128
v 521.6701 196.0551 49.53678
v 518.7877 192.4154 49.22129
v 518.9936 191.7809 49.26862
v 528.2867 197.7635 49.9887
v 530.2551 200.193 50.08744
v 437.2711 200.193 38.84791
v 443.4208 169.5635 36.32999
v 442.678 168.1781 35.69153
v 440.8233 170.1297 36.11697
v 481.2135 187.5051 48.88892
v 504.5305 178.7447 44.26012
v 528.5741 193.4572 49.52006
v 537.4388 193.8925 49.3295
v 537.8925 193.2902 49.30677
v 537.9465 193.7376 49.293
v 529.172 195.5759 51.01484
v 483.6786 186.437 49.09075
v 466.6283 172.9315 51.09089
v 466.4245 172.5867 51.06473
v 527.5848 192.053 49.34307
v 524.6305 186.8984 48.89857
v 575.1494 161.9289 51.03107
v 588.8124 157.5589 55.03982
v 456.1163 104.8995 41.0016
v 441.018 170.572 44.03497
v 441.8095 189.4915 33.23083
v 521.4315 196.3393 49.71012
v 527.7255 194.629 49.45988
v 430.7664 171.3183 37.68287
v 443.3283 167.5179 32.02543
v 483.8951 67.1466 37.29114
v 440.6515 173.2037 42.13394
v 447.2293 174.3189 45.19261
v 446.639 174.8796 45.78148
v 527.3193 190.5452 49.35822
v 449.0008 188.6972 35.38684
v 491.3943 173.2245 52.00846
v 466.6763 172.5309 51.08598
v 433.5413 39.36015 39.2245
v 411.1884 145.3324 43.50816
v 519.0366 191.8713 48.80181
v 417.9207 120.1543 44.02312
v 522.2893 197.5863 49.35241
v 461.4551 179.4952 42.63074
v 508.673 191.234 46.76127
v 454.2573 96.55753 43.02806
v 415.5376 117.783 42.12053
v 412.9157 118.8586 42.23915
v 458.7956 185.2812 40.80751
v 463.4947 182.7641 39.95763
v 439.2112 158.1144 52.12619
v 438.791 157.9714 52.24189
v 517.4779 181.8261 45.53923
v 430.6112 189.5741 40.37377
v 450.6786 177.6567 40.6641
v 443.1813 167.0814 32.00863
v 414.9852 183.8933 47.0648
v 447.9372 163.8768 32.44013
v 546.8314 194.0909 52.42614
v 497.6423 191.1555 47.33109
v 451.8612 164.1437 51.85192
v 451.6305 164.1466 51.43038
v 435.0653 170.8182 41.36525
v 445.7963 164.737 32.02767
v 446.3661 165.6829 31.94675
v 458.3528 142.7505 44.48426
v 431.4402 168.0794 43.8545
v 435.833 164.8714 52.1688
v 482.6775 196.2814 39.704
v 466.959 179.6096 46.40454
v 504.4244 112.9455 42.27293
v 441.5422 163.894 32.63089
v 441.7037 162.6113 31.94054
v 454.8241 8.595779 36.27436
v 417.2359 148.6502 45.27592
v 440.364 161.874 50.17996
v 416.7178 188.1238 34.53097
v 434.6442 168.7194 45.15946
v 440.3754 168.4773 46.71443
v 431.7898 186.5414 46.69482
v 415.3381 173.4059 45.1735
v 531.6266 183.965 47.92645
v 416.174 147.367 44.47843
v 514.5336 184.156 34.89205
v 408.2282 116.7547 40.12341
v 409.6134 94.30161 39.09725
v 406.7473 182.4394 49.71732
v 523.7567 107.9767 46.39851
v 417.6268 119.6554 43.61865
v 417.6217 117.6301 43.48241
v 518.9124 192.2475 48.0042
v 439.529 166.6991 50.02878
v 453.2872 102.5212 40.75882
v 451.3354 178.5497 39.52568
v 541.1743 197.046 52.39095
v 549.5828 196.1508 52.37939
v 489.8598 184.884 47.07587
v 531.939 197.262 51.80794
v 539.6082 193.2821 49.82437
v 412.8296 119.4213 45.26827
v 417.4679 119.1635 43.08192
v 417.7604 119.1544 42.99261
v 413.3939 144.0545 44.58496
v 413.214 143.4574 44.90118
v 539.0247 192.8379 49.43983
v 414.5598 142.5809 45.81189
v 414.969 142.5493 45.80859
v 548.519 195.7391 52.34801
v 506.0734 69.736 37.26112
v 420.2347 154.0548 51.17044
v 419.9112 154.029 50.99698
v 532.0655 198.418 51.73294
v 463.4131 172.0684 50.00122
v 466.923 178.7821 47.32362
v 461.6845 120.6031 42.90428
v 549.3875 197.1634 52.39611
v 530.3895 197.5318 52.31266
v 539.5125 193.0572 49.82135
v 531.434 198.0323 51.88115
v 455.5804 89.74754 46.15311
v 442.8127 166.5467 48.81371
v 532.2063 197.0584 52.4387
v 450.3421 96.38035 42.21379
v 414.8091 147.6906 42.49661
v 495.6192 190.51 47.6301
v 454.042 101.1058 41.53852
v 441.6467 117.8908 42.97677
v 443.9082 118.1739 43.21655
v 445.6717 176.0401 46.44912
v 453.0876 112.6189 43.57533
v 485.18 74.72187 46.28003
v 538.5373 146.0125 41.43298
v 529.45 197.1727 53.69843
v 473.1854 169.4027 51.33788
v 529.8762 194.6661 53.60012
v 530.1406 195.9047 53.68837
v 438.1696 164.9161 50.34449
v 532.0576 196.8494 52.22412
v 479.57 130.2775 45.55159
v 538.1658 193.9984 49.29283
v 434.7119 153.997 51.45867
v 435.7549 154.031 51.57375
v 417.0992 106.1962 47.89228
v 437.1276 169.7569 45.91101
v 531.9513 198.2048 51.74035
v 417.4442 145.6676 45.11122
v 417.0758 145.6114 44.65673
v 436.2636 143.6079 50.97662
v 493.7162 75.46461 34.79596
v 415.9567 147.5095 44.34787
v 431.6694 154.0814 51.69852
v 433.7276 157.8235 51.48156
v 520.961 197.4478 49.89734
v 440.7263 161.9912 51.46768
v 453.0904 162.8633 52.05191
v 540.9202 197.2546 53.01552
v 435.9803 170.6746 40.53702
v 520.5649 196.3708 49.93773
v 442.1724 151.3914 52.71262
v 520.4201 191.1782 49.30826
v 439.8327 161.051 51.76373
v 429.726 153.8021 52.86291
v 530.0377 186.3384 49.09078
v 442.7964 172.4701 39.4343
v 505.3202 189.8926 46.89796
v 479.0942 193.5988 40.73133
v 495.3637 191.5416 48.23191
v 452.4714 164.1121 52.02641
v 537.9628 144.988 40.91775
v 442.5541 165.768 49.01838
v 494.1831 192.1721 47.79379
v 520.1385 190.1469 49.33065
v 519.622 193.53 50.23992
v 505.4069 198.6074 47.05619
v 543.7671 148.9673 37.90355
v 434.9007 164.0363 51.63953
v 435.2135 164.2672 51.88857
v 440.618 165.1204 48.83766
v 538.6699 189.271 49.33007
v 540.295 194.4054 50.24601
v 493.5812 193.1525 47.81045
v 436.3083 166.3843 47.64216
v 436.04 166.4455 47.21368
v 531.4034 197.7251 51.93431
v 425.3796 166.4897 46.26254
v 426.5165 166.6356 46.42663
v 425.7912 166.811 46.32122
v 430.105 157.4656 49.56191
v 494.3134 191.7713 48.13283
v 519.5183 190.6929 49.35353
v 426.9463 164.2548 48.23651
v 506.6744 199.1546 46.68246
v 493.2649 192.7974 47.82763
v 423.8816 197.9634 43.59196
v 519.7536 192.7594 49.63586
v 519.5232 191.471 49.29808
v 539.8895 190.2471 49.38346
v 455.9576 177.9855 39.20359
v 459.0777 181.0717 41.68306
v 505.2458 189.6011 47.00074
v 519.8783 193.2029 49.59138
v 448.3805 180.044 33.72654
v 462.2617 185.2302 39.20557
v 460.7945 186.7975 39.33458
v 435.3491 187.4329 37.36759
v 452.5443 177.0864 40.90964
v 473.2652 101.6855 43.32373
v 436.7809 181.9826 33.23576
v 432.9861 186.5744 38.74409
v 441.5724 164.1405 49.31881
v 449.292 194.7861 35.59755
v 448.9915 194.7368 34.97157
v 437.2097 162.7464 51.65085
v 437.937 162.3298 51.58811
v 521.4713 196.183 49.69495
v 538.4302 190.9329 49.24605
v 445.8682 169.8231 50.12973
v 445.7487 169.7626 50.64145
v 415.0203 146.2798 44.8001
v 414.8375 146.5768 43.7179
v 520.9346 196.9117 49.47555
v 493.1776 178.3735 49.90322
v 525.1134 188.5416 49.29006
v 410.3403 195.168 49.17447
v 489.7935 75.06156 42.47112
v 512.9794 111.5926 34.15422
v 496.3374 180.8483 45.43218
v 461.4092 186.3449 37.57301
v 520.3002 196.5933 49.90906
v 519.6201 194.3039 49.43404
v 519.2235 191.6629 50.0834
v 539.5296 190.61 49.29535
v 424.5879 195.4434 44.8568
v 531.7141 197.8197 51.87537
v 532.2351 197.4494 51.55159
v 532.3486 197.3447 52.48437
v 532.1456 196.7104 52.08379
v 518.8013 188.5701 47.48142
v 520.2914 195.1478 49.17202
v 464.0997 195.121 34.28009
v 464.0047 194.1332 33.65351
v 464.2393 195.1203 33.47164
v 519.7564 192.9261 49.66475
v 524.8132 188.8263 49.24174
v 539.2192 190.6738 49.26919
v 519.861 192.7519 49.34721
v 476.3841 75.52628 41.75143
v 504.4891 197.1735 46.71573
v 452.1053 195.9972 36.69656
v 553.6251 153.6063 41.35446
v 488.9603 185.8279 48.62767
v 503.5436 197.3368 45.51907
v 507.4578 174.5924 45.42518
v 539.9541 190.0802 49.60571
v 497.6091 111.5152 42.12739
v 407.1506 184.6396 49.01548
v 519.4864 191.1993 49.30632
v 419.144 156.2322 49.75578
v 470.857 190.7179 33.97569
v 540.6981 196.7805 53.05175
v 538.533 191.7522 49.28826
v 434.9557 188.9188 34.71016
v 518.1677 104.1453 33.85546
v 423.1395 197.5212 41.99205
v 437.9618 170.8915 42.89231
v 531.4 197.2478 52.55888
v 438.2976 170.7826 42.56324
v 454.3093 180.7907 38.87445
v 527.3822 189.1487 49.38121
v 460.9557 193.1447 35.20732
v 408.2955 179.0596 49.583
v 531.3554 197.6064 52.0091
v 443.3996 166.6971 32.17161
v 464.6044 169.0787 51.59552
v 519.1956 196.8963 47.19859
v 463.8145 193.6961 33.10121
v 458.2077 180.2017 40.22202
v 446.1372 177.2433 41.39418
v 480.9159 184.9739 49.80257
v 466.9954 176.1376 49.52533
v 463.7435 190.7668 31.99848
v 453.5031 180.7972 38.04176
v 472.7981 173.8559 51.34896
v 473.6274 173.9992 51.68225
v 440.3638 167.5164 32.27426
v 520.3748 197.7504 48.05339
v 528.7509 193.9468 49.51054
v 518.0449 194.6047 46.28949
v 519.6602 196.8462 46.28477
v 460.2322 172.0268 51.40853
v 442.9132 172.8273 37.8983
v 439.7145 185.8875 32.77463
v 444.8538 172.2428 37.84063
v 520.1103 192.1503 49.31688
v 452.3999 173.7918 48.32904
v 504.3901 197.2048 46.10561
v 520.4696 197.9986 50.0468
v 458.7642 188.4846 35.39697
v 448.0581 186.3227 36.2351
v 443.7305 176.735 43.45481
v 454.0185 196.9555 36.82142
v 463.299 191.8494 31.88757
v 463.4031 192.8444 33.49603
v 459.7975 196.2919 33.4421
v 526.9509 196.7385 49.31849
v 539.5915 189.5054 49.42165
v 467.7573 175.6716 49.72128
v 483.2024 182.5777 50.8007
v 454.2605 182.1043 35.83634
v 434.8273 189.1261 35.0616
v 453.7085 182.2933 34.64307
v 465.5407 191.4973 31.98305
v 459.9078 187.1034 38.61945
v 526.4135 189.2038 49.29485
v 554.9521 154.6027 38.38543
v 468.2014 175.0843 50.21772
v 520.6312 197.8428 50.11338
v 454.3583 188.7143 35.72786
v 454.7257 189.434 35.75803
v 453.5225 189.3604 35.1425
v 440.9323 185.7215 34.89149
v 440.1856 185.8867 35.54502
v 428.3497 189.7205 35.93899
v 561.5527 158.1505 38.774
v 449.3564 188.1081 35.8904
v 435.3148 188.5983 35.47123
v 435.0609 188.4016 36.3959
v 538.3627 189.505 49.28618
v 482.5392 186.6565 49.04604
v 538.67 194.9333 49.41344
v 466.0284 174.5566 50.4508
v 541.5323 192.4395 48.17381
v 467.7335 176.9497 48.5616
v 521.8245 197.2815 49.43029
v 441.5158 186.1038 32.88403
v 432.889 187.6338 38.47251
v 447.3608 187.5061 35.61828
v 435.261 188.8394 34.85492
v 521.1509 196.1032 49.92513
v 435.3597 188.6324 34.49941
v 532.2113 152.2691 40.9835
v 519.2159 196.8956 46.40051
v 412.1835 89.28649 38.42712
v 510.2911 81.96693 48.27303
v 509.6986 194.3303 44.64045
v 525.7683 189.6155 49.23717
v 450.1131 165.8563 49.27328
v 487.0436 141.8439 41.50461
v 518.5647 194.9806 46.55054
v 491.8338 126.4464 41.29598
v 514.2563 111.7448 47.12206
v 434.1115 189.6762 35.46233
v 519.8074 194.1892 50.0382
v 403.1222 191.6277 49.4134
v 528.9788 194.7162 50.69612
v 521.2677 147.7283 49.66135
v 444.8468 14.83855 36.03643
v 506.6575 198.6744 46.93483
v 490.7968 149.623 46.79993
v 432.5798 188.5903 34.8105
v 490.8472 146.7715 46.02337
v 434.4834 195.0805 36.40416
v 577.4982 161.1773 45.85343
v 539.4579 194.588 49.31708
v 509.4316 109.7478 45.90209
v 563.0422 158.513 39.62335
v 540.5453 196.6018 49.50144
v 435.9877 188.5758 34.73985
v 539.8427 192.2431 49.55225
v 540.0849 197.3441 47.99485
v 538.9698 197.9025 48.28289
v 532.5596 199.2046 51.90577
v 520.4104 193.0658 49.33497
v 448.7172 169.5201 49.91238
v 436.106 188.1697 35.30664
v 433.2819 188.9193 36.79082
v 431.6292 187.6749 34.75158
v 489.0595 186.1708 49.32369
v 517.8856 194.714 47.60725
v 466.9953 175.6448 49.95669
v 539.7909 189.2025 49.87801
v 539.4716 189.0727 49.48669
v 436.3893 188.4229 34.42713
v 520.5007 198.2067 48.57159
v 433.3179 188.8889 34.66081
v 433.1742 186.6463 36.08908
v 526.3121 148.9574 46.71294
v 541.0366 192.5741 49.94263
v 540.8478 192.9625 49.60075
v 540.8675 198.2386 48.65424
v 518.439 193.7514 49.8786
v 446.017 192.2619 35.83143
v 591.1211 158.099 53.59425
v 532.6003 184.1752 48.72583
v 532.9777 185.487 49.51965
v 437.1098 200.193 38.8445
v 518.5051 196.0023 47.82022
v 446.2412 191.752 35.73045
v 435.8351 200.193 38.70984
v 582.7605 170.8183 53.09417
v 435.0636 188.3072 36.74108
v 434.967 200.193 38.57486
v 518.6042 195.5359 48.01768
v 498.2017 200.193 45.74566
v 529.1473 196.1917 49.8646
v 432.4224 189.4788 35.14281
v 483.8851 69.92509 41.3609
v 465.3622 176.1273 49.57056
v 498.3102 200.193 45.69099
v 466.5158 173.6318 50.75211
v 402.4442 191.2403 49.74609
v 437.1296 193.9201 35.85159
v 435.889 188.4228 34.33739
v 521.5978 130.2589 50.9447
v 498.7555 200.193 45.53022
v 436.3619 190.2278 34.52064
v 528.7483 198.6048 49.99022
v 510.1151 158.6706 50.44775
v 520.5262 198.2742 49.98848
v 499.1807 179.1244 46.42487
v 434.4259 189.6364 34.97023
v 458.8945 171.0771 51.09531
v 554.4796 153.9927 41.35497
v 481.7585 181.1074 52.00172
v 537.9905 192.3895 49.31381
v 505.1 196.7226 46.82147
v 466.5712 178.5378 44.52399
v 436.7027 187.3628 33.47704
v 503.1295 115.1851 39.46806
v 461.6714 191.9939 34.18671
v 436.2533 184.7939 32.84474
v 417.2319 188.9345 34.87626
v 482.1434 184.354 50.20118
v 405.8863 189.9617 48.61392
v 526.2315 101.8076 51.15726
v 556.581 155.1948 41.525
v 556.2298 155.0736 40.80461
v 437.61 181.7798 33.67462
v 557.05 155.7206 39.90074
v 404.1063 188.6451 49.6399
v 436.4115 188.3263 34.16182
v 529.8117 174.2782 45.70316
v 546.2397 152.3877 58.31035
v 583.031 158.8577 55.90012
v 440.1122 190.8415 33.9981
v 520.5411 195.6184 49.33767
v 474.0422 173.8775 51.80304
v 473.4949 200.193 49.5616
v 465.406 177.3044 48.96473
v 437.0008 182.2705 33.82544
v 561.0953 157.4166 39.58381
v 538.4829 189.9018 49.27871
v 539.1995 146.5826 37.6292
v 525.161 181.7524 43.74676
v 483.1211 187.9614 48.81571
v 446.3048 185.7569 36.78001
v 509.0273 90.24606 50.10687
v 482.4995 72.35514 51.90556
v 483.5347 187.972 48.7003
v 464.6328 190.7489 32.08811
v 407.501 180.5027 49.79064
v 525.0967 188.0165 49.58829
v 518.5314 195.8971 46.71887
v 436.6286 186.0989 33.07351
v 443.9199 174.4952 45.3078
v 506.3517 189.2951 47.01566
v 429.2264 154.1541 51.97629
v 475.9755 178.3013 51.04809
v 488.2877 74.97308 49.9241
v 437.4121 183.4915 32.59323
v 560.6423 157.0817 41.40051
v 437.118 181.2701 34.65723
v 404.7789 187.6009 50.62304
v 469.2491 174.3055 50.38757
v 522.1209 136.6835 50.25535
v 524.5377 145.1966 52.51341
v 419.2811 153.99 50.7043
v 487.9974 104.3281 39.53608
v 403.2022 190.8868 49.57624
v 590.2715 174.3719 42.6074
v 523.6042 187.8096 49.91169
v 591.4948 174.8019 47.01867
v 501.6626 176.5765 47.38042
v 440.3033 185.9874 34.94752
v 466.7443 175.7881 49.64087
v 517.98 110.9058 50.32206
v 498.4027 115.3348 39.68205
v 534.945 140.9986 60.86763
v 526.0383 122.0772 47.78729
v 522.8116 124.576 47.78279
v 430.0964 154.3249 52.48167
v 518.677 196.0917 45.08693
v 521.7751 125.8238 48.50213
v 504.9201 120.1688 35.24846
v 534.4854 185.7083 49.20847
v 466.7948 172.6596 51.07307
v 446.6799 169.6532 49.43534
v 425.4433 166.5009 46.41729
v 483.1912 184.1427 51.15023
v 531.2251 186.8289 49.81722
v 530.5141 185.6738 48.85208
v 530.9645 185.1054 48.58012
v 482.6321 180.1199 51.9264
v 525.7922 180.7496 44.86888
v 528.8391 196.5078 49.8671
v 436.795 183.0093 33.17274
v 437.8507 183.7576 33.26396
v 549.597 151.7173 40.56255
v 428.0626 185.3291 36.75275
v 518.9966 196.57 46.74556
v 501.3783 189.0265 45.87575
v 434.1854 182.3583 35.84432
v 481.907 141.688 43.79105
v 492.2173 172.9843 52.96007
v 489.4711 141.9299 45.84568
v 439.1125 182.3948 35.14827
v 489.3714 140.9704 45.63695
v 471.7675 66.08154 49.67768
v 490.104 138.6082 44.18283
v 538.8462 191.5702 49.27545
v 420.0495 155.2386 50.87131
v 534.4187 138.7135 56.33273
v 435.6621 187.8762 36.32916
v 418.917 118.091 44.29351
v 434.7373 188.3199 37.06781
v 517.7632 165.4918 42.98593
v 456.6945 163.3467 51.72031
v 485.9004 73.62608 51.14775
v 420.2796 154.3817 51.16999
v 430.754 186.5174 34.61898
v 517.6041 183.6553 44.63091
v 435.1914 188.1024 37.06332
v 480.7014 185.5149 49.35888
v 427.9558 166.9166 45.87331
v 436.8865 160.9653 52.13631
v 446.5642 89.88559 48.8487
v 500.6024 76.44494 49.69115
v 563.6756 158.3522 40.76507
v 433.9443 188.3357 37.04021
v 464.2735 72.92766 39.95879
v 455.0592 164.4856 52.30169
v 439.5172 160.0252 52.09973
v 422.2458 192.9576 36.11016
v 530.2868 191.3633 49.74502
v 426.2399 194.5634 36.39957
v 446.9806 165.4208 52.00873
v 445.9075 164.8599 51.84841
v 519.3934 129.2697 45.57345
v 422.5675 195.7609 36.18872
v 415.2162 145.7258 44.96624
v 499.9136 175.3923 48.72395
v 563.2638 158.182 41.09019
v 421.8989 187.103 48.96164
v 525.0552 199.5218 49.58135
v 572.4858 163.3633 43.03823
v 520.6407 196.1238 49.66173
v 428.7367 184.683 49.10972
v 490.645 145.3952 45.5121
v 468.4619 168.3442 51.75176
v 532.8142 148.6436 46.25034
v 454.6979 176.4821 42.8766
v 471.9726 177.827 49.72245
v 511.1624 108.9128 49.13365
v 518.7157 196.1338 45.52311
v 491.3679 173.4771 52.82717
v 481.2114 185.2156 50.16154
v 428.837 185.6017 48.68483
v 426.8779 192.9574 36.36592
v 533.9063 184.5471 48.84577
v 535.1553 182.7852 48.22554
v 507.9053 197.5827 38.52169
v 518.7544 196.0447 49.41432
v 518.7757 195.9863 49.71112
v 424.1419 192.1803 48.92326
v 513.9085 182.9645 43.3144
v 511.5672 185.7831 44.93138
v 483.5401 186.7047 48.94019
v 442.2266 191.5621 33.9971
v 445.1292 187.6943 34.60389
v 592.7526 158.5239 52.24149
v 433.9153 189.4203 35.92615
v 576.4954 161.1081 47.42909
v 582.3919 163.0415 52.5077
v 435.6515 187.5958 36.76719
v 436.0194 188.2453 35.52348
v 518.4042 193.5815 47.95555
v 509.9924 172.0517 47.43957
v 519.6184 133.4976 49.95571
v 513.4188 112.1619 46.08403
v 522.7499 107.7016 47.2995
v 518.0261 194.616 45.18385
v 482.882 186.029 49.20781
v 426.4926 165.5513 46.56093
v 540.4869 197.6072 47.6953
v 529.0875 195.2924 49.47916
v 443.5428 193.2026 35.49788
v 494.3933 192.3544 47.88996
v 524.8716 187.7358 49.85213
v 488.4859 184.4111 50.95869
v 435.0372 188.0469 37.30031
v 448.6786 186.3379 35.96733
v 539.6971 198.9621 46.85066
v 563.4102 199.4495 49.78004
v 473.0772 200.193 49.53437
v 472.6167 200.193 49.31537
v 472.7186 200.193 49.37198
v 474.8428 200.193 49.52625
v 474.2191 200.193 49.55404
v 474.659 200.193 49.48051
v 474.7598 200.193 49.48382
v 441.3308 200.0874 38.24791
v 441.9008 199.8788 37.93904
v 440.9529 200.0175 37.66412
v 441.8728 199.518 37.06472
v 442.7628 199.6103 37.48296
v 548.646 200.193 53.08477
v 548.7152 200.193 53.08263
v 548.8796 200.193 53.08661
v 558.6973 199.4552 52.07451
v 507.5253 200.193 46.48076
v 584.272 199.5252 42.76411
v 583.7679 199.5497 42.68465
v 508.3101 200.193 46.75954
v 474.1536 199.8695 49.23674
v 473.7989 199.6337 48.86815
v 474.5163 199.5571 49.02931
v 474.207 199.206 48.48785
v 474.9006 199.0443 48.74046
v 473.247 199.8372 48.96961
v 436.8078 199.7211 38.15524
v 437.691 199.819 38.24028
v 530.1097 199.6873 50.63475
v 530.3157 199.844 50.82765
v 530.1303 199.6469 51.21442
v 475.7697 200.193 49.75782
v 564.0816 198.7339 47.21119
v 564.8839 198.6669 46.33422
v 475.762 200.193 49.75662
v 420.6821 198.1628 48.27594
v 406.2205 200.193 45.4589
v 405.8482 200.193 45.13528
v 426.9918 199.8411 36.912
v 402.0912 199.8459 48.16982
v 402.5449 199.8831 47.95385
v 449.0354 199.6459 36.02162
v 481.4549 199.8304 48.196
v 480.834 199.4498 48.37298
v 488.306 199.1611 46.35757
v 490.5097 199.6573 48.57515
v 405.6654 198.9947 37.49281
v 404.9377 198.7271 38.04697
v 405.3808 199.5504 38.11726
v 405.0427 199.9521 38.68765
v 404.645 199.1732 38.62252
v 403.6106 199.0166 35.84394
v 400.1558 199.466 47.9523
v 406.1945 200.193 45.35043
v 405.6992 200.193 44.89737
v 419.0631 199.3914 38.44971
v 419.5232 199.236 39.02217
v 418.9072 199.6093 37.70896
v 419.2877 198.2949 39.04832
v 419.9251 199.2304 39.67701
v 418.7918 199.0707 36.93479
v 418.0904 199.0256 37.83035
v 420.5328 198.492 40.14568
v 405.6904 200.193 44.90987
v 510.1725 199.4731 40.32347
v 509.0099 199.0251 42.02833
v 507.6277 198.5518 41.83098
v 508.3922 198.9735 40.80595
v 507.2334 198.567 40.51021
v 507.7028 198.9045 39.85405
v 508.8516 199.3351 39.142
v 507.7528 199.1143 38.74132
v 510.2409 199.7215 38.68132
v 511.3114 199.8614 39.06622
v 509.6726 199.1232 43.05183
v 510.6401 199.4042 42.07495
v 512.2208 199.7605 40.66732
v 510.9296 199.4444 43.61016
v 512.3486 199.7234 42.57048
v 509.4447 199.0267 44.44428
v 512.2259 199.7165 44.12264
v 513.6119 199.8929 43.59711
v 513.8902 199.867 41.67991
v 512.6608 199.9334 38.85644
v 509.2462 199.5224 37.78283
v 511.4662 199.7553 37.51738
v 511.2557 199.7703 45.4828
v 513.1473 199.8896 45.16101
v 515.1633 200.008 43.79029
v 514.8137 199.9584 42.49345
v 513.8978 199.8752 39.93911
v 513.822 199.8208 37.7514
v 515.6018 199.919 41.0963
v 515.4626 199.8475 39.18699
v 516.2975 199.8706 40.19866
v 515.6527 199.9744 42.71392
v 512.8902 199.9921 46.14452
v 514.4185 200.0326 44.9679
v 514.2669 200.0331 45.73249
v 515.2869 200.0579 44.75101
v 516.5326 199.847 39.32092
v 516.6388 199.949 42.14544
v 515.7049 200.0709 45.59618
v 516.3851 200.0239 43.98607
v 517.3428 199.977 40.67772
v 517.7919 199.9733 42.83244
v 518.726 199.9432 41.67815
v 517.4052 199.8163 38.93286
v 518.7994 199.9959 40.69962
v 517.2014 200.0424 45.48133
v 518.1435 199.9988 44.32337
v 519.1034 199.9451 43.16335
v 514.9555 199.6502 37.17351
v 515.9792 199.7648 38.26318
v 518.5782 200.0073 39.52327
v 519.3613 199.8244 39.92089
v 519.6867 199.8693 41.32881
v 516.7228 200.065 46.28519
v 518.4713 200.0408 45.80254
v 508.5088 198.4131 42.89383
v 507.1019 198.7327 39.25444
v 511.751 199.9785 46.30766
v 509.7714 199.6756 45.83049
v 508.8061 199.333 45.51053
v 518.3366 199.7128 38.54983
v 519.3708 199.9777 44.25608
v 508.5698 199.6951 46.21131
v 519.8734 199.8611 43.53293
v 519.3768 199.9324 45.63106
v 519.2942 199.7082 38.80356
v 518.7159 199.432 38.25542
v 507.5354 198.0138 42.17503
v 401.1624 114.5618 35.45993
v 405.7073 200.193 44.96444
v 405.7166 200.193 44.98508
v 403.0172 200.193 46.73397
v 403.0084 200.193 46.68568
v 402.9798 200.193 46.49646
v 582.4193 200.193 42.51985
v 581.6782 200.193 42.6026
v 439.3691 200.193 38.77214
v 441.1483 200.193 38.67774
v 440.6724 200.193 38.70299
v 440.9461 200.193 37.96357
v 440.8461 200.193 37.8145
v 440.1035 200.193 38.73317
v 441.1345 200.193 38.50043
v 441.1675 200.193 38.30218
v 441.1283 200.193 38.18596
v 509.8039 200.193 46.86851
v 509.9463 200.193 46.86984
v 510.0391 200.193 46.87104
v 461.8696 200.193 36.79947
v 461.0631 200.193 35.72278
v 447.1747 200.193 37.21371
v 447.3136 200.193 37.1698
v 477.0036 200.193 49.74201
v 476.6782 200.193 49.82941
v 476.5693 200.193 49.90953
v 476.6466 200.193 49.99724
v 400.5064 200.193 43.13609
v 529.4836 104.5377 50.92552
v 400.5544 200.193 43.15629
v 557.5372 200.193 52.73851
v 559.1664 200.193 52.49477
v 559.3447 200.193 52.44702
v 559.5734 200.193 52.38309
v 560.4695 200.193 52.12934
v 436.2902 161.0046 51.97623
v 560.3364 200.193 52.16702
v 421.0224 155.6472 51.11119
v 562.6897 200.193 51.29554
v 463.3813 176.7084 48.89501
v 435.974 187.2649 36.11807
v 428.8976 185.7145 37.72566
v 527.9667 117.365 47.90438
v 415.0779 146.8275 44.59346
v 518.9449 190.7322 48.18782
v 527.7653 193.2777 49.36601
v 491.4354 191.232 46.75558
v 444.6624 186.5069 35.40054
v 443.9352 188.3304 34.89258
v 445.7748 190.482 35.32903
v 406.3611 200.1551 35.45161
v 562.6291 200.193 51.31237
v 561.9904 200.193 51.4684
v 561.8159 200.193 51.49375
v 406.6339 199.8363 35.52834
v 406.9507 200.0386 35.47932
v 561.6974 200.193 51.55252
v 561.3942 200.193 51.86171
v 404.6284 200.193 40.90571
v 407.7065 199.9141 35.97377
v 404.5662 200.193 40.88537
v 564.106 200.193 45.07371
v 563.7253 200.193 44.6563
v 564.2503 200.193 43.95764
v 409.0602 200.193 33.84674
v 415.8022 146.3721 44.80069
v 400.1139 157.9591 42.14008
v 409.1473 200.193 33.48088
v 474.0091 174.7855 51.76582
v 558.8194 156.5817 38.60518
v 400.3165 160.5159 43.2528
v 401.7406 157.8954 42.08213
v 518.4304 193.2783 49.26857
v 583.8386 200.193 41.14864
v 561.3476 200.193 51.88708
v 561.2515 200.193 51.91476
v 459.7465 172.6475 51.22511
v 399.8501 147.643 37.96861
v 440.6553 186.0204 34.13888
v 583.6919 200.193 41.18726
v 400.7557 145.3887 37.49624
v 401.5162 147.5257 38.16813
v 401.8606 150.4196 39.23337
v 583.5082 200.193 41.29503
v 459.4208 172.2442 51.00629
v 502.0665 191.1677 44.95367
v 473.9106 10.7493 37.52977
v 500.0238 73.79692 46.5429
v 564.5339 200.193 42.98897
v 564.816 200.193 42.97936
v 564.6986 200.193 42.96794
v 600.193 177.2374 46.56084
v 600.193 176.5071 48.28028
v 600.193 176.87 47.34314
v 600.193 186.1818 39.42775
v 600.193 185.2505 39.98064
v 600.193 186.5409 39.11599
v 600.193 187.238 38.52854
v 600.193 183.46 41.12357
v 600.193 180.4098 43.19556
v 600.193 181.7284 41.74776
v 600.193 183.776 40.95238
v 600.193 184.0325 40.799
v 600.193 188.6049 37.71453
v 600.193 188.5713 37.27094
v 600.193 189.1199 36.70193
v 553.3623 194.283 51.34549
v 410.7599 90.85469 39.45823
v 403.1206 200.1638 47.16998
v 502.3202 117.1741 38.64737
v 600.193 190.4634 36.60895
v 440.7945 185.8394 33.93824
v 440.7581 185.9522 34.20923
v 449.5738 187.7019 36.26252
v 519.807 193.4741 49.8927
v 522.7893 197.0743 49.31342
v 489.0755 59.20631 46.61894
v 444.3812 193.0943 36.62794
v 421.7191 199.9255 36.36539
v 446.5886 186.7806 36.9062
v 447.768 182.4667 34.72065
v 537.7141 194.9505 49.39516
v 445.0183 186.0034 35.86956
v 600.193 192.2134 35.50472
v 468.1208 176.3667 49.79219
v 443.5953 185.0593 34.83648
v 440.5295 185.987 34.42323
v 600.193 165.4117 52.44372
v 430.361 38.00365 39.11627
v 468.3577 175.5879 50.01618
v 532.0341 200.1915 51.1273
v 600.193 164.6027 52.4273
v 531.9011 200.1869 51.40525
v 498.7364 188.8998 45.37762
v 481.6384 188.5119 48.86973
v 445.4062 186.7811 36.91707
v 448.2807 187.4067 35.51468
v 600.193 163.8642 52.41287
v 600.193 178.3304 44.8671
v 446.3496 187.4971 36.42577
v 420.4569 187.0622 49.47062
v 410.1973 81.26463 43.25733
v 485.2735 181.3217 51.44735
v 540.7115 198.2525 47.82731
v 600.193 179.0059 44.35188
v 456.3493 169.9976 49.88512
v 407.3143 97.64693 42.47936
v 600.193 161.6743 52.40029
v 600.193 162.3222 52.39898
v 518.9135 189.6782 49.39786
v 521.677 196.435 49.55403
v 403.0555 199.7535 42.94244
v 523.2992 199.3144 49.20184
v 446.6878 186.3937 37.13876
v 600.193 162.6368 52.40166
v 600.193 160.8753 52.40105
v 600.193 166.4843 52.47842
v 600.193 171.9965 52.60503
v 431.902 165.7449 44.99341
v 564.485 200.0592 43.55105
v 600.193 173.5508 52.49257
v 600.193 167.9087 52.51667
v 406.4867 124.8334 39.02784
v 600.193 169.3164 52.53895
v 519.2147 196.9177 45.93147
v 445.7771 186.2723 36.8656
v 576.3145 200.1342 45.35668
v 463.7611 200.1191 39.80776
v 600.193 175.0507 52.65134
v 600.193 175.3579 52.3218
v 518.1169 180.0138 45.29506
v 529.3074 197.9772 49.75287
v 444.8137 192.6905 36.37658
v 600.193 175.6516 51.33826
v 600.193 160.6838 52.40257
v 600.193 160.1918 52.41613
v 399.807 190.3251 50.46389
v 399.807 189.452 50.72272
v 399.807 190.9836 50.42302
v 416.8823 118.4783 45.22461
v 399.807 114.4615 36.01797
v 399.807 105.3202 43.76816
v 399.807 102.9645 43.38783
v 399.807 101.3415 43.20024
v 399.807 177.5159 50.8215
v 403.3517 200.0476 47.57867
v 399.807 180.6054 51.40088
v 446.3696 186.8926 37.66008
v 399.807 182.7124 52.74096
v 399.807 182.6117 52.70277
v 399.807 111.2703 42.19519
v 400.5423 200.1713 43.16728
v 399.807 113.3216 40.79063
v 399.807 195.8149 49.70049
v 452.5782 157.8213 51.70753
v 399.807 195.0237 49.9063
v 399.807 194.3428 50.15097
v 399.807 61.16771 42.0815
v 399.807 61.155 42.08259
v 399.807 177.5206 50.54981
v 399.807 194.0773 50.29736
v 445.1937 186.8083 36.35192
v 399.807 193.3939 50.47729
v 420.3734 188.2568 49.8842
v 399.807 118.9871 34.21048
v 399.807 117.219 33.84275
v 445.5684 186.8281 36.49793
v 467.1269 172.2548 51.27075
v 399.807 131.7865 35.69926
v 446.6124 186.708 37.431
v 399.807 196.4126 49.77898
v 399.807 197.2512 49.0898
v 447.1851 186.7852 36.52077
v 399.807 108.0326 44.87899
v 538.4999 193.798 49.2877
v 437.2827 200.0969 38.88915
v 399.807 111.0642 42.38174
v 399.807 108.5179 44.06527
v 399.807 110.7547 42.53655
v 440.0856 200.165 38.75243
v 399.807 109.1915 43.6126
v 404.5621 200.1878 40.88259
v 399.807 169.2199 46.95572
v 468.9706 182.7633 46.52664
v 405.8592 103.0415 36.66789
v 399.807 168.4781 46.64757
v 418.3898 119.6651 42.82231
v 399.807 107.9768 44.89282
v 518.4041 181.5461 45.93138
v 399.807 126.8383 35.55888
v 438.6698 196.2952 36.0704
v 399.807 81.44855 41.35155
v 409.8291 130.4676 42.31158
v 475.7629 200.1836 49.7551
v 511.7934 200.0585 46.77601
v 399.807 83.6443 40.76971
v 412.3898 144.7904 44.43689
v 444.3689 158.0925 52.08026
v 399.807 84.64211 40.90784
v 493.0864 200.1038 48.41303
v 447.8903 187.3356 35.69226
v 430.1098 190.6597 40.36675
v 417.9785 145.6262 45.70451
v 418.7922 120.1952 43.22724
v 405.6959 200.1565 44.99747
v 466.5274 171.4151 50.92821
v 399.807 73.03869 39.98017
v 541.3859 200.1012 51.70649
v 425.3865 166.5894 46.34012
v 399.807 74.55251 40.2127
v 466.262 176.5895 49.45395
v 399.807 63.41912 41.78822
v 399.807 64.3647 41.63889
v 439.1129 200.0565 38.87511
v 399.807 77.9687 40.36376
v 455.0743 165.1955 52.33911
v 432.1926 167.0356 44.69567
v 399.807 76.15013 40.29322
v 412.7519 142.3687 45.59748
v 582.6294 200.0808 42.55887
v 482.6901 188.2737 48.8483
v 399.807 120.9572 34.39201
v 437.1973 162.3791 51.82213
v 447.6912 187.653 35.31886
v 438.7069 159.8413 52.19572
v 519.5851 196.9003 45.65717
v 406.8717 200.0476 46.29715
v 429.6002 189.9611 39.99023
v 399.807 88.78724 41.00666
v 441.9388 183.3141 35.1597
v 431.3873 183.4327 47.369
v 482.1498 187.2294 48.9481
v 449.9918 164.7331 51.52245
v 399.807 97.77787 42.80045
v 399.807 192.924 38.9421
v 399.807 81.25514 41.3432
v 481.121 185.854 49.74524
v 549.5669 151.737 41.64672
v 399.807 81.14799 41.33385
v 399.807 79.75854 40.50423
v 516.1679 200.1225 46.74777
v 444.7408 193.8349 35.05534
v 408.2317 199.9225 47.67237
v 433.1406 186.9281 41.24274
v 402.7816 199.953 37.04022
v 529.2021 200.0835 48.68862
v 519.0489 190.8198 49.87348
v 506.1917 200.1451 46.52212
v 526.187 200.1528 49.25223
v 402.8266 200.0745 35.91224
v 468.7591 200.0175 47.10391
v 399.807 113.7867 40.34764
v 446.1517 200.0378 37.43815
v 399.807 113.8529 40.0999
v 430.3857 186.1335 38.73603
v 399.807 113.7248 39.45488
v 408.9133 130.8541 40.42351
v 399.807 125.3257 35.28111
v 399.807 125.2119 35.2575
v 399.807 114.5229 35.93393
v 521.7519 198.0301 49.44525
v 399.807 116.6178 34.87823
v 399.807 114.14 36.59869
v 399.807 113.8515 37.38458
v 451.9518 189.8899 34.84946
v 399.807 113.7356 37.6524
v 553.1495 199.9737 54.517
v 453.7279 182.16 35.60022
v 453.7949 182.0998 36.2653
v 399.807 199.9693 45.001
v 399.807 191.7792 50.67086
v 399.807 192.4125 50.6186
v 399.807 192.0204 50.67796
v 399.807 116.4381 33.92965
v 399.807 107.9258 44.93153
v 399.807 106.0514 44.40435
v 399.807 105.7728 44.31255
v 399.807 87.44428 40.99639
v 525.8231 200.0337 49.43598
v 399.807 86.7021 41.05454
v 399.807 86.27261 41.02164
v 399.807 70.88399 40.71302
v 408.985 200.0637 34.45127
v 399.807 98.10322 42.93097
v 409.2668 200.0179 33.36872
v 399.807 97.92295 42.91342
v 451.7309 188.5474 36.02213
v 518.0269 194.0524 45.59921
v 399.807 182.7976 52.72558
v 402.8229 199.9767 39.16568
v 399.807 186.608 51.37603
v 399.807 185.3485 51.68412
v 399.807 62.11348 41.96091
v 549.5851 200.0378 55.43681
v 399.807 61.90993 41.98685
v 399.807 123.8013 34.89185
v 399.807 122.5958 34.66728
v 399.807 72.59329 40.40416
v 399.807 71.75636 40.81557
v 399.807 69.65542 41.30178
v 399.807 200.0603 43.0114
v 421.0848 200.1797 36.35741
v 399.807 172.3707 48.21899
v 448.6806 186.872 35.6802
v 399.807 172.858 48.41005
v 399.807 173.3124 48.59103
v 399.807 116.5682 34.55814
v 399.807 116.5627 34.49791
v 399.807 192.3908 39.23486
v 399.807 192.2903 39.38104
v 399.807 127.1246 35.60104
v 455.5134 190.5924 35.82875
v 399.807 129.2368 35.57594
v 528.1678 196.7408 49.36386
v 399.807 129.2938 35.57468
v 449.1689 188.4979 35.74516
v 519.0547 196.9285 45.23113
v 399.807 129.2988 35.57369
v 550.2269 199.8339 56.3115
v 450.2579 188.7131 36.33604
v 528.6298 196.8837 49.89765
v 417.0446 117.3 42.56398
v 505.6323 200.1465 46.33446
v 399.807 129.3225 35.57759
v 399.807 129.304 35.5752
v 399.807 133.9619 35.7241
v 399.807 175.6344 49.92688
v 416.9327 118.0469 42.12657
v 399.807 177.616 50.35606
v 399.807 177.1705 50.64691
v 421.1867 200.0174 44.42578
v 405.5339 133.0005 38.65438
v 399.807 134.0415 35.73113
v 452.0945 176.9889 43.53033
v 399.807 134.0157 35.72593
v 399.807 165.3953 45.33711
v 399.807 164.5249 44.95136
v 416.0776 200.0608 50.75438
v 399.807 164.2153 44.82773
v 399.807 163.9734 44.73132
v 399.807 137.307 35.92674
v 467.5606 173.8766 50.49648
v 428.4254 141.555 50.14149
v 399.807 136.5648 35.80626
v 399.807 142.4058 36.72838
v 399.807 141.4003 36.54287
v 526.9396 200.1206 49.13646
v 399.807 139.1134 36.07218
v 450.0416 188.8661 36.18587
v 399.807 143.5768 36.98911
v 448.4898 188.4599 34.78246
v 399.807 145.2742 37.40987
v 521.4766 200.1923 49.47135
v 399.807 163.3875 44.48631
v 428.9562 191.1697 40.38337
v 435.6732 160.6042 51.8225
v 551.2978 152.5729 40.15221
v 399.807 160.545 43.27184
v 399.807 158.5766 42.41325
v 551.7487 200.0357 55.62201
v 399.807 154.0457 40.50018
v 491.4866 200.1837 48.86811
v 399.807 152.185 39.80113
v 487.7938 200.0935 47.17767
v 399.807 150.188 38.98126
v 399.807 147.7838 38.02146
v 399.807 147.6414 37.97219
v 399.807 147.5783 37.9507
v 399.807 200.0475 43.0636
v 399.807 199.9645 44.00591
v 492.064 200.0184 48.80435
v 404.7455 187.1672 49.68776
v 489.7896 172.012 49.21675
v 399.807 69.05279 41.17258
v 541.1397 200.0684 49.01104
v 399.807 68.37505 40.24576
v 399.807 64.81828 41.56324
v 399.807 65.89647 41.37915
v 503.977 200.1549 45.64859
v 399.807 68.03452 40.1207
v 399.807 66.92218 40.89663
v 399.807 197.7204 48.89912
v 399.807 198.7832 48.24714
v 399.807 198.9906 48.15483
v 540.0977 200.163 45.65196
v 399.807 199.5541 47.87411
v 399.807 89.15463 41.36902
v 399.807 91.14733 42.13607
v 579.3276 200.127 44.43594
v 399.807 93.48303 41.95
v 399.807 93.83039 41.89417
v 399.807 96.53143 42.20815
v 399.807 97.03148 42.21925
v 495.657 188.6725 46.92439
v 460.8877 177.4534 44.34418
v 407.1124 200.1614 37.01285
v 454.1826 197.3173 35.47305
v 399.807 158.0014 42.16373
v 399.807 156.9403 41.71003
v 399.807 200.193 42.98655
v 399.807 200.193 46.35018
v 399.807 200.193 47.5661
v 505.3702 84.43369 37.74891
v 422.6536 161.1494 47.68756
v 508.2516 193.2521 44.64933
v 506.6197 198.0725 47.12098
v 524.5719 200.0339 49.43901
v 465.1048 177.2603 48.73048
v 425.95 161.3572 48.95546
v 425.4358 162.5698 48.4476
v 466.3361 179.0478 43.84717
v 464.622 177.73 48.48475
v 445.7845 177.7209 40.85451
v 445.6283 177.1802 41.3451
v 520.2653 196.5568 49.76318
v 455.303 175.2126 46.7481
v 454.541 176.3848 44.03447
v 457.3759 176.4875 43.61363
v 426.436 200.0687 36.9303
v 452.6349 175.8385 44.50796
v 505.8996 197.8131 47.49156
v 449.4967 190.2492 35.11872
v 504.9756 196.1575 47.36951
v 449.1162 165.111 31.91516
v 417.1152 189.4683 35.05984
v 417.8231 190.1964 35.38223
v 461.4559 177.9129 44.37052
v 518.4303 195.8609 47.27835
v 444.6851 193.55 36.52208
v 518.4859 195.4983 46.55782
v 549.1598 151.4732 40.92972
v 523.5459 200.0371 49.43599
v 541.4301 200.1888 53.28515
v 526.8366 194.7179 49.41192
v 419.8738 161.0136 47.10241
v 518.4554 195.5917 46.97392
v 520.1863 200.0115 47.52386
v 540.9806 200.0381 47.5141
v 420.5374 161.6175 47.48099
v 422.3647 162.7765 47.24088
v 423.1041 163.9384 46.33379
v 531.2707 200.0735 51.36848
v 555.3403 154.7437 38.91496
v 422.3096 163.9354 46.09995
v 430.3681 188.0072 45.6909
v 491.3183 200.1329 48.20337
v 431.0394 190.2469 41.0559
v 443.5422 192.0908 35.49068
v 423.0362 163.8762 46.68254
v 460.7797 174.3314 49.4866
v 443.2773 192.0649 35.17187
v 457.9151 118.5077 43.1789
v 425.2881 164.8991 47.05379
v 425.8039 165.2197 46.7299
v 450.3363 175.2732 47.49266
v 426.379 165.031 47.05996
v 445.6331 175.4533 46.69182
v 438.2243 169.4503 44.63281
v 447.111 173.1133 45.79181
v 425.6724 165.7215 46.61662
v 508.0296 195.3785 46.15274
v 579.995 161.082 43.24912
v 512.6443 110.5983 35.0338
v 408.3952 131.7959 40.00498
v 492.3545 184.758 46.49108
v 444.4707 194.1151 34.94476
v 428.1547 163.7677 47.31713
v 444.5799 158.8773 51.99457
v 409.1034 132.2422 40.78089
v 508.1928 192.6243 47.09769
v 427.2543 164.6712 46.17453
v 440.293 170.5877 43.62314
v 510.076 200.1099 46.865
v 426.6047 166.0148 46.5363
v 458.2063 194.3422 35.0368
v 436.9441 171.1104 43.81348
v 524.1347 200.1305 49.29668
v 516.7635 200.0359 46.73627
v 520.8684 200.0718 47.73738
v 444.8416 191.4305 35.819
v 425.4058 167.3919 46.09763
v 406.7768 127.5237 38.66848
v 502.0165 192.4072 46.04649
v 538.8998 197.6746 48.56838
v 519.3358 200.0376 47.24693
v 427.4875 166.911 46.4327
v 447.9847 189.0739 34.3983
v 502.243 196.3563 46.25776
v 517.7659 200.0516 46.8327
v 405.0052 104.1685 38.82759
v 440.4401 170.6751 42.33366
v 507.5117 200.1723 46.47126
v 412.2998 142.7995 45.14217
v 540.9257 199.9432 46.53305
v 500.7694 190.8963 47.07854
v 509.2935 200.1552 46.85949
v 426.6825 167.2573 46.1913
v 422.5478 196.982 45.1967
v 422.6319 197.6208 44.91644
v 518.4372 200.0709 46.93598
v 518.5801 194.4436 49.95472
v 444.5808 193.8075 35.09504
v 554.6484 200.1919 53.81052
v 422.5557 197.6771 45.09585
v 433.8548 200.0409 38.65336
v 444.7155 193.7738 35.10022
v 424.4083 196.1003 43.8159
v 433.2427 185.6 38.98211
v 428.9665 166.3973 45.87634
v 441.1742 186.6818 32.86335
v 426.9631 165.9032 46.17893
v 425.3972 168.2311 45.76342
v 445.4167 193.222 34.38794
v 445.9903 167.9174 51.52268
v 442.6139 190.1379 34.0993
v 433.5141 185.1833 41.37052
v 422.7961 195.3919 47.07184
v 432.9693 186.0682 39.16072
v 540.9065 200.0401 45.94847
v 424.4097 167.3792 46.06389
v 444.3161 174.3175 45.4021
v 504.5795 197.6095 46.37551
v 518.452 193.4537 48.58899
v 443.9573 194.71 34.75712
v 525.4292 198.8882 49.31824
v 550.7648 200.1733 56.11535
v 445.7893 188.4188 34.7067
v 577.5471 200.165 45.38036
v 471.8236 187.1351 45.33272
v 413.8104 144.5106 43.87627
v 433.0186 167.5739 44.89434
v 432.3831 188.5035 35.08104
v 449.1754 191.1656 35.36399
v 448.7588 194.8218 34.30227
v 445.6764 177.1783 45.72247
v 499.2355 200.0511 45.41589
v 435.6099 168.5625 45.70614
v 448.0622 188.0301 35.02251
v 481.4003 186.9271 49.20399
v 450.6132 175.6778 46.22881
v 517.9144 194.652 47.14831
v 466.7699 176.7925 48.62069
v 518.3117 195.8174 47.80758
v 484.5504 184.8341 50.04808
v 519.3741 196.8968 46.80024
v 436.0185 165.4113 50.73605
v 519.7712 196.8163 46.77536
v 421.5654 165.9121 43.75142
v 454.4161 180.035 39.6453
v 423.3398 194.0105 47.73277
v 415.9863 144.6113 45.32168
v 448.8463 172.3333 48.1311
v 425.3149 162.8256 48.28694
v 425.3696 191.2717 48.32917
v 446.244 176.0144 45.84222
v 423.5675 192.0988 48.58781
v 424.1434 192.3738 48.90555
v 419.93 188.7811 50.09792
v 556.2032 154.9509 39.37513
v 510.8373 171.8008 46.70259
v 424.5496 192.3571 48.84344
v 525.1235 113.8569 43.26892
v 435.3031 168.5939 45.60993
v 511.0959 200.1045 46.80885
v 440.4746 170.1894 44.59408
v 437.8901 169.0423 46.78172
v 420.6767 189.0603 49.88583
v 409.2389 185.2678 47.75301
v 521.8564 150.5339 47.84142
v 419.7524 192.0566 49.11757
v 420.7562 189.7844 49.15547
v 426.3041 156.7826 52.36254
v 415.5408 147.6188 44.07109
v 431.7292 187.6747 40.18501
v 422.0749 192.0481 48.61677
v 413.3035 176.1022 47.88986
v 405.1064 200.0506 35.13117
v 568.4217 199.6821 45.48623
v 489.0107 76.18678 47.26518
v 488.9449 108.4005 41.53822
v 409.1628 184.1624 48.0593
v 418.7492 199.7433 50.05955
v 575.0204 194.8258 46.06004
v 423.2094 161.0414 49.35336
v 410.4759 184.6649 47.0788
v 446.1652 169.0174 50.76403
v 520.1562 197.5035 46.59496
v 405.4156 176.4813 49.24694
v 508.5056 195.8145 45.19837
v 433.4322 153.3969 53.19416
v 511.8858 191.1411 43.24239
v 508.44 200.0072 46.76376
v 448.3157 200.113 36.40562
v 567.4767 200.0837 45.38247
v 433.4602 200.1739 38.6862
v 520.7438 198.0052 50.03332
v 446.8322 169.3661 50.00516
v 407.2482 193.9003 47.58504
v 432.043 152.9673 53.5048
v 431.7414 152.0644 53.24629
v 580.9645 199.9604 44.23848
v 446.7661 172.1669 46.00433
v 501.6321 178.4901 45.65594
v 519.1192 194.6091 49.93024
v 447.1978 200.0205 37.2904
v 409.1325 90.94322 43.38283
v 490.8858 138.673 40.43842
v 460.6465 175.6829 47.33772
v 415.1298 147.9812 44.15336
v 497.9143 76.21665 51.11563
v 518.5055 196.0402 44.97818
v 481.98 182.9343 50.04091
v 430.5824 152.0394 53.00059
v 575.2975 161.4164 59.05811
v 518.3467 195.379 46.48032
v 406.0723 185.6969 52.55637
v 409.0565 194.3768 48.72311
v 468.3696 183.3099 46.30123
v 418.2516 179.1367 46.81266
v 448.4161 195.3859 34.4981
v 566.3017 165.5897 41.63531
v 508.362 195.5426 45.46339
v 536.5804 143.6372 58.94505
v 469.142 184.3062 45.40189
v 410.7097 183.5041 47.4377
v 519.5981 194.5566 49.4005
v 500.9416 112.7459 40.92702
v 550.224 152.1222 39.59797
v 411.2383 193.7976 48.92379
v 407.8208 180.5227 49.60975
v 468.225 181.4517 47.3201
v 482.7386 199.9605 46.92515
v 468.1278 179.184 47.09548
v 454.3629 176.0469 45.35868
v 402.6915 191.5096 49.60755
v 406.876 192.9274 47.9255
v 540.9495 199.9904 47.03371
v 444.8784 194.9912 34.81054
v 468.574 177.5673 48.08513
v 459.8934 175.3697 47.45285
v 514.7753 182.8032 36.61073
v 463.953 178.6347 46.89178
v 511.3859 182.5968 41.78833
v 438.812 168.2345 47.00154
v 444.3919 200.0328 37.87954
v 514.2204 131.9511 43.54583
v 440.2163 167.0231 46.90094
v 446.4104 171.2289 46.42366
v 408.7681 191.5556 48.07595
v 518.0153 183.9075 36.61145
v 492.5578 175.5924 44.70905
v 437.4573 160.8803 52.20218
v 404.1161 191.5564 48.98476
v 429.3637 153.9022 52.35364
v 402.9733 192.8411 49.23429
v 549.2101 200.0941 53.50961
v 410.3333 167.841 45.27411
v 452.3508 168.482 49.43165
v 441.4689 173.1955 46.64711
v 555.0064 156.6457 48.3385
v 570.7099 195.9062 47.2493
v 450.7796 175.4659 47.60639
v 535.8167 142.9633 61.38189
v 409.5838 195.0553 48.79238
v 445.0042 175.469 46.01797
v 505.5251 113.7755 38.31851
v 458.8815 175.6685 48.88491
v 506.5025 200.1626 46.55941
v 459.0776 173.3288 50.62509
v 554.2347 153.8822 41.25822
v 554.6978 154.2296 40.50318
v 451.4511 174.3217 48.44341
v 549.4398 200.1288 54.40799
v 456.2836 172.3222 49.83707
v 457.5913 170.7557 50.4309
v 454.724 175.5507 46.68929
v 529.2992 197 49.70277
v 412.12 144.5238 44.30583
v 529.3302 197.4781 49.69765
v 484.5398 130.6356 44.96933
v 452.7745 174.9577 46.19087
v 456.0162 165.501 50.00616
v 459.5053 172.9882 50.90915
v 463.3555 37.89775 45.47652
v 501.5761 185.6663 46.96097
v 459.1046 171.7498 50.83431
v 470.3032 173.5198 50.59056
v 510.9589 190.8862 44.12072
v 468.4086 183.3213 46.10082
v 573.8474 164.8233 43.03091
v 571.5295 196.2611 46.77578
v 563.2608 160.7839 39.7199
v 463.6144 35.95036 45.4388
v 417.8217 128.1896 44.81049
v 496.5971 189.6071 46.10173
v 538.481 189.7924 49.2354
v 404.1205 198.1827 34.75346
v 466.7276 175.0145 50.21044
v 495.0577 199.8303 47.50021
v 466.1055 173.7934 51.1806
v 406.2437 199.842 37.52105
v 468.9409 175.7324 50.12481
v 499.7272 116.1443 39.26751
v 565.8353 161.9515 46.35381
v 499.8947 184.2866 46.59988
v 475.9117 102.1793 43.29441
v 549.2207 200.1033 53.70774
v 487.3365 180.5775 50.68995
v 522.4028 200.0575 49.31131
v 540.6125 200.1337 45.43731
v 465.5055 174.6924 51.21365
v 499.1754 170.154 48.21947
v 468.8372 174.8167 51.09242
v 465.2359 175.0967 51.12554
v 411.9677 144.2716 44.22455
v 418.2166 134.5199 46.55858
v 465.0095 175.3979 50.28638
v 465.5317 174.1123 51.10083
v 464.6627 173.7374 50.73615
v 538.274 145.2356 38.7519
v 412.4101 144.2406 44.43172
v 469.0328 165.0202 53.55053
v 489.4954 182.3739 43.60268
v 479.8151 87.09526 38.99921
v 462.2471 174.8501 48.77219
v 581.4712 196.7222 47.67474
v 540.62 196.9244 48.77318
v 465.3966 168.2135 52.13924
v 458.8236 165.1967 50.8523
v 525.0141 200.0495 49.36103
v 525.4792 200.0883 49.26558
v 523.0119 200.1377 49.16971
v 437.5637 172.6724 38.1013
v 465.9542 163.9785 54.6525
v 422.0763 183.6737 48.71389
v 455.7632 161.0582 52.7709
v 555.4949 155.7318 42.06426
v 456.806 164.3563 50.05914
v 454.6298 163.291 52.29065
v 521.8626 200.053 49.33676
v 549.6019 199.9131 55.84796
v 549.7407 200.0092 56.38818
v 458.5431 163.6722 50.44769
v 460.7145 164.1386 52.30287
v 487.1813 77.10334 47.48782
v 539.1672 192.943 49.64746
v 539.1663 193.2369 49.40979
v 427.2862 196.7613 36.57538
v 568.9581 195.1128 45.9521
v 460.5199 167.0967 51.50205
v 454.8474 171.5052 49.19622
v 575.1721 197.7435 45.70199
v 560.4955 200.1315 52.12255
v 580.2359 194.7377 46.125
v 458.5868 171.8369 50.68086
v 506.9229 200.1545 46.51094
v 539.0437 194.1996 49.28268
v 423.6605 190.9859 48.81647
v 505.9643 199.9974 46.4978
v 562.7151 200.154 51.27617
v 590.556 192.0832 41.64671
v 484.8512 196.577 41.77864
v 412.4452 143.7709 44.55672
v 442.6651 200.0108 38.53384
v 539.1998 194.4406 49.30438
v 412.8006 143.0611 45.05542
v 412.0161 146.188 44.26306
v 461.1515 172.8158 50.91824
v 503.4265 113.24 40.44389
v 474.898 184.985 45.7859
v 570.2721 196.453 45.80878
v 456.6729 185.8016 35.94727
v 468.6404 184.3917 42.6566
v 466.4895 184.1542 44.71866
v 581.6352 196.7202 48.88078
v 462.5064 174.8095 48.159
v 462.145 175.0691 47.73398
v 564.665 200.0358 43.04219
v 435.75 151.9102 52.89449
v 467.2219 181.9267 47.22456
v 458.5648 171.9335 50.80502
v 418.6427 119.8637 43.34084
v 447.9404 177.327 40.0443
v 568.3028 193.6952 46.37521
v 540.6102 197.1236 47.77226
v 512.0576 170.3151 47.08241
v 539.7541 194.6542 49.30745
v 454.269 170.3571 51.0461
v 441.3151 172.4826 44.47871
v 428.203 190.1529 39.59289
v 462.8399 176.0062 49.58209
v 450.3115 189.421 36.32047
v 520.3098 184.5575 38.90359
v 421.1911 188.2365 49.13792
v 551.9619 152.9025 40.47946
v 444.2165 191.5603 35.85218
v 421.0733 188.1447 49.51534
v 581.3531 189.7345 45.8417
v 417.1063 146.2889 44.47548
v 423.3879 156.6874 51.38108
v 435.5302 167.8274 46.26042
v 538.2593 192.7633 49.34286
v 561.3834 200.1315 51.87893
v 542.9926 191.8759 49.01571
v 594.2858 177.7297 44.19495
v 525.5818 186.4428 47.53483
v 546.3601 192.2205 50.65462
v 434.0591 169.6174 43.56597
v 480.2611 184.8648 49.01287
v 521.3559 196.6583 49.79004
v 454.9772 175.4972 47.43496
v 449.8804 189.5534 36.17831
v 439.7013 160.568 51.94826
v 451.7928 189.161 36.07558
v 407.5769 200.0295 47.16646
v 579.6449 192.9126 45.8966
v 467.4645 182.8616 47.09711
v 573.7517 196.8221 45.87348
v 448.6189 188.9381 34.5843
v 402.9461 191.566 49.5976
v 524.7393 188.101 49.78827
v 541.5419 149.9216 61.69185
v 467.272 184.7316 44.72824
v 406.1686 180.0213 50.36385
v 559.3102 200.0467 52.45903
v 406.9005 180.5661 50.21434
v 440.2709 170.5053 37.10139
v 543.4209 192.4883 49.28471
v 448.7777 189.3101 34.55232
v 439.3834 185.0226 35.99471
v 447.0767 191.878 35.5795
v 445.0751 193.6781 34.1415
v 439.9165 159.7773 51.9025
v 443.3415 169.1221 31.98279
v 436.264 172.3887 32.64049
v 518.3948 193.2368 49.74552
v 462.701 190.8123 32.689
v 450.3232 193.0206 35.81079
v 450.1552 194.4082 35.5981
v 446.1323 166.2428 51.2537
v 467.2746 183.5891 46.32659
v 435.4523 174.8133 33.21397
v 436.62 166.2395 48.83049
v 404.6439 197.4137 45.69086
v 408.6114 194.8216 48.34729
v 423.3285 163.907 47.00771
v 407.8687 190.3062 47.69796
v 408.7094 189.3079 47.50727
v 464.7845 164.0546 54.19784
v 537.4624 151.2212 38.9598
v 510.8019 197.6584 38.42725
v 527.2576 187.5494 49.43093
v 526.8572 187.9111 49.37639
v 420.0101 188.1515 49.83735
v 482.204 200.1382 47.84236
v 452.5221 178.3694 39.40498
v 518.5003 183.0801 46.08334
v 452.3307 179.0879 39.12482
v 430.524 166.1867 45.59269
v 436.6465 165.7457 48.96725
v 438.6278 168.4178 46.29071
v 439.9879 166.4126 49.60088
v 509.1074 196.7274 40.72269
v 510.7066 195.4227 42.10213
v 511.2068 195.1675 42.08467
v 564.1376 200.0106 46.47543
v 508.9074 80.33632 48.52375
v 441.7118 158.933 51.24564
v 400.3092 200.1614 43.77965
v 518.7158 188.3676 42.22345
v 463.4913 36.93919 45.51005
v 419.8168 200.0275 38.91364
v 433.0672 187.8821 38.16528
v 433.0229 187.0782 37.17716
v 483.5083 187.0019 48.83184
v 514.2201 188.6961 41.45033
v 467.0167 182.3395 46.78568
v 557.3461 199.9658 52.74502
v 463.6843 35.08631 45.2965
v 458.5937 180.7597 43.01536
v 446.5479 170.5707 49.29367
v 437.5404 167.7963 32.74027
v 451.8582 173.3119 49.24693
v 453.7943 169.6371 51.37048
v 466.6441 184.7208 44.37391
v 451.8593 169.3912 49.30108
v 447.9274 170.678 49.72165
v 467.0476 185.0923 44.58166
v 445.3395 169.8045 50.99799
v 468.7198 183.7416 45.66899
v 483.7157 182.7087 51.24458
v 434.5299 163.1938 48.5825
v 470.1796 193.0693 32.10591
v 442.6682 185.1075 34.64794
v 485.8084 185.9955 49.00895
v 445.6532 168.4198 51.53334
v 435.766 200.0024 38.75484
v 445.7544 168.8386 47.61124
v 525.7389 188.3668 49.66773
v 445.4022 166.1201 52.00171
v 402.1153 200.1347 47.90474
v 401.2276 199.78 48.00869
v 468.1113 194.6318 33.7153
v 481.7631 180.5706 34.46122
v 506.1344 192.4448 46.21979
v 470.4022 184.1364 47.42288
v 421.5288 194.6996 39.04405
v 442.905 184.2751 34.70113
v 483.028 131.3739 43.75476
v 453.4714 174.3037 48.64349
v 443.8743 65.81849 44.25868
v 516.6423 162.7547 47.94524
v 450.975 165.996 48.7956
v 480.3102 184.2844 49.10643
v 416.237 119.2093 45.08939
v 466.9267 174.386 50.38691
v 445.9769 193.2979 34.13911
v 449.516 166.6408 48.93094
v 446.7699 170.8191 48.92818
v 473.5898 61.00327 47.37086
v 452.85 189.7634 34.78514
v 564.7905 200.1074 50.79634
v 442.8822 158.1217 52.16321
v 448.5161 177.2111 40.65315
v 432.1096 174.1341 34.62402
v 468.7575 200.1072 47.23375
v 533.3192 200.0978 49.60143
v 548.8402 151.3124 41.61535
v 448.1472 167.4431 49.94299
v 544.5689 200.0347 53.0117
v 542.1949 200.0936 53.12449
v 432.4677 164.1103 45.73067
v 469.6853 186.7794 40.06584
v 429.9399 165.8154 46.59256
v 570.8452 199.9949 45.55349
v 433.8686 184.9831 39.0211
v 439.5467 167.1756 49.57934
v 453.6936 189.0155 35.50125
v 504.3972 196.8248 46.35579
v 436.2231 164.9222 47.69748
v 450.2087 191.8799 35.51464
v 457.8107 195.1999 33.88909
v 421.6513 156.4379 51.16603
v 457.6005 194.8698 35.00244
v 520.0129 186.0133 40.61671
v 518.9095 190.06 49.32731
v 441.1716 170.15 38.98516
v 438.5421 165.8115 49.81847
v 435.657 165.9469 50.64867
v 435.8672 188.322 35.6928
v 449.0193 192.4846 35.65907
v 454.7309 165.8295 51.19286
v 443.968 167.811 49.75504
v 449.1409 165.9459 49.19233
v 445.7933 165.9001 51.15847
v 444.2863 165.9471 51.33185
v 436.7794 163.9062 51.18776
v 483.5092 188.3801 47.97567
v 427.7102 164.3395 46.27457
v 589.7925 176.6764 43.1133
v 409.8228 174.0174 47.60614
v 430.5256 163.7732 49.51488
v 403.975 200.1417 40.67786
v 442.0129 162.4902 31.92237
v 429.6002 166.0195 47.18966
v 523.8334 187.2783 49.48658
v 539.1773 112.3395 48.85925
v 528.8883 187.6201 49.50425
v 424.5254 162.1538 49.90197
v 412.8308 199.712 49.2012
v 574.3673 199.9308 45.54285
v 424.1391 161.4745 48.74718
v 425.6441 161.2715 48.68036
v 427.2749 161.8491 49.39664
v 424.7034 160.8422 48.58445
v 423.8538 161.8702 50.30482
v 557.2228 155.9197 39.12893
v 420.2795 199.6652 48.34111
v 454.7106 191.5484 35.34447
v 427.6944 161.9186 49.70541
v 442.1191 160.4866 51.11602
v 431.8316 163.0428 50.65748
v 427.8497 163.2588 48.94257
v 454.6901 193.4711 35.9406
v 430.5289 163.4282 49.78293
v 466.7417 180.8232 45.6085
v 429.9886 163.6887 49.39812
v 494.9726 179.7752 47.26168
v 450.4934 189.1071 36.34191
v 435.4984 169.4064 32.79959
v 518.3378 193.8317 48.67261
v 439.0255 163.5447 50.71287
v 442.1203 162.4609 51.01172
v 478.0757 94.24554 40.90312
v 488.5466 186.5379 49.68828
v 450.8489 164.8806 50.10083
v 441.5641 162.3366 50.09543
v 434.6659 169.8205 43.98672
v 453.4455 188.8613 35.85425
v 447.6983 193.9303 34.17553
v 443.7499 190.2104 35.31719
v 444.3374 177.3691 32.62685
v 455.7652 186.5937 35.00674
v 453.0384 182.1923 35.43694
v 440.1047 170.3402 38.02317
v 591.8312 185.4234 43.7645
v 443.2128 162.8797 50.49816
v 526.0282 197.9302 49.21973
v 526.2462 197.5762 49.23149
v 474.4882 187.9753 38.69333
v 506.2534 169.9429 51.09044
v 483.8548 200.1118 46.28274
v 439.1578 167.7851 48.62693
v 401.573 137.841 36.27244
v 402.9581 156.4898 41.56489
v 432.7449 162.4192 48.17216
v 466.9067 190.9807 32.14537
v 432.1219 162.8443 48.56804
v 457.9905 190.6657 35.1996
v 442.2007 168.6718 32.08705
v 462.4391 172.0602 50.24327
v 487.8715 84.95623 34.29407
v 522.4788 107.3337 45.28395
v 459.0396 180.6687 40.78575
v 439.2651 40.33676 39.09164
v 443.0038 193.8934 34.85401
v 457.9668 181.8126 38.37231
v 464.7098 182.4544 40.83422
v 441.7616 163.036 49.98698
v 462.9414 182.2673 40.17741
v 464.5707 187.285 36.94089
v 449.1846 187.1323 36.15046
v 430.6668 164.3607 47.76569
v 437.9999 189.5542 33.87674
v 404.5238 200.1272 34.95389
v 466.8537 184.8843 43.93525
v 432.4334 162.906 47.8287
v 453.1583 181.1172 37.37936
v 443.5861 164.8922 51.02504
v 433.1062 163.2271 49.06837
v 417.3519 188.7884 34.90318
v 451.7964 182.0582 35.13764
v 438.5506 184.7393 32.68773
v 435.325 183.4656 34.32925
v 443.5714 165.7837 50.38873
v 439.5484 185.4724 34.41462
v 435.3828 188.6017 35.77896
v 521.8809 196.8664 49.39814
v 518.4963 194.0745 49.99548
v 444.6241 164.3102 32.23598
v 429.3166 186.0811 35.16378
v 457.3625 179.9103 37.79588
v 445.3952 171.9684 37.35612
v 449.5805 165.269 32.19999
v 449.9605 195.8505 34.51781
v 429.7795 191.1937 40.46482
v 524.8703 190.0433 49.25631
v 560.2062 159.4401 39.34814
v 447.1935 187.2095 35.22245
v 420.9368 200.0989 46.2068
v 446.5628 187.6081 36.15571
v 437.0132 161.8816 51.35228
v 436.7897 171.5285 32.65139
v 470.5574 184.7264 47.0903
v 423.8633 196.9481 41.85959
v 458.9231 190.2324 35.71297
v 423.1916 191.6805 36.18555
v 435.2991 168.9408 45.07868
v 441.2507 163.5509 50.21907
v 439.6155 168.6071 46.66273
v 456.9779 173.4548 49.80452
v 466.0149 189.246 34.88033
v 466.8582 172.3046 51.13299
v 452.8091 196.6008 36.76923
v 462.3664 185.8441 37.72148
v 461.973 186.0962 37.96542
v 434.7339 189.5567 34.58667
v 468.358 149.1052 41.42324
v 439.6613 162.9894 51.09424
v 434.8689 189.1139 35.53255
v 492.1618 72.85713 51.32177
v 464.787 191.6285 31.98164
v 571.846 200.0479 45.57325
v 403.1106 200.0567 40.58104
v 440.2983 162.469 51.4617
v 430.4982 186.187 37.189
v 444.4881 163.6582 51.61149
v 420.9998 200.103 42.83046
v 432.6806 188.3653 35.87848
v 478.1225 188.0498 33.65209
v 486.1385 200.1428 46.79897
v 529.079 198.9074 49.71922
v 435.4629 187.7343 37.29784
v 442.8875 183.9637 34.98314
v 478.5895 184.1697 33.77225
v 458.4706 185.3908 38.84472
v 446.9485 186.0669 36.51882
v 444.0486 163.0984 51.40656
v 449.195 188.2067 35.7845
v 454.2066 182.6868 34.54306
v 444.5723 180.8604 34.01093
v 464.4598 185.4199 41.15047
v 529.6722 198.6805 49.77842
v 444.1576 192.9647 36.00404
v 447.5801 187.1917 35.99947
v 556.6622 155.6511 38.51616
v 434.3029 187.1506 39.1335
v 425.686 161.1427 49.7203
v 442.0447 186.5275 35.08509
v 432.4334 199.9147 37.9517
v 501.8771 114.8385 39.89687
v 445.1139 186.7366 36.60924
v 445.4837 185.8787 36.26648
v 456.6324 184.7247 37.15175
v 455.0727 186.2386 35.07979
v 459.8424 193.5514 35.90677
v 459.9547 193.3485 35.87211
v 442.0223 186.639 33.82137
v 441.5029 186.2518 34.42023
v 521.7103 107.135 45.34491
v 424.2477 159.6415 50.54045
v 463.1674 194.3186 35.32307
v 424.2241 158.8313 50.85345
v 450.2066 195.8645 35.41068
v 502.5531 118.9127 37.42037
v 458.4172 191.0291 35.43396
v 425.4641 161.258 48.51701
v 461.4976 195.9692 33.26777
v 514.1256 167.7339 47.20312
v 506.0767 81.05994 36.41797
v 496.3587 192.2796 47.7301
v 428.6552 162.2499 49.72536
v 485.8955 184.7788 49.12866
v 434.4451 165.5035 50.79332
v 453.6268 171.5124 50.08031
v 433.8209 164.6147 50.71974
v 576.9401 199.7499 45.41717
v 458.0338 188.1491 35.99969
v 440.6809 169.5486 38.71252
v 468.1807 185.2853 44.66626
v 552.6322 153.4193 38.24744
v 428.5005 153.1605 52.39432
v 453.0995 182.2766 34.7148
v 551.0044 152.6731 38.22388
v 457.9807 189.0883 34.9846
v 433.5151 182.7273 38.95132
v 440.3043 176.3972 32.75576
v 468.2512 184.3124 45.31016
v 518.517 193.1014 47.10448
v 454.647 195.1557 36.39738
v 402.9338 199.9548 44.82962
v 461.9673 192.6931 33.97416
v 500.6061 199.8453 45.24543
v 477.3966 48.84939 42.6669
v 575.1891 200.0831 45.45305
v 457.9312 188.5406 34.89848
v 500.72 193.5753 48.07804
v 530.2638 186.1752 48.86656
v 428.3975 163.5301 48.26182
v 439.9692 162.7417 51.29118
v 429.7749 159.9844 49.52478
v 503.757 192.0127 45.29323
v 481.8406 186.943 49.51296
v 423.9821 161.1876 50.39042
v 491.0398 132.6806 42.25683
v 419.2733 154.9303 50.66444
v 431.7355 158.3907 50.94732
v 425.4279 155.6033 52.15441
v 427.5344 154.097 52.74817
v 442.0023 186.028 35.35095
v 507.5752 197.4506 39.46722
v 485.2276 200.0581 46.34909
v 431.3174 157.2841 50.59935
v 505.2729 198.1943 47.05594
v 441.3627 159.6012 51.34709
v 436.1694 171.7232 36.65662
v 454.1195 165.422 50.58287
v 506.9667 198.4497 46.46869
v 434.7138 200.055 38.57586
v 506.4409 197.2857 46.78918
v 435.5761 178.7912 34.37659
v 430.6318 159.2666 50.03128
v 517.3303 149.7002 50.13621
v 502.5272 197.1261 45.70208
v 507.0637 176.3216 43.62035
v 496.393 199.8179 46.78422
v 429.8383 155.3841 49.8077
v 522.8661 146.3446 51.44849
v 501.4011 196.3882 45.97938
v 572.871 200.168 45.58352
v 501.543 197.142 45.88853
v 481.0178 196.2998 40.38427
v 429.7322 117.2155 48.16064
v 420.0421 200.0712 40.43908
v 461.9545 196.644 34.09528
v 449.9262 195.4392 35.37908
v 512.6161 114.4724 35.23318
v 434.8454 102.2303 49.55608
v 418.4483 156.0598 48.99905
v 418.3137 155.4449 49.26162
v 418.2343 154.441 49.61797
v 463.2767 185.7385 37.87278
v 532.8691 149.6008 44.21975
v 487.7429 157.8842 42.81997
v 431.0352 117.1897 47.87865
v 422.8563 155.423 51.55804
v 492.9594 187.6656 47.72028
v 418.9134 154.4101 50.59252
v 488.2563 200.1876 46.89319
v 418.5799 154.3964 50.16555
v 479.8417 189.8449 41.22619
v 512.0759 194.5381 42.1713
v 495.5124 192.07 47.42535
v 457.4907 193.2303 34.71674
v 439.0685 170.9757 32.40171
v 480.0054 195.2089 38.37202
v 479.2388 194.6905 36.88458
v 504.6517 196.7803 46.85828
v 479.0867 193.1153 34.68896
v 420.3813 154.8175 51.00727
v 462.9628 191.9879 33.96416
v 418.6829 153.7345 49.66566
v 448.732 170.0476 31.99198
v 460.5784 194.5252 34.99563
v 497.0984 192.1877 48.03283
v 465.2674 195.5119 34.06039
v 554.9089 155.1839 41.87702
v 424.7491 157.0529 51.76239
v 506.3386 188.8806 47.03872
v 480.2229 200.0268 49.69807
v 478.8526 200.0789 49.51655
v 425.7273 157.8668 52.07772
v 519.6147 182.8111 39.54926
v 504.717 197.3171 46.44634
v 402.9544 199.7601 38.07242
v 474.6109 185.894 44.93716
v 480.9331 195.9983 38.72747
v 481.5468 196.2371 39.42037
v 455.9767 194.6619 35.51318
v 458.6168 186.6864 39.00444
v 479.8855 195.8266 41.92296
v 571.3642 194.5067 46.17128
v 419.0348 155.7547 49.91232
v 517.1955 184.6603 43.99122
v 419.8958 153.3669 51.01628
v 470.2919 185.5076 44.82358
v 407.5797 200.0165 35.42916
v 420.312 151.986 50.88751
v 529.0328 195.0294 53.61417
v 509.2629 195.5239 42.89234
v 425.7609 165.3215 46.64466
v 421.2251 153.4148 51.27151
v 466.1692 184.9313 42.38428
v 498.8986 106.8161 41.88466
v 447.9087 177.6395 39.28378
v 420.2887 156.309 50.85614
v 511.7667 192.8372 43.51443
v 431.0578 155.9584 50.68262
v 508.1263 193.9326 45.05879
v 426.5305 152.8341 52.28566
v 541.8184 191.5302 48.35373
v 422.0557 198.1749 44.7754
v 500.4091 189.5501 45.71794
v 548.7051 200.1101 53.08304
v 487.7836 174.517 53.09011
v 468.5093 187.3099 39.85831
v 498.4196 190.6997 46.71566
v 521.8902 197.706 49.41236
v 526.1633 186.1455 46.56407
v 476.817 197.1773 46.18125
v 426.9875 148.3906 51.52411
v 432.4931 154.1412 52.42629
v 499.9046 197.8017 46.00854
v 460.025 177.0194 43.31843
v 429.1229 151.8806 52.63182
v 414.6579 200.186 49.74506
v 464.0117 187.1725 40.56414
v 459.5962 176.5243 43.14259
v 460.8111 195.3279 34.10987
v 429.0052 150.6094 52.48659
v 482.4324 186.4225 36.17888
v 504.4745 196.5554 46.8817
v 497.002 188.4144 45.97258
v 429.1727 153.4473 52.66204
v 563.6357 200.0558 49.43299
v 494.4716 191.6339 48.14183
v 572.9148 161.5023 59.42564
v 492.9303 185.3981 47.42159
v 493.4306 184.0602 47.05355
v 501.8298 193.767 46.41553
v 430.9828 189.5016 40.65387
v 430.016 189.7727 40.11281
v 501.1842 193.7031 46.94214
v 460.6922 191.2019 34.82225
v 502.2078 195.6793 46.9608
v 443.2639 172.2965 39.02353
v 491.3402 196.2873 47.41852
v 532.259 184.8012 49.04498
v 483.6387 142.1612 43.02635
v 581.8111 200 43.27066
v 519.949 194.1168 49.35583
v 520.3089 194.662 49.24823
v 498.015 195.2002 47.76767
v 555.5995 200.1342 53.4025
v 479.3821 184.1503 32.86611
v 443.6453 191.9641 35.88074
v 444.1489 190.8209 35.53908
v 439.8297 184.44 35.99997
v 450.7011 180.6856 36.39865
v 505.4019 189.0742 47.01808
v 517.8876 194.7692 48.0815
v 432.3644 153.1058 53.55056
v 530.2666 103.1672 51.39685
v 500.4578 197.0868 45.99725
v 404.0244 139.1699 36.94828
v 518.9055 183.8416 37.44407
v 432.6008 154.2065 52.96259
v 432.085 153.8404 53.41961
v 473.4377 179.199 47.98147
v 503.0414 200.187 45.42128
v 502.3537 199.9009 45.33311
v 505.9885 199.0481 47.18996
v 519.4956 192.7408 50.1266
v 487.6214 74.68389 39.27399
v 447.3161 176.8225 38.93152
v 429.7949 149.8048 52.52031
v 457.7067 174.5671 49.23694
v 451.0214 189.307 36.17886
v 432.4399 186.4842 38.17116
v 434.2613 154.1386 52.77052
v 472.9099 172.4658 51.31668
v 406.7179 106.4887 38.09406
v 560.4343 174.0863 43.96518
v 505.5092 196.5274 47.13449
v 504.9538 196.5232 47.09599
v 430.61 57.91862 43.16121
v 440.4468 150.0536 52.60418
v 504.3639 171.736 49.40942
v 433.3252 32.5055 40.95692
v 506.3943 126.5628 37.92205
v 506.4045 199.3178 47.16961
v 432.3864 186.4989 38.81113
v 495.0477 193.4745 47.56484
v 447.1749 173.1292 31.9798
v 501.8163 190.6389 45.31539
v 445.0064 152.0719 52.52369
v 431.8591 153.1517 53.49739
v 504.8817 197.3956 46.80538
v 483.4741 185.9596 49.24401
v 443.3009 152.9534 52.81428
v 530.24 200.0281 50.33309
v 483.3228 200.0134 46.40823
v 428.3355 154.0787 52.63622
v 428.648 154.7013 52.255
v 443.8812 172.5465 37.86457
v 457.5253 182.5322 37.98118
v 439.4853 165.8302 50.7747
v 479.6056 141.5507 44.50694
v 459.0229 185.8318 41.57272
v 526.0913 188.4469 49.32851
v 449.3649 175.9791 34.93338
v 498.1408 189.6448 46.17226
v 503.3355 197.0719 45.82587
v 520.2887 197.7765 46.5885
v 477.7114 176.6736 30.65955
v 505.7163 199.049 47.02366
v 461.5535 175.3589 48.39133
v 452.5145 164.7083 52.08665
v 435.8753 161.5656 51.19154
v 540.5774 149.3852 61.72873
v 562.0781 158.4825 38.84643
v 478.9499 194.2542 42.89898
v 499.9553 124.7672 36.55275
v 506.3764 198.4574 47.5877
v 464.9384 185.8079 41.28577
v 462.9482 190.8841 31.93895
v 505.6842 198.299 47.59275
v 460.9491 2.962341 37.46918
v 521.745 128.4078 50.22958
v 411.6495 199.6099 48.90902
v 503.8158 117.9099 37.35719
v 499.8601 195.4344 46.67632
v 505.7928 198.8288 47.4795
v 505.7056 198.9373 47.22748
v 442.4314 153.0033 52.45937
v 440.6786 185.928 33.08384
v 449.7974 154.3084 52.43362
v 563.7665 200.1311 47.91204
v 500.2522 196.3606 45.86102
v 476.5128 191.1836 34.13397
v 471.1064 106.6225 40.60659
v 456.1906 182.7118 36.54861
v 457.8074 178.6114 42.65777
v 518.0798 193.7874 44.99778
v 466.9753 190.5766 32.70519
v 519.3338 190.027 49.32262
v 469.4855 164.148 54.09606
v 450.0302 73.97565 44.31378
v 457.1737 162.4708 51.65967
v 514.4968 194.2342 41.74442
v 512.9776 193.4338 42.4464
v 499.7677 192.7068 48.59382
v 464.1683 194.0114 32.00084
v 479.062 182.3093 32.33984
v 462.7291 185.2642 38.35192
v 461.5999 183.0941 40.79712
v 476.0432 185.3398 45.62832
v 505.8695 198.517 47.47578
v 506.2974 198.699 47.59914
v 463.8589 162.6725 54.64769
v 494.6918 200.11 47.76649
v 458.3116 187.2317 38.27948
v 502.5641 196.3363 46.21724
v 425.5558 199.9389 36.77839
v 537.9764 146.7706 61.87604
v 549.3746 185.6357 48.36422
v 476.3901 178.9032 50.93898
v 505.8766 198.1266 47.66682
v 419.8146 200.0162 36.53314
v 463.8388 161.1062 54.25667
v 503.7261 197.0756 45.98457
v 432.4179 186.903 39.28622
v 503.9021 196.9761 46.00554
v 449.4882 171.2444 34.41374
v 460.9903 186.6225 37.68349
v 461.4061 187.2186 36.65791
v 497.6239 199.9523 46.14575
v 454.4456 188.7703 35.67675
v 456.7142 182.0307 37.47934
v 503.7434 197.3847 46.0529
v 455.9475 181.4398 38.2064
v 415.0847 199.6675 50.0666
v 415.8887 200.1126 50.6419
v 468.0882 163.7062 54.25904
v 454.1593 184.6948 34.88132
v 483.4626 200.1432 46.37199
v 464.4813 159.3346 53.28736
v 458.298 186.9942 38.64069
v 470.5055 154.857 46.52269
v 512.8761 200.0371 46.74518
v 515.1872 200.1846 46.75726
v 468.0281 162.2481 53.82503
v 504.3988 196.4798 46.68185
v 505.3506 197.7597 47.15671
v 508.0438 195.0872 45.58836
v 527.5883 186.961 48.80288
v 449.9363 188.2333 36.32023
v 508.0285 194.7649 46.47618
v 416.8997 199.805 50.55289
v 449.9552 178.2124 37.90248
v 504.8413 195.6728 47.31415
v 524.1292 200.1438 48.27262
v 443.8786 175.7626 32.26565
v 463.873 186.4029 37.39851
v 531.2819 196.3775 53.65926
v 456.2805 183.3894 35.3595
v 444.5766 59.20478 43.52462
v 495.211 192.4709 47.30308
v 463.3633 179.8625 42.78444
v 508.7643 192.5191 46.55668
v 442.5233 113.8541 42.25716
v 505.5554 197.2889 47.22327
v 525.079 200.1727 48.51728
v 476.3423 36.82865 40.26325
v 525.0572 188.0226 49.81039
v 521.9073 125.3308 49.03138
v 524.6273 177.3352 47.10296
v 529.0738 194.8817 51.86441
v 524.9653 179.2119 47.65506
v 460.1335 188.9024 34.67184
v 456.9773 160.6826 53.12287
v 518.4911 195.4155 45.21588
v 452.325 180.06 39.19161
v 518.3253 195.4925 45.07108
v 448.9577 177.5048 40.02556
v 525.62 188.5044 49.30041
v 513.9899 196.6861 40.00521
v 454.7206 183.0412 34.39983
v 564.0145 200.056 51.2327
v 513.6943 194.2027 41.78948
v 502.4922 116.7634 39.00325
v 454.8291 187.2432 35.31411
v 528.1552 193.3363 49.46817
v 413.2779 145.5551 42.60404
v 498.5392 121.7595 38.37228
v 440.5127 164.6729 32.59435
v 509.5931 114.215 35.4175
v 518.0023 195.3935 44.12388
v 451.3746 157.9018 51.84581
v 461.0702 162.9086 52.72538
v 481.6796 169.4213 32.61358
v 454.271 188.8299 35.66283
v 452.5988 182.1643 35.48883
v 457.1055 178.416 38.34748
v 518.3941 195.1828 45.52216
v 518.2575 194.7253 45.31914
v 459.2945 200.1592 35.32671
v 452.4052 182.3882 34.83489
v 485.2526 188.762 39.83583
v 451.8525 152.0814 51.31276
v 539.65 115.0846 49.83065
v 458.7251 183.9068 40.94522
v 455.3417 200.0618 35.63911
v 447.5543 186.821 36.36283
v 441.4653 185.017 33.03595
v 448.4913 153.2582 52.32422
v 518.1187 194.0398 46.7358
v 439.191 160.6734 51.9485
v 447.5084 187.123 36.738
v 532.9887 185.0534 49.16786
v 503.1035 193.1209 46.41356
v 468.8301 175.0558 50.20601
v 518.6171 195.8646 45.86208
v 518.6119 196.1663 45.03887
v 447.1503 169.3583 31.9509
v 509.0808 195.5002 45.34809
v 517.9659 194.8446 44.68025
v 449.9512 168.0257 33.06709
v 518.1209 194.9406 45.11853
v 435.1497 187.5736 37.6548
v 474.617 188.6799 36.77554
v 449.23 171.6183 33.50689
v 529.151 195.6153 53.65688
v 453.8486 164.7308 51.40909
v 501.2928 193.662 47.25535
v 504.5252 197.1488 46.96107
v 430.8898 184.2489 47.43522
v 518.6786 192.6948 49.83481
v 442.0227 185.4081 32.97634
v 541.2159 193.5609 49.60093
v 541.8154 193.188 50.80201
v 541.1009 194.1308 50.05283
v 478.3773 182.2139 32.95239
v 442.2834 153.9826 52.28636
v 461.0537 200.0458 35.6175
v 433.5475 186.3081 41.80665
v 446.1771 177.0686 39.69892
v 450.591 166.1741 32.0133
v 444.1645 174.3226 39.46927
v 466.393 169.2774 52.09055
v 442.4405 185.884 34.64407
v 442.9 185.794 34.6962
v 560.503 183.9338 46.69838
v 583.8111 200.0157 41.19492
v 441.1547 185.5291 32.91862
v 466.9992 193.9489 32.19248
v 434.4351 188.5344 37.09842
v 531.0365 194.1862 53.53155
v 502.3936 191.4012 44.95826
v 443.0424 193.3804 34.99809
v 520.6876 197.4504 50.03701
v 448.0959 154.0247 52.34098
v 460.2677 200.1522 35.36462
v 451.4885 156.7234 52.49883
v 465.5205 175.9486 49.80346
v 439.1118 160.6695 52.12865
v 534.491 200.0606 48.9481
v 440.8528 185.9792 32.9329
v 442.4918 192.481 34.46344
v 442.153 186.6176 34.67583
v 501.5602 189.5982 45.61117
v 509.9058 194.6495 43.08127
v 506.2598 198.0733 47.52981
v 468.7989 183.5628 45.98891
v 564.2583 200.0628 45.26788
v 520.7889 197.6873 50.18029
v 444.7589 182.8857 34.74963
v 450.499 165.2744 49.62918
v 445.0953 149.2484 51.55784
v 433.8791 188.6387 38.00509
v 561.8229 200.0196 51.44184
v 456.466 54.96896 39.78941
v 445.3082 165.1711 33.81497
v 453.0783 199.9296 35.67759
v 420.707 189.3621 49.58834
v 440.0837 185.8193 34.09163
v 544.0296 194.7025 52.45495
v 460.2396 104.7393 41.36592
v 449.861 158.6432 52.05323
v 498.7254 191.319 47.25483
v 512.62 194.0489 42.28617
v 444.2719 153.3735 52.68755
v 516.0222 182.6764 38.18601
v 531.7751 196.6036 53.76215
v 537.7783 147.5902 60.90021
v 509.6743 115.0971 34.57632
v 445.035 157.1871 52.1022
v 539.1022 148.6297 61.87236
v 583.0239 198.1942 47.7328
v 465.9355 105.2404 40.89848
v 540.3844 198.0049 47.53882
v 540.9754 198.0278 48.33905
v 540.2073 195.3266 49.50162
v 501.7421 116.0715 39.422
v 441.1783 185.3287 33.45046
v 478.1992 180.3347 32.09367
v 412.0192 155.136 41.42162
v 443.2162 185.2023 33.32637
v 539.573 195.3848 49.52481
v 433.24 188.1721 37.87741
v 465.6604 106.2583 40.62482
v 445.3802 160.3761 51.79367
v 422.5122 48.95052 41.91399
v 518.2855 194.1002 48.44114
v 457.6748 200.1319 35.51796
v 446.7156 165.8971 33.63311
v 474.513 47.15907 41.23095
v 498.6524 134.3794 38.59747
v 563.9051 200.0962 50.35188
v 546.8029 195.2242 52.9279
v 546.9622 195.4883 52.78006
v 442.908 160.0905 51.84938
v 440.0558 161.2887 51.75918
v 433.2338 187.8774 38.31561
v 541.4684 147.6661 39.43445
v 538.9311 106.928 50.00845
v 443.8851 160.5595 51.32176
v 442.6414 185.899 32.91568
v 538.8169 194.4523 49.31996
v 439.8684 160.8783 51.86496
v 442.0113 167.6216 47.21701
v 430.391 188.9766 40.03857
v 550.9694 154.5617 42.79424
v 490.4333 184.1713 45.48886
v 432.9894 152.9213 53.45302
v 458.0342 163.3214 50.78882
v 433.804 152.238 53.35844
v 439.2019 185.2176 34.10236
v 443.5622 157.2438 52.24129
v 434.5573 28.69142 40.21985
v 443.0253 156.7788 52.31591
v 496.342 181.7215 45.37975
v 569.5436 193.8228 46.17963
v 475.6129 191.5526 34.11927
v 569.7252 194.5377 45.97658
v 437.8318 183.5405 34.05628
v 443.2172 154.6267 52.60526
v 538.0377 200.0017 47.03834
v 441.8623 153.8133 52.19296
v 536.2261 132.055 54.56565
v 440.2345 152.1712 51.94187
v 523.4858 190.5507 49.28482
v 462.1328 148.2063 43.13991
v 419.4064 190.2831 35.97174
v 441.8317 200.0709 38.72139
v 464.4868 191.9359 31.79673
v 408.0855 160.0286 42.77915
v 581.5777 197.3578 47.14507
v 493.4411 159.5682 43.29171
v 441.1158 27.33918 35.70248
v 544.3188 195.4487 52.24302
v 473.5446 200.0925 49.5648
v 441.9918 89.84284 49.93676
v 439.537 151.1433 52.95599
v 539.4517 193.8679 49.33662
v 442.0798 18.62227 35.44447
v 464.475 191.8555 31.87474
v 443.7373 192.1774 36.13807
v 445.8023 188.0345 35.9877
v 430.6426 191.688 41.04642
v 480.2985 31.71438 40.07474
v 418.5665 98.53736 45.89248
v 440.914 155.7974 51.4945
v 571.7227 195.7648 46.45826
v 463.0499 109.7472 40.39063
v 451.0155 177.8724 41.18248
v 464.9512 175.7583 49.92423
v 575.5453 197.248 45.7686
v 431.4423 188.5422 41.154
v 445.5807 113.6603 43.74251
v 577.5927 195.9997 45.82577
v 445.2974 114.0933 42.8223
v 543.0845 199.9706 53.03326
v 530.7674 185.4108 48.6423
v 452.0181 179.0469 37.95964
v 542.1381 191.874 48.45575
v 477.3414 175.0022 29.93644
v 420.6969 164.6322 43.51542
v 570.8963 196.4164 46.59312
v 436.6495 153.0024 52.54666
v 532.3392 198.2622 51.81415
v 516.4126 141.4129 48.36278
v 460.2821 186.3335 40.76062
v 460.3471 131.8426 43.85892
v 580.2132 195.7142 45.68428
v 452.6589 100.3874 40.7668
v 527.2767 193.8559 49.42176
v 447.818 171.5628 47.59202
v 446.0682 92.50885 49.51304
v 505.5885 189.8169 46.93565
v 472.6345 76.40812 46.1221
v 467.427 190.545 33.5951
v 504.8721 189.1734 46.96238
v 441.3453 200.0167 38.78273
v 445.285 168.0041 51.33438
v 520.2017 95.76916 51.80714
v 476.2265 59.58923 48.20965
v 556.849 155.4465 41.64796
v 463.1837 192.6981 33.75835
v 581.5531 197.2972 46.63699
v 483.3626 187.4244 48.80602
v 479.5456 63.09362 49.55686
v 555.7797 154.7409 38.3361
v 490.6688 184.876 46.20778
v 581.2758 196.1156 46.72028
v 403.0734 199.8961 45.79948
v 421.3505 157.355 50.98542
v 518.8733 191.8981 46.64292
v 425.4412 159.6031 50.11571
v 429.0513 154.6975 51.28698
v 403.2841 199.8145 46.7842
v 466.6351 190.4202 33.19225
v 527.1294 186.0951 47.60501
v 481.5315 187.6523 49.02204
v 518.9231 182.6364 46.44311
v 518.1625 182.9264 46.36268
v 467.1152 175.9395 49.8241
v 570.5647 178.4689 44.50235
v 509.1149 196.6356 45.18396
v 489.4279 186.3423 49.58072
v 467.9927 193.7859 32.09991
v 437.127 90.8716 48.8736
v 509.4333 195.0014 45.10717
v 518.8059 191.0674 48.97942
v 518.6039 195.9415 46.49007
v 447.7193 171.6986 48.0107
v 432.0356 186.3366 45.89507
v 468.1536 192.4984 32.06971
v 477.277 187.9331 34.1232
v 461.0565 53.88111 36.59815
v 518.6953 196.0456 46.5065
v 518.0832 194.3881 45.3694
v 510.2186 192.0676 43.92537
v 458.9472 97.47553 42.30681
v 508.1643 193.6578 46.95084
v 509.4938 194.1546 43.57027
v 457.9662 98.93261 41.42761
v 546.9201 195.7747 52.3286
v 518.5408 196.5888 43.78489
v 474.4302 192.7957 34.01357
v 450.927 28.89058 36.8984
v 434.9127 187.6969 37.6128
v 502.8182 188.6705 46.32333
v 437.3278 112.8425 49.71944
v 496.3376 186.2298 45.85535
v 478.0006 177.9892 30.81369
v 434.4611 188.0162 37.91145
v 509.6702 193.3133 44.15088
v 463.0382 128.505 43.74849
v 449.4526 94.58189 49.12071
v 462.0102 129.2284 43.44809
v 434.3423 188.0922 38.30431
v 514.1172 184.1726 35.08879
v 420.6297 161.5384 46.83566
v 524.5467 187.2156 49.92906
v 481.0803 143.6048 46.04529
v 446.8505 169.8151 48.04305
v 446.0201 115.4195 43.76642
v 500.8718 186.0519 46.5292
v 462.8953 193.6048 34.24584
v 510.9306 94.5071 50.65701
v 453.1327 172.4081 49.29501
v 541.25 197.2783 52.47668
v 460.8729 196.4896 33.44996
v 458.5538 127.7222 43.26207
v 517.4675 195.0817 42.81339
v 439.5449 166.8206 33.09733
v 580.4041 193.0823 45.79173
v 511.1401 197.3713 38.75752
v 509.5784 197.43 38.78795
v 509.2128 196.6638 44.58165
v 506.5455 198.0058 37.82517
v 487.1826 75.08055 41.51049
v 465.9709 168.5977 52.51841
v 439.5577 188.326 33.26091
v 493.0081 189.6785 48.09884
v 526.2255 100.4272 38.81399
v 540.7855 194.9998 50.72743
v 410.0349 94.52156 37.91087
v 463.3297 140.7209 41.85588
v 447.7333 63.18532 45.33156
v 510.6109 94.4731 51.76533
v 489.2651 75.6145 39.78404
v 454.9365 188.3412 35.54102
v 477.3282 193.9236 37.42244
v 484.5917 72.97879 36.40604
v 508.2818 195.5292 43.43299
v 475.5792 107.4697 39.54345
v 528.1457 198.2281 50.06144
v 565.0746 200.1448 50.99101
v 522.6621 100.3841 34.57975
v 518.2441 184.3804 44.51898
v 454.6811 77.56698 43.48233
v 530.6815 175.8206 46.33903
v 459.984 177.8303 43.27943
v 511.8535 195.9994 41.23409
v 454.28 90.48563 46.88742
v 483.5758 65.20921 37.24495
v 445.3512 104.437 46.45161
v 446.8952 192.8493 34.30908
v 446.369 194.4258 34.35453
v 494.3942 187.4851 47.14418
v 525.0701 198.519 49.25101
v 520.1267 197.6524 46.18879
v 519.334 196.9761 45.13639
v 525.2847 188.5155 49.33278
v 514.3693 179.4436 42.76767
v 449.3751 195.2433 34.39071
v 509.1634 191.798 44.1645
v 546.2773 196.0555 52.30668
v 478.5473 183.2152 32.9409
v 548.6195 196.2818 52.35595
v 433.4368 117.515 47.72488
v 431.4857 198.9867 37.45683
v 506.8944 199.3953 46.5186
v 399.9587 111.0438 42.30156
v 549.4777 199.643 55.34171
v 456.3897 197.8218 35.29097
v 420.7148 199.0686 36.36343
v 457.2946 197.7143 35.1367
v 421.9807 198.2007 36.20413
v 400.865 190.5176 50.36337
v 539.0512 198.912 47.71745
v 444.9608 186.9115 35.56729
v 540.5384 198.3376 47.54229
v 403.0993 199.9271 34.45707
v 573.7456 197.9752 45.75631
v 408.0849 198.4006 35.16747
v 404.3599 198.0387 35.41133
v 539.4229 198.9745 47.62408
v 575.6404 199.5526 45.42007
v 574.589 198.8083 45.64625
v 431.7526 197.2997 36.96868
v 434.7757 197.6264 37.05741
v 416.5591 199.2387 50.4432
v 532.5333 199.6463 51.08434
v 598.837 174.1876 52.3924
v 487.6628 181.3764 42.38147
v 421.535 199.5597 43.73762
v 525.2348 199.7152 49.72497
v 549.4324 199.7361 54.69143
v 526.0752 199.6818 49.60049
v 503.7116 198.0524 45.79349
v 427.6463 199.6443 37.00689
v 429.3347 199.5458 37.27608
v 402.1463 195.2159 49.04716
v 421.1704 199.6705 45.35843
v 404.9639 199.1835 35.39233
v 403.8619 181.1953 51.14703
v 505.7734 199.1683 46.88768
v 505.1905 199.6078 45.943
v 421.7133 199.3171 43.05476
v 505.4355 198.8349 46.81613
v 409.108 199.706 32.76831
v 481.7365 194.4179 37.17445
v 404.0539 198.3206 34.97677
v 549.3778 199.333 54.74026
v 525.2091 199.653 49.71827
v 428.5444 199.8427 37.16409
v 446.3605 175.303 43.55947
v 518.8777 189.904 48.60741
v 540.8901 198.0017 52.17067
v 540.9919 199.1894 48.24105
v 403.8365 198.6962 34.14909
v 403.9896 198.4029 34.4487
v 516.6743 196.2955 41.71721
v 521.4947 199.3896 49.56443
v 404.5254 199.549 34.84606
v 403.7493 198.8466 34.74308
v 505.2589 199.1494 46.3
v 403.968 199.7599 34.12362
v 427.0776 197.6386 36.60931
v 403.4678 199.6293 47.02515
v 442.6789 197.0019 35.62364
v 537.7722 199.022 48.11412
v 520.9238 199.3483 49.15025
v 419.8609 195.8064 36.26979
v 520.9907 199.5757 47.1568
v 422.3342 198.8836 36.34971
v 530.5392 199.9856 50.51266
v 532.1733 199.0992 51.80536
v 409.1918 196.8715 48.37885
v 529.9983 199.6295 50.12105
v 539.7236 198.7488 45.26326
v 402.2867 190.4083 50.14995
v 576.4983 199.2827 45.45929
v 446.2992 186.7013 37.61808
v 459.4452 90.57498 43.56797
v 434.9029 162.7093 47.50001
v 403.6969 190.1252 50.41977
v 520.6029 198.5882 48.94928
v 577.3762 199.305 45.49998
v 401.818 188.1211 51.0346
v 476.4914 137.2388 45.23837
v 540.4656 198.8193 44.9511
v 423.4408 197.8456 36.37167
v 421.7519 196.4042 36.16145
v 538.7616 199.5862 46.56949
v 539.0233 199.6045 47.3242
v 539.0132 199.7319 45.28984
v 526.7055 199.6694 49.40681
v 598.4329 185.1106 39.86374
v 520.6088 198.5972 46.88755
v 541.0707 199.9025 48.41089
v 540.8747 199.4417 47.40627
v 541.1554 199.4411 50.75806
v 540.9845 199.1091 47.60587
v 573.6246 199.7359 45.60264
v 568.542 197.2632 45.83441
v 541.0433 199.5154 48.93093
v 403.009 104.1498 42.57358
v 540.4059 199.7232 44.80581
v 522.5349 199.441 49.27441
v 400.6911 127.6894 36.36365
v 400.5088 196.3968 49.33762
v 404.5054 198.807 35.18692
v 405.8676 199.7585 35.52857
v 403.7242 198.8704 37.12864
v 520.1031 198.1587 45.96503
v 402.5519 131.9373 37.27423
v 540.8086 199.3456 46.7826
v 453.2248 197.721 34.82306
v 426.3048 199.1227 36.72795
v 540.9584 198.9862 49.01126
v 573.8492 199.0046 45.63292
v 403.4063 199.1816 45.21967
v 403.6367 199.4092 41.53403
v 403.7221 199.0293 34.04934
v 540.859 198.12 50.04963
v 404.0404 199.3466 34.27051
v 577.4233 198.0362 45.6843
v 580.4926 199.0812 45.67856
v 579.4679 199.0653 46.11502
v 413.1861 173.6134 47.04912
v 521.9252 198.7534 49.32675
v 551.8786 198.3455 55.29072
v 541.1106 199.6386 49.74263
v 600.031 183.7654 40.91809
v 538.3094 197.8793 48.67763
v 549.2079 199.1606 53.48161
v 508.5374 199.2448 36.15763
v 580.1818 198.6223 45.94235
v 480.3752 196.4618 42.14742
v 464.0138 199.1801 38.1716
v 478.1276 199.3213 48.97478
v 401.7705 190.5597 50.10944
v 538.9876 198.6602 47.90554
v 574.8755 199.4361 45.50997
v 598.0528 183.7954 41.24305
v 460.8005 196.7579 33.40648
v 446.3655 186.2621 37.3124
v 434.1047 199.2839 37.95843
v 507.7432 199.2951 45.72416
v 551.2591 198.1391 54.74688
v 541.0941 198.8181 52.65006
v 481.6918 198.8308 45.55508
v 448.5727 196.9451 35.08838
v 482.8814 197.127 41.38923
v 460.1111 199.4781 34.62316
v 457.9963 196.6811 34.70685
v 451.6234 197.555 34.90872
v 455.006 198.3096 34.87506
v 448.5733 194.009 35.86825
v 456.482 196.6434 35.29265
v 444.0398 193.1101 35.21062
v 480.0806 198.1015 47.7476
v 479.757 196.6857 44.44065
v 463.5824 196.7924 34.88278
v 489.2058 198.5382 46.66621
v 462.3672 198.6839 35.8566
v 453.0576 198.5644 35.24334
v 452.3004 197.4925 35.28061
v 455.8693 197.3733 35.22849
v 455.1911 198.5168 35.29797
v 506.2957 198.3737 41.70112
v 458.4649 198.5494 34.96241
v 520.2039 199.4663 45.77678
v 421.1771 196.0315 48.33105
v 404.4307 96.93966 43.00238
v 405.4998 98.61466 42.69202
v 433.6534 162.4017 47.00443
v 497.9897 199.5857 46.13806
v 421.4019 197.6498 36.27049
v 430.2392 198.6409 37.15686
v 504.5168 199.5994 45.69874
v 590.7981 198.3321 36.35603
v 401.2072 111.3837 40.61718
v 482.4543 199.3978 46.13254
v 432.8573 198.6275 37.47099
v 470.1946 198.3824 43.33352
v 422.1616 197.6115 41.30659
v 416.519 199.5597 38.3783
v 429.8357 197.0776 36.73306
v 428.8095 198.4819 36.84509
v 411.6113 197.6322 49.05625
v 518.8873 196.5025 45.61471
v 421.3344 199.84 43.70839
v 467.6974 177.0784 48.32226
v 421.5969 198.3863 45.33731
v 402.9696 63.20594 42.67733
v 416.4082 198.0899 37.32165
v 508.0007 198.1496 43.97613
v 422.53 198.5068 43.49333
v 421.3677 199.1139 41.78634
v 482.146 197.6155 42.68611
v 403.8078 199.2016 46.9234
v 503.5686 198.9401 34.47283
v 421.5842 197.7962 46.10077
v 463.4922 195.7074 33.87974
v 506.5403 199.208 37.54932
v 403.6957 199.2979 47.38761
v 503.4676 198.7856 34.0176
v 421.8633 199.2391 43.62595
v 404.8745 198.4111 47.32678
v 405.8588 198.5705 45.60835
v 480.3805 198.0552 46.00657
v 500.6208 198.2888 45.7074
v 445.9313 153.2577 52.45739
v 403.9078 198.5864 43.23724
v 497.2654 199.2813 46.58045
v 422.0485 197.1346 46.04235
v 504.5397 197.939 46.44524
v 505.7332 199.527 46.53622
v 473.907 198.2767 46.52069
v 410.6332 195.4343 49.23963
v 503.891 198.6162 34.25553
v 405.2497 197.081 43.0529
v 481.9521 197.3713 40.9996
v 480.9686 197.7475 43.97421
v 470.123 199.7917 46.54374
v 401.0178 198.3342 48.47832
v 508.4774 197.1352 42.40762
v 405.384 199.221 42.24212
v 408.9175 197.9305 34.94847
v 477.4618 197.0977 47.5126
v 491.7995 197.7442 47.88611
v 478.1855 198.1664 47.91837
v 514.7025 184.7991 35.72107
v 490.2269 198.1534 47.8053
v 498.8423 198.8022 46.07721
v 493.5942 198.504 48.05532
v 440.6571 184.5741 35.95203
v 506.0699 199.3112 46.97284
v 403.3803 199.5066 34.29272
v 452.9474 177.2948 39.8702
v 403.9123 197.8199 45.09683
v 505.6592 198.4949 47.5556
v 463.3278 195.4781 33.93235
v 404.1426 197.6007 44.55122
v 508.0185 197.9578 44.00144
v 422.5407 196.3746 46.45638
v 409.9842 195.9054 48.83695
v 539.3206 199.8894 45.15742
v 413.9126 195.6777 49.33567
v 401.633 191.7877 49.92733
v 401.1714 193.4966 49.80606
v 529.2492 198.4722 49.84758
v 525.4874 187.146 48.34286
v 520.8987 199.5225 48.08187
v 416.2087 196.3346 36.72776
v 519.836 187.8739 42.87415
v 504.7641 191.6658 45.97679
v 418.3552 198.8498 50.04382
v 511.9177 198.3503 37.52635
v 403.6856 199.0893 46.27547
v 540.939 199.5451 45.37012
v 508.0691 196.93 39.17704
v 401.5875 199.4843 48.65782
v 403.4552 199.0053 44.20908
v 540.9555 199.9731 45.86964
v 540.9992 199.7496 47.88578
v 566.0044 199.4771 42.38577
v 569.8615 198.9725 45.63383
v 413.9326 198.8488 49.59439
v 579.092 198.5039 45.77847
v 564.7824 198.7296 42.85444
v 417.4291 199.193 50.32283
v 571.3864 196.847 46.18824
v 417.7156 196.3656 49.57519
v 458.807 186.6069 40.11514
v 580.152 196.9593 45.70639
v 558.8336 197.918 51.28209
v 512.354 199.4263 35.4189
v 446.9127 187.0458 37.33163
v 512.7952 198.7132 37.05674
v 405.3765 198.8675 36.25729
v 421.4908 199.343 44.46922
v 421.2665 198.3846 46.76985
v 486.0377 198.3175 43.88293
v 565.2733 199.6479 42.04015
v 564.3951 199.6357 41.74417
v 514.3416 198.3727 37.95666
v 421.952 198.6245 44.30007
v 405.7787 197.6938 43.23206
v 422.0366 198.8255 43.7553
v 598.9403 179.6324 43.73889
v 422.2281 198.8138 42.22204
v 466.1302 199.4403 41.58578
v 420.6351 199.259 40.72772
v 406.4389 199.5033 45.54619
v 403.8633 198.7407 39.22001
v 408.8084 199.7344 34.63555
v 519.9661 198.627 42.28346
v 404.2919 198.1282 38.45343
v 405.0256 199.8526 41.04359
v 452.6708 197.6608 35.03368
v 461.9034 196.9972 34.07418
v 447.4372 198.9478 35.94718
v 435.7784 199.3193 37.85791
v 479.3593 197.7231 46.71464
v 478.5464 197.5051 47.03904
v 501.4278 199.3872 45.35043
v 503.0849 197.6096 45.51772
v 506.7295 199.5843 47.24324
v 503.5179 197.7742 45.68185
v 500.0975 199.4259 45.47188
v 505.3838 199.7474 45.7685
v 502.0444 197.9643 45.37597
v 504.5529 199.1803 34.58902
v 505.5681 198.874 34.84372
v 503.5765 198.8479 33.65697
v 482.8925 198.8746 44.82861
v 479.6741 196.0622 42.94944
v 486.9949 199.3016 45.82808
v 446.4221 176.1576 42.19372
v 403.3016 199.6918 39.72383
v 476.2757 198.0603 48.50133
v 497.2425 197.2248 47.31094
v 491.8446 198.1676 48.48878
v 492.1617 197.3892 47.90565
v 483.9224 149.7562 41.073
v 484.8157 199.0888 44.76355
v 521.2025 199.7877 49.78505
v 506.755 199.7813 46.62419
v 404.4813 168.6417 46.38827
v 503.9966 198.3864 45.87255
v 506.3431 199.857 46.70234
v 400.016 192.3721 39.33511
v 507.2901 198.8024 45.91584
v 520.6538 198.5388 49.97385
v 475.7915 198.5374 48.96706
v 475.2737 199.4626 49.36699
v 570.4114 196.9715 45.79781
v 527.7976 198.9768 49.97956
v 447.0778 176.663 42.2423
v 510.5327 198.0921 37.80131
v 495.772 198.8544 47.43801
v 532.9741 199.5459 50.81916
v 507.1832 199.6067 46.30012
v 510.4346 198.8809 36.64727
v 572.6552 198.861 45.69937
v 539.0986 199.1282 45.37824
v 565.2972 197.7743 43.99395
v 540.6071 198.3052 45.08451
v 574.2445 199.3782 45.59002
v 556.7379 190.8134 49.2368
v 532.1542 199.3296 51.83335
v 582.0716 199.421 44.97015
v 596.3024 174.249 52.81381
v 529.7071 199.1611 49.17339
v 540.9338 199.3181 46.39868
v 540.5422 198.5232 46.18629
v 597.8204 175.9541 48.65225
v 575.4342 198.7806 45.32433
v 540.9075 199.7303 46.31237
v 538.6082 199.4723 45.42266
v 581.5659 197.2165 45.58115
v 503.1651 198.902 45.55778
v 566.584 195.2972 46.66641
v 585.9459 198.163 42.54266
v 511.5332 198.8091 36.82457
v 511.5377 199.167 36.1985
v 581.948 198.8987 46.52846
v 565.6944 198.2455 43.51727
v 565.9965 199.6726 43.87644
v 507.1983 198.7344 36.19466
v 529.8428 199.7689 49.40665
v 541.5769 199.3024 52.77854
v 511.2397 198.4208 37.38531
v 524.2964 199.3371 49.28654
v 548.0841 199.7695 52.65044
v 564.514 198.1533 45.58435
v 479.9568 199.6222 49.32384
v 581.8793 198.5267 45.06878
v 541.0526 199.6653 48.63394
v 525.5823 199.9012 49.03067
v 525.8245 199.7322 49.31492
v 527.983 199.322 49.53266
v 527.6612 199.9855 48.57629
v 503.7902 198.6482 35.16716
v 513.1989 197.943 38.26236
v 492.9362 199.8462 49.25036
v 494.6753 199.2517 47.79036
v 521.0443 199.8655 48.6646
v 523.1102 199.9098 49.52714
v 599.7852 160.7853 52.40929
v 521.3668 198.9679 49.63495
v 529.5965 199.6048 48.54715
v 476.4207 199.723 50.17814
v 489.9744 199.7062 49.40825
v 462.6153 195.4768 34.43201
v 578.4672 199.1775 45.57866
v 509.005 198.4159 37.14472
v 520.9552 199.2879 49.92138
v 475.6312 199.549 49.65159
v 579.2765 198.6772 45.55602
v 551.6674 198.4304 56.43369
v 599.0191 177.677 45.23887
v 532.756 199.2676 51.50984
v 532.5929 199.3669 51.48115
v 485.7935 198.9716 44.19478
v 530.563 199.875 51.44692
v 537.897 196.5801 49.48942
v 406.9461 199.1044 36.26643
v 526.5271 199.1 49.63456
v 527.0264 199.8742 49.07076
v 520.7606 198.903 48.7114
v 563.7043 195.4477 48.19571
v 491.4216 198.998 49.14898
v 521.103 198.9494 49.80388
v 548.908 199.4102 52.59294
v 537.8409 196.9723 49.79867
v 404.4125 66.32307 42.75185
v 490.5917 199.4371 49.39222
v 531.5396 199.49 51.77404
v 432.235 188.1537 40.64881
v 530.4206 199.7489 51.77018
v 402.8854 199.9728 43.83955
v 476.0458 199.5868 49.87932
v 533.3422 197.8948 49.70581
v 536.5122 197.3179 49.55425
v 549.9766 198.6893 55.2981
v 549.3587 199.0723 55.26464
v 549.1433 199.9077 52.61829
v 536.7235 197.4333 49.74948
v 599.4467 190.2635 36.31493
v 541.1922 198.5238 52.77771
v 572.7237 196.6245 45.95819
v 481.5146 199.2304 47.0875
v 533.5644 196.816 49.6463
v 549.2071 199.7523 53.48569
v 522.4576 199.0088 49.25381
v 552.0486 196.5429 52.91465
v 549.3886 199.1178 56.41759
v 403.6719 105.8413 40.76876
v 400.0043 97.4631 42.37959
v 541.159 198.9837 51.69344
v 540.891 197.7924 52.7452
v 541.4461 198.5755 52.65017
v 535.9795 197.8585 49.78971
v 586.014 195.8385 44.51614
v 529.6956 198.8157 49.63744
v 525.0668 199.7653 49.66712
v 532.7315 199.8178 50.54517
v 400.715 119.6405 34.95226
v 401.0675 135.2996 36.24027
v 495.2128 197.7975 47.98234
v 495.9849 197.6722 47.7981
v 404.8095 197.7084 37.54003
v 467.3222 196.8126 37.12432
v 596.309 177.0026 46.182
v 524.7253 199.8365 49.66838
v 485.1199 198.269 43.01082
v 525.4825 199.5666 49.88641
v 549.3347 197.4606 52.41838
v 550.5871 198.6188 55.39253
v 543.1949 199.1252 52.8018
v 528.2025 199.476 49.22666
v 549.9206 198.9127 56.41819
v 549.3853 199.4317 54.31079
v 549.3274 199.6142 54.36312
v 541.0933 198.1258 52.92357
v 541.3055 198.5801 52.79116
v 549.3707 199.0479 54.02612
v 598.3164 171.1563 52.59097
v 595.827 186.7006 40.61947
v 505.6988 198.692 47.45107
v 555.2876 196.93 52.12248
v 552.4062 198.9121 53.75529
v 595.1884 164.1372 52.53139
v 403.5879 71.72159 42.22709
v 597.1575 177.4226 45.15377
v 542.7576 197.7166 52.53798
v 532.7327 199.5837 50.89254
v 402.2861 86.22559 42.04272
v 517.146 197.6793 40.11302
v 402.6216 100.8743 42.87734
v 404.5288 101.8564 42.02457
v 532.0763 199.7857 50.87466
v 531.0007 198.9151 51.78579
v 532.5533 199.5249 51.25586
v 529.9935 199.4984 51.80735
v 530.0994 199.7964 51.78587
v 529.8823 199.2883 50.67308
v 522.5404 199.5768 49.41905
v 522.7535 199.3586 49.2219
v 522.8735 199.7209 49.61783
v 597.9945 178.0024 44.72416
v 596.2842 182.8486 42.71813
v 476.4114 199.3694 49.46127
v 520.9244 198.5024 49.92571
v 523.9755 199.7888 49.91222
v 586.5406 199.2184 40.38812
v 522.0658 199.1252 49.23531
v 529.1776 199.6617 48.56175
v 468.8535 152.9681 44.66663
v 531.8763 198.7696 51.78626
v 532.9858 199.1626 51.5335
v 524.7299 199.7058 49.85099
v 459.3774 196.9059 33.90013
v 534.6778 198.1633 49.45083
v 533.2046 197.6273 51.1569
v 522.604 199.8193 49.48006
v 404.1174 198.2889 35.61181
v 494.292 197.4836 48.13371
v 590.3622 196.5273 38.53341
v 597.3046 178.1227 44.83774
v 523.358 199.5161 49.49499
v 523.5004 199.8304 49.94835
v 525.0003 199.6699 49.8003
v 494.3491 199.949 47.7825
v 512.9917 183.18 37.35892
v 525.0075 194.9712 49.32757
v 468.1336 169.317 51.36597
v 489.01 199.8776 46.83081
v 476.1141 198.4915 48.64375
v 490.2725 198.9106 47.93121
v 476.6397 198.5598 48.19551
v 473.0745 199.4108 48.03992
v 595.445 193.1415 36.9017
v 401.3646 66.34583 41.76475
v 593.9059 197.2972 35.10832
v 494.5994 198.2094 48.15715
v 402.0191 114.0273 35.37334
v 400.0673 164.1074 44.79055
v 402.8516 77.58276 41.88785
v 560.6425 194.4278 49.40415
v 403.0033 93.33977 42.75846
v 511.853 153.2402 50.32918
v 597.7614 189.3978 37.5047
v 401.6934 182.8162 51.85048
v 400.969 184.9217 51.80513
v 465.8977 104.0345 41.66512
v 598.1457 167.7576 52.53925
v 479.2849 73.90288 41.91103
v 460.2942 193.6461 35.76785
v 557.0512 194.9076 50.75562
v 586.3258 199.9134 37.91178
v 561.5904 196.8778 49.57533
v 517.6788 199.5908 37.25555
v 434.8874 153.9 52.66203
v 402.9085 121.9393 36.88895
v 489.9894 74.88667 35.06885
v 529.3238 186.3139 48.72312
v 446.9806 186.7385 37.09583
v 479.6067 194.4577 36.81401
v 402.5852 126.7347 37.32052
v 418.8379 197.4307 38.67981
v 440.7757 199.4681 36.23179
v 529.1797 152.7711 43.26833
v 427.9237 115.9149 48.24312
v 432.8998 102.2763 49.43689
v 440.0225 109.8372 48.71906
v 459.717 185.5929 42.0445
v 597.1716 197.1512 33.80155
v 439.666 199.0942 36.28611
v 587.5413 199.9583 37.17566
v 437.697 92.87133 49.31286
v 517.9084 194.6051 44.64907
v 598.3879 175.1474 50.97065
v 400.0662 108.3149 44.14014
v 595.5866 175.4225 48.85582
v 450.9079 158.5878 51.68269
v 597.2354 199.4653 32.80454
v 497.4259 180.8496 46.29686
v 400.1194 116.5413 34.7831
v 400.2524 113.7652 40.34402
v 562.9957 197.9474 48.84758
v 401.2924 170.0795 47.31091
v 400.6396 109.2135 43.4
v 599.9536 192.731 35.04327
v 562.9165 199.1719 47.79935
v 400.2051 105.8258 43.81995
v 585.3255 199.2966 41.62489
v 400.7563 113.4395 39.47994
v 401.8064 117.1608 35.46079
v 595.5767 159.114 52.55492
v 466.4355 198.4647 39.60651
v 419.002 198.0035 36.50914
v 595.1101 196.4343 35.0718
v 401.886 68.93012 41.61059
v 516.5558 198.5253 38.45925
v 401.4704 99.71951 42.83027
v 597.0098 180.1394 43.95087
v 504.668 197.912 35.41914
v 587.7231 197.5011 40.82538
v 450.0009 199.1488 35.68929
v 584.3837 198.8014 43.9306
v 520.7883 199.4827 39.856
v 402.4514 197.204 48.44893
v 598.481 192.0779 35.26509
v 400.799 131.8771 36.34809
v 504.1025 199.2261 37.49084
v 598.0136 181.394 42.75008
v 403.3376 196.525 48.31433
v 402.3783 136.459 36.73238
v 436.7641 114.8582 49.2083
v 519.8524 198.8159 38.72945
v 455.1706 197.5389 34.89088
v 417.7662 198.3073 36.51587
v 420.181 197.5792 36.32133
v 400.5611 68.01195 40.673
v 464.8407 199.5269 40.12838
v 420.7583 197.4461 39.93753
v 584.6079 199.1673 43.75377
v 401.0581 62.15511 42.30294
v 401.6025 133.9123 36.68591
v 424.1942 199.396 36.54847
v 549.2887 151.8072 38.18114
v 420.0138 198.5327 49.58645
v 401.7277 130.256 36.93165
v 401.0346 63.73019 42.0957
v 596.9908 175.2817 49.87376
v 545.5285 199.0247 52.75821
v 407.3377 197.9212 47.86397
v 563.5412 199.7033 44.55673
v 514.6557 197.8037 38.80898
v 404.3749 199.9064 39.28839
v 419.7492 199.823 49.23289
v 530.3708 196.0882 53.6595
v 400.5993 114.7574 36.24506
v 455.6811 196.9533 35.10967
v 402.6238 198.5424 48.1527
v 404.9148 198.0601 41.20492
v 584.9011 199.368 43.4231
v 511.7257 197.7831 38.24914
v 416.5414 198.5183 36.62752
v 400.6119 194.8666 49.70457
v 439.5026 111.1953 49.25954
v 468.6079 199.5295 44.80684
v 495.7831 187.3812 46.41557
v 534.2383 199.9853 49.17866
v 521.0023 199.5734 43.95509
v 583.5776 198.0228 45.84799
v 567.2874 198.983 45.4604
v 506.2817 197.8712 39.61149
v 598.4953 161.9971 52.42964
v 584.0149 198.0212 44.81634
v 404.6503 197.7537 41.11534
v 585.4328 199.7218 40.5425
v 400.007 194.1274 50.16421
v 598.0198 182.475 42.01904
v 518.4658 197.559 41.9085
v 467.9511 198.9069 42.42891
v 505.9479 198.3021 36.21639
v 566.4647 197.4211 45.70619
v 474.7448 198.6304 48.04674
v 475.0593 198.1244 47.34209
v 401.7538 110.0093 42.91974
v 486.6767 197.5363 44.07167
v 409.0351 199.1985 48.18987
v 592.2711 197.7642 35.82974
v 464.219 197.9201 36.48553
v 533.2526 199.842 49.16427
v 400.0273 64.61402 41.66349
v 406.2916 199.7444 47.70687
v 560.3136 199.3277 51.38955
v 504.8619 197.9884 36.29653
v 546.6475 198.1498 52.55461
v 406.1984 199.0824 44.03953
v 401.6997 128.4492 36.97849
v 507.8456 198.0787 37.51131
v 471.9062 199.0372 46.32768
v 406.8941 199.7607 46.97857
v 400.3272 191.4091 50.35305
v 400.5722 192.4164 50.23817
v 520.031 198.5141 44.31816
v 410.4333 198.7611 48.63699
v 554.0528 199.069 53.55025
v 454.2208 199.2383 35.45839
v 568.5149 198.7632 45.61285
v 471.4968 199.9046 47.4386
v 552.3552 198.765 53.43784
v 403.1177 199.2764 47.84352
v 534.3905 117.927 48.84686
v 401.0933 70.68429 41.05083
v 596.4177 178.8559 44.89912
v 470.6042 198.9486 45.09945
v 506.7083 199.9142 34.91956
v 466.9788 199.7023 43.36668
v 510.6269 199.999 35.06811
v 416.3638 197.9471 37.55303
v 571.2973 199.2231 45.65984
v 421.153 198.3872 40.78607
v 559.3799 199.8153 51.63903
v 552.321 199.4514 55.1199
v 565.3918 199.503 44.82014
v 534.6045 199.2414 49.14499
v 468.6535 173.7091 51.22597
v 519.4295 197.698 43.69676
v 482.3022 65.04488 37.48613
v 599.5848 182.0096 41.28836
v 519.9255 198.2815 45.31429
v 507.5423 197.5954 41.0113
v 488.0048 197.9878 45.61958
v 590.063 198.1791 37.10752
v 599.3728 175.9636 49.3595
v 408.8761 199.1421 35.84046
v 538.2247 199.8847 46.65108
v 483.7875 197.9689 43.03653
v 519.1488 197.6765 42.86883
v 468.2608 173.9816 50.94238
v 547.5697 192.9965 51.41534
v 563.407 199.4152 45.92168
v 404.7147 198.551 40.74978
v 503.9527 198.8872 33.01677
v 400.3615 136.8139 35.99212
v 415.5111 198.3528 49.97165
v 400.1115 193.178 50.35155
v 407.8562 199.4587 36.44885
v 571.3739 197.9671 45.81946
v 535.8516 198.9675 48.92358
v 539.7361 189.8626 49.41993
v 406.3985 198.5915 44.49467
v 432.7001 187.0091 40.14429
v 556.198 198.8377 52.69424
v 496.4127 195.1585 48.0801
v 430.2854 189.401 41.43547
v 598.7275 176.6538 47.32098
v 485.5079 197.5539 42.25286
v 433.7158 186.2642 41.42545
v 405.5256 197.7492 44.2092
v 519.2617 198.4488 40.55529
v 516.5844 167.701 41.44365
v 402.0902 97.19812 42.73128
v 506.8564 198.2869 36.87189
v 409.2593 199.5505 35.45923
v 435.1973 198.5959 37.47451
v 456.8306 198.8065 35.32414
v 402.3688 174.2202 48.94486
v 462.5408 40.9015 44.90111
v 450.7033 195.157 36.38297
v 426.872 86.63381 45.06084
v 529.7949 198.7455 51.87333
v 489.6383 141.346 42.55933
v 441.919 104.6102 46.76749
v 450.4641 195.5416 35.92322
v 401.0086 94.0292 42.55988
v 401.6694 89.64355 42.07315
v 400.8893 73.18596 40.86477
v 400.5699 80.04003 40.89228
v 400.1567 88.79484 41.03102
v 598.3889 186.7687 38.60745
v 528.0349 198.6937 50.14098
v 400.622 116.4132 34.21897
v 420.2223 65.14671 45.5274
v 402.8584 184.6195 51.71151
v 414.6531 99.66098 45.08153
v 493.5913 177.0605 51.5118
v 498.7539 177.5377 47.97725
v 400.1319 72.99511 40.13295
v 487.421 75.28596 42.04035
v 520.6668 105.0112 41.66169
v 400.504 83.45046 40.92554
v 402.3313 63.52349 42.48201
v 403.4623 116.5221 36.71354
v 425.1996 55.57192 43.20277
v 454.0935 197.3335 36.1527
v 445.2379 199.7762 36.13149
v 471.8471 101.9531 44.35836
v 441.561 103.2521 47.84858
v 451.0907 100.0917 40.96728
v 401.0215 125.9662 36.36382
v 400.7511 87.03541 41.40759
v 521.4808 199.9724 41.0487
v 437.5818 199.3925 37.04149
v 400.4006 85.27686 41.15129
v 402.8124 68.22418 42.14549
v 401.2003 61.78977 42.36893
v 400.7266 123.2274 35.5648
v 402.4186 124.4397 36.94534
v 400.5551 103.0449 43.34474
v 480.6128 180.1034 50.2318
v 401.8695 171.7007 47.94297
v 452.0351 102.9504 41.25025
v 587.9054 198.7344 38.19118
v 458.519 180.9938 42.0493
v 514.7055 198.9137 37.22749
v 442.9751 198.6397 36.04748
v 402.7309 177.7738 50.30468
v 400.1077 177.1476 50.77767
v 434.8141 187.8989 38.24557
v 520.2708 196.5948 49.43775
v 402.5209 119.2776 36.29264
v 402.5716 143.2077 37.20916
v 525.9211 194.3881 49.35287
v 434.5637 187.5022 38.6525
v 401.6588 121.0192 35.90015
v 421.3229 116.4493 46.12407
v 525.2069 188.7881 49.26154
v 564.2785 197.7284 47.47804
v 562.4999 199.0923 49.03503
v 529.3119 196.4494 53.68852
v 487.5434 101.4167 38.87312
v 588.1258 196.0291 41.63451
v 400.7632 180.6589 51.49114
v 589.1359 199.4891 36.38073
v 459.2394 180.7731 42.95677
v 515.5312 197.6548 39.33972
v 399.8244 134.0225 35.73617
v 450.5023 196.6656 34.754
v 598.791 197.8256 33.378
v 504.166 198.5496 36.72869
v 505.5858 198.4323 40.04364
v 467.3206 198.6613 41.02383
v 453.3651 181.0634 39.29492
v 401.4349 127.2602 36.90903
v 446.0459 99.29554 47.8119
v 452.9534 181.0902 39.34711
v 420.4137 143.1224 49.52229
v 474.2841 179.0815 48.40736
v 420.1303 139.0989 48.45802
v 509.019 196.3676 43.0066
v 598.9558 185.5525 38.80029
v 599.4778 188.4504 36.84288
v 478.4 105.1645 39.39828
v 407.372 199.3571 47.97242
v 592.8047 197.3812 35.76842
v 401.4094 113.0493 36.00237
v 453.979 58.85674 46.40192
v 451.6365 199.1038 35.51008
v 427.7413 111.2033 49.11449
v 401.9329 179.2209 50.99213
v 419.2292 155.2477 50.43956
v 400.4422 100.901 43.10485
v 490.8846 146.9591 46.06128
v 597.0977 159.4651 52.50839
v 399.813 129.3002 35.58036
v 598.67 196.357 34.01196
v 595.6732 197.9454 33.59114
v 427.1435 159.6057 49.46572
v 532.3396 183.3074 48.36777
v 469.6111 71.9765 39.07353
v 599.3274 165.497 52.46318
v 598.93 163.6145 52.43486
v 420.1244 154.616 50.93279
v 588.5132 198.7568 37.82312
v 436.3843 198.2155 37.08106
v 472.3539 187.805 38.14901
v 598.8229 198.9826 32.87949
v 463.6745 105.459 41.27412
v 541.2957 149.6916 42.66576
v 474.8768 191.1563 34.01928
v 456.5757 5.248558 36.57518
v 500.0678 186.8012 46.15366
v 599.8956 188.4854 36.62317
v 561.7195 199.0579 50.88036
v 596.7025 175.8697 48.35629
v 598.7657 199.8281 32.51644
v 595.7051 199.1025 33.09264
v 418.906 152.3741 49.08016
v 425.1192 161.038 48.44909
v 424.2113 161.942 47.41526
v 418.1549 156.7992 47.97774
v 597.3108 185.3374 40.03237
v 479.5593 182.2584 49.52069
v 480.4119 195.4119 40.90263
v 472.3712 101.203 44.43264
v 452.887 183.971 34.97146
v 418.1301 157.6018 48.27475
v 416.7566 189.112 48.75362
v 511.0437 180.8384 41.92765
v 419.431 160.7134 47.90441
v 401.4635 167.6613 46.30611
v 402.1438 166.1852 45.64098
v 400.5611 75.34888 40.70517
v 402.4152 82.34974 41.86457
v 401.0452 94.9954 42.42582
v 404.952 119.2094 38.01446
v 420.9457 160.0598 48.83466
v 401.7638 104.3808 43.29037
v 581.7821 197.6894 48.88886
v 581.9513 198.6001 48.61276
v 401.7726 73.73656 41.40182
v 459.4069 195.7397 33.79596
v 470.6437 107.0036 39.27139
v 428.5964 156.4013 49.29658
v 418.3014 156.7189 48.48108
v 430.2547 154.1972 52.96241
v 482.8479 80.19576 36.47439
v 422.9244 158.353 50.46656
v 458.4455 92.93239 42.51953
v 510.0572 190.7036 45.11493
v 563.8062 200.0579 48.30428
v 514.1461 193.7756 41.46647
v 458.9139 103.6986 40.95729
v 460.6571 196.125 32.95449
v 468.5383 191.0469 33.09488
v 431.277 177.3907 43.12628
v 421.9513 158.2301 50.08696
v 573.0605 161.9326 59.51103
v 539.0986 196.4736 49.78257
v 417.1204 155.6486 47.48537
v 419.2938 160.2803 46.08755
v 429.2055 155.9513 49.24469
v 423.5255 116.353 46.4142
v 424.6008 119.3997 44.19348
v 505.2686 168.7057 50.93375
v 546.4813 193.8762 53.09698
v 529.108 198.6053 49.90526
v 462.0329 41.577 38.2284
v 421.7986 119.3618 45.19653
v 532.5833 199.2226 51.47976
v 417.9577 154.6315 48.92982
v 430.7917 120.037 45.8396
v 417.967 159.3007 47.72441
v 530.8234 198.7425 51.81619
v 530.8253 198.2998 51.86918
v 541.613 196.8593 52.37461
v 452.4094 181.0959 39.50665
v 495.8355 191.1296 47.98698
v 499.0733 111.746 42.76917
v 540.6267 196.7113 52.53804
v 417.0643 144.0039 46.00447
v 425.0782 186.1442 36.00404
v 529.5296 197.4954 51.77166
v 415.1845 119.2423 45.26123
v 519.5401 108.3921 45.1635
v 563.4529 200.0332 48.03833
v 434.4232 109.4872 49.93713
v 430.712 188.5318 42.18157
v 452.3352 180.849 38.77571
v 529.7211 198.368 51.90069
v 488.2332 75.02367 45.39226
v 411.3717 117.9299 44.57214
v 460.9335 144.289 42.63282
v 448.6183 164.8796 32.50922
v 544.4543 193.5869 51.92205
v 463.1844 104.2747 42.91233
v 420.8564 154.2828 51.246
v 530.4442 200.1532 50.47871
v 432.3046 187.7157 40.18591
v 462.3957 195.8615 33.60168
v 420.4673 154.7106 51.15729
v 407.3471 199.4086 35.64351
v 408.9752 198.9164 34.5841
v 408.3639 198.6932 35.36009
v 409.1652 199.3194 33.84633
v 452.4873 197.7688 34.99736
v 417.9832 142.316 47.92207
v 413.3758 141.9802 46.16963
v 421.474 71.07423 42.4399
v 465.1308 175.3738 50.49385
v 494.3506 200.0415 47.94859
v 432.6077 187.2362 38.65874
v 458.6766 180.0259 43.30227
v 458.7424 2.044556 36.92905
v 488.1633 51.09583 43.60723
v 428.0415 191.4775 43.9731
v 417.6329 199.1878 38.86914
v 464.7236 175.3899 50.26336
v 464.879 175.2393 50.45119
v 432.8687 185.6477 43.76778
v 469.979 44.22991 38.42432
v 599.7567 185.2729 39.80302
v 520.6586 196.6971 50.17559
v 428.4082 121.0858 45.08145
v 468.5883 191.1204 32.28214
v 479.7056 194.9579 37.63491
v 438.6072 170.3699 40.10723
v 479.5638 105.8509 39.17225
v 529.6468 195.9985 53.68391
v 491.9458 174.4019 51.48843
v 482.2162 181.355 50.49915
v 463.4135 37.55743 45.51995
v 407.7777 139.539 37.75309
v 516.2647 92.06677 51.22592
v 412.3589 135.0986 45.14824
v 500.7309 166.9719 48.34522
v 436.9706 184.8466 32.80514
v 473.4628 181.0794 48.89326
v 473.574 179.6232 47.35733
v 597.2409 198.5697 33.18994
v 432.7253 169.0208 33.04965
v 437.3164 174.097 32.71969
v 515.4627 183.7262 34.84659
v 407.3485 120.6918 39.83809
v 520.4405 199.5392 39.25238
v 513.7673 153.1299 50.27048
v 430.4741 191.443 40.77177
v 476.4206 177.072 51.25772
v 530.4077 174.0434 45.79935
v 427.0858 81.75474 44.02294
v 480.4674 170.2716 51.76394
v 547.2556 193.96 52.04561
v 518.9912 188.7579 49.78325
v 433.4116 170.6442 33.01739
v 463.4862 174.3698 49.19051
v 409.9239 130.4481 41.52373
v 546.4874 196.031 52.31565
v 412.9839 144.7815 44.06757
v 414.76 143.5493 45.51283
v 492.8812 176.5125 45.6759
v 413.9988 144.4096 44.20526
v 434.4944 173.7496 33.16318
v 444.0003 157.4189 52.13718
v 414.8642 119.8328 45.85109
v 416.7726 171.3915 44.64953
v 520.1412 103.1661 34.70299
v 429.8275 194.5045 36.42226
v 414.2672 104.1584 46.70325
v 416.5067 106.2917 47.87665
v 463.0687 173.9953 48.91337
v 464.8208 169.3231 51.6724
v 518.7087 190.9147 42.49269
v 521.0645 198.2655 49.92247
v 520.9927 197.957 50.0209
v 399.8679 81.25114 41.41299
v 540.0491 197.1386 48.79711
v 432.8772 189.1732 35.89427
v 521.3738 107.5161 44.91312
v 454.7383 197.3458 34.72325
v 420.1314 110.7984 47.45195
v 399.8349 107.9945 44.91433
v 499.4091 191.3536 47.2422
v 433.0062 178.091 35.21359
v 399.8627 114.4053 35.96935
v 460.2574 159.3685 53.45695
v 535.4568 135.2053 56.25889
v 413.3884 145.9199 43.82335
v 452.267 196.5028 36.36206
v 432.4021 187.7816 40.84625
v 416.2543 104.2334 46.9789
v 487.0915 80.82684 33.7061
v 432.5442 30.72852 40.86026
v 496.3971 62.48514 37.57445
v 417.0013 145.2024 44.99835
v 454.3113 126.7784 43.44746
v 587.5232 157.9075 55.10336
v 531.8709 198.4855 51.7845
v 407.8863 142.1574 38.13809
v 413.5508 144.7533 43.67237
v 522.4521 187.6343 49.21557
v 530.558 198.0716 52.02097
v 530.5995 198.287 51.86418
v 449.3146 176.253 44.36292
v 465.2081 36.63912 38.60232
v 458.3211 180.1434 40.85927
v 529.3314 192.0809 49.49979
v 412.5575 146.2672 44.63546
v 538.4577 195.2207 49.46457
v 591.6985 175.059 42.86959
v 413.0166 108.9124 45.06538
v 529.7171 197.6473 51.7351
v 520.0536 163.1015 41.81794
v 529.7843 197.7245 51.73493
v 500.7894 191.9026 47.71373
v 407.4811 71.06245 43.4513
v 529.7478 197.5518 51.90133
v 476.1895 80.76669 39.58194
v 538.6824 193.2614 49.34643
v 412.824 145.4603 42.18959
v 476.5797 52.91434 44.7833
v 463.5503 39.2227 40.00166
v 484.2966 187.6701 47.05553
v 537.3699 146.9486 39.55851
v 411.4123 178.0107 48.33149
v 531.0622 197.5935 52.37762
v 457.9311 180.5954 41.82279
v 406.6853 85.78182 43.05756
v 524.6041 200.1582 48.39495
v 530.1381 198.0917 52.0085
v 521.3257 184.594 39.89999
v 526.2614 186.3147 47.64974
v 529.6996 198.572 50.62597
v 411.664 143.9795 44.36099
v 409.1144 136.3757 41.27985
v 431.4811 167.5191 44.13304
v 488.6062 182.7561 51.05019
v 449.4537 175.1211 36.57962
v 524.1432 186.5859 45.04911
v 477.9771 178.4305 31.33891
v 515.493 163.8851 48.6655
v 512.9177 181.2311 43.02961
v 540.851 198.0616 48.99811
v 469.2899 59.68012 36.6175
v 481.0219 170.419 32.29722
v 463.223 38.92721 45.26809
v 439.0028 76.89322 46.46305
v 436.808 94.41775 49.16012
v 451.3451 186.4047 35.68989
v 539.5848 194.2377 49.29288
v 514.1981 89.55866 50.82511
v 464.1546 177.9479 48.39356
v 455.0506 143.8208 47.72704
v 482.6997 68.25407 37.45849
v 541.4024 194.2311 51.09074
v 409.9967 145.4469 41.6585
v 454.5124 196.5579 36.76924
v 532.576 199.2711 51.7756
v 519.7104 196.1192 49.26647
v 519.447 195.7481 49.37009
v 482.3438 181.0605 50.80758
v 540.9876 197.5361 52.99722
v 544.9831 194.0039 52.62971
v 459.6239 175.5082 49.11795
v 480.8065 183.6854 49.75309
v 464.0637 195.2232 33.62549
v 409.4155 96.64018 44.06344
v 458.5746 182.1093 40.60044
v 541.3585 197.8764 52.55251
v 532.4942 197.0514 51.56651
v 459.6798 181.1608 41.44945
v 527.6714 197.6725 49.28672
v 456.8687 177.0203 42.56917
v 491.3453 170.7651 42.67168
v 435.0251 122.823 44.97351
v 414.4045 120.5987 45.21743
v 536.6883 144.9281 61.89614
v 409.1043 137.3226 40.54649
v 460.6096 178.4881 43.74618
v 480.8844 150.7243 41.95879
v 426.1529 169.0365 44.58732
v 455.543 162.69 52.36469
v 410.4381 128.7768 42.86697
v 531.5035 131.5911 52.33109
v 460.4337 175.257 48.96623
v 438.5878 22.04944 37.63021
v 490.1263 73.86461 49.62617
v 406.828 90.95288 43.36791
v 463.0576 3.64798 36.93573
v 463.5439 36.66616 45.53037
v 444.135 156.8012 52.21157
v 488.181 186.9642 50.25316
v 425.0471 192.6649 36.28248
v 524.2613 189.0173 49.24657
v 440.3318 172.0454 41.05852
v 478.6285 194.1048 37.38218
v 502.2417 162.7918 50.5984
v 447.5406 168.8068 49.72729
v 464.0488 175.363 49.5896
v 477.8236 103.4024 41.7206
v 527.676 185.9143 47.49961
v 455.433 196.6329 35.97281
v 440.2901 171.3915 41.59557
v 425.8305 191.3995 36.27738
v 542.9518 150.809 61.96019
v 403.9828 129.3993 37.88583
v 532.0697 196.6811 52.65812
v 503.7863 84.40669 36.86045
v 589.1545 172.8664 51.24819
v 465.7513 176.6706 49.60354
v 546.4047 195.9966 52.43687
v 546.3189 196.0855 52.33621
v 431.2906 169.7351 34.12317
v 539.8938 198.7468 45.85762
v 419.1726 116.1071 45.76014
v 466.0421 176.1403 49.64433
v 432.6307 186.5514 37.5116
v 549.1502 198.6771 52.83097
v 402.4362 107.5381 43.73534
v 466.1539 179.6707 43.54765
v 411.1954 99.54072 44.38506
v 490.2795 199.3513 48.91056
v 404.2564 198.1519 36.49219
v 419.9152 198.168 39.51273
v 490.3094 162.9574 43.6717
v 456.9342 174.4598 47.67715
v 448.4869 168.5702 49.83949
v 467.6282 172.7013 50.84237
v 463.5752 36.48349 45.48895
v 409.1955 199.2882 34.38452
v 451.0237 177.8584 40.01957
v 582.7997 173.9827 42.99285
v 462.4315 156.9621 52.48077
v 473.7562 183.6161 48.46155
v 533.1964 191.966 50.35363
v 532.1085 196.8881 52.27427
v 467.525 197.7156 39.03326
v 401.7604 160.2201 43.08235
v 402.5445 164.1302 44.72515
v 541.1704 196.7867 52.90067
v 458.763 180.8706 43.30458
v 545.7285 193.9233 52.89573
v 470.2544 107.4027 40.65668
v 432.079 186.739 35.56538
v 591.6551 197.5454 36.48046
v 404.0362 84.67941 42.54113
v 472.3272 198.1498 44.78618
v 402.0817 110.8779 37.92187
v 404.7027 136.3273 38.10242
v 405.2455 144.5904 37.91888
v 455.6594 176.8829 43.43339
v 449.1074 170.8692 49.51394
v 543.6474 194.2863 52.01025
v 402.2875 111.5107 34.88024
v 404.4082 86.73073 42.76218
v 403.8611 114.3457 36.80492
v 404.6967 111.769 37.14761
v 445.5023 169.0694 51.29333
v 403.8909 88.22709 42.74956
v 584.9218 177.7776 43.25751
v 403.0722 89.39645 42.56796
v 593.2093 196.4711 36.23526
v 595.9411 168.885 52.56802
v 418.7117 123.3774 43.81186
v 402.294 138.3094 36.49429
v 596.2666 177.4063 44.74783
v 596.7896 177.1181 44.56024
v 500.5977 197.5858 45.88877
v 584.4 197.7497 46.51161
v 529.5693 195.4813 53.67095
v 402.4031 109.2468 40.22289
v 563.1771 158.2176 40.18896
v 403.8215 132.0948 37.90236
v 403.4345 133.9726 37.56353
v 403.2271 141.206 36.94687
v 475.4069 197.7362 46.69899
v 401.368 139.6818 36.41375
v 541.1081 196.366 52.28501
v 474.6434 197.3411 44.95009
v 428.3385 191.8023 41.60885
v 403.715 195.2685 48.44686
v 405.3052 142.6318 37.6018
v 454.0872 177.5603 41.04375
v 404.4877 81.79213 42.57415
v 450.7799 178.0069 39.95083
v 469.0558 197.738 40.56247
v 595.6641 171.1494 52.63396
v 472.7187 197.1628 42.70326
v 450.1621 178.0414 39.29943
v 403.2234 108.2757 38.55737
v 440.8353 170.1336 36.87724
v 403.9585 146.8595 38.33306
v 456.7156 177.4929 40.74193
v 403.2441 109.3131 35.37556
v 454.5848 181.4036 37.62254
v 405.3108 88.52939 43.07827
v 405.6984 115.0329 38.33643
v 496.7942 185.025 45.39457
v 585.1207 193.351 46.98856
v 404.7239 90.72299 43.04313
v 493.1371 73.69054 51.36824
v 441.5078 174.8667 44.69715
v 509.2092 84.16051 47.43074
v 441.1717 174.0594 43.1723
v 508.2353 189.9417 47.30704
v 444.3477 172.1858 38.23022
v 507.5122 189.5902 47.09567
v 503.9882 187.6177 47.02542
v 440.8064 169.2394 45.69064
v 439.5992 169.0709 45.70267
v 471.6421 17.68143 37.59905
v 486.1116 184.8094 47.11683
v 518.7396 196.1714 47.81689
v 518.0731 194.4401 48.26149
v 519.0514 196.9232 48.3207
v 519.2131 196.9188 47.77158
v 406.9799 97.40073 43.3943
v 444.0354 172.198 37.19575
v 410.6409 101.2607 41.52985
v 472.688 143.6676 43.15513
v 442.8029 172.6913 38.31213
v 444.6518 172.889 38.40017
v 444.7563 175.9731 39.93679
v 444.9727 176.37 39.8968
v 445.294 175.533 39.38346
v 484.7255 185.1557 49.71915
v 443.1286 168.8922 46.43882
v 482.9609 186.409 38.4813
v 493.9448 191.4083 47.96909
v 496.8597 191.9385 48.08919
v 492.0325 194.0788 47.89677
v 446.0195 177.8084 40.57844
v 420.6207 75.76479 41.05493
v 447.0964 177.3472 39.49937
v 443.2019 174.8473 44.99909
v 555.5355 157.1652 39.11292
v 443.8769 177.2388 42.97432
v 493.0911 194.9268 47.90517
v 449.9389 52.60306 41.83001
v 423.866 40.65296 40.43858
v 492.4685 192.0486 47.89094
v 445.2798 176.8745 40.08806
v 435.947 151.4621 52.97939
v 524.1578 104.8743 37.04723
v 413.3128 74.70129 43.42991
v 430.4381 38.16925 41.77258
v 445.6276 177.0855 39.91953
v 424.1899 71.40791 41.88036
v 478.6583 186.0618 34.53986
v 494.5267 193.1903 47.44434
v 435.1208 35.9203 38.51077
v 437.9725 33.02077 37.04043
v 468.8437 37.67319 38.51401
v 474.03 61.38737 48.4021
v 590.2224 182.0611 45.08174
v 480.1668 184.229 49.05951
v 523.6823 117.8371 43.55706
v 483.1049 187.4659 48.91491
v 586.3645 190.8516 45.38758
v 436.9973 183.7632 32.71559
v 441.8566 185.1782 35.81116
v 478.3983 185.8656 33.57132
v 436.547 182.2273 33.54027
v 437.1166 182.7593 32.90685
v 447.8413 170.7511 32.04813
v 410.0273 99.88556 39.89145
v 475.6354 188.6056 43.73712
v 526.2124 95.23856 35.95201
v 494.8706 195.2345 47.95658
v 510.002 77.77838 40.68474
v 515.304 104.0946 52.69408
v 442.1207 181.2384 34.34183
v 446.5699 175.8288 31.99221
v 515.5959 111.1082 42.24861
v 496.1338 192.5953 48.05231
v 502.3262 93.96492 39.59017
v 484.283 187.1252 38.19606
v 487.6474 187.0288 50.42057
v 446.9196 171.6994 49.49136
v 524.6677 199.3693 49.37382
v 515.5115 107.2721 34.4315
v 519.8095 196.8239 47.63057
v 540.0861 148.2629 42.20689
v 451.5923 182.2632 34.7035
v 539.5812 148.7896 42.68967
v 504.6456 67.11067 36.2125
v 542.2851 148.051 39.9711
v 520.4678 197.9992 49.47531
v 517.375 106.2337 33.72803
v 526.4998 174.2282 46.04645
v 495.5042 195.6174 48.29197
v 494.9837 191.8852 48.30133
v 441.2741 185.3545 35.73895
v 514.5476 109.8524 33.94836
v 523.6785 195.3447 49.32166
v 519.3886 107.6025 35.38754
v 462.4684 191.3823 34.08448
v 520.2286 197.165 47.98943
v 520.1511 196.7587 48.37011
v 518.4507 194.7673 48.24821
v 474.3289 158.1319 47.6618
v 449.1128 181.2685 34.41563
v 440.8693 185.9958 32.85073
v 512.8903 181.8928 39.21837
v 506.0978 195.3648 47.47151
v 516.0642 164.7026 47.51107
v 500.4782 194.054 47.75528
v 524.1215 186.8574 47.48115
v 439.8416 185.5503 32.9488
v 446.9454 177.7654 40.01118
v 446.7634 177.4413 39.73449
v 405.1789 197.6271 44.91233
v 504.2574 189.7863 46.50566
v 552.6575 153.1681 41.60163
v 523.6717 98.47144 52.19967
v 412.7947 164.7562 44.12016
v 570.219 164.0201 44.33508
v 558.5681 156.3444 39.95411
v 448.7541 183.4613 35.24503
v 518.9095 190.8237 49.05845
v 488.5093 170.4605 50.48662
v 508.0989 190.3725 47.50953
v 518.8982 189.2283 49.00938
v 564.1752 158.42 40.62732
v 505.5643 190.561 46.64457
v 490.0691 170.6806 43.47696
v 506.8181 190.4371 46.82153
v 519.6181 192.0259 49.3155
v 497.5988 194.4462 48.16701
v 534.1632 151.3044 42.55611
v 513.4373 186.6051 38.83049
v 513.048 184.9676 36.75026
v 499.9775 193.6478 48.05695
v 496.7414 189.0426 45.63182
v 491.1666 172.7401 42.90093
v 499.5709 194.2474 47.87006
v 484.9054 193.7484 40.40382
v 495.5176 64.98741 39.81576
v 507.0868 151.9006 48.11457
v 454.0783 180.7869 38.22888
v 453.4565 180.8745 38.67576
v 489.1575 139.4398 41.10902
v 515.2724 168.8022 42.54558
v 455.2049 181.651 38.20169
v 454.967 181.5992 38.71353
v 449.8177 169.4543 32.01926
v 519.4517 190.9708 49.34095
v 501.0035 153.233 45.65564
v 524.9983 96.48408 36.21693
v 497.1074 177.1175 48.51111
v 557.2587 156.4009 42.06796
v 454.2889 181.0445 37.93642
v 550.1431 152.2166 38.56083
v 491.2509 115.4789 40.0457
v 451.3336 180.5555 37.10809
v 452.3695 180.7196 37.55732
v 506.5939 190.8242 46.76591
v 469.0732 183.1999 46.2844
v 518.7246 195.5846 49.72448
v 512.0696 114.3139 41.58766
v 491.094 113.1776 41.1221
v 536.3407 147.4711 42.6957
v 488.1043 181.2112 42.66304
v 447.427 177.6862 39.6903
v 454.9973 181.903 37.3147
v 499.4747 76.61044 50.9362
v 409.3186 88.76733 43.04156
v 495.4041 112.5441 42.35974
v 472.3634 167.6833 51.45678
v 454.7333 181.8256 38.17934
v 508.4535 109.817 44.08254
v 508.6625 95.64855 46.91956
v 490.714 167.4334 43.39771
v 507.8569 188.2915 46.61501
v 476.9686 72.93288 50.24152
v 499.8659 192.8263 48.21362
v 539.1163 197.2921 49.00107
v 450.6176 176.4738 43.62993
v 447.0234 163.4669 31.97823
v 452.2381 180.5395 38.07503
v 497.9544 117.8997 38.2169
v 540.2925 195.74 50.43506
v 452.8682 180.7606 38.32484
v 454.0763 180.6665 38.43126
v 457.98 187.025 37.70606
v 454.3993 180.852 39.50181
v 454.2053 180.9687 39.34561
v 482.5002 128.5056 44.88604
v 465.8581 190.7329 32.60742
v 530.2164 169.5004 44.29203
v 505.3629 195.8982 47.43934
v 445.9171 177.4233 39.98906
v 454.5607 180.974 39.35974
v 439.6254 170.2418 39.77271
v 509.6628 80.6997 46.84276
v 540.0681 191.9295 49.5241
v 538.9364 189.4275 49.31693
v 539.0598 189.7378 49.28699
v 482.9372 63.37349 37.26569
v 455.0931 178.7038 41.15491
v 453.3431 179.7537 40.44617
v 454.1439 176.6318 42.04223
v 479.6795 78.1988 45.76818
v 457.2144 187.3776 34.80797
v 450.7962 177.3054 42.25924
v 465.2669 137.6866 42.91162
v 482.861 64.83259 37.26105
v 417.966 61.18589 45.44966
v 445.0325 176.3259 41.32127
v 510.8153 182.3096 43.06736
v 447.7771 176.697 41.85909
v 445.1704 184.8761 35.14334
v 531.2251 151.9632 44.6966
v 505.3312 71.19758 42.2266
v 503.2193 71.93647 43.57482
v 458.5693 64.06261 39.64803
v 540.5272 194.7013 50.47079
v 408.5228 123.1279 39.36823
v 460.4151 143.2637 43.18208
v 540.9441 198.3508 48.82536
v 540.7999 197.7231 49.73883
v 450.2838 167.1477 32.03873
v 444.6231 163.2811 32.41867
v 532.5804 199.3342 51.6148
v 449.6113 170.491 32.68611
v 468.9156 191.8183 32.14919
v 471.7526 56.60413 43.07856
v 426.5376 104.8148 48.48176
v 479.4491 187.6271 33.63889
v 536.6997 178.4374 46.81637
v 468.5383 28.07785 37.94416
v 467.464 5.706642 36.82567
v 497.8402 71.42812 44.98426
v 478.56 155.1527 43.96701
v 468.0832 56.39577 35.81163
v 471.5543 70.64448 40.22751
v 473.9259 76.37167 40.76197
v 482.6358 190.532 47.23588
v 523.2522 198.6815 49.22433
v 525.2833 199.1572 49.50014
v 463.4302 148.6293 40.72173
v 471.4383 62.29903 46.02069
v 465.056 55.61594 36.31054
v 446.1083 168.4353 31.9372
v 492.2171 70.85278 42.95301
v 474.522 188.1215 39.59857
v 494.14 71.90003 48.83239
v 500.0557 110.3243 43.14801
v 551.1054 152.6511 41.89026
v 458.4266 52.43042 38.71783
v 497.4868 72.42694 46.37019
v 441.54 164.0767 32.18093
v 471.6303 54.76181 37.97916
v 473.4495 195.6361 39.56996
v 520.2062 196.697 48.75009
v 441.8899 74.32314 45.97337
v 520.5445 197.1426 49.83403
v 466.4074 41.51102 38.67381
v 455.2884 2.9814 36.36813
v 487.1633 73.14052 38.21162
v 520.0565 195.403 49.18493
v 470.5594 101.2827 44.80919
v 525.2691 157.6833 43.15066
v 519.3593 190.2977 49.3484
v 493.9966 193.4753 47.65752
v 518.6532 194.9244 49.77522
v 517.8221 112.6312 49.66217
v 421.9647 91.86401 44.52688
v 487.2458 111.3308 40.40067
v 518.8919 193.9232 50.07009
v 518.3989 193.8463 49.2238
v 404.6693 106.1939 37.97265
v 486.0625 75.47696 45.85234
v 430.0586 191.445 40.75665
v 520.3859 197.1791 49.73227
v 407.3363 151.8224 40.24043
v 467.4356 184.2105 44.90171
v 520.4701 196.0399 49.73422
v 411.5538 100.0699 42.49261
v 520.0771 196.8013 48.02025
v 458.9935 85.10402 43.25732
v 529.2446 196.5619 49.74864
v 460.7292 102.0721 42.46842
v 456.4039 101.0025 40.18769
v 520.9938 197.712 50.0933
v 423.2061 66.2483 45.18422
v 483.9289 172.8791 50.95742
v 521.059 197.5301 50.03818
v 495.4927 64.59442 37.04625
v 484.7445 182.6812 41.38603
v 505.5235 96.0675 42.49285
v 521.2748 198.3911 49.77856
v 471.2044 9.056068 37.14651
v 539.4103 192.8653 49.89135
v 496.3649 190.6261 47.31474
v 496.588 189.7897 46.91318
v 491.2382 148.8804 46.55918
v 454.0029 99.61954 42.92037
v 431.6418 187.3661 42.47226
v 532.6626 195.3086 51.02618
v 524.6512 109.1066 39.7655
v 483.2496 183.7101 40.34915
v 502.2948 116.2795 39.46954
v 497.3392 162.2508 46.49564
v 471.5982 65.89328 44.50568
v 487.2244 191.3632 42.42306
v 462.7657 103.6621 43.53771
v 489.1662 143.1164 44.60762
v 496.4464 172.7961 46.84197
v 523.7969 193.973 49.3119
v 464.3043 107.5549 40.41358
v 486.9505 140.7944 46.46259
v 521.6965 197.6825 49.5199
v 498.1314 125.9231 37.9819
v 408.6161 130.4861 40.86186
v 527.4088 198.1662 49.24379
v 407.4355 129.1069 39.48589
v 509.6158 172.5816 47.0127
v 524.1511 148.3246 48.12801
v 512.6406 171.3439 43.65566
v 519.1137 196.138 49.46473
v 518.0109 165.9287 42.29808
v 511.1435 182.2381 43.65774
v 518.8236 196.3962 49.81082
v 527.5475 175.1386 46.49867
v 469.2778 103.3398 41.79369
v 520.3935 105.3187 35.13732
v 469.3488 104.1508 41.11832
v 470.6202 192.245 32.14658
v 521.7445 175.3808 45.88585
v 518.9317 196.7507 50.22596
v 452.329 61.7743 41.72632
v 518.955 196.834 49.5696
v 452.0631 98.64361 43.17434
v 481.5989 186.7702 49.83808
v 460.6122 93.63374 43.64335
v 516.3581 190.4224 41.4554
v 519.844 183.925 42.53698
v 569.0696 163.5317 43.52379
v 522.8085 154.7793 43.88739
v 474.111 178.1635 49.78789
v 449.1881 63.27081 44.7417
v 514.1245 181.6744 41.55947
v 453.6382 101.2374 41.81777
v 512.665 181.9553 41.82959
v 526.1268 195.3351 49.35561
v 529.1745 195.6318 51.8574
v 517.7834 182.3313 45.93615
v 518.8741 183.1545 45.56271
v 454.4226 55.40955 41.97791
v 524.4127 197.9354 49.2246
v 539.9711 184.6064 48.65857
v 491.459 174.1838 47.2416
v 529.2026 195.9249 50.39144
v 463.7383 35.05077 45.28587
v 528.8201 194.07 50.99587
v 581.5868 162.3977 43.17302
v 498.268 194.103 47.96748
v 486.5819 175.3525 52.90871
v 552.8145 155.471 42.70563
v 488.562 186.6525 50.14281
v 460.5131 2.753342 37.09401
v 482.2522 189.6497 48.86274
v 596.1342 178.0242 44.97087
v 519.3853 195.0377 49.4462
v 519.3361 194.7732 49.47414
v 454.499 100.9878 41.67123
v 412.152 131.8168 44.43865
v 471.1769 163.8053 53.58221
v 587.7122 184.3882 45.05639
v 532.936 185.9385 49.68366
v 573.8453 189.9816 46.04327
v 498.1127 192.8435 48.77317
v 519.0223 194.6822 49.63802
v 486.3107 146.1619 40.79991
v 560.6861 159.552 57.59219
v 585.7366 159.4009 52.23974
v 595.1356 176.7766 44.86719
v 595.8368 177.6077 44.72613
v 482.0352 76.18616 37.07853
v 529.0309 195.0096 51.88761
v 522.1165 180.8839 47.04425
v 530.4772 144.9617 48.94077
v 502.1957 183.67 46.51021
v 529.1774 143.1992 54.43726
v 450.4973 106.0363 43.09185
v 533.8798 136.4579 53.70548
v 459.9842 42.76918 38.76832
v 519.8025 193.0379 49.80911
v 435.062 118.6101 47.88226
v 558.3594 156.1009 41.6147
v 556.4613 155.0977 40.49087
v 521.9356 157.5595 43.12984
v 528.1577 149.6282 46.01935
v 521.2154 146.3709 50.50375
v 586.2341 158.2561 55.1669
v 513.594 156.9352 49.70328
v 529.0141 194.9533 53.02745
v 474.9945 104.5315 38.96751
v 543.4272 188.4089 49.47105
v 534.5487 191.0186 49.33053
v 528.6651 192.9629 49.67445
v 523.9151 159.6085 40.95732
v 505.5162 177.2687 44.01368
v 529.35 197.3782 50.06486
v 512.0727 182.6213 40.61758
v 452.9766 89.36427 47.04123
v 577.572 159.0075 57.10551
v 517.673 184.6073 44.22275
v 529.2589 173.4088 45.6967
v 460.7984 149.5087 46.88575
v 446.1289 117.2997 43.40643
v 575.8744 161.7636 46.69313
v 449.8177 55.49265 43.44581
v 516.6941 157.1852 50.26919
v 529.7979 197.1246 53.69491
v 444.1513 112.2219 44.80068
v 515.0459 112.8609 44.3922
v 526.5051 110.0516 44.58936
v 443.5689 113.3649 42.33588
v 478.9944 184.3695 33.03193
v 444.7354 112.5751 44.60913
v 475.8479 61.77084 49.32664
v 454.981 119.9046 44.20614
v 448.0296 111.1174 42.92685
v 543.0547 148.3413 41.44806
v 443.7777 112.8979 44.82199
v 540.6294 147.0954 41.44149
v 522.9919 101.8416 40.06067
v 431.2006 41.85416 39.92495
v 529.5988 197.3515 52.34256
v 501.5401 79.01366 51.43545
v 410.9467 73.05888 44.17844
v 515.0668 143.7338 48.17904
v 521.027 138.4203 49.15723
v 529.5473 197.3449 52.70002
v 529.4742 197.8653 51.50052
v 532.2395 197.7477 51.96288
v 540.7679 108.4107 48.60532
v 538.0068 195.7631 49.46177
v 429.5423 70.12125 43.41679
v 542.1412 106.4246 47.83955
v 445.4903 106.9134 44.89704
v 445.8046 108.3538 44.22871
v 443.5899 106.2311 45.85607
v 531.0895 151.4788 45.75695
v 531.0914 198.0036 51.86977
v 504.8966 91.51137 40.37976
v 527.0735 150.7544 46.04554
v 534.6488 145.3394 46.91405
v 501.9413 62.68165 36.5018
v 531.2689 119.207 48.75315
v 448.8958 99.24107 43.00598
v 524.2703 152.859 44.69413
v 471.8343 50.29254 39.24885
v 513.7001 113.6877 42.84422
v 447.0507 119.0846 44.33484
v 531.5056 197.8489 51.95037
v 525.2625 109.5496 47.48071
v 490.0478 139.7917 40.43803
v 497.7658 70.147 36.07346
v 523.393 133.4449 50.67817
v 521.6785 135.3812 50.08353
v 516.2509 193.9152 42.09525
v 532.1828 197.8665 51.82534
v 443.4364 163.93 32.91896
v 492.0358 135.1927 41.22616
v 529.386 196.7738 51.45647
v 531.071 196.829 53.7066
v 456.765 98.43389 42.69049
v 577.3581 159.9399 52.11142
v 531.9246 197.4325 51.70235
v 455.6511 121.7534 44.02709
v 470.0063 106.3683 41.5208
v 530.6673 197.8227 52.22995
v 590.2286 160.3054 53.03292
v 450.2259 93.56815 43.41499
v 544.5012 151.3052 42.72704
v 478.9352 71.00016 51.86572
v 529.9534 197.899 51.73577
v 530.4322 196.9965 53.68389
v 569.2189 162.9696 60.37412
v 530.4569 197.8851 51.95785
v 536.689 146.2637 47.49687
v 470.2766 133.7035 44.96682
v 529.7655 154.0487 40.0616
v 464.2211 100.8402 44.8444
v 523.7039 108.5995 49.67517
v 529.7667 144.9705 53.98265
v 524.8753 154.3558 44.13897
v 523.377 157.1166 43.82435
v 530.7226 197.0194 53.18118
v 501.931 169.5936 48.53813
v 530.3825 196.7561 53.67558
v 493.6616 72.15672 48.5841
v 534.311 190.6844 49.58881
v 512.8336 142.0714 46.72022
v 473.7613 77.41901 39.5302
v 472.2691 194.2931 35.42976
v 478.3876 188.7952 40.56111
v 531.6606 189.1727 49.48605
v 514.3669 145.4619 48.35952
v 459.1658 175.7957 44.95357
v 529.0201 194.8922 52.47868
v 456.2047 138.0212 45.34374
v 456.451 121.7383 43.72856
v 422.773 188.2769 36.2091
v 530.1643 194.2895 51.57589
v 516.3794 153.8435 50.66152
v 519.5856 153.6243 49.10376
v 531.9258 194.3902 51.83346
v 515.8959 158.7097 49.33604
v 462.9842 124.4905 43.12939
v 456.1728 122.3746 43.39458
v 525.7834 146.0196 49.34683
v 457.975 176.7646 43.19445
v 540.7673 197.267 52.84609
v 530.2766 195.6072 53.70172
v 466.6963 116.7108 41.88902
v 537.9262 147.2113 42.15425
v 498.3479 77.14046 35.34212
v 517.5497 113.515 49.1912
v 529.9684 195.4221 53.69945
v 510.2481 92.37837 50.81897
v 526.3131 105.2789 41.6081
v 497.196 164.3242 46.39711
v 530.4534 195.37 53.66521
v 514.8109 182.3376 42.91563
v 459.6132 122.8731 42.9295
v 455.5151 121.6152 43.89022
v 488.0708 161.6331 44.15576
v 580.1851 158.9143 56.80793
v 472.7257 132.0572 45.42684
v 513.966 97.84407 52.41021
v 500.3629 74.61385 48.22115
v 525.2688 186.5847 47.81696
v 508.3991 132.7416 41.20778
v 508.995 106.7682 45.7046
v 512.5361 98.6941 51.43493
v 468.8798 53.28621 36.5477
v 500.9914 100.6735 41.20894
v 540.8297 195.5668 52.92996
v 505.1894 73.93713 46.94479
v 541.1007 194.945 52.01735
v 456.8115 177.8474 42.26449
v 540.3553 192.9762 49.70044
v 520.4399 172.7969 44.70181
v 480.7111 169.0891 51.93223
v 478.7012 191.6898 41.16187
v 517.1332 108.7008 51.21424
v 480.2264 179.9324 33.68992
v 495.6293 196.5894 48.01582
v 546.2686 194.9326 53.12667
v 509.5805 173.3417 45.48507
v 462.2409 174.8583 46.55219
v 565.2546 161.6951 60.80018
v 511.1197 111.7885 43.26669
v 415.9072 83.32533 39.86811
v 525.8063 158.6086 40.88692
v 524.8874 158.6353 40.75046
v 547.0889 195.3093 52.79105
v 497.42 189.5012 45.98482
v 492.4718 172.548 52.61637
v 520.1563 102.1138 36.28446
v 463.8074 174.85 49.39954
v 498.5891 165.464 48.10632
v 471.6795 162.9803 52.55569
v 458.2533 180.4136 42.18803
v 460.198 179.3402 43.34377
v 547.3647 194.6226 52.32283
v 548.8258 194.3271 51.99993
v 485.2864 185.2964 48.59116
v 546.8092 195.3789 52.89442
v 546.1614 195.535 53.06796
v 458.7883 180.5217 42.20815
v 492.022 71.85834 50.23987
v 546.328 194.5483 53.13693
v 440.1231 84.30721 48.39819
v 472.7692 84.28436 40.38597
v 540.544 196.7365 49.08655
v 458.1988 179.6394 42.78699
v 496.547 73.34649 48.75286
v 582.7591 173.8123 50.76797
v 539.8565 193.8464 49.83527
v 454.7236 111.2084 42.1957
v 512.3071 182.2551 39.17207
v 473.0957 69.42068 49.69276
v 569.0997 163.3722 55.849
v 549.1083 195.7212 52.35075
v 523.565 129.4582 49.36347
v 494.7445 71.61105 47.39365
v 489.9548 74.54557 45.27665
v 454.6319 181.5012 39.05728
v 472.1139 168.0383 51.27864
v 454.5364 180.9993 39.412
v 455.0632 181.354 38.85098
v 461.5066 180.4871 41.78626
v 477.0568 189.432 44.77496
v 470.0506 179.4608 46.43146
v 473.2003 173.1515 51.49585
v 460.2934 180.3034 41.24177
v 556.0546 157.0696 42.70284
v 493.7087 130.8037 40.55704
v 477.0384 170.6778 51.87118
v 548.5635 195.7214 52.46959
v 458.7007 175.9078 48.52674
v 540.5083 191.4064 49.51987
v 465.7371 179.3638 47.0356
v 420.3154 120.4608 43.61048
v 464.8008 178.6631 47.7082
v 461.688 178.3723 43.78716
v 466.587 179.1937 46.83699
v 531.7354 196.0699 53.00854
v 489.3578 184.9463 46.52744
v 503.0513 164.1264 50.8022
v 511.2824 182.0801 41.78125
v 541.2412 190.1227 50.0155
v 507.1694 102.5998 44.45348
v 544.5325 193.1805 51.24524
v 496.852 75.29013 50.57919
v 463.3627 178.5858 46.16004
v 545.8235 194.76 52.99455
v 512.378 98.58243 52.64793
v 463.5742 179.0215 45.73069
v 545.7476 195.0658 52.97538
v 543.521 195.1988 52.80404
v 429.7211 166.1533 45.385
v 501.2381 104.3812 42.39532
v 463.6573 179.0405 46.06583
v 516.5929 151.5794 50.54409
v 537.525 146.7854 44.14487
v 463.088 177.3746 45.22393
v 466.961 179.0205 46.59013
v 533.1751 197.0132 51.04184
v 541.0967 195.1637 52.68646
v 464.2851 178.9371 45.54341
v 463.5649 178.663 44.72913
v 459.6188 176.2908 44.65744
v 499.5929 161.6647 48.45284
v 542.7149 193.2081 51.05366
v 455.8355 175.8828 45.26774
v 543.4531 193.8391 51.61236
v 433.7224 185.8487 38.77804
v 586.2155 173.7 43.10257
v 461.2564 34.47495 38.19802
v 465.4122 181.3465 42.29515
v 540.5596 196.3209 53.13261
v 529.3503 198.3667 50.57165
v 541.1846 196.13 52.91538
v 455.3693 179.1234 42.80333
v 492.0397 172.254 52.64848
v 516.6428 178.831 44.12918
v 448.2109 174.9601 45.86472
v 470.1393 171.1093 50.53752
v 471.3416 179.6636 46.5863
v 483.7998 174.6288 51.22527
v 466.8158 178.9189 46.12614
v 448.4848 177.0034 41.34426
v 547.5608 195.4401 52.34798
v 470.7936 178.1969 48.71418
v 542.2467 196.0841 52.27187
v 508.0658 172.4724 47.38908
v 530.3683 198.0623 52.0589
v 464.8429 128.5555 44.18513
v 433.4121 187.2469 38.45159
v 433.8846 187.8704 38.84612
v 447.9483 171.8394 47.58254
v 489.6732 75.42474 37.59849
v 472.7688 167.5876 51.39962
v 447.4805 174.7528 44.05799
v 540.4043 195.8844 51.39192
v 532.7248 197.6679 51.03649
v 443.6099 176.3617 42.43048
v 538.5013 196.46 49.6004
v 451.0382 177.1695 42.93462
v 477.4797 169.0765 53.14641
v 445.6478 177.1089 43.79224
v 419.069 168.6409 44.31359
v 444.3656 185.9975 35.18583
v 484.7225 176.0515 51.06714
v 489.9893 172.4416 53.03506
v 460.1785 143.7518 43.55419
v 444.3897 186.4965 34.67087
v 535.9517 150.787 40.56875
v 493.4177 78.19125 33.65393
v 421.8988 98.24261 46.36917
v 555.6199 157.1497 61.77799
v 481.7822 189.1554 48.70228
v 493.5297 80.33469 33.74068
v 445.3329 176.4387 41.87429
v 473.739 166.2203 51.91004
v 446.4518 176.5827 44.98594
v 445.3471 177.1409 44.29755
v 485.6209 172.3839 53.6975
v 444.6713 177.3613 44.13927
v 538.8906 193.8854 49.28753
v 454.0257 178.1804 40.38432
v 448.132 174.7654 45.35248
v 533.6925 143.7043 49.37622
v 544.7935 192.6236 50.20955
v 540.1087 195.8748 49.93917
v 539.8492 196.239 49.76167
v 524.9735 134.884 51.2649
v 445.0501 177.2277 44.93795
v 444.8367 177.2809 44.55026
v 580.8122 194.0084 47.26221
v 580.2881 160.7986 45.37683
v 416.6237 93.56843 41.51593
v 491.3594 72.76917 35.70589
v 540.7873 104.1568 48.72314
v 544.0147 193.6992 51.84353
v 452.7452 180.793 39.938
v 492.3311 178.1351 50.91092
v 406.0285 100.9507 39.73524
v 518.5267 137.3586 48.72104
v 558.9039 157.0676 41.93867
v 444.194 177.4024 43.10732
v 461.7328 85.38081 42.4255
v 537.327 146.1106 61.28836
v 485.505 141.658 46.53697
v 565.6465 190.5319 47.10365
v 444.4425 177.5597 43.27232
v 446.5864 175.5834 45.23538
v 524.5359 142.7171 51.8502
v 444.5119 176.7603 44.62567
v 457.0614 60.9298 39.59528
v 535.2374 143.6676 52.83281
v 520.4658 195.3872 49.24108
v 492.6044 172.8953 52.50127
v 539.2259 103.7236 49.77774
v 449.8289 176.4404 45.23734
v 542.8103 193.6192 51.29967
v 446.3248 176.3869 45.50609
v 409.8154 116.094 41.90649
v 526.9086 154.1378 44.59612
v 529.3863 110.3032 49.39418
v 532.413 113.5405 48.84907
v 540.1769 197.2044 48.30695
v 540.4814 149.4269 61.83244
v 447.1201 174.9815 45.11182
v 546.743 195.7388 52.75853
v 544.7356 194.945 52.7093
v 549.8394 196.2009 52.71615
v 581.8728 160.4196 49.50546
v 422.9138 118.9125 43.80336
v 527.3876 145.6834 52.88576
v 495.807 104.8905 41.19215
v 515.6183 188.32 40.42958
v 548.7416 195.819 52.35894
v 498.3516 183.1525 47.52092
v 549.6327 195.8249 52.37505
v 486.5761 134.2333 44.48411
v 501.2713 73.19888 35.65915
v 438.1312 170.4828 42.94259
v 444.1536 176.3902 42.37088
v 550.7917 152.3736 41.20005
v 550.7478 152.3233 40.42454
v 491.0484 80.81364 33.45597
v 521.4297 194.2085 49.32659
v 524.4357 182.31 42.2867
v 547.1214 195.6224 52.6386
v 546.3444 195.2359 53.15436
v 496.055 67.69342 42.3878
v 434.5936 186.7287 38.30668
v 541.1366 197.0738 52.86221
v 438.2349 180.284 34.18733
v 546.6341 196.1845 52.3135
v 546.103 195.4346 52.27584
v 547.9577 196.0234 52.37635
v 445.2506 176.3901 41.19292
v 519.0642 190.4813 50.01223
v 452.012 178.4543 41.07563
v 452.2661 177.0231 41.70253
v 452.8359 176.9219 41.69053
v 531.6755 164.2095 42.67239
v 515.9149 113.811 36.54474
v 548.6086 195.6971 52.35396
v 453.1174 180.5081 40.39552
v 541.5448 190.8207 49.51347
v 458.2214 1.802383 37.36081
v 446.5682 176.787 41.8152
v 485.69 164.7009 46.96506
v 411.2433 104.6564 42.67581
v 451.8239 178.2951 41.53601
v 574.4008 162.6774 43.05768
v 586.0527 174.3686 42.4553
v 589.9198 157.8915 53.90237
v 574.8934 161.9351 54.97543
v 582.0734 169.8679 42.91555
v 547.1174 195.6371 52.33011
v 550.1113 192.0417 50.80071
v 445.9521 184.0887 35.28573
v 547.6107 196.921 52.41251
v 505.0363 75.17371 35.76635
v 588.3851 164.7385 52.66736
v 517.8003 111.8619 49.62714
v 582.2542 159.9353 52.19517
v 580.8495 159.9027 52.18513
v 538.0163 186.5072 49.32151
v 571.2193 162.2292 59.88137
v 576.5775 159.92 58.47289
v 537.726 146.5183 50.21276
v 441.4861 175.334 43.34722
v 501.5056 174.7488 48.87284
v 406.6062 77.55809 43.0025
v 523.889 188.3078 49.28361
v 523.8098 188.3814 49.65306
v 512.6731 96.66528 52.22741
v 529.9808 195.051 53.65697
v 499.8745 176.9909 48.16616
v 441.539 174.2631 44.90925
v 539.1917 189.7845 49.32567
v 539.6992 189.6046 49.54687
v 441.786 174.5417 43.77767
v 446.629 176.2327 44.80618
v 444.5141 175.6383 45.69465
v 492.105 179.7806 49.83879
v 462.4862 41.4393 45.12232
v 529.2958 184.1521 46.27705
v 538.6403 189.5594 49.24866
v 453.1159 60.13966 46.6787
v 591.9027 169.6239 52.51339
v 428.3034 38.03418 41.61197
v 497.4691 80.61754 34.7923
v 496.5335 166.0301 45.58443
v 538.7431 189.7245 49.23831
v 546.3236 195.4324 52.46152
v 538.3362 188.7317 49.44905
v 546.3714 195.5052 53.10547
v 478.3955 147.161 43.07095
v 525.5791 186.6274 48.89982
v 515.5259 160.7071 48.77376
v 481.5385 100.8819 38.28876
v 438.5723 29.28976 36.82842
v 545.9371 195.5567 53.00813
v 521.9668 187.6438 48.25638
v 520.1619 177.8757 45.66644
v 446.4907 171.7415 46.33684
v 525.8782 188.4068 49.52661
v 461.658 45.42091 37.35046
v 525.3797 188.3837 49.64625
v 532.1572 186.2093 49.76332
v 442.1194 175.2205 43.74218
v 526.1859 188.3421 49.58253
v 519.1178 191.535 48.57581
v 446.9245 121.3195 43.88827
v 529.6433 189.4759 49.55223
v 532.2721 187.4297 49.5543
v 531.32 194.9596 53.4865
v 540.5122 196.0824 53.14887
v 515.5907 171.0543 42.09928
v 546.4483 194.7174 52.8926
v 525.4187 187.7928 49.12927
v 446.4003 171.0147 35.99992
v 544.1664 193.4675 51.72817
v 539.2819 192.4602 49.3993
v 455.4409 122.3242 43.37394
v 457.8169 149.5297 49.51556
v 453.0385 121.7187 44.10992
v 533.7873 186.7104 49.46815
v 421.2826 144.7333 49.83994
v 519.9732 189.3057 49.39267
v 518.6401 184.067 44.78852
v 532.9054 186.0927 49.61817
v 454.0518 122.4032 43.73301
v 449.1429 123.3735 43.79566
v 537.811 147.6125 57.58108
v 521.0315 188.3584 49.77895
v 519.4113 191.4906 49.58197
v 519.4474 191.0971 49.36193
v 441.9873 127.1516 45.60749
v 537.5488 189.8064 49.29963
v 456.1375 122.3343 43.64926
v 455.9423 122.0934 43.36163
v 455.0738 121.1293 44.2691
v 519.0782 191.4801 49.79253
v 519.2082 191.3963 50.05639
v 545.8084 195.4594 52.24947
v 420.4307 120.5147 44.87918
v 483.7343 182.3228 51.23246
v 483.3413 180.3639 50.27916
v 483.0295 185.6958 49.32684
v 483.4263 186.7185 49.07334
v 531.931 196.7319 53.22808
v 433.7961 153.645 52.91522
v 509.8403 183.7677 44.45619
v 441.1288 170.1936 45.93667
v 487.8837 178.6764 51.8199
v 541.0979 197.3391 52.83319
v 441.7109 112.8791 44.76871
v 493.5533 177.4917 50.69019
v 542.1444 194.6448 51.88124
v 409.2225 111.4546 41.30221
v 531.9728 197.9858 51.75717
v 408.7679 95.11019 43.98523
v 531.614 198.0586 51.88903
v 447.6841 172.2558 46.93724
v 439.275 170.5633 41.24974
v 483.0679 77.54541 36.0524
v 441.3058 173.3479 43.89828
v 539.0794 187.6077 49.59299
v 472.4702 176.6056 51.05344
v 471.5218 73.37021 40.83622
v 477.8938 170.2279 52.68885
v 474.9041 173.0909 51.85245
v 444.4673 173.863 46.39437
v 444.1739 173.6145 45.97237
v 545.3276 196.7893 52.40486
v 472.6651 149.1875 42.00637
v 473.3341 174.1901 51.57129
v 446.9507 175.1349 44.60331
v 447.3747 174.9935 45.11472
v 434.1916 168.319 45.23275
v 473.5589 177.0996 50.78214
v 532.6322 141.6594 52.48854
v 540.8963 195.8138 52.97625
v 483.2308 184.8261 50.81289
v 484.217 184.6 50.2091
v 483.723 184.3779 50.94254
v 541.1328 196.738 52.32841
v 463.8793 19.65503 37.28453
v 436.9686 161.0502 51.20328
v 433.1259 123.8493 45.67397
v 471.5876 177.5295 50.57816
v 446.0368 177.1369 45.17633
v 532.1456 198.0785 51.76492
v 481.4458 180.8137 51.50515
v 539.3494 190.9222 49.27475
v 532.5504 199.1076 51.4308
v 448.5612 119.7945 44.37843
v 481.6784 186.4087 50.10456
v 468.4885 176.5434 49.92858
v 467.4737 176.768 48.49585
v 466.9753 178.6272 47.10061
v 467.4613 178.7054 46.95524
v 531.8015 197.0178 52.39722
v 473.467 174.9187 51.60485
v 507.0908 157.7383 50.61963
v 531.7293 196.9027 52.75739
v 470.6814 177.0682 50.5024
v 447.7422 102.0311 43.87014
v 510.919 177.4676 43.1166
v 441.5807 170.9927 37.97083
v 542.1076 195.5147 52.93582
v 479.1178 192.4358 42.10608
v 476.8794 179.1189 50.79737
v 543.7174 194.6115 52.2814
v 466.0921 166.7932 52.91212
v 472.4353 167.598 51.49537
v 472.4063 167.677 51.45881
v 542.9596 194.9659 52.46004
v 482.0704 180.3561 51.77094
v 482.1013 179.7779 51.3819
v 528.7372 112.325 48.85069
v 532.2947 198.3144 51.07963
v 409.3646 98.86942 44.3254
v 473.5895 175.9457 51.50073
v 446.662 175.3693 45.06693
v 482.8949 184.5485 51.06505
v 524.92 102.6004 41.81181
v 482.2572 181.5404 49.73682
v 445.5917 170.8199 47.22744
v 529.808 187.3966 49.57231
v 493.2162 176.271 45.38033
v 413.7909 146.4392 42.32025
v 541.0513 190.993 49.54115
v 491.2234 148.6294 46.66363
v 418.0839 189.6459 35.39067
v 447.535 174.9584 45.26234
v 484.0794 185.725 49.36479
v 483.9533 186.3826 48.76027
v 471.4848 57.84628 37.91349
v 441.2772 173.536 44.16748
v 526.4668 152.8554 45.12669
v 479.9471 184.9501 48.89864
v 444.4889 174.347 45.75574
v 474.3876 175.7629 51.82095
v 474.8732 175.2168 51.72789
v 492.4845 178.0112 50.7207
v 482.6984 183.213 50.581
v 479.8456 131.9749 43.97237
v 489.093 115.5312 40.94123
v 480.2928 183.4493 49.19047
v 479.7221 183.955 49.05449
v 482.1413 186.4985 49.56444
v 441.3656 174.7417 45.3286
v 482.876 184.8771 50.16721
v 482.2015 184.2892 50.51819
v 484.0088 183.7881 51.06587
v 481.43 181.8543 49.52202
v 440.785 174.1917 45.84588
v 481.5095 185.2041 50.17344
v 518.907 190.6885 48.81154
v 525.5971 186.7078 50.02919
v 472.1014 174.4411 51.08304
v 475.5753 177.6571 51.21045
v 415.8421 117.4811 45.7461
v 419.8253 159.6552 48.37217
v 468.158 180.6419 47.01599
v 489.9865 171.6056 51.91284
v 475.9462 188.6547 45.23291
v 492.8512 167.7954 43.47273
v 579.7045 183.6952 44.73034
v 483.0785 185.2697 49.6626
v 481.4923 184.1555 50.15946
v 481.8169 184.0932 50.23146
v 550.9046 197.821 54.09434
v 545.6507 194.9953 52.28022
v 474.6712 186.4707 43.90339
v 430.0932 167.0899 44.75798
v 471.8369 177.3433 50.74931
v 424.2083 167.6522 44.13643
v 486.3989 182.9873 44.58912
v 430.5213 165.6539 45.90827
v 488.6361 184.8971 46.89524
v 475.8547 180.3008 49.47972
v 431.1228 167.3822 44.15859
v 484.8699 185.5975 48.46452
v 422.7203 164.2253 45.10682
v 524.2947 101.6432 51.47205
v 424.6355 170.3103 44.54396
v 437.3454 169.5019 44.26895
v 497.4129 179.7716 46.86638
v 424.8 166.0941 46.42726
v 423.8853 166.8664 46.24197
v 479.7884 173.1741 31.67755
v 498.1044 188.5049 45.27588
v 498.361 160.1792 46.75291
v 517.8167 182.2238 45.44804
v 517.4689 181.8166 45.07808
v 549.6444 196.6371 52.54981
v 461.5582 172.27 51.01615
v 483.1566 188.5961 48.75174
v 518.7828 188.5311 46.38734
v 518.8799 190.1607 45.92881
v 524.3238 194.8538 49.327
v 519.0206 189.8532 49.86126
v 519.3849 190.5569 49.35554
v 588.1097 174.1492 42.37523
v 418.5215 120.7763 44.57477
v 519.6996 192.3305 49.34548
v 519.7249 192.6916 49.40229
v 421.9291 118.0172 46.00666
v 519.0264 157.2454 47.20298
v 505.6046 158.7819 50.49373
v 409.4948 93.01356 41.6125
v 437.4919 170.7084 41.78925
v 419.6424 163.5091 43.44508
v 484.7072 92.0126 35.98721
v 538.6946 190.2264 49.27749
v 538.9206 189.8653 49.30009
v 411.9061 107.5713 43.77169
v 524.0332 156.1851 43.4983
v 417.5547 158.1271 45.92873
v 416.7646 147.3484 44.31227
v 494.678 192.1704 48.33025
v 546.2739 149.9735 41.49126
v 481.5572 170.0803 32.63833
v 505.3824 80.00452 35.80981
v 423.8333 166.1382 46.33715
v 539.5546 192.1505 49.43367
v 522.5395 99.05275 36.64344
v 422.48 166.4845 43.88244
v 545.9461 156.7256 39.80653
v 524.9644 188.538 49.29382
v 525.0645 188.4831 49.42201
v 525.8509 187.9175 49.74733
v 525.373 187.8247 49.84059
v 527.1109 187.3859 48.91258
v 538.1205 190.3829 49.25803
v 433.2387 164.8374 45.94489
v 532.0029 182.0682 48.01098
v 427.6525 167.3182 45.39307
v 540.5266 190.8143 50.01945
v 569.5499 192.6471 46.6186
v 569.7802 193.5932 46.54123
v 424.9439 161.7638 48.37881
v 519.9761 109.458 50.17817
v 532.9395 185.5675 49.30264
v 424.5201 161.8318 47.7635
v 431.7653 166.8038 44.61479
v 519.3244 191.956 50.05566
v 580.3782 192.8522 46.23804
v 594.9703 180.1471 44.65084
v 422.6201 116.7981 46.05943
v 540.1014 192.632 49.98158
v 539.6428 192.6586 49.96261
v 539.7966 192.8734 49.84795
v 415.3661 127.3918 43.50223
v 494.6347 178.0422 46.96319
v 529.4377 198.2616 51.58029
v 534.6265 141.4799 59.76209
v 439.8672 170.5051 40.57925
v 530.2918 192.6408 50.68887
v 529.8796 198.1195 51.93259
v 430.9186 170.3717 41.58329
v 526.5624 181.8284 44.06383
v 429.4006 166.636 45.15965
v 538.6899 190.7313 49.25591
v 406.2817 130.2008 38.42245
v 437.996 164.3654 50.72691
v 484.1492 82.31309 35.56763
v 490.4683 178.1068 51.83919
v 437.4304 168.5632 46.90654
v 515.8639 143.8642 48.11686
v 486.4896 84.12805 34.00654
v 428.7099 170.9699 41.72555
v 538.7348 148.2227 47.91971
v 518.9497 189.8475 49.61922
v 531.5285 102.8805 51.29312
v 536.1598 188.8602 49.4095
v 509.8185 180.5046 42.62069
v 404.8648 138.4771 38.04773
v 413.2932 170.7638 46.01255
v 425.8548 181.1439 47.899
v 497.3493 193.4526 49.17176
v 518.3392 195.0208 48.09566
v 495.6711 78.04562 34.09004
v 522.4056 188.9421 49.35088
v 482.4884 170.6554 51.49807
v 413.0574 178.3075 45.48492
v 413.5389 146.3108 43.30611
v 518.6895 194.8767 49.8875
v 519.1726 191.092 50.01869
v 513.522 184.4561 42.76853
v 523.5967 199.1466 49.20925
v 538.3805 190.0675 49.27434
v 538.4188 189.8556 49.25978
v 410.8745 144.9261 43.0651
v 481.0523 184.7318 36.60187
v 541.3624 192.8632 49.40424
v 427.2167 195.2866 36.48034
v 410.3596 135.6944 42.48232
v 538.7069 191.0348 49.23327
v 539.8046 189.9261 49.50269
v 540.0461 190.5454 49.38026
v 524.8764 97.72399 34.63676
v 531.6101 197.5021 51.83961
v 522.0859 181.9445 45.16133
v 539.3409 193.165 49.62542
v 520.6866 196.6708 50.10979
v 494.2723 193.4462 47.57988
v 494.3129 193.1932 47.72575
v 415.9165 121.6006 42.0342
v 530.695 197.8894 52.05087
v 530.8937 197.8588 51.98615
v 469.2325 184.9751 44.6545
v 415.9786 142.8612 46.46671
v 415.091 143.7356 45.71113
v 415.3695 143.5721 46.02153
v 531.3238 196.8598 53.28415
v 489.9415 176.8755 52.31975
v 480.6516 186.5962 48.90387
v 466.8893 166.1372 53.60897
v 408.9387 96.33853 43.75954
v 489.7002 114.1782 40.43117
v 414.1908 169.3102 44.70329
v 532.23 197.5442 51.91847
v 530.0021 197.4482 52.19744
v 530.6813 197.1745 52.47269
v 541.22 195.1456 52.308
v 516.4019 112.3365 49.21793
v 516.638 182.4822 43.91208
v 414.3786 120.8839 45.82945
v 526.2906 179.216 46.61479
v 477.9007 189.1457 41.29372
v 542.8893 194.1396 51.50537
vt 0.7630995 0.3875267
vt 0.7641044 0.387796
vt 0.7630941 0.3877164
vt 0.8265815 0.8756468
vt 0.8304312 0.8727372
vt 0.8258868 0.8740189
vt 0.01948565 0.4956745
vt 0.763972 0.3872088
vt 0.7570409 0.9234583
vt 0.7563759 0.9246536
vt 0.7574334 0.9267578
vt 0.6691505 0.7909589
vt 0.4404585 0.8468773
vt 0.4309108 0.8506488
vt 0.4392245 0.8566577
vt 0.4097558 0.5766326
vt 0.4120006 0.576633
vt 0.4109997 0.5721388
vt 0.668953 0.893326
vt 0.423252 0.8727728
vt 0.4011363 0.8556634
vt 0.4021174 0.8802083
vt 0.08613217 0.8808054
vt 0.07673311 0.8810701
vt 0.09389001 0.8874962
vt 0.5296425 0.6661303
vt 0.5241209 0.6556337
vt 0.528644 0.6698738
vt 0.2660918 0.5667878
vt 0.267004 0.5829147
vt 0.2803836 0.5826234
vt 0.001486063 0.9130777
vt 0.004932463 0.9100806
vt 0.004816234 0.9086518
vt 0.0039168 0.9092439
vt 0.4591374 0.9953735
vt 0.4592213 0.9987375
vt 0.4609762 0.9973027
vt 0.3884277 0.9985352
vt 0.05175102 0.5911208
vt 0.06496966 0.573332
vt 0.04190886 0.5817533
vt 0.5050684 0.9299294
vt 0.5053228 0.9342959
vt 0.5066808 0.9313699
vt 0.1882255 0.8897234
vt 0.1900543 0.8866138
vt 0.1902497 0.8929023
vt 0.3511364 0.7690964
vt 0.3479499 0.7810254
vt 0.3549011 0.7688146
vt 0.4235223 0.9798093
vt 0.422051 0.8522531
vt 0.4246498 0.8568381
vt 0.4294888 0.8375495
vt 0.8786184 0.5380112
vt 0.87852 0.5121559
vt 0.8718385 0.5316398
vt 0.5523 0.6534447
vt 0.5522749 0.6474718
vt 0.5504479 0.6518297
vt 0.5387024 0.8468978
vt 0.7641907 0.3881963
vt 0.7629524 0.3926751
vt 0.7644796 0.4016425
vt 0.7656283 0.3949853
vt 0.7651107 0.4045883
vt 0.7632316 0.395817
vt 0.6170888 0.9175874
vt 0.6186299 0.9148155
vt 0.61788 0.9129761
vt 0.1288778 0.969166
vt 0.1435718 0.964945
vt 0.1265745 0.9443035
vt 0.254847 0.9989193
vt 0.0355655 0.6158078
vt 0.2546124 0.997667
vt 0.256715 0.9981837
vt 0.7812809 0.8822854
vt 0.01044297 0.5663722
vt 0.02325821 0.5633019
vt 0.01514995 0.5603735
vt 0.614502 0.9141952
vt 0.07790232 0.9870039
vt 0.07025206 0.9968632
vt 0.07554531 0.9917874
vt 0.00775063 0.571549
vt 0.4981394 0.7104489
vt 0.505116 0.7285047
vt 0.5047034 0.7020669
vt 0.7670597 0.4019162
vt 0.7688652 0.4107473
vt 0.03313708 0.7270856
vt 0.03973258 0.7195432
vt 0.03000593 0.6574394
vt 0.5988011 0.9912109
vt 0.746414 0.3577983
vt 0.7453715 0.3613936
vt 0.7454951 0.35366
vt 0.00971365 0.5766126
vt 0.002046227 0.5770046
vt 0.1922021 0.8848199
vt 0.7466064 0.3605292
vt 0.4859416 0.7307331
vt 0.4857804 0.7238463
vt 0.4824871 0.7251321
vt 0.5105457 0.9861937
vt 0.5066774 0.9857788
vt 0.505806 0.9925354
vt 0.7379935 0.346467
vt 0.7365566 0.3482111
vt 0.7380689 0.3495026
vt 0.01636517 0.5819367
vt 0.03103554 0.5827214
vt 0.02212632 0.5738847
vt 0.7471405 0.3636567
vt 0.03497851 0.5767698
vt 0.7520051 0.4328148
vt 0.7515173 0.4237938
vt 0.7488509 0.4256496
vt 0.03509009 0.572759
vt 0.4680093 0.9302448
vt 0.4665258 0.9289628
vt 0.4681803 0.9262745
vt 0.4605689 0.7977627
vt 0.4675968 0.7989326
vt 0.4644949 0.7766798
vt 0.07157701 0.8837339
vt 0.07502919 0.8776973
vt 0.4238433 0.9264176
vt 0.7471626 0.367831
vt 0.2094854 0.8806098
vt 0.800431 0.9815778
vt 0.3282958 0.8879812
vt 0.8028717 0.987309
vt 0.7962209 0.9952595
vt 0.5004883 0.9389365
vt 0.6152703 0.9151207
vt 0.2342244 0.4859197
vt 0.2332965 0.4775084
vt 0.2317947 0.4810047
vt 0.7477772 0.366557
vt 0.7480835 0.3680759
vt 0.01014075 0.9825056
vt 0.01215536 0.9823938
vt 0.01100009 0.9838149
vt 0.7434018 0.9809199
vt 0.005906582 0.9145302
vt 0.004673362 0.9105802
vt 0.004056633 0.9111334
vt 0.879586 0.4127098
vt 0.883029 0.4084035
vt 0.8775655 0.4013388
vt 0.1120268 0.9176965
vt 0.1236474 0.9575813
vt 0.122587 0.9249725
vt 0.5031555 0.9379908
vt 0.5022162 0.9344547
vt 0.0392642 0.5637733
vt 0.944089 0.6709493
vt 0.9458183 0.6711484
vt 0.9463953 0.6697489
vt 0.6001992 0.8716998
vt 0.9459662 0.6696318
vt 0.3530172 0.9516823
vt 0.3466086 0.9056377
vt 0.3441502 0.9471453
vt 0.9438906 0.6710564
vt 0.942117 0.6722296
vt 0.9412023 0.6715803
vt 0.6542051 0.7731708
vt 0.6594095 0.7854655
vt 0.6586974 0.7793062
vt 0.9439171 0.6710476
vt 0.9439999 0.6710432
vt 0.5324093 0.6677246
vt 0.5316498 0.672531
vt 0.5329336 0.6588351
vt 0.7615654 0.9482737
vt 0.6461793 0.764239
vt 0.6518373 0.7749777
vt 0.7182903 0.3494949
vt 0.7178425 0.3485756
vt 0.7182246 0.3487726
vt 0.475486 0.7115111
vt 0.4774287 0.7189509
vt 0.482164 0.7116536
vt 0.9414704 0.3451743
vt 0.9364878 0.3668371
vt 0.9463302 0.3660396
vt 0.4774209 0.9242874
vt 0.4755318 0.9309284
vt 0.476306 0.9241579
vt 0.6733398 0.9403507
vt 0.8855984 0.3930813
vt 0.6748269 0.9390468
vt 0.06765464 0.9887274
vt 0.6767055 0.9452777
vt 0.716997 0.3481365
vt 0.7582803 0.9759555
vt 0.7635132 0.9793164
vt 0.759379 0.9737564
vt 0.5368222 0.93031
vt 0.912914 0.279772
vt 0.9137697 0.2820063
vt 0.9123594 0.2807365
vt 0.9136409 0.2785546
vt 0.5567081 0.2368806
vt 0.5568347 0.2378281
vt 0.5559976 0.2384028
vt 0.5570281 0.2363005
vt 0.5324 0.2820342
vt 0.533362 0.2850309
vt 0.9892353 0.9926471
vt 0.5302153 0.2857516
vt 0.8859848 0.411584
vt 0.893889 0.4014086
vt 0.9906769 0.9930135
vt 0.9892139 0.9939042
vt 0.6060144 0.9211224
vt 0.6057078 0.9228516
vt 0.6060614 0.9217737
vt 0.4914212 0.7191976
vt 0.491397 0.7156613
vt 0.488986 0.7226893
vt 0.6720595 0.6908723
vt 0.6739742 0.6902905
vt 0.6712368 0.6923009
vt 0.6732912 0.6887572
vt 0.4947609 0.6716675
vt 0.4886494 0.6773838
vt 0.4976516 0.6875305
vt 0.6696903 0.6948884
vt 0.6729233 0.693546
vt 0.4863589 0.6403668
vt 0.4803401 0.6356515
vt 0.4861137 0.6536531
vt 0.1883591 0.8981718
vt 0.5252216 0.2938515
vt 0.5257801 0.2952375
vt 0.5242267 0.2954557
vt 0.5268947 0.2911667
vt 0.4773653 0.6280574
vt 0.4774487 0.6451211
vt 0.1841965 0.8814822
vt 0.3817414 0.4834667
vt 0.3818299 0.4826862
vt 0.3839128 0.487542
vt 0.3816552 0.48285
vt 0.565316 0.8942198
vt 0.5656844 0.8958898
vt 0.5652426 0.8962219
vt 0.1764506 0.4931757
vt 0.4970556 0.6382584
vt 0.4906396 0.6307101
vt 0.4914211 0.6341622
vt 0.8939147 0.3915718
vt 0.9087625 0.3876375
vt 0.9215101 0.3716882
vt 0.8120117 0.8728585
vt 0.2713929 0.7236947
vt 0.6606445 0.9329801
vt 0.2680459 0.7421684
vt 0.260498 0.7504883
vt 0.4596568 0.9268583
vt 0.1869609 0.9032879
vt 0.1888741 0.9072266
vt 0.4848014 0.6826727
vt 0.485479 0.6748778
vt 0.5291573 0.6763482
vt 0.2995011 0.8223892
vt 0.2905691 0.7913562
vt 0.2866961 0.8057481
vt 0.6751251 0.7845298
vt 0.679298 0.7832886
vt 0.6776153 0.7739478
vt 0.1801758 0.890882
vt 0.5654035 0.8923711
vt 0.5660908 0.8922478
vt 0.4682502 0.6968597
vt 0.4753768 0.6863856
vt 0.4728529 0.686342
vt 0.5654569 0.890348
vt 0.3484777 0.8966432
vt 0.337072 0.8985075
vt 0.6937644 0.6542653
vt 0.6945387 0.6564714
vt 0.6923621 0.6565968
vt 0.2971882 0.7883546
vt 0.3053142 0.8043972
vt 0.3066473 0.7906406
vt 0.4743681 0.62743
vt 0.6111472 0.9598973
vt 0.6945798 0.6529389
vt 0.443007 0.9187354
vt 0.4450674 0.912703
vt 0.4418945 0.9148267
vt 0.9163879 0.6562303
vt 0.9140922 0.6542461
vt 0.05674338 0.8695369
vt 0.05689889 0.86147
vt 0.05479324 0.8677236
vt 0.04795277 0.9990234
vt 0.4529685 0.6953706
vt 0.4646415 0.6907037
vt 0.452481 0.6888529
vt 0.02669245 0.9861417
vt 0.6954927 0.6514605
vt 0.6862911 0.6667819
vt 0.6871111 0.6668152
vt 0.6859306 0.6673957
vt 0.6872231 0.6652204
vt 0.6890739 0.662109
vt 0.554059 0.6494725
vt 0.5406408 0.8431323
vt 0.674294 0.6871009
vt 0.3474236 0.6974421
vt 0.3386043 0.7124752
vt 0.3480793 0.7050519
vt 0.6771333 0.6859844
vt 0.3904039 0.6895753
vt 0.4488702 0.9184359
vt 0.1803859 0.8952514
vt 0.4779984 0.6498213
vt 0.9083031 0.639469
vt 0.9086149 0.6457199
vt 0.9113146 0.6416004
vt 0.5478102 0.6377723
vt 0.6591746 0.9251123
vt 0.6570348 0.9113071
vt 0.654686 0.9107969
vt 0.1767656 0.8924319
vt 0.175711 0.8899184
vt 0.1759396 0.8917845
vt 0.9146371 0.6489534
vt 0.9111893 0.6495229
vt 0.4803448 0.6675041
vt 0.4793365 0.6652142
vt 0.4750508 0.6727594
vt 0.7001482 0.6422317
vt 0.6980662 0.6502588
vt 0.7015812 0.6435018
vt 0.6151472 0.9716678
vt 0.1484343 0.9984298
vt 0.07449389 0.8369026
vt 0.1481239 0.9981797
vt 0.1474542 0.998445
vt 0.909936 0.6372994
vt 0.9113908 0.6337595
vt 0.9101144 0.6346989
vt 0.7007666 0.6411664
vt 0.4817407 0.6641699
vt 0.4838798 0.6655253
vt 0.4800192 0.6579148
vt 0.4805818 0.6542534
vt 0.4877537 0.6631248
vt 0.1818419 0.8997585
vt 0.7782284 0.4824951
vt 0.7660595 0.507661
vt 0.7781256 0.4987757
vt 0.783787 0.9695681
vt 0.3009756 0.9189453
vt 0.3005551 0.918065
vt 0.299834 0.9186854
vt 0.07981718 0.9884666
vt 0.0165087 0.644775
vt 0.2644562 0.3235986
vt 0.02264774 0.6705995
vt 0.0004882812 0.6657852
vt 0.6495906 0.8907719
vt 0.6499156 0.8914105
vt 0.6496191 0.8922084
vt 0.649529 0.8886123
vt 0.4484832 0.9268017
vt 0.4465956 0.9268739
vt 0.4465258 0.9225029
vt 0.6910148 0.6588668
vt 0.6764947 0.7954527
vt 0.6666182 0.7936288
vt 0.2592444 0.5364092
vt 0.2600108 0.5428236
vt 0.2669727 0.544911
vt 0.231444 0.4736397
vt 0.2297997 0.4699731
vt 0.2297679 0.4769841
vt 0.7925273 0.8775439
vt 0.7924841 0.8779513
vt 0.7922898 0.877845
vt 0.7929306 0.8770689
vt 0.6519772 0.8774502
vt 0.6516654 0.8777469
vt 0.5054765 0.9727069
vt 0.6515862 0.8775041
vt 0.7609047 0.9542118
vt 0.7593535 0.9580078
vt 0.5332965 0.6652369
vt 0.9594311 0.9770508
vt 0.9593394 0.9767851
vt 0.9593433 0.9767562
vt 0.4503278 0.7805239
vt 0.5052088 0.9728584
vt 0.5055237 0.9726372
vt 0.5048664 0.9727701
vt 0.5051963 0.9729446
vt 0.5039769 0.9232562
vt 0.5082619 0.5769231
vt 0.5030562 0.9262906
vt 0.5041965 0.9245853
vt 0.0004882812 0.9891508
vt 0.6521419 0.7241405
vt 0.6511298 0.72859
vt 0.02384463 0.8041527
vt 0.650649 0.7266737
vt 0.02432821 0.8037328
vt 0.02319127 0.804881
vt 0.5400723 0.8845134
vt 0.5366211 0.8802924
vt 0.538639 0.8830507
vt 0.6552439 0.718872
vt 0.3677698 0.4557019
vt 0.3685554 0.4560115
vt 0.3684179 0.4566986
vt 0.5152324 0.6643101
vt 0.5217639 0.6674414
vt 0.5216912 0.6539605
vt 0.3655885 0.4525535
vt 0.7052121 0.6334605
vt 0.7085172 0.6311733
vt 0.7072514 0.6299763
vt 0.5370157 0.6564175
vt 0.5654678 0.889283
vt 0.5658309 0.889191
vt 0.4886311 0.6677216
vt 0.5655152 0.8872703
vt 0.6496092 0.8931915
vt 0.2184001 0.554172
vt 0.2131695 0.55033
vt 0.2119787 0.5670696
vt 0.6503499 0.8768777
vt 0.6501591 0.8771825
vt 0.6500612 0.8769326
vt 0.04815722 0.9951172
vt 0.4452392 0.997437
vt 0.2164155 0.5446684
vt 0.4456097 0.9984874
vt 0.2187719 0.5482857
vt 0.4445801 0.9970423
vt 0.4796529 0.663223
vt 0.6499586 0.8771152
vt 0.6496134 0.8783788
vt 0.7622193 0.9559439
vt 0.4032888 0.5850781
vt 0.4009269 0.573905
vt 0.3982902 0.6159757
vt 0.2066233 0.5506915
vt 0.195716 0.5372993
vt 0.1995757 0.5530293
vt 0.6914493 0.6615616
vt 0.4769951 0.6762714
vt 0.6900643 0.660453
vt 0.5660032 0.8777122
vt 0.5663087 0.8769473
vt 0.5657012 0.8813342
vt 0.5660096 0.877097
vt 0.1224784 0.5785633
vt 0.1216493 0.5855393
vt 0.1207852 0.5813774
vt 0.2067955 0.546962
vt 0.01969671 0.9875497
vt 0.02029693 0.9746073
vt 0.01741749 0.977102
vt 0.4262002 0.7642633
vt 0.4264719 0.7587065
vt 0.4242114 0.7570685
vt 0.4304775 0.7863768
vt 0.4343296 0.7697453
vt 0.4180537 0.792541
vt 0.1249764 0.5743939
vt 0.4541358 0.7638507
vt 0.4557586 0.7810256
vt 0.5085934 0.965439
vt 0.6762982 0.9917688
vt 0.4997529 0.9674273
vt 0.4995372 0.9579633
vt 0.7481861 0.4187911
vt 0.7457792 0.4142362
vt 0.7456666 0.4222081
vt 0.7644892 0.5332057
vt 0.7625057 0.537411
vt 0.7647184 0.5335195
vt 0.4428569 0.4327471
vt 0.4747387 0.6787776
vt 0.4690326 0.6698868
vt 0.4430791 0.4323448
vt 0.4430935 0.4331404
vt 0.7646669 0.5328994
vt 0.005177855 0.9066611
vt 0.006575346 0.9088749
vt 0.2710235 0.5603422
vt 0.5865275 0.6512003
vt 0.05824058 0.7587212
vt 0.5846767 0.6547272
vt 0.577738 0.6344807
vt 0.7458636 0.4076813
vt 0.7515242 0.4190881
vt 0.7516918 0.4143462
vt 0.3946169 0.9954057
vt 0.519299 0.9933576
vt 0.5184802 0.9894981
vt 0.5149756 0.9879399
vt 0.7658773 0.5308346
vt 0.4707339 0.6814723
vt 0.4616293 0.6735719
vt 0.4575204 0.6480938
vt 0.4667978 0.6613623
vt 0.4708235 0.6558291
vt 0.2077537 0.5493361
vt 0.2055389 0.5574812
vt 0.2105435 0.5525591
vt 0.3097557 0.8994929
vt 0.3109341 0.9005369
vt 0.3144621 0.8971424
vt 0.2399655 0.9983584
vt 0.2395634 0.9984826
vt 0.2395846 0.9983946
vt 0.7676867 0.5276835
vt 0.7683374 0.5276452
vt 0.7668403 0.5291659
vt 0.4497867 0.783221
vt 0.4458646 0.7010333
vt 0.4494325 0.7025939
vt 0.4444396 0.6975046
vt 0.7679976 0.5271437
vt 0.4793273 0.678346
vt 0.768778 0.5257338
vt 0.6164089 0.9286535
vt 0.6962025 0.6503295
vt 0.6961846 0.6503401
vt 0.6961989 0.6503158
vt 0.7912959 0.8901526
vt 0.5029243 0.9237226
vt 0.6122282 0.9599609
vt 0.1497769 0.5331144
vt 0.1512012 0.5361825
vt 0.1487689 0.5348058
vt 0.150982 0.5310977
vt 0.4775413 0.6789501
vt 0.4435958 0.770636
vt 0.4515423 0.7581054
vt 0.1560862 0.5225112
vt 0.4719195 0.6350887
vt 0.4697599 0.6263919
vt 0.471711 0.6391026
vt 0.4886293 0.9976314
vt 0.4885237 0.9948298
vt 0.4873868 0.9961836
vt 0.7161939 0.6148098
vt 0.7162226 0.6164187
vt 0.7156932 0.6156533
vt 0.4842557 0.6920097
vt 0.3094444 0.8966926
vt 0.209103 0.5180031
vt 0.4724817 0.9322646
vt 0.8731093 0.9213148
vt 0.4727586 0.9268968
vt 0.4699854 0.931076
vt 0.7208997 0.6068645
vt 0.6496217 0.9002932
vt 0.6498948 0.9013741
vt 0.6496293 0.9014125
vt 0.6495646 0.8975386
vt 0.6494262 0.8865097
vt 0.6499225 0.8883414
vt 0.5161133 0.9310839
vt 0.0676046 0.8644078
vt 0.51722 0.9311979
vt 0.4975586 0.921977
vt 0.5164695 0.9345703
vt 0.6493548 0.8846317
vt 0.5656793 0.8817603
vt 0.5658282 0.8818842
vt 0.5656666 0.8820656
vt 0.2386682 0.5204127
vt 0.2418084 0.5029822
vt 0.2368588 0.502726
vt 0.4857777 0.7043266
vt 0.565909 0.8752747
vt 0.5663003 0.8756286
vt 0.5661145 0.8750622
vt 0.48167 0.6894273
vt 0.649672 0.9031153
vt 0.6497164 0.905587
vt 0.6837782 0.6710908
vt 0.4730263 0.7248137
vt 0.4768665 0.7233131
vt 0.4735464 0.7165321
vt 0.2239077 0.4668557
vt 0.2296685 0.4654772
vt 0.2580905 0.8030436
vt 0.2669498 0.797974
vt 0.2684972 0.7880567
vt 0.5668442 0.872474
vt 0.2281386 0.4741355
vt 0.5668988 0.8722406
vt 0.3294391 0.3948909
vt 0.3298825 0.4003384
vt 0.3272313 0.406425
vt 0.2319471 0.4684606
vt 0.6555274 0.9330723
vt 0.4013593 0.8029189
vt 0.7000902 0.9784813
vt 0.4099755 0.793152
vt 0.4184546 0.797121
vt 0.3237199 0.4317039
vt 0.3241901 0.4305472
vt 0.3231778 0.4308464
vt 0.4987339 0.6599328
vt 0.4967226 0.650311
vt 0.4921002 0.6496797
vt 0.3309521 0.3868783
vt 0.5034616 0.6848358
vt 0.6173293 0.7828824
vt 0.6212543 0.7798227
vt 0.6187162 0.78061
vt 0.6163976 0.7844393
vt 0.6263598 0.7923139
vt 0.5743216 0.2069288
vt 0.5761123 0.2092684
vt 0.5721279 0.2102664
vt 0.5799559 0.1983609
vt 0.03856778 0.5766647
vt 0.03601873 0.5728357
vt 0.03820705 0.5774382
vt 0.9655491 0.6421773
vt 0.9722735 0.6399478
vt 0.9662098 0.6414495
vt 0.5666627 0.2189028
vt 0.56696 0.2202535
vt 0.5608356 0.2291362
vt 0.5671829 0.2179195
vt 0.3353384 0.4197197
vt 0.339476 0.4234922
vt 0.338932 0.4237817
vt 0.3346153 0.418937
vt 0.633234 0.9503997
vt 0.6412048 0.9514975
vt 0.639834 0.9434524
vt 0.3395571 0.424421
vt 0.3421448 0.4271816
vt 0.5263314 0.6833873
vt 0.5295533 0.6794993
vt 0.5280968 0.6786209
vt 0.2337068 0.3123649
vt 0.2360511 0.3145963
vt 0.2344607 0.3147522
vt 0.229327 0.2988705
vt 0.2315778 0.2941861
vt 0.2279575 0.2950799
vt 0.4979668 0.6671463
vt 0.4650347 0.3922418
vt 0.4649585 0.4000167
vt 0.4628897 0.3960445
vt 0.4666423 0.3894336
vt 0.6428805 0.7416756
vt 0.6428957 0.7418094
vt 0.01624802 0.8257063
vt 0.6428352 0.7417539
vt 0.5235146 0.6458406
vt 0.5183246 0.6508566
vt 0.01779378 0.8242843
vt 0.01624048 0.8257606
vt 0.01811773 0.8249162
vt 0.01860846 0.8233168
vt 0.3034691 0.9874261
vt 0.3174047 0.9844565
vt 0.2994083 0.9776597
vt 0.9340617 0.6716046
vt 0.933411 0.6727093
vt 0.9317363 0.6705027
vt 0.5090986 0.676192
vt 0.5118589 0.690684
vt 0.520013 0.6846532
vt 0.5004443 0.675061
vt 0.5088472 0.6650259
vt 0.520998 0.6739702
vt 0.4063635 0.7564726
vt 0.7397461 0.998691
vt 0.4011021 0.7833614
vt 0.5386728 0.6462209
vt 0.5393435 0.6532907
vt 0.5424197 0.6485324
vt 0.9372026 0.6720544
vt 0.03560591 0.5744312
vt 0.04756212 0.5740641
vt 0.0600369 0.5621949
vt 0.937271 0.6720585
vt 0.5114193 0.6714973
vt 0.2513033 0.548109
vt 0.2587779 0.5786446
vt 0.2603179 0.5610831
vt 0.3268119 0.8309544
vt 0.3313165 0.8312465
vt 0.3296258 0.8123029
vt 0.3568081 0.9388564
vt 0.3516999 0.9097701
vt 0.04983914 0.9030665
vt 0.06092823 0.8896816
vt 0.05049556 0.8959749
vt 0.3726918 0.8798828
vt 0.4263543 0.9256055
vt 0.5298558 0.8408706
vt 0.5312499 0.8347242
vt 0.5307066 0.8360624
vt 0.5196507 0.6428331
vt 0.2686973 0.5581713
vt 0.8194624 0.8850511
vt 0.8077734 0.9853451
vt 0.8184109 0.8825568
vt 0.8205444 0.87822
vt 0.5349699 0.653616
vt 0.5306232 0.6512743
vt 0.5026749 0.9339392
vt 0.5197312 0.5648524
vt 0.5374914 0.9598384
vt 0.5184397 0.5598725
vt 0.5229157 0.5638834
vt 0.5062336 0.994628
vt 0.5116951 0.9892883
vt 0.3460963 0.4311693
vt 0.3519431 0.4285173
vt 0.3492351 0.4342276
vt 0.3443058 0.4255487
vt 0.949994 0.6603401
vt 0.9491541 0.6652331
vt 0.9500531 0.6602756
vt 0.2981296 0.9212793
vt 0.9500366 0.6602364
vt 0.5341282 0.6443214
vt 0.9264319 0.9613664
vt 0.9257842 0.9628514
vt 0.7550832 0.9827688
vt 0.9224101 0.9646543
vt 0.7555441 0.9817595
vt 0.7570944 0.9951172
vt 0.8162844 0.881182
vt 0.7417347 0.571753
vt 0.7428083 0.5720059
vt 0.7390321 0.5763047
vt 0.7423775 0.5706727
vt 0.5119517 0.6583096
vt 0.7381935 0.5777141
vt 0.7394179 0.5787873
vt 0.7369859 0.5797473
vt 0.527667 0.6302062
vt 0.5289258 0.6377144
vt 0.5291214 0.6318719
vt 0.5334924 0.6417956
vt 0.5309268 0.636538
vt 0.5315655 0.6441337
vt 0.7401403 0.9973254
vt 0.4972019 0.9520187
vt 0.7433096 0.9990234
vt 0.7428023 0.5699608
vt 0.5172362 0.3068143
vt 0.5175899 0.3101565
vt 0.5153644 0.3098001
vt 0.5074155 0.9697329
vt 0.7524414 0.9355977
vt 0.5085381 0.972744
vt 0.5086076 0.9692219
vt 0.3178077 0.9971947
vt 0.5412174 0.6581593
vt 0.5437719 0.6689786
vt 0.5484412 0.6638572
vt 0.2414979 0.4874841
vt 0.23763 0.4862362
vt 0.5192923 0.3034679
vt 0.06561542 0.8875554
vt 0.06363368 0.8854929
vt 0.4247329 0.9252083
vt 0.4751701 0.3746711
vt 0.4749268 0.384068
vt 0.4714737 0.3810107
vt 0.5392466 0.6600155
vt 0.5394214 0.6567242
vt 0.2047262 0.5867128
vt 0.2087146 0.6371667
vt 0.2185607 0.5961958
vt 0.4756457 0.3738753
vt 0.4818408 0.3671624
vt 0.4771751 0.371312
vt 0.5406768 0.6439853
vt 0.5395072 0.6450522
vt 0.6561012 0.9342878
vt 0.7409328 0.3723828
vt 0.7414947 0.3719797
vt 0.2044596 0.8843001
vt 0.7434718 0.3747428
vt 0.5361842 0.6453471
vt 0.2037764 0.8831066
vt 0.2051364 0.8838174
vt 0.3107072 0.9965553
vt 0.967034 0.3578295
vt 0.310309 0.9990234
vt 0.8510742 0.8153116
vt 0.3081315 0.9960608
vt 0.7484229 0.3719607
vt 0.748455 0.372374
vt 0.1692551 0.5005347
vt 0.1686155 0.5020947
vt 0.1684231 0.5019223
vt 0.536746 0.6514262
vt 0.1709836 0.4976454
vt 0.6715217 0.7863958
vt 0.07913888 0.2668909
vt 0.09073973 0.268333
vt 0.08440185 0.2620462
vt 0.480818 0.9230521
vt 0.9672757 0.9817067
vt 0.6662592 0.7897553
vt 0.6650579 0.7874951
vt 0.742467 0.342346
vt 0.7426536 0.345785
vt 0.7409848 0.3429351
vt 0.7433535 0.3462314
vt 0.7444526 0.3535604
vt 0.7447053 0.350653
vt 0.1634525 0.5101838
vt 0.1622958 0.5160418
vt 0.1618082 0.5129142
vt 0.1680277 0.5025797
vt 0.1230492 0.8872809
vt 0.1280577 0.8750315
vt 0.7614944 0.9576208
vt 0.7617036 0.956988
vt 0.7614971 0.9577284
vt 0.7616598 0.9590347
vt 0.3816533 0.4822592
vt 0.9199227 0.9412473
vt 0.9209464 0.9546157
vt 0.9240372 0.9459557
vt 0.7508662 0.5563765
vt 0.7518227 0.5556397
vt 0.7490295 0.5594794
vt 0.3739427 0.3226639
vt 0.3708788 0.3190098
vt 0.3750587 0.3262253
vt 0.7514234 0.555436
vt 0.5289956 0.2880067
vt 0.7921911 0.8781902
vt 0.7921136 0.8796475
vt 0.7516316 0.5550851
vt 0.7517978 0.554804
vt 0.5346271 0.6700654
vt 0.5355957 0.6690476
vt 0.5357007 0.6639337
vt 0.5340756 0.6650916
vt 0.1645508 0.8796427
vt 0.1716619 0.8805117
vt 0.1687363 0.8792237
vt 0.7548792 0.5495653
vt 0.7567309 0.5507357
vt 0.4332629 0.4545848
vt 0.7555682 0.5483999
vt 0.5422361 0.8376108
vt 0.5457203 0.8445161
vt 0.5447645 0.8378495
vt 0.7561948 0.5473373
vt 0.4328253 0.4504289
vt 0.7011748 0.6404579
vt 0.6641651 0.9344942
vt 0.6638649 0.9329668
vt 0.6643693 0.9340442
vt 0.8977375 0.9987489
vt 0.7020223 0.6389681
vt 0.7200844 0.9844013
vt 0.6756278 0.6848501
vt 0.67463 0.6865385
vt 0.6769977 0.6825573
vt 0.6793089 0.6786484
vt 0.6799575 0.6816562
vt 0.6813254 0.6768494
vt 0.6812587 0.6753486
vt 0.6856493 0.6719546
vt 0.747363 0.562292
vt 0.7080597 0.628602
vt 0.7090982 0.626838
vt 0.3815537 0.4802537
vt 0.3812059 0.4706641
vt 0.3839581 0.4668306
vt 0.5983678 0.9990234
vt 0.3670838 0.3142319
vt 0.366151 0.3006061
vt 0.3658487 0.3224686
vt 0.7601615 0.8621432
vt 0.7599096 0.8684754
vt 0.7634429 0.8645093
vt 0.9494892 0.3522075
vt 0.9472352 0.3410974
vt 0.5326777 0.6720427
vt 0.3775518 0.4676536
vt 0.5217425 0.695248
vt 0.4549663 0.410257
vt 0.4550275 0.4111506
vt 0.454759 0.410635
vt 0.7739787 0.5175105
vt 0.4594193 0.4022026
vt 0.6062687 0.9223769
vt 0.4690033 0.9918354
vt 0.4690279 0.9913495
vt 0.4685006 0.9931641
vt 0.5182674 0.6375754
vt 0.5153069 0.6333326
vt 0.5094212 0.6406608
vt 0.503792 0.8334098
vt 0.7396064 0.3408752
vt 0.5272479 0.8540953
vt 0.5284086 0.8554809
vt 0.5264847 0.8570886
vt 0.5276489 0.852093
vt 0.7945539 0.8756219
vt 0.6155722 0.9731801
vt 0.04095709 0.5795326
vt 0.659256 0.7121511
vt 0.6601921 0.7156442
vt 0.6582012 0.7138698
vt 0.6599541 0.7110592
vt 0.6624382 0.7069986
vt 0.9911616 0.9883204
vt 0.9909984 0.9885644
vt 0.9911368 0.9874581
vt 0.5273752 0.6271669
vt 0.9908618 0.9918894
vt 0.7919005 0.888608
vt 0.7912934 0.8901713
vt 0.6655439 0.7018333
vt 0.6651295 0.7043356
vt 0.6645324 0.7035241
vt 0.5682179 0.6524997
vt 0.5639774 0.6531026
vt 0.5714347 0.6674289
vt 0.9122649 0.9786395
vt 0.916126 0.9754402
vt 0.9036989 0.9780505
vt 0.4498861 0.9319272
vt 0.0430268 0.571624
vt 0.6661178 0.7008823
vt 0.6152109 0.9235713
vt 0.6176298 0.932312
vt 0.6701905 0.7072568
vt 0.6679942 0.6977316
vt 0.5655348 0.8863552
vt 0.6184782 0.9228727
vt 0.4494472 0.4202559
vt 0.2299572 0.5000128
vt 0.2285972 0.4834646
vt 0.4499888 0.4193152
vt 0.4498817 0.4308589
vt 0.2765673 0.9458628
vt 0.1982397 0.562389
vt 0.2764431 0.9452118
vt 0.2766317 0.9449618
vt 0.6687747 0.6964299
vt 0.6496003 0.8954983
vt 0.6501527 0.897702
vt 0.6495992 0.8952749
vt 0.9784207 0.6132316
vt 0.9776407 0.6185861
vt 0.4907832 0.8867136
vt 0.976932 0.6186523
vt 0.4912739 0.8844861
vt 0.4899902 0.8911133
vt 0.4913544 0.8727915
vt 0.4920687 0.8777869
vt 0.4925109 0.8801439
vt 0.4918061 0.8686942
vt 0.6215379 0.1298801
vt 0.621208 0.1307166
vt 0.254939 0.4312365
vt 0.6211551 0.1305794
vt 0.6871021 0.9864022
vt 0.6850765 0.9874757
vt 0.684821 0.9786863
vt 0.252945 0.4184624
vt 0.2552425 0.4326172
vt 0.581199 0.1976641
vt 0.580577 0.1974106
vt 0.493328 0.8649331
vt 0.7416566 0.3997054
vt 0.7411659 0.3913864
vt 0.7422842 0.3960996
vt 0.5255728 0.697897
vt 0.5244693 0.7083917
vt 0.7410994 0.3869523
vt 0.2021018 0.4478816
vt 0.2069819 0.4422013
vt 0.2055227 0.4422511
vt 0.7427796 0.3821813
vt 0.7426801 0.3823155
vt 0.7426859 0.3822988
vt 0.7447409 0.3797244
vt 0.2228889 0.5276656
vt 0.2229346 0.2782716
vt 0.8135277 0.8912918
vt 0.8138244 0.8899394
vt 0.8102186 0.9152923
vt 0.234228 0.5204987
vt 0.2366939 0.5360395
vt 0.3506514 0.435603
vt 0.981343 0.9173241
vt 0.989495 0.9279618
vt 0.987384 0.9373932
vt 0.5341854 0.6696771
vt 0.7589679 0.9571116
vt 0.9796246 0.9112493
vt 0.989475 0.9444967
vt 0.99475 0.9515933
vt 0.9946172 0.9614599
vt 0.8126245 0.9020026
vt 0.9735937 0.8912694
vt 0.9751029 0.8940905
vt 0.974541 0.8942643
vt 0.9707415 0.8828915
vt 0.2803471 0.947792
vt 0.4658395 0.9252059
vt 0.2801309 0.9466057
vt 0.2798852 0.9482422
vt 0.5584438 0.9393216
vt 0.5585221 0.9392276
vt 0.5585163 0.9393832
vt 0.5583457 0.9393051
vt 0.02355107 0.9438753
vt 0.5309631 0.8346612
vt 0.5308915 0.8352049
vt 0.5312773 0.8317029
vt 0.918473 0.6502179
vt 0.7530819 0.3947992
vt 0.7516869 0.394728
vt 0.7526557 0.3919605
vt 0.9428765 0.916058
vt 0.9467244 0.9240302
vt 0.9457886 0.9179491
vt 0.2728329 0.9776872
vt 0.7534508 0.3966781
vt 0.7522712 0.388785
vt 0.7512156 0.3850266
vt 0.3553662 0.4405628
vt 0.3562769 0.4404403
vt 0.3561575 0.4412766
vt 0.3526219 0.4361628
vt 0.5296626 0.6439794
vt 0.7484608 0.3730129
vt 0.746361 0.3734191
vt 0.7479314 0.3777584
vt 0.7486444 0.3770841
vt 0.6571078 0.8814731
vt 0.6567014 0.8830191
vt 0.5147141 0.8946435
vt 0.6546101 0.8798288
vt 0.9723032 0.9868388
vt 0.5279055 0.6495712
vt 0.5144356 0.8942015
vt 0.5178838 0.8955078
vt 0.6011956 0.1647629
vt 0.6053532 0.1602969
vt 0.6041386 0.1596513
vt 0.6412351 0.7442577
vt 0.9578625 0.6507258
vt 0.9572983 0.6538984
vt 0.9563003 0.6519781
vt 0.9590994 0.6494222
vt 0.5599835 0.2306916
vt 0.3600072 0.4454744
vt 0.3639208 0.4470129
vt 0.3598343 0.4451071
vt 0.3598108 0.4452535
vt 0.5190598 0.872873
vt 0.5174143 0.8770485
vt 0.5171577 0.8765767
vt 0.5202147 0.8706425
vt 0.5666952 0.6493305
vt 0.9478387 0.928374
vt 0.9477539 0.9282951
vt 0.9480434 0.9276513
vt 0.7570251 0.4231548
vt 0.9478072 0.9284992
vt 0.7571005 0.4232846
vt 0.5391022 0.6429597
vt 0.9568068 0.8362926
vt 0.9580396 0.8357821
vt 0.9572577 0.8377002
vt 0.9566544 0.8349744
vt 0.4934434 0.3447777
vt 0.493865 0.3502135
vt 0.4891303 0.3517124
vt 0.3088801 0.9001904
vt 0.3074558 0.8992268
vt 0.4957332 0.3411136
vt 0.3340425 0.3724299
vt 0.3345385 0.3736868
vt 0.3333873 0.3739306
vt 0.3368064 0.3669421
vt 0.5690945 0.8708643
vt 0.5676069 0.8720468
vt 0.6372213 0.9265538
vt 0.5676468 0.8717996
vt 0.6368312 0.9271318
vt 0.6375654 0.9262038
vt 0.385684 0.5066534
vt 0.3888829 0.5028691
vt 0.3861641 0.5081993
vt 0.700927 0.9841768
vt 0.6960132 0.9841725
vt 0.6968164 0.978615
vt 0.1174538 0.364992
vt 0.09439152 0.3601061
vt 0.1151202 0.372758
vt 0.3870481 0.5043299
vt 0.9208364 0.2663491
vt 0.5178911 0.9167367
vt 0.5157229 0.9136717
vt 0.5193163 0.9180345
vt 0.5150833 0.9142208
vt 0.3929664 0.6103539
vt 0.7492748 0.3795123
vt 0.7533995 0.39994
vt 0.7539114 0.3994355
vt 0.5434423 0.8329241
vt 0.7547674 0.4041725
vt 0.9647359 0.6431422
vt 0.9673034 0.647699
vt 0.9609855 0.6472117
vt 0.9619538 0.6495391
vt 0.5087538 0.6442102
vt 0.5029218 0.8367476
vt 0.3784589 0.8438064
vt 0.3753045 0.8420843
vt 0.3677372 0.8497686
vt 0.5194679 0.3031298
vt 0.3686935 0.3340094
vt 0.3676903 0.3363226
vt 0.3710514 0.3354286
vt 0.656786 0.9016502
vt 0.6567357 0.8991758
vt 0.6554772 0.8989643
vt 0.513916 0.312167
vt 0.5135093 0.3218253
vt 0.5146161 0.3132116
vt 0.3842648 0.4880996
vt 0.3881403 0.4911244
vt 0.3923614 0.4747275
vt 0.4019705 0.7861985
vt 0.7348058 0.3425217
vt 0.7349651 0.3427296
vt 0.7335947 0.3438947
vt 0.7350858 0.3422083
vt 0.7620308 0.426033
vt 0.7620548 0.4264711
vt 0.7617348 0.4260085
vt 0.7642859 0.4244832
vt 0.3061523 0.8995302
vt 0.2074392 0.539485
vt 0.3068357 0.8996733
vt 0.02103763 0.8103896
vt 0.02209538 0.8109767
vt 0.02046921 0.8146915
vt 0.02201051 0.8069684
vt 0.7448987 0.3758869
vt 0.7457196 0.3781474
vt 0.9570312 0.998302
vt 0.7440365 0.375055
vt 0.8799529 0.8914824
vt 0.2823271 0.9461688
vt 0.877277 0.8926728
vt 0.884784 0.8553325
vt 0.9501839 0.6600373
vt 0.9525409 0.6564506
vt 0.5117372 0.6528002
vt 0.5095803 0.6529184
vt 0.9534018 0.6555433
vt 0.6498208 0.9136256
vt 0.650008 0.9194885
vt 0.6498163 0.9187182
vt 0.6498218 0.9118509
vt 0.6513797 0.9142955
vt 0.6498169 0.9115217
vt 0.2348351 0.3249868
vt 0.2381028 0.3289891
vt 0.235134 0.33234
vt 0.3596855 0.4451121
vt 0.5552703 0.7074188
vt 0.5492301 0.708698
vt 0.5527701 0.7090361
vt 0.1568922 0.5211583
vt 0.1430212 0.5443929
vt 0.1489115 0.5624756
vt 0.1391067 0.5509188
vt 0.3642362 0.4506274
vt 0.3660613 0.4512688
vt 0.3636847 0.4498811
vt 0.5281831 0.8493375
vt 0.5288482 0.849677
vt 0.5289395 0.8441372
vt 0.5619571 0.944307
vt 0.5628806 0.9444463
vt 0.5624973 0.9448851
vt 0.5597408 0.9413112
vt 0.5437255 0.6485933
vt 0.5028985 0.6477437
vt 0.9258057 0.6639346
vt 0.9240878 0.6636535
vt 0.9237304 0.6608792
vt 0.9276406 0.6667613
vt 0.1612533 0.5323397
vt 0.2085356 0.5385509
vt 0.5490069 0.2507238
vt 0.5457507 0.2559946
vt 0.5498568 0.2517505
vt 0.5524102 0.2450648
vt 0.02209075 0.8061893
vt 0.02247411 0.8057195
vt 0.6495898 0.7285349
vt 0.8440329 0.5172396
vt 0.8376617 0.5232418
vt 0.8432677 0.5207547
vt 0.7928733 0.8927944
vt 0.7013559 0.6518132
vt 0.727681 0.9795609
vt 0.731274 0.9907476
vt 0.7288718 0.9823041
vt 0.5052714 0.6527616
vt 0.5030913 0.6541077
vt 0.7919138 0.8877025
vt 0.794049 0.8891367
vt 0.2433358 0.4904189
vt 0.4932181 0.6602206
vt 0.3626111 0.3345764
vt 0.7919028 0.8868818
vt 0.7919731 0.8816005
vt 0.7926962 0.8848756
vt 0.7919883 0.8825858
vt 0.7933493 0.8815704
vt 0.2064535 0.4407233
vt 0.2110034 0.4333087
vt 0.3213997 0.9973463
vt 0.01900847 0.8229654
vt 0.5042332 0.6437422
vt 0.4960331 0.8292317
vt 0.4998889 0.6365137
vt 0.5176239 0.3121733
vt 0.3072121 0.900452
vt 0.5201734 0.3019964
vt 0.5742501 0.6542429
vt 0.5743521 0.6630058
vt 0.521903 0.2992266
vt 0.5221503 0.9775813
vt 0.516052 0.9724267
vt 0.5275155 0.9867587
vt 0.4702353 0.3831743
vt 0.4735729 0.3984096
vt 0.5667382 0.8892281
vt 0.5655372 0.8854489
vt 0.5656367 0.8831543
vt 0.5548235 0.6582916
vt 0.5368615 0.8455882
vt 0.5668401 0.8761864
vt 0.548825 0.9575663
vt 0.5488302 0.957592
vt 0.5483487 0.9573053
vt 0.5701139 0.2133563
vt 0.569209 0.2146924
vt 0.5708094 0.2162402
vt 0.1768266 0.547056
vt 0.1890312 0.566622
vt 0.1867051 0.5595646
vt 0.2721007 0.9459662
vt 0.5686551 0.6426293
vt 0.3141308 0.9021569
vt 0.5716525 0.7140526
vt 0.5616471 0.6981846
vt 0.5637072 0.7171732
vt 0.08321354 0.6435976
vt 0.08471078 0.6420987
vt 0.07577133 0.6558326
vt 0.08442992 0.6415972
vt 0.9239409 0.2610886
vt 0.9235976 0.2654541
vt 0.9225177 0.2635093
vt 0.9313254 0.2488645
vt 0.08466943 0.6411995
vt 0.1923126 0.4639579
vt 0.1941588 0.4646812
vt 0.1043791 0.8751749
vt 0.1885046 0.4702063
vt 0.2583308 0.5436081
vt 0.2591401 0.5499977
vt 0.006835222 0.3763685
vt 0.5791661 0.7395275
vt 0.008893609 0.3770589
vt 0.006070495 0.3787633
vt 0.106185 0.8721448
vt 0.1064336 0.8759766
vt 0.1938419 0.4614571
vt 0.3704329 0.3261349
vt 0.3686131 0.3169637
vt 0.6626617 0.9360877
vt 0.6697375 0.9820915
vt 0.6695255 0.9821503
vt 0.6697135 0.9817429
vt 0.209483 0.5435606
vt 0.6696324 0.9827787
vt 0.5619513 0.819087
vt 0.5664727 0.8233829
vt 0.7768555 0.875693
vt 0.566447 0.8366986
vt 0.2000426 0.4512647
vt 0.8024656 0.9065016
vt 0.8010782 0.9099776
vt 0.8038513 0.9102828
vt 0.5726131 0.6311349
vt 0.05637111 0.7517073
vt 0.02555469 0.9378708
vt 0.02360582 0.9443359
vt 0.02761471 0.9407772
vt 0.9778842 0.1703007
vt 0.4219832 0.7563731
vt 0.418974 0.7487537
vt 0.02627128 0.9361976
vt 0.5533065 0.9405802
vt 0.6400549 0.9329057
vt 0.001609402 0.8764485
vt 0.64011 0.9371414
vt 0.6409321 0.9335268
vt 0.3327884 0.3771104
vt 0.3326184 0.3838897
vt 0.07521713 0.6607595
vt 0.9299366 0.9928396
vt 0.9289457 0.9885454
vt 0.9771072 0.8794818
vt 0.5755748 0.8877518
vt 0.5740452 0.8870413
vt 0.5725394 0.8887753
vt 0.4896982 0.998382
vt 0.9679866 0.8739282
vt 0.741442 0.3853323
vt 0.7535621 0.996323
vt 0.754204 0.9933592
vt 0.7542086 0.9946914
vt 0.523078 0.6283717
vt 0.6069828 0.15478
vt 0.605041 0.1581046
vt 0.6087709 0.1516789
vt 0.7446834 0.3798895
vt 0.9573089 0.9985049
vt 0.09398258 0.9503311
vt 0.1097757 0.9458963
vt 0.08890426 0.9297423
vt 0.9573019 0.9984657
vt 0.9573094 0.9985352
vt 0.4954836 0.6438941
vt 0.4990107 0.8362541
vt 0.5019231 0.8293633
vt 0.1326529 0.5631069
vt 0.5202443 0.9188043
vt 0.5202397 0.9135369
vt 0.2453095 0.3731729
vt 0.2516479 0.3767297
vt 0.2488374 0.3857649
vt 0.05042279 0.786234
vt 0.0456444 0.7589131
vt 0.03940439 0.7695347
vt 0.2448489 0.3714277
vt 0.3375142 0.3671179
vt 0.6757436 0.998274
vt 0.3381681 0.366102
vt 0.2056128 0.5387686
vt 0.3414029 0.3661265
vt 0.3418113 0.3670321
vt 0.07707203 0.9983182
vt 0.3427601 0.3661364
vt 0.2457112 0.5499299
vt 0.2431939 0.563241
vt 0.0004882812 0.9429417
vt 0.6318007 0.7591849
vt 0.6297945 0.76492
vt 0.6289123 0.7639657
vt 0.5058128 0.6469721
vt 0.6324911 0.7580669
vt 0.5062534 0.3241921
vt 0.5082714 0.320969
vt 0.9692287 0.6378765
vt 0.9710367 0.6345381
vt 0.7350082 0.4397366
vt 0.2404044 0.3578152
vt 0.2425817 0.3552959
vt 0.800293 0.9075884
vt 0.8010322 0.9114496
vt 0.5565863 0.6627859
vt 0.2390358 0.3514389
vt 0.2368584 0.341116
vt 0.637817 0.7592391
vt 0.5417965 0.8510095
vt 0.8025498 0.9052566
vt 0.5416396 0.8497409
vt 0.6365695 0.7517479
vt 0.569105 0.2159311
vt 0.528336 0.9246317
vt 0.5289205 0.9242908
vt 0.5293788 0.9252327
vt 0.5266156 0.9235273
vt 0.5113574 0.9101045
vt 0.5145984 0.9081454
vt 0.5129542 0.9120424
vt 0.5098137 0.9073404
vt 0.5051842 0.9735203
vt 0.5051799 0.9735804
vt 0.9723727 0.9870409
vt 0.9724042 0.9869134
vt 0.5152363 0.8933555
vt 0.5145154 0.8927744
vt 0.5988439 0.1690223
vt 0.5994393 0.1721447
vt 0.5981289 0.1702655
vt 0.5991536 0.1683048
vt 0.5484778 0.9375709
vt 0.5541834 0.9404079
vt 0.9195525 0.9673607
vt 0.9214152 0.9655117
vt 0.9153124 0.9719753
vt 0.9191164 0.9695524
vt 0.8742427 0.7040586
vt 0.9218321 0.9651436
vt 0.9235049 0.966254
vt 0.5913069 0.9809275
vt 0.5919767 0.9852042
vt 0.5907636 0.9840971
vt 0.591022 0.9748305
vt 0.9552085 0.8266766
vt 0.9553825 0.8256925
vt 0.9550954 0.82592
vt 0.8380614 0.4097972
vt 0.078125 0.9902013
vt 0.4266916 0.9853516
vt 0.08835673 0.9931552
vt 0.08719933 0.9980441
vt 0.5329075 0.6288489
vt 0.9982452 0.9130859
vt 0.5338559 0.6377493
vt 0.5327256 0.6371219
vt 0.8428003 0.4019504
vt 0.8424495 0.4018019
vt 0.6382809 0.7489428
vt 0.6412474 0.7442758
vt 0.6412098 0.744298
vt 0.5913735 0.988413
vt 0.5943375 0.9907677
vt 0.5910676 0.9937477
vt 0.591084 0.987529
vt 0.3647987 0.330539
vt 0.6208408 0.7771494
vt 0.6225107 0.7744471
vt 0.6280725 0.7653269
vt 0.9277034 0.6685163
vt 0.9303079 0.6694991
vt 0.9375612 0.2383152
vt 0.9383347 0.2399863
vt 0.9344184 0.2436145
vt 0.93928 0.2352584
vt 0.9357216 0.674614
vt 0.9373062 0.6720553
vt 0.9404302 0.6716567
vt 0.9398963 0.6736169
vt 0.5414183 0.6423531
vt 0.5446461 0.638899
vt 0.542591 0.6334589
vt 0.02036315 0.8248847
vt 0.01904335 0.8219113
vt 0.3087776 0.8026436
vt 0.1859104 0.4744743
vt 0.6373751 0.927142
vt 0.1147461 0.9942181
vt 0.636612 0.9274167
vt 0.9791293 0.7838465
vt 0.9823931 0.7945848
vt 0.9896727 0.7856259
vt 0.8529438 0.4756901
vt 0.4233398 0.9231802
vt 0.4256603 0.9216995
vt 0.05494881 0.8875435
vt 0.9782362 0.7922456
vt 0.5246688 0.9221333
vt 0.5304567 0.6282058
vt 0.9636172 0.8599374
vt 0.8034326 0.9148654
vt 0.8090371 0.9140305
vt 0.5430673 0.855566
vt 0.9632616 0.8586125
vt 0.5798011 0.8315116
vt 0.5803867 0.8324885
vt 0.5789379 0.8316899
vt 0.5807249 0.8316732
vt 0.5829635 0.8328165
vt 0.5407958 0.2644489
vt 0.5435641 0.2674295
vt 0.5380323 0.2693124
vt 0.8094494 0.9841135
vt 0.5420241 0.2623229
vt 0.5456963 0.2559569
vt 0.8855258 0.3256676
vt 0.8868442 0.3481766
vt 0.8791693 0.3368878
vt 0.887846 0.3215756
vt 0.6040612 0.804764
vt 0.6200602 0.8098982
vt 0.6082364 0.797891
vt 0.5776523 0.8319404
vt 0.5784324 0.8340243
vt 0.7553394 0.4083307
vt 0.7555026 0.4142038
vt 0.7560666 0.4135287
vt 0.7546211 0.4069734
vt 0.9966303 0.9048969
vt 0.9979888 0.9043903
vt 0.3724239 0.4623936
vt 0.3724837 0.4618719
vt 0.3770297 0.4672942
vt 0.3720476 0.4617365
vt 0.3771936 0.4673759
vt 0.3771945 0.4671911
vt 0.2733422 0.9464889
vt 0.2729814 0.9457703
vt 0.2722685 0.9482422
vt 0.6499009 0.8851583
vt 0.5282069 0.6428374
vt 0.6493111 0.8821853
vt 0.6496207 0.8811266
vt 0.6491911 0.8801395
vt 0.1716402 0.4965623
vt 0.1745778 0.500605
vt 0.174083 0.4925123
vt 0.1320025 0.5627385
vt 0.1308922 0.5645741
vt 0.1323846 0.5621043
vt 0.7481622 0.5628774
vt 0.7478456 0.5614812
vt 0.1751893 0.4906838
vt 0.7314907 0.364246
vt 0.7279525 0.3614429
vt 0.7280847 0.3616098
vt 0.210974 0.4332592
vt 0.650253 0.9299169
vt 0.2109379 0.4333183
vt 0.6654408 0.9969451
vt 0.9851528 0.7761226
vt 0.6632282 0.9990234
vt 0.6574707 0.9943897
vt 0.1796862 0.8876953
vt 0.6502522 0.9298803
vt 0.6502621 0.9299189
vt 0.8612407 0.484176
vt 0.8660555 0.4988742
vt 0.8706973 0.4901861
vt 0.5244986 0.861757
vt 0.5249642 0.8618394
vt 0.5223043 0.8664393
vt 0.5248605 0.8608894
vt 0.0341782 0.7979488
vt 0.03421032 0.7980335
vt 0.03411381 0.7983678
vt 0.03437317 0.7976958
vt 0.7149371 0.343053
vt 0.1327101 0.5615612
vt 0.03460427 0.7978889
vt 0.03559369 0.7969421
vt 0.03420635 0.7982925
vt 0.7122089 0.6215466
vt 0.713598 0.6229001
vt 0.590361 0.9061314
vt 0.7133001 0.6197016
vt 0.9341844 0.2484518
vt 0.932753 0.2464825
vt 0.7155008 0.3422137
vt 0.7131106 0.3399327
vt 0.9496437 0.7653876
vt 0.95073 0.765511
vt 0.9498891 0.7679364
vt 0.9471132 0.7389711
vt 0.7426732 0.3823146
vt 0.7426633 0.3823271
vt 0.9759314 0.8986624
vt 0.9821754 0.9041783
vt 0.3232102 0.4296617
vt 0.3236871 0.4255549
vt 0.7631603 0.3938246
vt 0.7625571 0.3937707
vt 0.7613647 0.3900161
vt 0.7610586 0.3902335
vt 0.6584398 0.8828316
vt 0.6583356 0.8840805
vt 0.5948372 0.8197175
vt 0.6575915 0.8822294
vt 0.515156 0.8896761
vt 0.5974877 0.8153534
vt 0.595385 0.8236419
vt 0.60597 0.8316941
vt 0.4988361 0.3361005
vt 0.5017033 0.3547056
vt 0.5037301 0.3377537
vt 0.5040506 0.3277074
vt 0.5157961 0.3429896
vt 0.9465321 0.6685596
vt 0.9479217 0.6641729
vt 0.5723955 0.9528747
vt 0.5722945 0.9517783
vt 0.5773941 0.958568
vt 0.2540617 0.5123699
vt 0.2573333 0.5082072
vt 0.2544916 0.506762
vt 0.9451237 0.9572988
vt 0.2590626 0.5015016
vt 0.2606053 0.5134857
vt 0.9244465 0.4945223
vt 0.9103532 0.4640608
vt 0.8931459 0.4802054
vt 0.2743999 0.9884837
vt 0.7774099 0.9696044
vt 0.2703666 0.9980512
vt 0.2654216 0.981477
vt 0.7610852 0.9862574
vt 0.7609326 0.9878528
vt 0.7604715 0.9857162
vt 0.05847573 0.3881767
vt 0.5719289 0.9522908
vt 0.3180648 0.9161839
vt 0.3135197 0.9334357
vt 0.3304971 0.9197272
vt 0.5320011 0.9456546
vt 0.5326658 0.9414556
vt 0.5311997 0.9426141
vt 0.02161181 0.3614319
vt 0.0186758 0.3592423
vt 0.02183354 0.370294
vt 0.3243921 0.9393945
vt 0.3211703 0.9658326
vt 0.343434 0.9580224
vt 0.6702363 0.9939687
vt 0.6710778 0.998297
vt 0.5391528 0.8069746
vt 0.02791727 0.9742605
vt 0.0289619 0.9771544
vt 0.02911007 0.9732691
vt 0.9964274 0.9227179
vt 0.8454927 0.5396103
vt 0.8562694 0.5720564
vt 0.8630441 0.5617692
vt 0.02857053 0.9701357
vt 0.9961119 0.9189433
vt 0.3872535 0.5023662
vt 0.1012836 0.4702917
vt 0.1150536 0.4389471
vt 0.09358555 0.472483
vt 0.08043504 0.3568569
vt 0.07700169 0.365554
vt 0.08013809 0.3609728
vt 0.3863955 0.4929279
vt 0.5554231 0.8785387
vt 0.5570039 0.8816891
vt 0.5557074 0.8764799
vt 0.1201048 0.4365342
vt 0.6847053 0.7263172
vt 0.6754173 0.7362555
vt 0.6858268 0.7334621
vt 0.4464878 0.8540561
vt 0.4563738 0.8565554
vt 0.4554516 0.8491813
vt 0.8571163 0.572872
vt 0.4675545 0.7004138
vt 0.1753605 0.8827884
vt 0.09622729 0.9990234
vt 0.1797984 0.88344
vt 0.9880797 0.7595674
vt 0.9882245 0.7573276
vt 0.9873374 0.7566302
vt 0.4775903 0.4538146
vt 0.4793401 0.4504188
vt 0.4756753 0.4490508
vt 0.8446952 0.9892388
vt 0.5923917 0.885324
vt 0.5931515 0.8861273
vt 0.5930197 0.8839955
vt 0.9973996 0.9360669
vt 0.5935687 0.8855869
vt 0.5938569 0.8859638
vt 0.7225262 0.702437
vt 0.7186975 0.698521
vt 0.7199852 0.7041438
vt 0.2660848 0.5261348
vt 0.2674283 0.539584
vt 0.2732848 0.5497692
vt 0.5669078 0.6890187
vt 0.5698438 0.686794
vt 0.5628978 0.6804936
vt 0.9980066 0.9347988
vt 0.9970043 0.9342158
vt 0.5207424 0.9444069
vt 0.3664308 0.3308172
vt 0.3699983 0.3311712
vt 0.3667777 0.3295486
vt 0.8491765 0.8804501
vt 0.847869 0.8772403
vt 0.8469074 0.8840745
vt 0.3452331 0.9718586
vt 0.3597252 0.9564963
vt 0.8480959 0.8746855
vt 0.8470639 0.8745419
vt 0.378812 0.33663
vt 0.3775066 0.3339419
vt 0.3753965 0.3426257
vt 0.1650756 0.8777679
vt 0.4245019 0.9840678
vt 0.4287803 0.7947335
vt 0.431945 0.8001732
vt 0.7131304 0.6941723
vt 0.7157356 0.6902287
vt 0.733973 0.7075647
vt 0.7344629 0.7048727
vt 0.7299033 0.6973491
vt 0.7325332 0.7087667
vt 0.7309179 0.7057821
vt 0.4684935 0.8464229
vt 0.4731371 0.8433201
vt 0.4622511 0.8319365
vt 0.9002543 0.9753324
vt 0.07783711 0.5786449
vt 0.0772022 0.5713445
vt 0.07540953 0.5754821
vt 0.5928276 0.8896078
vt 0.03061813 0.9753523
vt 0.03301382 0.3904905
vt 0.03485334 0.3836997
vt 0.02931404 0.3928632
vt 0.7319123 0.7224073
vt 0.7264144 0.7021129
vt 0.7280382 0.7239561
vt 0.7603157 0.7483902
vt 0.7567708 0.7514229
vt 0.7646091 0.7555977
vt 0.7257231 0.6982882
vt 0.7219374 0.6983742
vt 0.7232964 0.7051034
vt 0.5789855 0.7710895
vt 0.5776241 0.7761243
vt 0.585972 0.7707721
vt 0.7210968 0.6968357
vt 0.07627749 0.983719
vt 0.0844081 0.9794842
vt 0.08970636 0.9867834
vt 0.7200565 0.6916726
vt 0.7206315 0.6906902
vt 0.5352914 0.6938358
vt 0.5325527 0.7042369
vt 0.735487 0.7345422
vt 0.3632094 0.9331662
vt 0.364663 0.9543834
vt 0.3713861 0.9538368
vt 0.4803129 0.3660657
vt 0.02421796 0.3688314
vt 0.02459741 0.3567528
vt 0.7224953 0.7095438
vt 0.7758274 0.7747815
vt 0.7721419 0.8059137
vt 0.7776989 0.7916148
vt 0.0106591 0.3360295
vt 0.5864687 0.6936844
vt 0.01283002 0.3323681
vt 0.01248097 0.335911
vt 0.04984236 0.3074562
vt 0.05153394 0.3083315
vt 0.05157197 0.3074639
vt 0.02613097 0.9514992
vt 0.4808305 0.3651921
vt 0.04735732 0.3099329
vt 0.04365849 0.3598763
vt 0.04491031 0.3613884
vt 0.0443331 0.3542075
vt 0.7228976 0.7157494
vt 0.7186155 0.7293931
vt 0.0532493 0.4493664
vt 0.05744499 0.4656464
vt 0.05693477 0.4389008
vt 0.5704638 0.7800093
vt 0.574796 0.7803013
vt 0.5738186 0.7742636
vt 0.02816796 0.9825017
vt 0.02879345 0.9839292
vt 0.02793014 0.9782395
vt 0.997011 0.9329526
vt 0.01812947 0.3764051
vt 0.01756096 0.3743167
vt 0.01508725 0.3761185
vt 0.5525994 0.7212536
vt 0.549639 0.7198492
vt 0.5510455 0.7234409
vt 0.3708693 0.3332716
vt 0.6270551 0.9549909
vt 0.624377 0.9583952
vt 0.6257713 0.9587342
vt 0.7389981 0.4616915
vt 0.7365218 0.4654847
vt 0.7415477 0.4621199
vt 0.03123242 0.8115183
vt 0.02957124 0.816662
vt 0.03135705 0.8145334
vt 0.3951916 0.7280065
vt 0.394019 0.7291234
vt 0.3954618 0.7321634
vt 0.8513113 0.5317113
vt 0.8467766 0.5170476
vt 0.1081493 0.4219263
vt 0.1165105 0.4326136
vt 0.1212862 0.425649
vt 0.5802226 0.9491087
vt 0.5843459 0.9498128
vt 0.5827408 0.9474683
vt 0.02797312 0.966085
vt 0.4656851 0.7605779
vt 0.4681774 0.7593359
vt 0.466476 0.7589898
vt 0.8099701 0.9031045
vt 0.7602873 0.717145
vt 0.8096132 0.8984633
vt 0.8107508 0.9033203
vt 0.05233282 0.4647062
vt 0.04706961 0.4700477
vt 0.04766709 0.475912
vt 0.2928971 0.5132195
vt 0.1205185 0.4272424
vt 0.1267143 0.4237368
vt 0.8103302 0.9001031
vt 0.2897487 0.9960153
vt 0.290176 0.9988263
vt 0.2866211 0.9986738
vt 0.2058105 0.8481445
vt 0.832028 0.8762127
vt 0.0905441 0.3446574
vt 0.08766532 0.3474556
vt 0.08862972 0.3495872
vt 0.02796972 0.817685
vt 0.03001255 0.819109
vt 0.02999818 0.8182827
vt 0.46692 0.7577235
vt 0.4678105 0.7569696
vt 0.4663405 0.7575
vt 0.5842592 0.9473099
vt 0.09975797 0.4213005
vt 0.1025605 0.412832
vt 0.09966904 0.4079598
vt 0.1111073 0.4140177
vt 0.3887465 0.7389212
vt 0.3908336 0.7373922
vt 0.3879501 0.7355619
vt 0.9967953 0.918937
vt 0.9956055 0.9067888
vt 0.8085537 0.873522
vt 0.748875 0.7059344
vt 0.7837582 0.713176
vt 0.7604212 0.6958187
vt 0.4654644 0.5924397
vt 0.4725807 0.5965288
vt 0.4675376 0.5852435
vt 0.3941823 0.7351042
vt 0.3996722 0.73585
vt 0.4015228 0.7344002
vt 0.3982195 0.7295855
vt 0.7591649 0.7333406
vt 0.762821 0.7272846
vt 0.7570258 0.7096351
vt 0.80284 0.9918447
vt 0.4825119 0.591759
vt 0.484888 0.592598
vt 0.4873598 0.5918653
vt 0.7276756 0.8484126
vt 0.7372017 0.8706491
vt 0.7420232 0.8598759
vt 0.5596967 0.9738878
vt 0.5585396 0.9747696
vt 0.5622525 0.9743086
vt 0.6672525 0.739826
vt 0.5869982 0.8396891
vt 0.5869394 0.8403813
vt 0.3892295 0.5128403
vt 0.584488 0.8335719
vt 0.5448257 0.6731897
vt 0.5449438 0.6704656
vt 0.5424398 0.6727222
vt 0.9394398 0.4950826
vt 0.9415996 0.5078475
vt 0.9424371 0.5003331
vt 0.5937949 0.884738
vt 0.9038829 0.6507056
vt 0.8967583 0.6388749
vt 0.90253 0.6512965
vt 0.0382331 0.8194515
vt 0.03537238 0.8225608
vt 0.03667337 0.8219205
vt 0.7053927 0.7974746
vt 0.03584141 0.8187566
vt 0.0380953 0.8171043
vt 0.4641138 0.7521877
vt 0.466782 0.7565941
vt 0.4661474 0.7521107
vt 0.5938718 0.8915858
vt 0.1382598 0.4091719
vt 0.1348136 0.3981766
vt 0.4500794 0.7142228
vt 0.4511545 0.726432
vt 0.4553576 0.7146723
vt 0.003370523 0.3882362
vt 0.0143553 0.3922923
vt 0.004257798 0.3867472
vt 0.01023412 0.3863264
vt 0.0004882812 0.3842112
vt 0.2744626 0.8748058
vt 0.2748025 0.9059751
vt 0.2813401 0.8780355
vt 0.3888274 0.5122014
vt 0.3900458 0.5125115
vt 0.7156571 0.8281332
vt 0.7063262 0.8113474
vt 0.0908584 0.5331095
vt 0.5324822 0.9462891
vt 0.09528655 0.5262164
vt 0.09700352 0.5337332
vt 0.387513 0.7297728
vt 0.3858209 0.7297021
vt 0.3871459 0.7316337
vt 0.3859526 0.7352622
vt 0.3870637 0.7332457
vt 0.9989958 0.9365234
vt 0.5939189 0.884631
vt 0.9988947 0.935393
vt 0.9991308 0.9352115
vt 0.02726287 0.9761853
vt 0.02755308 0.9780244
vt 0.8095288 0.8947417
vt 0.9081722 0.2880087
vt 0.3984187 0.8552312
vt 0.3995309 0.8499491
vt 0.02918875 0.9825546
vt 0.99656 0.9269344
vt 0.5907296 0.684923
vt 0.3784369 0.5778698
vt 0.6179096 0.6580423
vt 0.5965641 0.6976537
vt 0.5311593 0.9461942
vt 0.9524046 0.446078
vt 0.9488375 0.4301026
vt 0.9399011 0.4293714
vt 0.4273437 0.9295281
vt 0.8284829 0.7774682
vt 0.829396 0.8468207
vt 0.8501326 0.8289354
vt 0.3696041 0.9817818
vt 0.3687993 0.9621428
vt 0.3791122 0.9888104
vt 0.7082897 0.6946716
vt 0.7099105 0.688922
vt 0.854248 0.9351566
vt 0.5089962 0.9841939
vt 0.7397532 0.9507848
vt 0.7330883 0.9480355
vt 0.7418548 0.9617773
vt 0.5324726 0.9452649
vt 0.5333957 0.9462365
vt 0.8610442 0.6201049
vt 0.860644 0.6347591
vt 0.8836623 0.6511151
vt 0.5470756 0.5374898
vt 0.1177749 0.9954996
vt 0.3611885 0.8788781
vt 0.1201627 0.9947622
vt 0.5502266 0.8876953
vt 0.1176758 0.9974326
vt 0.4995385 0.5675092
vt 0.4959545 0.561799
vt 0.4966215 0.571942
vt 0.9597534 0.4553465
vt 0.4194385 0.578318
vt 0.4226947 0.5776943
vt 0.42148 0.5775692
vt 0.3226714 0.9013672
vt 0.3204541 0.883127
vt 0.3252302 0.8921722
vt 0.01733172 0.395932
vt 0.01616943 0.3927675
vt 0.01912403 0.3840643
vt 0.4133345 0.5777501
vt 0.4191468 0.5775338
vt 0.4150034 0.5736716
vt 0.1237566 0.3646042
vt 0.1165299 0.3680601
vt 0.1251623 0.3757139
vt 0.5277038 0.9802021
vt 0.2633657 0.873383
vt 0.2617194 0.8846722
vt 0.5344351 0.9733631
vt 0.2649917 0.80782
vt 0.5366865 0.9717371
vt 0.5348573 0.9711561
vt 0.02831513 0.9593298
vt 0.2160474 0.5766397
vt 0.2188492 0.5688753
vt 0.7425725 0.8469708
vt 0.5959502 0.8733973
vt 0.0004882816 0.8762024
vt 0.5931984 0.8668712
vt 0.5941784 0.8468334
vt 0.6220056 0.9120245
vt 0.2246201 0.565129
vt 0.07993704 0.5340657
vt 0.08366948 0.527894
vt 0.07283384 0.5127502
vt 0.1410823 0.401054
vt 0.1508961 0.4033015
vt 0.1979981 0.8975453
vt 0.3474133 0.5897726
vt 0.350243 0.5874059
vt 0.348356 0.5628422
vt 0.9035941 0.9247655
vt 0.9084587 0.9391041
vt 0.9120766 0.9264608
vt 0.7040114 0.9775602
vt 0.7581592 0.8853364
vt 0.7041998 0.9794922
vt 0.7036133 0.9790351
vt 0.7635757 0.8926147
vt 0.3608032 0.9930634
vt 0.3529581 0.9868701
vt 0.3574878 0.9981107
vt 0.296966 0.9781851
vt 0.02225125 0.3710527
vt 0.2967322 0.9760898
vt 0.01852882 0.3740824
vt 0.2956119 0.9782961
vt 0.7812496 0.7752342
vt 0.7727802 0.7973043
vt 0.7890315 0.8062835
vt 0.8667938 0.9317807
vt 0.6323161 0.995275
vt 0.6409645 0.9874001
vt 0.6366978 0.9864117
vt 0.8992449 0.9589347
vt 0.8956522 0.9382805
vt 0.8902712 0.9543803
vt 0.5510847 0.9811565
vt 0.5506966 0.9830849
vt 0.5505042 0.9833688
vt 0.7400278 0.6313998
vt 0.7516607 0.6231855
vt 0.7463481 0.6168163
vt 0.4397368 0.7671685
vt 0.4357996 0.7680916
vt 0.438025 0.7696208
vt 0.3162941 0.8919071
vt 0.9020618 0.9757242
vt 0.3552481 0.8221431
vt 0.3544636 0.8092792
vt 0.3473846 0.8380226
vt 0.522067 0.9923224
vt 0.003445864 0.9404297
vt 0.07180619 0.9845933
vt 0.7404013 0.6149142
vt 0.5761541 0.3063342
vt 0.5732863 0.2896755
vt 0.5681196 0.2964207
vt 0.351487 0.8745989
vt 0.3513494 0.8694445
vt 0.8441482 0.8764542
vt 0.8458077 0.8724696
vt 0.8432976 0.8752821
vt 0.5242153 0.9926758
vt 0.4684785 0.9214856
vt 0.4724767 0.9171847
vt 0.4697029 0.9244602
vt 0.2287959 0.8693412
vt 0.2379349 0.870142
vt 0.2371849 0.8685374
vt 0.8444901 0.8733011
vt 0.8500676 0.8611442
vt 0.3532917 0.6008778
vt 0.2932686 0.9315391
vt 0.782825 0.8533039
vt 0.2870342 0.9569875
vt 0.1117342 0.9941083
vt 0.2831358 0.9513834
vt 0.284582 0.9613634
vt 0.009169466 0.8787339
vt 0.6458741 0.9359972
vt 0.008760889 0.8792401
vt 0.7512013 0.9307207
vt 0.007728214 0.8781826
vt 0.7577329 0.6851985
vt 0.7742804 0.6882177
vt 0.7569627 0.6744694
vt 0.1073728 0.4035823
vt 0.1124944 0.4059262
vt 0.7256799 0.6474486
vt 0.7326444 0.6453853
vt 0.7315203 0.6404436
vt 0.7152141 0.340196
vt 0.7585192 0.6270762
vt 0.7530386 0.6273385
vt 0.7579938 0.6513157
vt 0.1592602 0.9983245
vt 0.1594123 0.9985352
vt 0.159736 0.9983146
vt 0.5040027 0.998287
vt 0.5218691 0.5526162
vt 0.4330259 0.9990234
vt 0.7535653 0.8491359
vt 0.7626168 0.8473241
vt 0.7553424 0.8404406
vt 0.3990784 0.3268277
vt 0.4007781 0.3268806
vt 0.4009234 0.3223142
vt 0.7456766 0.6577916
vt 0.7570413 0.6590478
vt 0.7518646 0.6113333
vt 0.4247857 0.9181126
vt 0.4246172 0.9075962
vt 0.4175777 0.9268865
vt 0.274915 0.701017
vt 0.7703688 0.6498317
vt 0.5558701 0.8830988
vt 0.5035812 0.570946
vt 0.5054704 0.5715196
vt 0.5054343 0.5675875
vt 0.6632432 0.7842165
vt 0.6618488 0.7819179
vt 0.659974 0.7824751
vt 0.7566124 0.9195895
vt 0.94375 0.9620577
vt 0.942876 0.9634863
vt 0.9434844 0.9638128
vt 0.9440885 0.9645374
vt 0.750551 0.8698902
vt 0.7489833 0.884483
vt 0.7570474 0.8718947
vt 0.2581255 0.5341605
vt 0.6823189 0.9551805
vt 0.055673 0.3281937
vt 0.0573684 0.3327113
vt 0.05741 0.3307229
vt 0.3681988 0.3215089
vt 0.367609 0.3272411
vt 0.3683424 0.3266314
vt 0.3803208 0.3331782
vt 0.3808601 0.3298063
vt 0.3798338 0.3315938
vt 0.3802275 0.33003
vt 0.3061802 0.9177308
vt 0.3232157 0.9041241
vt 0.3016678 0.9100171
vt 0.7076249 0.9955401
vt 0.5475341 0.8777964
vt 0.380428 0.3377501
vt 0.5381877 0.4239162
vt 0.5360247 0.4367359
vt 0.5488741 0.4518684
vt 0.7636147 0.6204458
vt 0.9422852 0.9588168
vt 0.9413255 0.9626992
vt 0.2442582 0.8527737
vt 0.2468932 0.8659847
vt 0.2454981 0.8529367
vt 0.8032227 0.9775691
vt 0.003029704 0.9088101
vt 0.06334208 0.7251034
vt 0.05728539 0.7199886
vt 0.05837288 0.7294616
vt 0.9468766 0.9599814
vt 0.9450791 0.9610987
vt 0.9448788 0.9620045
vt 0.2615573 0.5250045
vt 0.6841325 0.9560547
vt 0.9914285 0.7706428
vt 0.9885708 0.7565292
vt 0.5975863 0.9572439
vt 0.5960413 0.9386572
vt 0.5929515 0.9560705
vt 0.9413362 0.9579238
vt 0.08017164 0.9871453
vt 0.6545452 0.7683763
vt 0.08026487 0.9876651
vt 0.07958984 0.9872772
vt 0.04590243 0.4565252
vt 0.04835266 0.4544132
vt 0.6570933 0.9982864
vt 0.6552238 0.9975649
vt 0.6555011 0.9990234
vt 0.3829824 0.811989
vt 0.4956598 0.8228261
vt 0.4960918 0.8266026
vt 0.4997484 0.8250773
vt 0.2719727 0.9434961
vt 0.2755116 0.9440184
vt 0.1841948 0.5506723
vt 0.7159114 0.3421803
vt 0.6722537 0.762175
vt 0.6734647 0.7698702
vt 0.6747227 0.7599784
vt 0.7841088 0.6602917
vt 0.793491 0.6461903
vt 0.779169 0.6449521
vt 0.7741036 0.6227413
vt 0.7673301 0.6338453
vt 0.7773818 0.6503881
vt 0.9462023 0.6693185
vt 0.6821289 0.9494305
vt 0.9437483 0.965772
vt 0.5262953 0.5604751
vt 0.5260112 0.5640157
vt 0.7209609 0.6067619
vt 0.720999 0.6068953
vt 0.94113 0.9643792
vt 0.9429455 0.964779
vt 0.1438181 0.3896612
vt 0.1988284 0.8869969
vt 0.1388311 0.3857676
vt 0.1498622 0.3876252
vt 0.08167797 0.9884961
vt 0.08230174 0.9882091
vt 0.7210078 0.6066831
vt 0.08236593 0.9892578
vt 0.755545 0.9245368
vt 0.6624212 0.784407
vt 0.2331004 0.8717185
vt 0.2391216 0.8713662
vt 0.4719272 0.9869744
vt 0.4694459 0.9876499
vt 0.4754595 0.9907708
vt 0.9965198 0.7628672
vt 0.4683147 0.9870569
vt 0.9963894 0.765734
vt 0.7495836 0.6948918
vt 0.03669378 0.7949161
vt 0.03679639 0.7952286
vt 0.03652726 0.7951367
vt 0.3384039 0.9689363
vt 0.2100127 0.5489529
vt 0.7912143 0.6342689
vt 0.008296013 0.3833448
vt 0.00487864 0.3806844
vt 0.5722702 0.7459214
vt 0.8084452 0.870293
vt 0.8073778 0.8521653
vt 0.8076535 0.8658593
vt 0.4448519 0.9870866
vt 0.5139298 0.8190513
vt 0.4400494 0.9888378
vt 0.4331055 0.9862952
vt 0.9776741 0.7582971
vt 0.9897441 0.7524871
vt 0.2821168 0.9965559
vt 0.2822537 0.9980627
vt 0.2756348 0.9971106
vt 0.2453558 0.8690182
vt 0.03734868 0.7950971
vt 0.2913448 0.9946477
vt 0.2964216 0.988693
vt 0.2830784 0.9918997
vt 0.5557708 0.9646521
vt 0.05847664 0.7045596
vt 0.5557891 0.9628723
vt 0.5551758 0.9658203
vt 0.04443359 0.7023803
vt 0.2370907 0.9982074
vt 0.2370642 0.9987649
vt 0.2355957 0.998621
vt 0.9857268 0.9967341
vt 0.8025355 0.8565719
vt 0.8035486 0.8658382
vt 0.8012335 0.865994
vt 0.04660141 0.7272967
vt 0.5463445 0.8278576
vt 0.04525822 0.7395952
vt 0.5483457 0.8821446
vt 0.5485583 0.8844776
vt 0.5503435 0.8867831
vt 0.6894878 0.7785365
vt 0.6867447 0.7782344
vt 0.6907886 0.7844841
vt 0.557013 0.8874969
vt 0.555086 0.883869
vt 0.5554437 0.8872857
vt 0.3633204 0.8485911
vt 0.8988615 0.3027682
vt 0.899395 0.3036689
vt 0.8970859 0.3058154
vt 0.4503534 0.9986696
vt 0.4504054 0.9916567
vt 0.4445286 0.9901674
vt 0.5271873 0.8234218
vt 0.7448417 0.9974368
vt 0.008679611 0.9798577
vt 0.7461624 0.9984763
vt 0.7446289 0.9990234
vt 0.6578334 0.9978008
vt 0.4548488 0.6199104
vt 0.4532155 0.6198399
vt 0.4532125 0.6265243
vt 0.7576285 0.9238787
vt 0.8994207 0.3018419
vt 0.7553711 0.9201298
vt 0.5398197 0.811738
vt 0.540701 0.8255021
vt 0.5426351 0.8244246
vt 0.5322114 0.8178057
vt 0.5334992 0.8254294
vt 0.5375732 0.8177494
vt 0.4363333 0.7557085
vt 0.428786 0.7608573
vt 0.9454097 0.9590962
vt 0.9522817 0.7946427
vt 0.02266383 0.3231192
vt 0.01232028 0.3213933
vt 0.1248103 0.4007685
vt 0.7258291 0.6887895
vt 0.7224953 0.6820884
vt 0.6564237 0.7741662
vt 0.9856191 0.752588
vt 0.4688017 0.6182501
vt 0.470204 0.6208227
vt 0.4692533 0.6142038
vt 0.4753811 0.607758
vt 0.7018421 0.9787997
vt 0.968987 0.3864344
vt 0.9750036 0.389322
vt 0.9711161 0.3791432
vt 0.5004475 0.6029319
vt 0.4991689 0.6093432
vt 0.4989377 0.6209907
vt 0.5238325 0.8175799
vt 0.5256986 0.8191259
vt 0.5277688 0.8138924
vt 0.3922577 0.4176749
vt 0.3710145 0.4183652
vt 0.383754 0.4357098
vt 0.3636475 0.9644819
vt 0.001499157 0.9462891
vt 0.001643315 0.9425607
vt 0.7171528 0.6771646
vt 0.7178073 0.6805892
vt 0.7187468 0.6751575
vt 0.4590105 0.7087989
vt 0.4641799 0.7136925
vt 0.4662966 0.7064779
vt 0.6561587 0.9337025
vt 0.6575401 0.9346458
vt 0.6565284 0.9323286
vt 0.4382218 0.7639195
vt 0.4628835 0.6170295
vt 0.4577705 0.6144344
vt 0.4607426 0.6245843
vt 0.3055427 0.8593976
vt 0.3151737 0.8623212
vt 0.3040725 0.8507494
vt 0.7550941 0.860499
vt 0.7515115 0.8623601
vt 0.7532569 0.8644783
vt 0.3939101 0.8416497
vt 0.3931769 0.8360422
vt 0.3915863 0.8441436
vt 0.4822149 0.6233723
vt 0.8397305 0.6538536
vt 0.8390783 0.6571318
vt 0.8425505 0.6566058
vt 0.376565 0.9133699
vt 0.3779874 0.9184024
vt 0.3797369 0.9186682
vt 0.9617795 0.9947067
vt 0.423953 0.9839447
vt 0.9584961 0.9981626
vt 0.9598113 0.9951977
vt 0.1699845 0.8773602
vt 0.7471632 0.7159111
vt 0.7451619 0.7151494
vt 0.7443451 0.7213428
vt 0.7549607 0.8549793
vt 0.7540768 0.856498
vt 0.7552886 0.8564267
vt 0.7382935 0.7175213
vt 0.7348444 0.7107911
vt 0.4751776 0.5992395
vt 0.4771446 0.5861107
vt 0.6689825 0.775783
vt 0.663691 0.7770779
vt 0.6676152 0.7840958
vt 0.7617725 0.7687325
vt 0.7706136 0.7810348
vt 0.7702736 0.7666993
vt 0.232819 0.8563129
vt 0.2405282 0.8506196
vt 0.2393563 0.8445365
vt 0.06508183 0.855637
vt 0.06749058 0.8555809
vt 0.06307226 0.8539756
vt 0.5953754 0.8919293
vt 0.5950497 0.8894597
vt 0.5943655 0.8932893
vt 0.5949753 0.8850036
vt 0.7516237 0.8658166
vt 0.8076326 0.9009742
vt 0.7518187 0.7008112
vt 0.8076184 0.9000601
vt 0.8086108 0.9022479
vt 0.4605588 0.9081849
vt 0.4544185 0.9046463
vt 0.4478948 0.9082154
vt 0.06289625 0.8636733
vt 0.06562948 0.858945
vt 0.753458 0.722679
vt 0.754109 0.710701
vt 0.53967 0.4719751
vt 0.5297899 0.4611771
vt 0.4558597 0.9326125
vt 0.4575131 0.9363064
vt 0.4560684 0.9402702
vt 0.7114998 0.6869169
vt 0.571078 0.9976484
vt 0.5755705 0.9909624
vt 0.5710229 0.9864333
vt 0.3607707 0.4219909
vt 0.8432764 0.994342
vt 0.8425483 0.9927568
vt 0.8420129 0.9949403
vt 0.05816174 0.856334
vt 0.5439174 0.9911386
vt 0.2238095 0.8475659
vt 0.004441738 0.9063517
vt 0.0004882812 0.9085401
vt 0.2836106 0.5739205
vt 0.2894955 0.5775734
vt 0.2834374 0.5681292
vt 0.8510265 0.3868136
vt 0.8515419 0.3873264
vt 0.9523849 0.795694
vt 0.9527771 0.7946712
vt 0.281484 0.5701405
vt 0.7613132 0.857645
vt 0.7612121 0.8537277
vt 0.7590955 0.8634306
vt 0.8681238 0.9897224
vt 0.8584216 0.9630901
vt 0.8504653 0.9894691
vt 0.2623258 0.5234812
vt 0.3730345 0.437286
vt 0.4175253 0.8403071
vt 0.4130217 0.8314704
vt 0.4096287 0.8374153
vt 0.6610634 0.7732002
vt 0.6623456 0.7703159
vt 0.0816682 0.9891551
vt 0.6637281 0.7712058
vt 0.665048 0.7721919
vt 0.8071549 0.9259989
vt 0.5717598 0.4251133
vt 0.5752698 0.4313751
vt 0.5792253 0.4337398
vt 0.7678729 0.7600387
vt 0.7686468 0.7620161
vt 0.4115828 0.848788
vt 0.4097129 0.8416119
vt 0.3969959 0.830398
vt 0.9514509 0.9800823
vt 0.6993817 0.7952676
vt 0.9509447 0.9809539
vt 0.03258717 0.8464952
vt 0.9520978 0.9817048
vt 0.5725489 0.4062086
vt 0.5824735 0.4092454
vt 0.575888 0.3910464
vt 0.5682425 0.4041077
vt 0.5770367 0.9967821
vt 0.489419 0.9273266
vt 0.4427963 0.832729
vt 0.4899186 0.9287844
vt 0.4887695 0.929081
vt 0.4594331 0.7556669
vt 0.4585626 0.7591078
vt 0.4604727 0.7575235
vt 0.7578845 0.7446489
vt 0.7554775 0.7394298
vt 0.7541103 0.7401273
vt 0.7546911 0.7352216
vt 0.7557435 0.7377281
vt 0.5791534 0.9990234
vt 0.3702956 0.4020951
vt 0.4400469 0.7704337
vt 0.4565078 0.8322977
vt 0.4532344 0.8286088
vt 0.3129883 0.8875906
vt 0.04819847 0.7437472
vt 0.561415 0.634459
vt 0.004387915 0.9074003
vt 0.2444385 0.8678424
vt 0.7050357 0.9786775
vt 0.7674754 0.8878255
vt 0.362239 0.4017023
vt 0.3660573 0.4088184
vt 0.9487082 0.3738254
vt 0.9446651 0.3786368
vt 0.8120807 0.8665782
vt 0.5310704 0.9713115
vt 0.1522316 0.9982242
vt 0.5302241 0.9705282
vt 0.5312043 0.9711948
vt 0.3643223 0.4131589
vt 0.7152882 0.6740714
vt 0.7125213 0.6709138
vt 0.7100472 0.6718293
vt 0.7937797 0.8322461
vt 0.865329 0.9366024
vt 0.8472055 0.6591339
vt 0.8455031 0.6650512
vt 0.8490669 0.9906449
vt 0.4773009 0.4570623
vt 0.8446062 0.9951824
vt 0.8449966 0.9898091
vt 0.7542182 0.7334321
vt 0.7518451 0.7327382
vt 0.751513 0.72682
vt 0.469682 0.7430128
vt 0.4707052 0.7426171
vt 0.4698281 0.7412586
vt 0.651883 0.931797
vt 0.6502337 0.9384766
vt 0.6529074 0.9360827
vt 0.4294027 0.7249523
vt 0.559082 0.9716797
vt 0.4885554 0.6262321
vt 0.766144 0.9681461
vt 0.4877317 0.6220406
vt 0.490085 0.6264933
vt 0.5373174 0.7030415
vt 0.5430529 0.7119662
vt 0.4749509 0.7335666
vt 0.4782735 0.7454224
vt 0.4764583 0.731885
vt 0.4104541 0.9850127
vt 0.3898741 0.4520177
vt 0.06845087 0.8454795
vt 0.4063753 0.4517555
vt 0.4755425 0.654167
vt 0.7534603 0.8585497
vt 0.7493504 0.8681265
vt 0.8033231 0.9788758
vt 0.7719616 0.767359
vt 0.4562358 0.6314077
vt 0.4077517 0.9864017
vt 0.4050293 0.9887695
vt 0.4090307 0.985835
vt 0.4736279 0.734304
vt 0.09806961 0.4112252
vt 0.5038461 0.8229933
vt 0.5024748 0.8281919
vt 0.2849723 0.9431885
vt 0.2808835 0.9375405
vt 0.2648607 0.9397069
vt 0.5351094 0.6822349
vt 0.5473126 0.6811827
vt 0.5491261 0.6792248
vt 0.05550277 0.8536485
vt 0.05546361 0.8568302
vt 0.4995627 0.6409087
vt 0.1490543 0.4183601
vt 0.5269554 0.647159
vt 0.6772159 0.9429153
vt 0.06725437 0.9888343
vt 0.8953003 0.9990234
vt 0.7278934 0.6926508
vt 0.7277578 0.6871244
vt 0.5194881 0.6319393
vt 0.9429532 0.9571717
vt 0.9432484 0.9565485
vt 0.9421518 0.9570156
vt 0.3595784 0.8558927
vt 0.5635791 0.4111799
vt 0.5630821 0.4039924
vt 0.5614552 0.4074889
vt 0.7360958 0.4382461
vt 0.7363878 0.4446427
vt 0.7380928 0.4373582
vt 0.5031266 0.8134147
vt 0.5092452 0.818308
vt 0.405057 0.6139067
vt 0.4125049 0.6133869
vt 0.4036064 0.6002349
vt 0.3598474 0.4116886
vt 0.5114557 0.8202835
vt 0.5123607 0.8259223
vt 0.5133028 0.8219973
vt 0.5109346 0.7254786
vt 0.5134842 0.7110833
vt 0.5280086 0.7140976
vt 0.5242738 0.7129084
vt 0.682341 0.9462008
vt 0.6832823 0.9469508
vt 0.9445877 0.9624326
vt 0.7184027 0.6814715
vt 0.7238839 0.7612971
vt 0.7150424 0.753592
vt 0.7104146 0.758635
vt 0.4658884 0.9251643
vt 0.4666215 0.9237428
vt 0.06647599 0.2851707
vt 0.06147861 0.3006755
vt 0.07113373 0.2858607
vt 0.4674609 0.4560885
vt 0.4696074 0.4652793
vt 0.4714702 0.4580363
vt 0.8403195 0.9969454
vt 0.9440701 0.960247
vt 0.314399 0.9615836
vt 0.08070946 0.5623798
vt 0.08632541 0.5640393
vt 0.8002772 0.8996176
vt 0.8953515 0.9983743
vt 0.7990921 0.8972203
vt 0.8003619 0.8986729
vt 0.5617559 0.6694362
vt 0.5679374 0.6787001
vt 0.7466114 0.7031128
vt 0.7476643 0.7037573
vt 0.7434469 0.7114951
vt 0.7436817 0.7055745
vt 0.8437095 0.9896853
vt 0.8435059 0.9905621
vt 0.52266 0.9468917
vt 0.7679815 0.746519
vt 0.5208094 0.9465937
vt 0.5202637 0.9477539
vt 0.03005391 0.9745599
vt 0.5298461 0.6470226
vt 0.3003159 0.9155653
vt 0.3017501 0.9169133
vt 0.5460675 0.8327597
vt 0.02178013 0.2998775
vt 0.02395415 0.2972906
vt 0.02322531 0.2958856
vt 0.935524 0.9986509
vt 0.4530239 0.4561925
vt 0.4489957 0.4498303
vt 0.4512074 0.4643725
vt 0.7703124 0.8497854
vt 0.7666698 0.8220281
vt 0.7640115 0.8440362
vt 0.3813786 0.3228393
vt 0.3786694 0.3267921
vt 0.3816929 0.3250037
vt 0.3996406 0.8094753
vt 0.6547852 0.9977582
vt 0.4452372 0.7792664
vt 0.4362741 0.7762721
vt 0.6917591 0.7719785
vt 0.02961898 0.8445798
vt 0.683139 0.756323
vt 0.6906451 0.7616075
vt 0.5242054 0.9925517
vt 0.6504436 0.9985352
vt 0.5247141 0.9922131
vt 0.02576423 0.3222387
vt 0.02560234 0.3119889
vt 0.02444553 0.3373184
vt 0.02544928 0.3265393
vt 0.01988566 0.3316807
vt 0.01262033 0.8918617
vt 0.03693438 0.3714907
vt 0.04019988 0.3713121
vt 0.0360744 0.3576989
vt 0.3824011 0.3205602
vt 0.382093 0.338142
vt 0.1979993 0.8875877
vt 0.1989572 0.8895303
vt 0.3660897 0.3358997
vt 0.3651607 0.3337072
vt 0.3652989 0.3389167
vt 0.3723428 0.3324131
vt 0.2806767 0.5655901
vt 0.281408 0.5833117
vt 0.9799933 0.7715307
vt 0.1797228 0.8795547
vt 0.9852514 0.7716804
vt 0.9829205 0.7731212
vt 0.716382 0.6709886
vt 0.7183516 0.6718096
vt 0.7179791 0.6684291
vt 0.125508 0.3839345
vt 0.6383448 0.9977704
vt 0.8913227 0.8524542
vt 0.6379392 0.9990234
vt 0.63892 0.998337
vt 0.2815791 0.9445281
vt 0.4408355 0.7686269
vt 0.7516882 0.8537696
vt 0.3735292 0.866659
vt 0.1242919 0.9963717
vt 0.8494717 0.8703114
vt 0.2587457 0.9886684
vt 0.2542091 0.9949452
vt 0.2598101 0.9970219
vt 0.4146073 0.3385514
vt 0.4159673 0.3212998
vt 0.4088988 0.3331919
vt 0.6821251 0.7680528
vt 0.6802059 0.7648592
vt 0.2949039 0.9469604
vt 0.7667305 0.7591634
vt 0.3736216 0.7518688
vt 0.3797925 0.7414424
vt 0.3776528 0.7320939
vt 0.8879428 0.9729719
vt 0.2303884 0.8598944
vt 0.4163389 0.3474468
vt 0.4053571 0.356671
vt 0.4140004 0.3602849
vt 0.03024906 0.9712752
vt 0.653348 0.9026538
vt 0.6560862 0.9059429
vt 0.6532506 0.9012092
vt 0.8870844 0.9204305
vt 0.878973 0.8974996
vt 0.9336885 0.9990234
vt 0.6362305 0.9984924
vt 0.8924571 0.8752876
vt 0.2798477 0.9446169
vt 0.6373726 0.997189
vt 0.6586691 0.9359729
vt 0.6576759 0.9312657
vt 0.0809238 0.8676826
vt 0.6086606 0.9763774
vt 0.08829933 0.8544666
vt 0.1941633 0.8994141
vt 0.4298739 0.9322895
vt 0.4303106 0.930387
vt 0.4289428 0.9305135
vt 0.9402331 0.9573618
vt 0.9228516 0.9706032
vt 0.9232171 0.9711006
vt 0.9233323 0.9707523
vt 0.3760548 0.9975764
vt 0.3749464 0.9892578
vt 0.8632044 0.8593372
vt 0.8540965 0.868935
vt 0.8618935 0.8639421
vt 0.7269628 0.6938347
vt 0.02007811 0.9982559
vt 0.02089004 0.9983778
vt 0.02083864 0.9981428
vt 0.3807026 0.3468509
vt 0.3836451 0.3397484
vt 0.3816156 0.342089
vt 0.239949 0.9962828
vt 0.2256467 0.9729913
vt 0.1939402 0.9990234
vt 0.8390559 0.8986842
vt 0.8453244 0.8821429
vt 0.8397691 0.8871112
vt 0.844358 0.8790862
vt 0.3765545 0.9976419
vt 0.01006415 0.9791994
vt 0.375877 0.9985211
vt 0.3626432 0.3728216
vt 0.3690977 0.3618773
vt 0.3587093 0.3730483
vt 0.465332 0.9244672
vt 0.8729479 0.9222847
vt 0.8835412 0.9086217
vt 0.465689 0.9217001
vt 0.3767048 0.3450409
vt 0.6680671 0.7678402
vt 0.8366352 0.8931892
vt 0.3642514 0.3431151
vt 0.4086393 0.3200182
vt 0.402054 0.3460486
vt 0.5826731 0.9208984
vt 0.3984414 0.3417214
vt 0.3936943 0.3521459
vt 0.400369 0.3461053
vt 0.5818777 0.9170111
vt 0.5816029 0.9147297
vt 0.5825922 0.9172689
vt 0.8050579 0.9259949
vt 0.8072419 0.9265958
vt 0.7361426 0.6933576
vt 0.7415266 0.7024305
vt 0.6013118 0.9627842
vt 0.7786552 0.8722912
vt 0.6018773 0.9618354
vt 0.6010742 0.9618869
vt 0.8576893 0.8925075
vt 0.8592716 0.9190403
vt 0.870164 0.8855003
vt 0.8058297 0.8709558
vt 0.8050532 0.868561
vt 0.8043762 0.8719366
vt 0.6530135 0.9036393
vt 0.6537779 0.9052693
vt 0.8061249 0.878428
vt 0.8080952 0.876791
vt 0.8061973 0.8767102
vt 0.2207268 0.8651989
vt 0.2050645 0.8509839
vt 0.5459623 0.988733
vt 0.8440815 0.9926792
vt 0.2458059 0.9040121
vt 0.222012 0.8731754
vt 0.8011011 0.876862
vt 0.8018493 0.8792186
vt 0.8013821 0.8739899
vt 0.80004 0.8740256
vt 0.7998763 0.8696657
vt 0.7974343 0.8722318
vt 0.6124476 0.9748323
vt 0.6343989 0.997452
vt 0.6364681 0.9930261
vt 0.6604923 0.9922527
vt 0.2994588 0.9985352
vt 0.6618234 0.9926758
vt 0.6616322 0.9922323
vt 0.3911921 0.9917585
vt 0.4059008 0.9742755
vt 0.3889508 0.941063
vt 0.5799966 0.7816895
vt 0.5340195 0.9446699
vt 0.3995321 0.7578752
vt 0.4041867 0.7650179
vt 0.7958285 0.9882194
vt 0.4982855 0.7475823
vt 0.4772949 0.9871883
vt 0.4971532 0.7450317
vt 0.4984845 0.7425683
vt 0.03394377 0.3796851
vt 0.7863722 0.609335
vt 0.7731937 0.5819827
vt 0.7692062 0.6073655
vt 0.4604529 0.7375267
vt 0.4589802 0.7393565
vt 0.4605867 0.7403893
vt 0.4747272 0.4706486
vt 0.442148 0.7706025
vt 0.4387538 0.7723399
vt 0.0519588 0.3993016
vt 0.05376804 0.3926823
vt 0.05024612 0.398939
vt 0.04218638 0.3682132
vt 0.2671175 0.7655596
vt 0.2714977 0.7695124
vt 0.276832 0.7602845
vt 0.6734195 0.9588197
vt 0.6817743 0.9574452
vt 0.672119 0.9548454
vt 0.2581986 0.7622434
vt 0.44461 0.7623266
vt 0.07685554 0.334205
vt 0.06832528 0.3391336
vt 0.07477164 0.3419633
vt 0.4428499 0.7669945
vt 0.05166268 0.3932603
vt 0.3999598 0.7408432
vt 0.03115058 0.819357
vt 0.07613552 0.3493714
vt 0.0736481 0.3647515
vt 0.7374181 0.4355675
vt 0.05583489 0.3429089
vt 0.7977577 0.8752965
vt 0.04253471 0.3932705
vt 0.04247737 0.3785125
vt 0.4627813 0.7572632
vt 0.01857829 0.381335
vt 0.04287517 0.3970064
vt 0.02455425 0.4126666
vt 0.02809179 0.4082291
vt 0.01485765 0.4068835
vt 0.560029 0.6948304
vt 0.5634196 0.7443603
vt 0.5653521 0.7369632
vt 0.5635488 0.7358056
vt 0.01184958 0.5022691
vt 0.02181935 0.5076801
vt 0.02514577 0.3783292
vt 0.02156675 0.3818488
vt 0.2938941 0.9745926
vt 0.9920133 0.7765832
vt 0.4709405 0.9900293
vt 0.9971045 0.7660346
vt 0.4645996 0.987491
vt 0.3753847 0.9650151
vt 0.7156492 0.6654097
vt 0.7972279 0.8966283
vt 0.06727397 0.3682776
vt 0.06822622 0.3570088
vt 0.0663836 0.3666354
vt 0.01883912 0.3831998
vt 0.01534617 0.3849521
vt 0.06474459 0.3652323
vt 0.2425239 0.5233465
vt 0.2427285 0.5061423
vt 0.7151637 0.9820502
vt 0.01123106 0.3816406
vt 0.009309053 0.3835996
vt 0.01222312 0.3847684
vt 0.01390028 0.384418
vt 0.2990915 0.8741895
vt 0.3054521 0.8700269
vt 0.295322 0.8532569
vt 0.5464343 0.7046528
vt 0.5451595 0.6959617
vt 0.41137 0.9822758
vt 0.4767185 0.7305917
vt 0.4098428 0.9839492
vt 0.02736604 0.8366891
vt 0.02810591 0.8434122
vt 0.6848851 0.7520051
vt 0.7975423 0.8937373
vt 0.7998303 0.891505
vt 0.796693 0.8872777
vt 0.2377184 0.9990234
vt 0.8485079 0.9385199
vt 0.8045814 0.8842938
vt 0.8055384 0.8843495
vt 0.8056839 0.8809789
vt 0.4717096 0.7250046
vt 0.5310577 0.7584506
vt 0.5302987 0.7534941
vt 0.5295955 0.7602996
vt 0.5324063 0.7555585
vt 0.4853853 0.7781273
vt 0.4764454 0.7847649
vt 0.4905291 0.7906257
vt 0.5321836 0.7589736
vt 0.5462087 0.7525819
vt 0.551157 0.7476739
vt 0.03537734 0.7965251
vt 0.03550297 0.7966315
vt 0.8057167 0.897383
vt 0.8064458 0.898317
vt 0.8055447 0.8952329
vt 0.5131836 0.9562311
vt 0.4563196 0.7408419
vt 0.4582014 0.741577
vt 0.4578339 0.7317266
vt 0.4563907 0.7449742
vt 0.7969642 0.8748214
vt 0.6128976 0.9753954
vt 0.4015702 0.7438105
vt 0.4020245 0.7367368
vt 0.5825428 0.944885
vt 0.5862978 0.9423347
vt 0.5836896 0.9414934
vt 0.9379883 0.9578266
vt 0.939371 0.9648147
vt 0.5780538 0.9592561
vt 0.5787426 0.9587104
vt 0.5785 0.9598098
vt 0.9513184 0.2172436
vt 0.3990664 0.7432494
vt 0.3990577 0.7466366
vt 0.7842802 0.567862
vt 0.4512355 0.4898341
vt 0.727446 0.3608482
vt 0.3927695 0.9942815
vt 0.7279093 0.3614797
vt 0.3925013 0.9945086
vt 0.3928149 0.9942144
vt 0.392355 0.9939691
vt 0.569787 0.9819346
vt 0.7663672 0.610791
vt 0.7810569 0.6135046
vt 0.39246 0.9945769
vt 0.4939626 0.789623
vt 0.4975882 0.790152
vt 0.4984297 0.7847898
vt 0.392334 0.9944882
vt 0.7247544 0.3572929
vt 0.5697897 0.9823214
vt 0.7235003 0.355322
vt 0.724637 0.3564817
vt 0.7430971 0.997075
vt 0.7427005 0.9973058
vt 0.792607 0.9972162
vt 0.8524916 0.4978114
vt 0.7243134 0.352331
vt 0.7245039 0.3513822
vt 0.7241657 0.3514298
vt 0.7775973 0.6125445
vt 0.4748971 0.7770437
vt 0.4774958 0.7671072
vt 0.4707761 0.7806749
vt 0.4412715 0.7569853
vt 0.4469171 0.7486079
vt 0.4907743 0.8038516
vt 0.6928923 0.9760492
vt 0.5300716 0.7614009
vt 0.528512 0.7660443
vt 0.4914514 0.8050295
vt 0.6931139 0.9770457
vt 0.4594752 0.7289679
vt 0.4566207 0.7294663
vt 0.4552552 0.7278121
vt 0.4643952 0.7708397
vt 0.4683942 0.7782964
vt 0.7860795 0.6159968
vt 0.9440171 0.9536133
vt 0.8961641 0.9973366
vt 0.8948253 0.9945107
vt 0.7318579 0.6911308
vt 0.7203761 0.6781871
vt 0.570297 0.7653276
vt 0.5682036 0.7673275
vt 0.5728546 0.766139
vt 0.8056468 0.8771558
vt 0.8046327 0.8758612
vt 0.805034 0.8773596
vt 0.8042166 0.8758675
vt 0.3960173 0.7543355
vt 0.3935574 0.7621867
vt 0.3950448 0.7584919
vt 0.3982513 0.752116
vt 0.8581543 0.9536133
vt 0.9041562 0.6437379
vt 0.9073917 0.6490598
vt 0.7987148 0.8854072
vt 0.7999916 0.8774934
vt 0.4819556 0.7601197
vt 0.4784087 0.7668286
vt 0.3401734 0.9750518
vt 0.3320135 0.9766204
vt 0.7250596 0.3512037
vt 0.7263344 0.3507279
vt 0.8002963 0.883181
vt 0.8025348 0.869243
vt 0.8035261 0.8692399
vt 0.02726275 0.9698921
vt 0.02736628 0.9673234
vt 0.8091227 0.8849748
vt 0.4615672 0.7515423
vt 0.7268381 0.3504547
vt 0.7266901 0.3513376
vt 0.492798 0.7496607
vt 0.4972488 0.7521653
vt 0.4976224 0.7483643
vt 0.4652343 0.7467946
vt 0.4648072 0.7444636
vt 0.4634054 0.7449246
vt 0.7285297 0.3495384
vt 0.4634169 0.7482405
vt 0.4673775 0.764913
vt 0.5249981 0.7212749
vt 0.5347967 0.7186764
vt 0.4590179 0.7620275
vt 0.8059914 0.8868865
vt 0.4265321 0.7219148
vt 0.4276239 0.7228801
vt 0.4374558 0.7068484
vt 0.425523 0.7243623
vt 0.4044789 0.7361954
vt 0.4262316 0.7378943
vt 0.7916367 0.6157136
vt 0.498472 0.7482662
vt 0.4951289 0.7383912
vt 0.496074 0.7312933
vt 0.7287369 0.3496231
vt 0.7287399 0.3493902
vt 0.729631 0.3484785
vt 0.8026845 0.8766836
vt 0.8265687 0.6297429
vt 0.8440589 0.6475068
vt 0.8451564 0.6202947
vt 0.5081458 0.5495641
vt 0.2759872 0.7798918
vt 0.4608113 0.7497233
vt 0.4647937 0.7274246
vt 0.4668194 0.7348592
vt 0.4656547 0.7253422
vt 0.8063833 0.8843991
vt 0.8058252 0.8796325
vt 0.4721102 0.7729729
vt 0.4668245 0.7465879
vt 0.4698436 0.7506545
vt 0.4680277 0.7446636
vt 0.2202146 0.5423381
vt 0.4409916 0.9906451
vt 0.6772801 0.7457742
vt 0.8088785 0.8821324
vt 0.2749842 0.9458261
vt 0.2707177 0.9638928
vt 0.2725489 0.9697266
vt 0.2727562 0.9508395
vt 0.5219167 0.7669358
vt 0.5200428 0.7670091
vt 0.5225437 0.769349
vt 0.5174026 0.7674681
vt 0.5194963 0.7730932
vt 0.7310448 0.3503335
vt 0.7305149 0.3476245
vt 0.822633 0.8683957
vt 0.8224926 0.8747305
vt 0.9350272 0.3855499
vt 0.8072594 0.9897074
vt 0.02720213 0.9743719
vt 0.9429934 0.9559124
vt 0.5449642 0.7130805
vt 0.5452677 0.7169503
vt 0.4951965 0.7447191
vt 0.4939455 0.7457644
vt 0.9411908 0.9571471
vt 0.4286106 0.9312537
vt 0.455565 0.7299049
vt 0.7309957 0.346983
vt 0.7330928 0.3453041
vt 0.84826 0.4930954
vt 0.9854038 0.8064914
vt 0.01042235 0.3858529
vt 0.01276875 0.3858991
vt 0.4845949 0.953738
vt 0.48342 0.9514102
vt 0.4830127 0.9526851
vt 0.4865723 0.9326236
vt 0.5095111 0.953284
vt 0.5057695 0.9458033
vt 0.5445609 0.984946
vt 0.6703215 0.9382135
vt 0.2303121 0.5515688
vt 0.2347947 0.5507239
vt 0.2334459 0.5384356
vt 0.3539314 0.9844279
vt 0.3498323 0.9794289
vt 0.5472912 0.5538173
vt 0.5459032 0.5511152
vt 0.5433162 0.5648531
vt 0.4630224 0.9447623
vt 0.5140681 0.6992887
vt 0.5176208 0.7082781
vt 0.7281469 0.6981275
vt 0.8075634 0.8881887
vt 0.3999383 0.628112
vt 0.4011683 0.6389993
vt 0.4871199 0.9141376
vt 0.4920452 0.6131676
vt 0.4905514 0.5962777
vt 0.4871325 0.604071
vt 0.4898547 0.6299386
vt 0.8011168 0.8708541
vt 0.5400341 0.7184452
vt 0.7778728 0.631649
vt 0.8580412 0.6502391
vt 0.862727 0.6717702
vt 0.880042 0.674768
vt 0.318203 0.7557524
vt 0.2821726 0.9491599
vt 0.5337429 0.7328914
vt 0.2797512 0.95441
vt 0.2798544 0.950874
vt 0.4667752 0.7214062
vt 0.8432119 0.9958802
vt 0.8442943 0.9963275
vt 0.4797016 0.4665617
vt 0.4127651 0.9803186
vt 0.5584482 0.9739079
vt 0.02434385 0.8153172
vt 0.5581235 0.9740829
vt 0.5563965 0.9737971
vt 0.558441 0.9794922
vt 0.02586383 0.8206229
vt 0.5432813 0.7102089
vt 0.5421176 0.7069935
vt 0.5751392 0.7062118
vt 0.5687491 0.6942277
vt 0.08346254 0.9876345
vt 0.5733364 0.6828083
vt 0.5780463 0.6732451
vt 0.04859436 0.3286138
vt 0.04996252 0.3183126
vt 0.04555666 0.3147429
vt 0.0123266 0.9047448
vt 0.01390517 0.9117985
vt 0.01627171 0.8987846
vt 0.99905 0.9729797
vt 0.007100821 0.9025388
vt 0.02750766 0.357464
vt 0.8482918 0.9404297
vt 0.8492944 0.9402754
vt 0.708761 0.7068459
vt 0.8077983 0.8713281
vt 0.5736942 0.6999704
vt 0.8067752 0.8704835
vt 0.6937647 0.7106289
vt 0.6903846 0.6858818
vt 0.6863623 0.7085537
vt 0.02642858 0.8160728
vt 0.0273146 0.8193249
vt 0.0271377 0.8167427
vt 0.9499894 0.9827676
vt 0.03225255 0.8353215
vt 0.9504851 0.9817976
vt 0.9499512 0.9825641
vt 0.03259128 0.8393633
vt 0.9435393 0.95333
vt 0.3938566 0.7631638
vt 0.7886624 0.6826932
vt 0.01209092 0.3651393
vt 0.005478978 0.364249
vt 0.008893847 0.3688126
vt 0.5824339 0.7287837
vt 0.8071637 0.8655923
vt 0.0247823 0.3063912
vt 0.02313149 0.30707
vt 0.02553701 0.3079677
vt 0.02461898 0.300738
vt 0.4666942 0.7372829
vt 0.4692285 0.7376059
vt 0.4075556 0.5825742
vt 0.6626459 0.9033203
vt 0.4109837 0.5922012
vt 0.4048997 0.5861079
vt 0.8060044 0.8607466
vt 0.8067876 0.8684636
vt 0.8075595 0.8694998
vt 0.3119844 0.8836762
vt 0.3103777 0.8793373
vt 0.4614846 0.7419082
vt 0.4579785 0.743085
vt 0.4855154 0.7119157
vt 0.480469 0.7216268
vt 0.7947072 0.6586379
vt 0.5317989 0.8239685
vt 0.1785967 0.8908233
vt 0.8053753 0.8671814
vt 0.5468062 0.635348
vt 0.4462291 0.9956946
vt 0.4578006 0.4644927
vt 0.4557437 0.4555498
vt 0.4570967 0.4498745
vt 0.8034796 0.8664266
vt 0.847168 0.9399779
vt 0.4682724 0.7192791
vt 0.4646543 0.722855
vt 0.7324548 0.3452167
vt 0.6560678 0.8922118
vt 0.6561723 0.8882757
vt 0.6550326 0.8876023
vt 0.6544575 0.8819315
vt 0.9711914 0.9865155
vt 0.6530386 0.8854982
vt 0.6537784 0.8947025
vt 0.6512253 0.8879317
vt 0.9715387 0.9878435
vt 0.7522228 0.9833984
vt 0.9719244 0.9882812
vt 0.7512254 0.9828327
vt 0.6510925 0.8918716
vt 0.7949711 0.8869915
vt 0.08687043 0.665177
vt 0.08113945 0.6657482
vt 0.6755371 0.9982236
vt 0.0905202 0.6873369
vt 0.6755713 0.9985352
vt 0.07739091 0.656548
vt 0.6759293 0.9983783
vt 0.0769043 0.9982516
vt 0.07696282 0.9985352
vt 0.07712851 0.9983562
vt 0.06982422 0.6668625
vt 0.719132 0.9976693
vt 0.7192376 0.9980469
vt 0.7192923 0.9978547
vt 0.4284668 0.934082
vt 0.6616806 0.9127091
vt 0.719349 0.9979329
vt 0.5413409 0.9980413
vt 0.809193 0.8925129
vt 0.8076562 0.8899521
vt 0.5355853 0.7000694
vt 0.977168 0.7747808
vt 0.1771754 0.8781545
vt 0.9718398 0.7705731
vt 0.009451509 0.3847834
vt 0.4630828 0.7402313
vt 0.4618769 0.738835
vt 0.760924 0.447564
vt 0.7679522 0.4489747
vt 0.7610852 0.4422902
vt 0.5845419 0.6662159
vt 0.8319879 0.9557698
vt 0.4577067 0.9248047
vt 0.8298326 0.9583895
vt 0.8295898 0.9571971
vt 0.6257126 0.9159554
vt 0.7330762 0.344525
vt 0.8399045 0.9778594
vt 0.9115945 0.6543906
vt 0.8399993 0.9791065
vt 0.838623 0.980957
vt 0.9108567 0.6514993
vt 0.480194 0.5004072
vt 0.8155321 0.6305329
vt 0.5091231 0.5350736
vt 0.4955976 0.5511359
vt 0.469093 0.6071794
vt 0.4082168 0.5715255
vt 0.4107431 0.5699111
vt 0.4068398 0.5705991
vt 0.6678973 0.8880658
vt 0.4860508 0.9629139
vt 0.4893504 0.4310217
vt 0.4899762 0.4524708
vt 0.4918249 0.4487547
vt 0.03135878 0.8457885
vt 0.0308882 0.8340956
vt 0.03631973 0.7962471
vt 0.03701886 0.7955419
vt 0.4954708 0.4406578
vt 0.8946266 0.7096272
vt 0.9032937 0.7201364
vt 0.9075013 0.706367
vt 0.7211477 0.6064475
vt 0.4832104 0.4418203
vt 0.8094057 0.9032356
vt 0.4313599 0.9329739
vt 0.7847617 0.9483798
vt 0.659685 0.9128091
vt 0.3939655 0.7567334
vt 0.3945608 0.7545016
vt 0.7338823 0.5886195
vt 0.5873654 0.9084819
vt 0.581377 0.8397922
vt 0.5840071 0.8337214
vt 0.4686928 0.4473968
vt 0.4670564 0.4370385
vt 0.4561256 0.4367945
vt 0.633797 0.9063627
vt 0.4556406 0.4246316
vt 0.452442 0.4304124
vt 0.624723 0.9212904
vt 0.09130985 0.6345092
vt 0.09437346 0.6265663
vt 0.09387958 0.6258722
vt 0.7343057 0.5842653
vt 0.7325165 0.5872792
vt 0.601382 0.9459267
vt 0.600727 0.953884
vt 0.602095 0.9484233
vt 0.5497673 0.5484641
vt 0.5865414 0.9091797
vt 0.7200094 0.9842933
vt 0.719985 0.9850741
vt 0.5921363 0.9052644
vt 0.591715 0.9054338
vt 0.5921559 0.9054316
vt 0.7024218 0.6382709
vt 0.9228535 0.693104
vt 0.924494 0.7023867
vt 0.9308403 0.7012092
vt 0.7186048 0.9836393
vt 0.5922028 0.9052838
vt 0.9145938 0.6983389
vt 0.9128475 0.6987552
vt 0.9147776 0.6990493
vt 0.4577013 0.747475
vt 0.02967298 0.820125
vt 0.02881002 0.8187761
vt 0.03004843 0.8241059
vt 0.8011848 0.5859654
vt 0.9332684 0.6919946
vt 0.4778359 0.471344
vt 0.477085 0.4649911
vt 0.7434244 0.3865832
vt 0.7437305 0.3915227
vt 0.7478186 0.3872406
vt 0.749495 0.4856296
vt 0.7428583 0.4798476
vt 0.7435046 0.4858348
vt 0.9737561 0.6878521
vt 0.4682152 0.7539544
vt 0.6677333 0.9407184
vt 0.6648037 0.9389498
vt 0.7448932 0.3912969
vt 0.2277285 0.5583509
vt 0.2219173 0.5471623
vt 0.6443783 0.7605866
vt 0.6428982 0.7587895
vt 0.6441468 0.763598
vt 0.6403608 0.7612563
vt 0.7568475 0.4540287
vt 0.649756 0.8162133
vt 0.6441865 0.7974433
vt 0.6337545 0.8080072
vt 0.6289378 0.8247137
vt 0.6285635 0.8393857
vt 0.6238767 0.7774785
vt 0.5913976 0.9036558
vt 0.5920353 0.9028497
vt 0.5205082 0.870207
vt 0.5199462 0.5312354
vt 0.523409 0.5314828
vt 0.5191852 0.5082861
vt 0.5219079 0.8750228
vt 0.7712579 0.4657986
vt 0.7698636 0.4645213
vt 0.7688116 0.4647689
vt 0.800142 0.6291373
vt 0.02235883 0.9929795
vt 0.4513625 0.7056808
vt 0.02420384 0.9882983
vt 0.02253973 0.9970839
vt 0.5266687 0.86903
vt 0.5522872 0.988235
vt 0.5487233 0.9966019
vt 0.5472587 0.9939187
vt 0.5096899 0.9058983
vt 0.8031938 0.6515378
vt 0.1010742 0.9962229
vt 0.5538211 0.9862187
vt 0.7683327 0.4760324
vt 0.5147256 0.8818554
vt 0.5156614 0.8799744
vt 0.1087795 0.6047906
vt 0.100984 0.6140977
vt 0.1003072 0.6167363
vt 0.1060934 0.6056322
vt 0.1076214 0.6031067
vt 0.5365621 0.8641912
vt 0.535316 0.8583091
vt 0.531093 0.8679577
vt 0.5143071 0.8839402
vt 0.513985 0.8878838
vt 0.5132438 0.8876519
vt 0.4426115 0.7517039
vt 0.7978255 0.8975686
vt 0.522094 0.9443536
vt 0.5239136 0.9466069
vt 0.02824682 0.9853516
vt 0.5177128 0.8805737
vt 0.3712424 0.9863957
vt 0.750111 0.4565014
vt 0.7443613 0.4648999
vt 0.5618629 0.9990234
vt 0.370709 0.9851992
vt 0.5094701 0.8971089
vt 0.3707145 0.9852278
vt 0.3703586 0.9852724
vt 0.3705898 0.9855629
vt 0.6953648 0.6890502
vt 0.6909275 0.6807679
vt 0.48497 0.4827684
vt 0.5093416 0.5074081
vt 0.3707275 0.9853665
vt 0.1088037 0.6011584
vt 0.1190738 0.5842102
vt 0.7469509 0.5076034
vt 0.7597834 0.503687
vt 0.7421629 0.4993913
vt 0.4629952 0.4759305
vt 0.3707565 0.9854094
vt 0.3711194 0.985837
vt 0.3709057 0.985538
vt 0.5113074 0.8922318
vt 0.3707666 0.9859737
vt 0.7668644 0.4223082
vt 0.7660228 0.4265102
vt 0.617714 0.1369518
vt 0.6243656 0.1402563
vt 0.6177374 0.1367505
vt 0.3607938 0.4306917
vt 0.3598529 0.4240725
vt 0.3566873 0.4351101
vt 0.3647764 0.4246596
vt 0.3698804 0.4316442
vt 0.3628865 0.439616
vt 0.7681683 0.4210792
vt 0.7623156 0.4974828
vt 0.7634842 0.5075936
vt 0.407591 0.981617
vt 0.7478194 0.4806774
vt 0.4746764 0.4769455
vt 0.3964837 0.7475766
vt 0.3967263 0.7500886
vt 0.3979973 0.7479029
vt 0.7484713 0.4622567
vt 0.7518533 0.4661894
vt 0.7704549 0.4249249
vt 0.6119541 0.1667239
vt 0.6222721 0.1485149
vt 0.6168577 0.1381282
vt 0.6213846 0.167706
vt 0.770632 0.4193281
vt 0.2025074 0.8814379
vt 0.2028369 0.8809655
vt 0.2015188 0.8801777
vt 0.7351622 0.3672204
vt 0.7321626 0.3640491
vt 0.7334967 0.3658052
vt 0.499014 0.4564282
vt 0.5122579 0.4839058
vt 0.5006945 0.4397957
vt 0.2020947 0.8788176
vt 0.5130349 0.9121317
vt 0.513042 0.9120791
vt 0.7483115 0.5606941
vt 0.5261733 0.8578877
vt 0.5545588 0.2412881
vt 0.5542945 0.2614313
vt 0.9907385 0.9930961
vt 0.9913651 0.9885193
vt 0.5890301 0.9978785
vt 0.945762 0.2244263
vt 0.5886277 0.9981878
vt 0.588623 0.9981804
vt 0.9454278 0.2243276
vt 0.9386388 0.2378957
vt 0.9411327 0.2363654
vt 0.5890223 0.9985352
vt 0.9361705 0.2465205
vt 0.9385016 0.2383769
vt 0.5890715 0.9983031
vt 0.9321808 0.2589498
vt 0.9351705 0.2546633
vt 0.937186 0.2501108
vt 0.9947526 0.9969102
vt 0.9317839 0.2789161
vt 0.9913912 0.9883395
vt 0.4838877 0.4756563
vt 0.4810939 0.4764026
vt 0.9942857 0.9908809
vt 0.9919457 0.9862692
vt 0.9917902 0.9854614
vt 0.9957469 0.9879533
vt 0.002265155 0.9492628
vt 0.589005 0.9982505
vt 0.9932016 0.9825302
vt 0.0326305 0.8427991
vt 0.7447257 0.8310382
vt 0.7490647 0.8090412
vt 0.8001259 0.8964199
vt 0.9945392 0.9787231
vt 0.9946393 0.9782957
vt 0.4808064 0.4843121
vt 0.5993576 0.9589885
vt 0.5951557 0.9590781
vt 0.9988483 0.9788873
vt 0.808558 0.9981287
vt 0.5507646 0.288496
vt 0.8201336 0.9744323
vt 0.5947118 0.1757255
vt 0.5962971 0.173295
vt 0.5922847 0.1794913
vt 0.6020344 0.1770939
vt 0.5901556 0.1827323
vt 0.5884726 0.193344
vt 0.5829651 0.1937448
vt 0.5949024 0.1920042
vt 0.7751892 0.8429515
vt 0.7801861 0.815136
vt 0.3888443 0.7283367
vt 0.3866575 0.7276338
vt 0.7356353 0.3415789
vt 0.6061975 0.9199221
vt 0.6052997 0.9209541
vt 0.8949076 0.33293
vt 0.4757081 0.4576536
vt 0.8904417 0.3170866
vt 0.9994059 0.9605525
vt 0.9956055 0.9594133
vt 0.9991069 0.9617144
vt 0.7567476 0.4194281
vt 0.7561529 0.421782
vt 0.7545254 0.421123
vt 0.9977912 0.9530477
vt 0.999391 0.9563313
vt 0.754038 0.4129128
vt 0.7559459 0.4243868
vt 0.1218232 0.6361088
vt 0.1150805 0.6091039
vt 0.107599 0.6126879
vt 0.8975403 0.3171587
vt 0.384619 0.7234661
vt 0.4899271 0.4677523
vt 0.9039545 0.6610217
vt 0.8975614 0.6587981
vt 0.9061904 0.6681018
vt 0.9906163 0.9891253
vt 0.7571575 0.4261465
vt 0.756809 0.4268429
vt 0.7592819 0.4265345
vt 0.7438624 0.4126728
vt 0.7439858 0.4129878
vt 0.7438527 0.4122602
vt 0.4925429 0.88021
vt 0.4926206 0.8808567
vt 0.7606617 0.4284058
vt 0.5309207 0.9263213
vt 0.5339844 0.9287574
vt 0.5317785 0.9266244
vt 0.5326813 0.927635
vt 0.5346316 0.929106
vt 0.536965 0.9294112
vt 0.5823709 0.8501197
vt 0.5836892 0.8449265
vt 0.5341361 0.9282287
vt 0.5849246 0.8437254
vt 0.5834534 0.8521732
vt 0.7593268 0.5418642
vt 0.7622141 0.5370181
vt 0.4033438 0.5091975
vt 0.08804917 0.3630114
vt 0.08853924 0.3647995
vt 0.0900265 0.3600204
vt 0.4093504 0.9801598
vt 0.5846301 0.8536979
vt 0.4039178 0.5056798
vt 0.7592311 0.542026
vt 0.7593145 0.5423589
vt 0.7591492 0.5421654
vt 0.4368229 0.4435449
vt 0.08676815 0.3614293
vt 0.8472167 0.9981892
vt 0.9832696 0.9980518
vt 0.9843811 0.9975535
vt 0.9837209 0.9967333
vt 0.1775891 0.8939829
vt 0.4912936 0.8837566
vt 0.4921974 0.8818793
vt 0.7435542 0.41414
vt 0.3432233 0.3666483
vt 0.07021001 0.6650305
vt 0.1389925 0.5511093
vt 0.1390015 0.5511218
vt 0.1389983 0.5510996
vt 0.9310141 0.6702883
vt 0.9281609 0.6757509
vt 0.9199871 0.6537831
vt 0.9174627 0.6482849
vt 0.9183434 0.6584809
vt 0.4529103 0.4140013
vt 0.7722524 0.5196194
vt 0.6535026 0.8969966
vt 0.6547233 0.8951883
vt 0.7735626 0.5173544
vt 0.4594808 0.4022495
vt 0.4361145 0.9216298
vt 0.4347513 0.9244463
vt 0.436531 0.9242792
vt 0.4594462 0.402154
vt 0.4366378 0.4433358
vt 0.4594771 0.402099
vt 0.7388219 0.4324565
vt 0.7398267 0.4322163
vt 0.9751379 0.6267578
vt 0.9756498 0.6252372
vt 0.9761958 0.6265173
vt 0.6655543 0.7239854
vt 0.02899408 0.8135244
vt 0.6660129 0.708941
vt 0.670254 0.7251737
vt 0.9766979 0.6198141
vt 0.5674474 0.8718824
vt 0.9489422 0.735543
vt 0.8754811 0.3494051
vt 0.9459912 0.7255491
vt 0.3419777 0.4190928
vt 0.5909389 0.9939414
vt 0.5898265 0.9990234
vt 0.3321764 0.4177772
vt 0.07247697 0.6624473
vt 0.07145941 0.6672699
vt 0.07141146 0.6641321
vt 0.3314521 0.3842763
vt 0.07010353 0.9742578
vt 0.331391 0.3871974
vt 0.07047275 0.6657699
vt 0.07305855 0.6653301
vt 0.07031572 0.6675195
vt 0.252662 0.4170293
vt 0.2537187 0.4038949
vt 0.2525022 0.4155971
vt 0.5964951 0.9935707
vt 0.5977024 0.9958408
vt 0.5975814 0.9940047
vt 0.2349883 0.3180528
vt 0.2357303 0.3162352
vt 0.2562429 0.4046884
vt 0.2538944 0.3943098
vt 0.2520849 0.3995423
vt 0.2516488 0.3890992
vt 0.2568495 0.3935713
vt 0.2602617 0.4033631
vt 0.2594779 0.4165404
vt 0.2348715 0.3163439
vt 0.2610543 0.3928688
vt 0.2669247 0.4124492
vt 0.7662413 0.5313305
vt 0.7423251 0.4573915
vt 0.2492075 0.3875624
vt 0.7661682 0.5303301
vt 0.7682168 0.5313828
vt 0.01949144 0.8200747
vt 0.02007848 0.8185897
vt 0.0200628 0.8179095
vt 0.01993681 0.8178815
vt 0.4612378 0.4594026
vt 0.02029535 0.8158008
vt 0.02043825 0.8150551
vt 0.02045072 0.8148862
vt 0.02078635 0.816949
vt 0.02203119 0.8160581
vt 0.5462768 0.668492
vt 0.5473633 0.8820919
vt 0.547771 0.8835989
vt 0.3289676 0.8922529
vt 0.4839775 0.360062
vt 0.4943269 0.3789524
vt 0.4869942 0.3551728
vt 0.4812211 0.3843778
vt 0.494185 0.3590509
vt 0.5713639 0.951709
vt 0.9592636 0.1996333
vt 0.9608301 0.2061377
vt 0.9667215 0.2040966
vt 0.9660611 0.1915735
vt 0.9592894 0.2019277
vt 0.9643622 0.1901045
vt 0.956636 0.21165
vt 0.9550366 0.2215364
vt 0.9676263 0.1838791
vt 0.4877773 0.3538956
vt 0.7473379 0.4520738
vt 0.05407357 0.3848504
vt 0.05630171 0.3844961
vt 0.05332816 0.378451
vt 0.9696208 0.1834859
vt 0.5634071 0.9457433
vt 0.4813999 0.3642612
vt 0.974676 0.1907321
vt 0.8653734 0.6985585
vt 0.9747881 0.1716616
vt 0.9737819 0.1764801
vt 0.5601329 0.9406192
vt 0.0776242 0.3178822
vt 0.08080626 0.3234226
vt 0.07870209 0.3118697
vt 0.05144978 0.3893476
vt 0.6316179 0.1121936
vt 0.6320623 0.1138692
vt 0.2510979 0.3997807
vt 0.6314184 0.1125582
vt 0.2503668 0.3936802
vt 0.5745143 0.2349712
vt 0.563051 0.2495089
vt 0.569169 0.2629923
vt 0.5603684 0.2709545
vt 0.560467 0.2328959
vt 0.6599644 0.9044752
vt 0.6566947 0.9082932
vt 0.02096605 0.8206106
vt 0.02173567 0.8194039
vt 0.02185374 0.8232603
vt 0.02299017 0.8201458
vt 0.6648741 0.9508137
vt 0.666719 0.9522148
vt 0.6680279 0.9470793
vt 0.2521368 0.4098901
vt 0.6279949 0.1184135
vt 0.02180856 0.8266284
vt 0.02257365 0.8272201
vt 0.1154038 0.9946045
vt 0.1154436 0.9937756
vt 0.1152755 0.9946289
vt 0.5669774 0.8721383
vt 0.766191 0.7530147
vt 0.4545987 0.7526746
vt 0.4567341 0.7555162
vt 0.05639648 0.9926758
vt 0.680952 0.9719899
vt 0.05804574 0.9911932
vt 0.05815721 0.9922236
vt 0.702576 0.6750439
vt 0.7016006 0.6610798
vt 0.6990819 0.6716381
vt 0.7052829 0.6653723
vt 0.7074227 0.6623491
vt 0.706421 0.6557279
vt 0.8397998 0.9955456
vt 0.8388211 0.9950138
vt 0.8383789 0.9984526
vt 0.4620711 0.4465891
vt 0.02609515 0.3006449
vt 0.02542555 0.2970836
vt 0.5605804 0.6429731
vt 0.5576818 0.6523674
vt 0.6211213 0.1306392
vt 0.6209553 0.1309332
vt 0.4915915 0.8868412
vt 0.742486 0.420181
vt 0.3261757 0.4121909
vt 0.32751 0.4108944
vt 0.5416318 0.9984571
vt 0.7438548 0.4128347
vt 0.2376154 0.998189
vt 0.7567814 0.4197859
vt 0.7570053 0.4222486
vt 0.7565897 0.4180428
vt 0.3979765 0.7439108
vt 0.3960615 0.7404382
vt 0.6957899 0.7248487
vt 0.7154523 0.7007037
vt 0.5682542 0.7649067
vt 0.5641849 0.7671329
vt 0.9754897 0.9985287
vt 0.9757305 0.9984853
vt 0.9757216 0.9983332
vt 0.3359914 0.4010361
vt 0.3348341 0.3906395
vt 0.08084726 0.6733812
vt 0.07520372 0.6934413
vt 0.9756415 0.9984019
vt 0.5889547 0.9984912
vt 0.08080906 0.7087967
vt 0.3389194 0.3865852
vt 0.5811058 0.9978545
vt 0.3437818 0.4094597
vt 0.3522023 0.3964192
vt 0.5810943 0.9990234
vt 0.5817263 0.9984988
vt 0.5411198 0.9990234
vt 0.4814587 0.472181
vt 0.5889746 0.998087
vt 0.4878333 0.9580112
vt 0.4861554 0.955492
vt 0.4856558 0.9584152
vt 0.6810051 0.6927606
vt 0.6818242 0.7004495
vt 0.6834998 0.6921669
vt 0.04916048 0.3859093
vt 0.0542959 0.3883109
vt 0.588961 0.9979844
vt 0.9488913 0.2181749
vt 0.8040167 0.8655729
vt 0.5889708 0.9984024
vt 0.3750141 0.9566792
vt 0.3882893 0.9252291
vt 0.3763763 0.9344021
vt 0.4664239 0.4587281
vt 0.4635921 0.4541472
vt 0.5890037 0.9983183
vt 0.4581897 0.4544638
vt 0.6888914 0.671982
vt 0.6920122 0.6691632
vt 0.6891838 0.6691964
vt 0.6924205 0.6659253
vt 0.46497 0.4598312
vt 0.9618915 0.8537571
vt 0.9710779 0.8419814
vt 0.9064035 0.2909843
vt 0.9084707 0.2916234
vt 0.907211 0.2896355
vt 0.6148589 0.1414366
vt 0.6227993 0.140139
vt 0.7737216 0.5170814
vt 0.7614408 0.3896631
vt 0.9230874 0.6769235
vt 0.9234381 0.6687994
vt 0.01993132 0.30843
vt 0.9210225 0.6557044
vt 0.7612824 0.3898993
vt 0.915436 0.6441015
vt 0.5314668 0.8413754
vt 0.4441604 0.9228516
vt 0.5360817 0.8400884
vt 0.4792266 0.9218742
vt 0.6020508 0.9802372
vt 0.4783603 0.926266
vt 0.02612305 0.9521946
vt 0.02650183 0.9535392
vt 0.02623731 0.9511974
vt 0.05150366 0.3121914
vt 0.6527599 0.9605932
vt 0.6483136 0.9604864
vt 0.6505908 0.9614103
vt 0.100094 0.615574
vt 0.09486779 0.6242319
vt 0.08507507 0.6405272
vt 0.0892975 0.6335392
vt 0.09040605 0.6317167
vt 0.09126436 0.6302822
vt 0.7548469 0.9924988
vt 0.7550344 0.9922681
vt 0.7424539 0.3825893
vt 0.6705318 0.9527534
vt 0.6728265 0.9478889
vt 0.719339 0.9978724
vt 0.3242558 0.4218511
vt 0.3245839 0.4257649
vt 0.8386379 0.9990234
vt 0.4633424 0.4497427
vt 0.71903 0.9976212
vt 0.08657861 0.3592876
vt 0.08577597 0.3618653
vt 0.7166914 0.3444
vt 0.08497548 0.3568451
vt 0.08942592 0.3573294
vt 0.5836444 0.8331165
vt 0.363469 0.9301386
vt 0.5489811 0.9589844
vt 0.548453 0.9587517
vt 0.5478516 0.9589359
vt 0.6389578 0.928753
vt 0.6383702 0.92748
vt 0.5697656 0.8740922
vt 0.2334502 0.5559738
vt 0.5479826 0.9578019
vt 0.5685096 0.8740153
vt 0.5677657 0.8774065
vt 0.5669498 0.8825095
vt 0.6825043 0.6858333
vt 0.686391 0.6772256
vt 0.6811005 0.6848039
vt 0.6293535 0.9346137
vt 0.633796 0.9383785
vt 0.6318455 0.9332131
vt 0.4588348 0.4430863
vt 0.5840169 0.8331554
vt 0.4405279 0.437694
vt 0.6266685 0.9356769
vt 0.6231534 0.9305218
vt 0.6218635 0.9402485
vt 0.7679559 0.535207
vt 0.6262121 0.9462891
vt 0.4476104 0.4419095
vt 0.650205 0.8841732
vt 0.6507818 0.8856847
vt 0.649556 0.8808374
vt 0.7620578 0.9619141
vt 0.6500908 0.8785399
vt 0.7616279 0.9593371
vt 0.5469528 0.6762439
vt 0.09422431 0.6253012
vt 0.6695537 0.9829102
vt 0.3241668 0.4321043
vt 0.460429 0.4486855
vt 0.1760259 0.5332658
vt 0.3756528 0.3455338
vt 0.3761002 0.3499228
vt 0.5332929 0.9254303
vt 0.3792937 0.330659
vt 0.5439492 0.9599609
vt 0.5315068 0.9267346
vt 0.6300372 0.9312123
vt 0.03774171 0.9311885
vt 0.04090911 0.9379002
vt 0.03962215 0.9519681
vt 0.03700999 0.9246647
vt 0.03843617 0.9086312
vt 0.0363024 0.9191294
vt 0.7658134 0.4327128
vt 0.7627929 0.4291601
vt 0.7613977 0.4261848
vt 0.02079277 0.855386
vt 0.02398372 0.8615072
vt 0.02546078 0.8538021
vt 0.7588023 0.430526
vt 0.7558722 0.4283646
vt 0.01962641 0.8504301
vt 0.03088015 0.8923454
vt 0.03539723 0.8955444
vt 0.03321648 0.9021346
vt 0.02861496 0.8809336
vt 0.6327049 0.9310766
vt 0.4612038 0.4439717
vt 0.6316721 0.924559
vt 0.02577418 0.8716499
vt 0.02585823 0.8737156
vt 0.02534565 0.8720526
vt 0.01973629 0.3830524
vt 0.02492592 0.8706113
vt 0.02292082 0.8632146
vt 0.01738344 0.8427401
vt 0.01934052 0.8368339
vt 0.2174071 0.4815553
vt 0.2192196 0.4579754
vt 0.9090552 0.3127005
vt 0.9146836 0.2833559
vt 0.01737278 0.8401466
vt 0.9118152 0.9204637
vt 0.9173012 0.9187038
vt 0.9157811 0.9124825
vt 0.8943903 0.3701202
vt 0.8825129 0.368329
vt 0.8892975 0.3745224
vt 0.743531 0.4081528
vt 0.4945516 0.8884099
vt 0.9148899 0.6588722
vt 0.9101113 0.657641
vt 0.01643666 0.8355971
vt 0.01817966 0.8360226
vt 0.8854654 0.3822045
vt 0.8728125 0.3873094
vt 0.8734834 0.3899575
vt 0.06591797 0.9879107
vt 0.7583008 0.9600909
vt 0.7590246 0.9640845
vt 0.7584342 0.9632047
vt 0.7384095 0.3473856
vt 0.04494268 0.9026599
vt 0.0459137 0.90258
vt 0.04214621 0.9030932
vt 0.01433251 0.8322644
vt 0.04364789 0.906199
vt 0.5878344 0.2073187
vt 0.4518638 0.579953
vt 0.4689989 0.5736831
vt 0.456291 0.5718419
vt 0.8178711 0.9684213
vt 0.7819693 0.8798828
vt 0.7815253 0.8744897
vt 0.6053225 0.2063667
vt 0.9418237 0.2983383
vt 0.9660306 0.2719181
vt 0.9446971 0.2453566
vt 0.01652598 0.8298786
vt 0.7817664 0.9984556
vt 0.02080369 0.3815993
vt 0.782476 0.9982886
vt 0.7817956 0.9990234
vt 0.5568706 0.2895707
vt 0.550276 0.2729388
vt 0.8127484 0.9665722
vt 0.8061523 0.9780252
vt 0.8083406 0.996558
vt 0.05741537 0.9799298
vt 0.05728793 0.9763407
vt 0.05634074 0.9787162
vt 0.03433619 0.9066021
vt 0.06058625 0.9836829
vt 0.06292647 0.9848117
vt 0.06174335 0.9850783
vt 0.05965217 0.982545
vt 0.00151813 0.9544619
vt 0.5088717 0.9311465
vt 0.0004882812 0.9521637
vt 0.001661658 0.956543
vt 0.5088217 0.9416867
vt 0.996237 0.9954948
vt 0.5073242 0.944453
vt 0.06452769 0.9813153
vt 0.05919693 0.9820094
vt 0.05358557 0.9757132
vt 0.05516191 0.9773944
vt 0.9870605 0.9985352
vt 0.5474718 0.2766807
vt 0.5521299 0.298472
vt 0.5472738 0.2876737
vt 0.08903992 0.3548791
vt 0.05150439 0.9734163
vt 0.04541731 0.9666259
vt 0.05159193 0.9657811
vt 0.04941993 0.9710187
vt 0.04305307 0.9630776
vt 0.05707002 0.9713787
vt 0.2318637 0.5332469
vt 0.04079775 0.9613534
vt 0.04562253 0.9596273
vt 0.2974377 0.9258235
vt 0.2970057 0.929618
vt 0.2946777 0.9301758
vt 0.6128042 0.8977621
vt 0.3020149 0.9226127
vt 0.9538487 0.6619527
vt 0.602432 0.8938629
vt 0.6000977 0.8742659
vt 0.9437946 0.6725177
vt 0.04026362 0.9587035
vt 0.6283509 0.9321882
vt 0.04505521 0.9483125
vt 0.06273685 0.9863567
vt 0.7941916 0.9664509
vt 0.7916481 0.9634774
vt 0.7954382 0.9652098
vt 0.792299 0.9694303
vt 0.9167136 0.9665158
vt 0.9168541 0.9662688
vt 0.9168762 0.9665568
vt 0.4971517 0.927856
vt 0.916023 0.9666022
vt 0.9160321 0.9661698
vt 0.9133909 0.8860385
vt 0.4635874 0.5789492
vt 0.4710975 0.5760655
vt 0.4138184 0.9981775
vt 0.4553044 0.7486131
vt 0.4541901 0.7464082
vt 0.6876239 0.7521104
vt 0.03464347 0.8126332
vt 0.3912812 0.7339072
vt 0.9155518 0.9666708
vt 0.4601992 0.4443194
vt 0.4217492 0.9484771
vt 0.422584 0.9501953
vt 0.4224246 0.9501335
vt 0.8115978 0.998272
vt 0.7778124 0.9923826
vt 0.7736662 0.9828913
vt 0.7779829 0.9921591
vt 0.7776803 0.9922795
vt 0.9063271 0.8484312
vt 0.9092124 0.862692
vt 0.9094341 0.8613578
vt 0.7776043 0.4474133
vt 0.7737857 0.4444851
vt 0.7772184 0.4462466
vt 0.7785936 0.4511695
vt 0.7752444 0.4517254
vt 0.7795347 0.4548792
vt 0.9366822 0.9542619
vt 0.9326822 0.9552905
vt 0.9361922 0.9524446
vt 0.93669 0.9542899
vt 0.9704886 0.9786914
vt 0.04671025 0.9122628
vt 0.0411464 0.9230792
vt 0.8116498 0.9982043
vt 0.8115234 0.998342
vt 0.6360087 0.9821743
vt 0.6362474 0.9832228
vt 0.6365218 0.9833421
vt 0.811708 0.9981735
vt 0.09235552 0.9924063
vt 0.9160933 0.8993283
vt 0.9191647 0.8941373
vt 0.9152517 0.896709
vt 0.7799799 0.4566948
vt 0.7789462 0.455978
vt 0.9104012 0.9043692
vt 0.7808312 0.4599375
vt 0.9158437 0.9055227
vt 0.9597539 0.9919659
vt 0.9581567 0.9918227
vt 0.9585512 0.9910082
vt 0.6367195 0.9821816
vt 0.4321626 0.3014338
vt 0.4296829 0.3054811
vt 0.4304304 0.2991119
vt 0.6373047 0.9831324
vt 0.9110415 0.8956705
vt 0.556121 0.9770508
vt 0.9588563 0.9922525
vt 0.9582563 0.9920362
vt 0.5685772 0.6505907
vt 0.9256814 0.927467
vt 0.9233617 0.9306989
vt 0.9266057 0.9332307
vt 0.9253447 0.922269
vt 0.9185898 0.9279938
vt 0.4335851 0.3023328
vt 0.6598668 0.9004894
vt 0.6592219 0.8982216
vt 0.03129089 0.3124802
vt 0.03215015 0.3160285
vt 0.0340271 0.3097544
vt 0.1972656 0.8707227
vt 0.7350811 0.3652393
vt 0.2058257 0.8784777
vt 0.7285997 0.3593189
vt 0.2016825 0.8766092
vt 0.2044024 0.8795486
vt 0.7364594 0.3671833
vt 0.2072464 0.8824329
vt 0.2049639 0.8816963
vt 0.4208296 0.2879038
vt 0.4185373 0.2925869
vt 0.4186978 0.2842332
vt 0.2006126 0.879111
vt 0.7905157 0.9983867
vt 0.4231644 0.2914938
vt 0.9098098 0.8629426
vt 0.9102001 0.8645382
vt 0.2080942 0.8852112
vt 0.7900813 0.9976663
vt 0.9135813 0.8785939
vt 0.9149404 0.884993
vt 0.9149623 0.8846578
vt 0.7900829 0.9990234
vt 0.2072375 0.8717833
vt 0.7395356 0.367685
vt 0.7398113 0.3582994
vt 0.7420018 0.3593097
vt 0.73904 0.35179
vt 0.7599133 0.9686373
vt 0.7405803 0.3501168
vt 0.7639474 0.9760742
vt 0.9125776 0.8744127
vt 0.7380989 0.351704
vt 0.7620121 0.9665427
vt 0.738757 0.3436528
vt 0.7595555 0.9599906
vt 0.9129474 0.8798194
vt 0.6284813 0.9305992
vt 0.4388381 0.9275646
vt 0.4391857 0.9267364
vt 0.4398756 0.9278563
vt 0.7716463 0.423415
vt 0.7725522 0.4270849
vt 0.7688177 0.4336958
vt 0.4385928 0.9274954
vt 0.7728711 0.4283536
vt 0.7747651 0.4361309
vt 0.9150136 0.8848572
vt 0.9150959 0.8852009
vt 0.4997867 0.9324777
vt 0.9252624 0.914115
vt 0.9252578 0.914921
vt 0.9233271 0.9065915
vt 0.9253553 0.9144236
vt 0.92296 0.9055653
vt 0.9214528 0.9087402
vt 0.9274514 0.9199026
vt 0.9271733 0.9226049
vt 0.9279529 0.921243
vt 0.9345165 0.9462011
vt 0.931693 0.9513649
vt 0.9351842 0.9487005
vt 0.01172948 0.3879365
vt 0.3730037 0.3500569
vt 0.3755156 0.3438696
vt 0.373593 0.3455293
vt 0.1044765 0.6298951
vt 0.09647089 0.6498857
vt 0.1074443 0.6858816
vt 0.5663102 0.9981994
vt 0.5669318 0.9980615
vt 0.9258402 0.9146102
vt 0.5667863 0.9984667
vt 0.03109062 0.3091809
vt 0.926721 0.9174863
vt 0.9230522 0.914891
vt 0.3881963 0.7318051
vt 0.3873785 0.7348776
vt 0.9581315 0.9920176
vt 0.9577597 0.991823
vt 0.9254001 0.9145657
vt 0.5672141 0.9985251
vt 0.5672505 0.9984962
vt 0.08531576 0.9886014
vt 0.08447266 0.9879783
vt 0.08637848 0.9879557
vt 0.8460097 0.9541016
vt 0.845868 0.9521365
vt 0.8442383 0.9529852
vt 0.3028433 0.9976574
vt 0.8468719 0.9528157
vt 0.3033255 0.9985352
vt 0.7439699 0.6027343
vt 0.3039325 0.9982706
vt 0.3038792 0.9982027
vt 0.3025918 0.9969924
vt 0.3041387 0.9971865
vt 0.3045836 0.9960591
vt 0.3030291 0.9973304
vt 0.3025036 0.9970418
vt 0.3709984 0.9861659
vt 0.370865 0.9864573
vt 0.3704393 0.9867703
vt 0.4639109 0.5791401
vt 0.3703424 0.9860456
vt 0.4695825 0.5798672
vt 0.9043157 0.839353
vt 0.9039974 0.8453635
vt 0.9050846 0.8430566
vt 0.4268408 0.2966918
vt 0.4237435 0.3030898
vt 0.4255636 0.2956669
vt 0.4269352 0.2967516
vt 0.463741 0.5804479
vt 0.4618604 0.5809423
vt 0.4605575 0.5831624
vt 0.5223887 0.8773944
vt 0.3699295 0.9855587
vt 0.8201824 0.9683249
vt 0.8965444 0.8053743
vt 0.8991451 0.8167644
vt 0.8992079 0.8162197
vt 0.5119959 0.8985927
vt 0.8204209 0.9674841
vt 0.8199981 0.9674386
vt 0.6821637 0.7064698
vt 0.3700596 0.9868164
vt 0.4581928 0.5829371
vt 0.5258776 0.8743776
vt 0.5253197 0.8773811
vt 0.3416693 0.9320596
vt 0.5167949 0.8773613
vt 0.0119012 0.964029
vt 0.01771188 0.968415
vt 0.01867652 0.9572613
vt 0.9003099 0.8210641
vt 0.8993562 0.8168614
vt 0.901512 0.8264404
vt 0.8968917 0.8187249
vt 0.9019324 0.8283155
vt 0.7749023 0.9716105
vt 0.7752516 0.969439
vt 0.2913134 0.9990234
vt 0.5838327 0.8975143
vt 0.5832998 0.9001651
vt 0.5850074 0.899456
vt 0.5819137 0.8991313
vt 0.5828794 0.8975661
vt 0.5828784 0.903527
vt 0.5841818 0.9026044
vt 0.5820296 0.9020036
vt 0.5837057 0.9047129
vt 0.5817128 0.9040703
vt 0.5827006 0.9051954
vt 0.5816997 0.9046809
vt 0.5810124 0.9022574
vt 0.5806313 0.9046766
vt 0.5812055 0.9009438
vt 0.5805471 0.9003813
vt 0.5799491 0.9014624
vt 0.580927 0.8991788
vt 0.5818248 0.8967777
vt 0.579641 0.8980544
vt 0.583477 0.8950222
vt 0.5848165 0.8963748
vt 0.5839409 0.9070143
vt 0.7498077 0.5835021
vt 0.5848705 0.9048109
vt 0.5856757 0.9023337
vt 0.5866088 0.9000195
vt 0.5860915 0.8973135
vt 0.5860475 0.9048162
vt 0.5857131 0.9075077
vt 0.5869733 0.9031606
vt 0.7488669 0.5711054
vt 0.7547697 0.5688276
vt 0.7395697 0.5843894
vt 0.5870854 0.9058666
vt 0.5882378 0.9025233
vt 0.5880198 0.9047972
vt 0.5875736 0.9007231
vt 0.5877577 0.898083
vt 0.5853699 0.8939667
vt 0.5821131 0.8917167
vt 0.5835024 0.8912454
vt 0.09905485 0.9990234
vt 0.7385411 0.5818332
vt 0.7861334 0.9639494
vt 0.7800293 0.9692383
vt 0.7857503 0.9600714
vt 0.5871918 0.9075432
vt 0.588133 0.9060747
vt 0.5882885 0.9005603
vt 0.5892404 0.902092
vt 0.5870697 0.895207
vt 0.5860559 0.8923954
vt 0.5871832 0.8934662
vt 0.58802 0.896274
vt 0.5889795 0.8963847
vt 0.5879352 0.8947716
vt 0.5888758 0.8990864
vt 0.5886264 0.9039377
vt 0.7868207 0.9565225
vt 0.589164 0.9071056
vt 0.5892043 0.9049973
vt 0.781868 0.4637458
vt 0.7796217 0.4602329
vt 0.7978144 0.964365
vt 0.5884889 0.8936462
vt 0.589974 0.8994583
vt 0.7970291 0.965336
vt 0.7986567 0.9608946
vt 0.3704331 0.3403075
vt 0.5899124 0.9065038
vt 0.5903216 0.9039207
vt 0.5901963 0.9054548
vt 0.590696 0.9015594
vt 0.5903445 0.897107
vt 0.5895875 0.8938497
vt 0.6214694 0.9439992
vt 0.5910828 0.8991845
vt 0.5901111 0.8955424
vt 0.5909742 0.8959904
vt 0.5881761 0.890888
vt 0.6206055 0.9456643
vt 0.5902957 0.8940031
vt 0.5911645 0.9056779
vt 0.5916207 0.900718
vt 0.5917808 0.8992985
vt 0.1733398 0.8927577
vt 0.6222968 0.9448302
vt 0.6216191 0.9453878
vt 0.5898979 0.8923143
vt 0.6221506 0.9462891
vt 0.5909028 0.8923284
vt 0.5487496 0.9862961
vt 0.5922824 0.8944732
vt 0.4630439 0.9985352
vt 0.7948143 0.9631241
vt 0.7965981 0.9656496
vt 0.7529701 0.5909129
vt 0.7608666 0.5845687
vt 0.7593913 0.6089735
vt 0.582422 0.9045103
vt 0.8954276 0.8000549
vt 0.8931743 0.8030116
vt 0.894832 0.7978379
vt 0.4324795 0.3066735
vt 0.8960839 0.803202
vt 0.431699 0.4727783
vt 0.4328545 0.4625349
vt 0.4388579 0.4617801
vt 0.427501 0.4607767
vt 0.6215804 0.9461307
vt 0.5483398 0.9867057
vt 0.1758139 0.8953072
vt 0.7051647 0.6364424
vt 0.4394428 0.487421
vt 0.5926777 0.9025971
vt 0.7182617 0.9853516
vt 0.5927542 0.8992863
vt 0.9836835 0.9989585
vt 0.4977936 0.9316387
vt 0.4998316 0.9322505
vt 0.6138146 0.971661
vt 0.5490305 0.9873047
vt 0.5494239 0.9864408
vt 0.4626465 0.9981628
vt 0.1765306 0.8953663
vt 0.175923 0.8933769
vt 0.1771438 0.8955078
vt 0.5813194 0.9028876
vt 0.5795898 0.9025291
vt 0.4964107 0.9341506
vt 0.4975154 0.9314319
vt 0.9575583 0.9917092
vt 0.9577311 0.991201
vt 0.9220279 0.9025943
vt 0.9222215 0.9031987
vt 0.9193319 0.9052626
vt 0.9146185 0.9668205
vt 0.9154119 0.9663252
vt 0.918116 0.892201
vt 0.9181966 0.8924453
vt 0.9146874 0.8886315
vt 0.555465 0.9765013
vt 0.555336 0.9768388
vt 0.5554204 0.97656
vt 0.7864034 0.977827
vt 0.7837777 0.981688
vt 0.9360561 0.9519457
vt 0.9289343 0.945305
vt 0.9322734 0.9374205
vt 0.9291368 0.9350843
vt 0.9552065 0.9874405
vt 0.4280504 0.2970992
vt 0.4266366 0.3028944
vt 0.4290496 0.2978987
vt 0.9337535 0.9461676
vt 0.9334126 0.9420316
vt 0.9287266 0.9245318
vt 0.92969 0.9284362
vt 0.9313943 0.9350141
vt 0.9551859 0.9881694
vt 0.9300084 0.9293835
vt 0.9551656 0.9878795
vt 0.9553502 0.9887695
vt 0.4400356 0.9279013
vt 0.4397424 0.9265328
vt 0.4401851 0.9279433
vt 0.8954506 0.8054118
vt 0.8171905 0.9981745
vt 0.8171689 0.9983013
vt 0.817368 0.998202
vt 0.81714 0.9981924
vt 0.4318597 0.3185414
vt 0.8941761 0.8151923
vt 0.8916335 0.8170073
vt 0.8950158 0.8220013
vt 0.8416182 0.974116
vt 0.9014078 0.8414264
vt 0.8966556 0.8390694
vt 0.4253128 0.295417
vt 0.4232466 0.2916327
vt 0.4229369 0.299773
vt 0.4231723 0.2915552
vt 0.423181 0.2915126
vt 0.4409916 0.9281762
vt 0.4405925 0.9264605
vt 0.09245523 0.9926588
vt 0.09254701 0.9925836
vt 0.4415082 0.928323
vt 0.4186239 0.2841329
vt 0.4185997 0.2842158
vt 0.4161576 0.2801049
vt 0.418646 0.2841492
vt 0.43757 0.9272066
vt 0.4383931 0.9264063
vt 0.4371539 0.9269269
vt 0.4372796 0.9271244
vt 0.4371777 0.9270957
vt 0.4370981 0.9270734
vt 0.4369041 0.9270186
vt 0.5021598 0.9835161
vt 0.5006999 0.9859343
vt 0.5011238 0.9802109
vt 0.5024933 0.9845049
vt 0.4300629 0.9251046
vt 0.4304616 0.9234955
vt 0.4304269 0.9252038
vt 0.4297543 0.9250211
vt 0.4293131 0.9239321
vt 0.4290474 0.9248289
vt 0.393566 0.7372437
vt 0.4359604 0.9267522
vt 0.4359718 0.9264376
vt 0.4353051 0.9265668
vt 0.4351122 0.9263209
vt 0.4351137 0.9265127
vt 0.4338031 0.926143
vt 0.4347613 0.9264132
vt 0.4331953 0.9259728
vt 0.4327163 0.9245598
vt 0.4325358 0.925787
vt 0.4317445 0.9255645
vt 0.4317004 0.9255253
vt 0.4316984 0.9255517
vt 0.431678 0.925546
vt 0.4310414 0.9247819
vt 0.430959 0.9253495
vt 0.9549996 0.9875886
vt 0.9549786 0.9874271
vt 0.934193 0.9449739
vt 0.9551269 0.9868464
vt 0.7754546 0.4388598
vt 0.920974 0.9007211
vt 0.9194354 0.8951421
vt 0.03080487 0.8287633
vt 0.6355301 0.9825655
vt 0.555191 0.9768621
vt 0.6363774 0.9833512
vt 0.3802023 0.3217779
vt 0.3833693 0.3103459
vt 0.3708207 0.2980431
vt 0.8806477 0.4972345
vt 0.3725885 0.3169182
vt 0.3739802 0.3430928
vt 0.5408238 0.5160078
vt 0.5298609 0.5362265
vt 0.9084898 0.5657188
vt 0.9209876 0.5564635
vt 0.9097315 0.5322254
vt 0.4116197 0.8814807
vt 0.3778867 0.8800226
vt 0.4000933 0.8891612
vt 0.9093796 0.518768
vt 0.919083 0.5414823
vt 0.4597964 0.9322275
vt 0.4604654 0.926067
vt 0.9058074 0.5170227
vt 0.34013 0.8515944
vt 0.3434877 0.8375654
vt 0.3364078 0.856999
vt 0.5207781 0.9887993
vt 0.3387516 0.5963026
vt 0.3411876 0.5793098
vt 0.3292061 0.5841084
vt 0.4996141 0.5605752
vt 0.5008012 0.5631505
vt 0.5017411 0.5575304
vt 0.5085447 0.5568205
vt 0.9642247 0.4505601
vt 0.9547584 0.4012108
vt 0.96007 0.3949108
vt 0.9506184 0.9853516
vt 0.1091797 0.9982628
vt 0.8623483 0.5268971
vt 0.864958 0.5437011
vt 0.3750707 0.3195274
vt 0.3761455 0.3167287
vt 0.02844667 0.8295361
vt 0.3873184 0.7369187
vt 0.7592773 0.9872254
vt 0.0616616 0.3876107
vt 0.498649 0.5595074
vt 0.6814638 0.9979825
vt 0.06926608 0.5641115
vt 0.6798015 0.9927621
vt 0.6803647 0.9984662
vt 0.9512124 0.3580167
vt 0.9421387 0.916059
vt 0.9505192 0.3576336
vt 0.8174583 0.8714771
vt 0.8206245 0.8561771
vt 0.9773806 0.9990234
vt 0.3992087 0.3350192
vt 0.3999058 0.339438
vt 0.4021912 0.3296877
vt 0.9420744 0.410206
vt 0.946151 0.4990429
vt 0.9422358 0.5100875
vt 0.9482263 0.5364655
vt 0.3868848 0.7415128
vt 0.27979 0.5689071
vt 0.281111 0.574331
vt 0.9423608 0.9165074
vt 0.4001352 0.8981416
vt 0.3907392 0.8952674
vt 0.4017335 0.9075288
vt 0.6307307 0.899963
vt 0.9457973 0.9564254
vt 0.6363963 0.8894854
vt 0.6396813 0.9097874
vt 0.2509711 0.4899129
vt 0.8423948 0.9917029
vt 0.7720014 0.7546382
vt 0.01017869 0.3878225
vt 0.3920381 0.7309226
vt 0.4817394 0.8041387
vt 0.4789323 0.8031641
vt 0.4750242 0.8050754
vt 0.6943275 0.9758958
vt 0.07676947 0.3683022
vt 0.06879652 0.3687589
vt 0.875927 0.4592531
vt 0.8836908 0.470633
vt 0.8831339 0.4580655
vt 0.03455114 0.3063779
vt 0.03741336 0.311124
vt 0.04085767 0.3079393
vt 0.04457462 0.3870567
vt 0.04679513 0.3869819
vt 0.04658008 0.3791205
vt 0.04841149 0.3137078
vt 0.05152202 0.3145386
vt 0.252336 0.9205989
vt 0.05148578 0.3136076
vt 0.02656001 0.9550686
vt 0.8427665 0.9907048
vt 0.03414178 0.8217689
vt 0.6550791 0.8972275
vt 0.4708359 0.4512227
vt 0.3982515 0.7384052
vt 0.8442208 0.9890718
vt 0.4728451 0.4462043
vt 0.02276659 0.3794129
vt 0.02277291 0.3718839
vt 0.01911402 0.3750501
vt 0.7281207 0.3516334
vt 0.3081676 0.9987434
vt 0.9544379 0.9824104
vt 0.3078244 0.996807
vt 0.395084 0.3227533
vt 0.3932229 0.3323072
vt 0.3901415 0.3511387
vt 0.08296418 0.361551
vt 0.08575153 0.3633256
vt 0.40206 0.3362894
vt 0.8452741 0.9859364
vt 0.8461505 0.9879609
vt 0.7260238 0.3550971
vt 0.5690918 0.9827957
vt 0.2670898 0.978501
vt 0.2749323 0.9718566
vt 0.2119845 0.5484282
vt 0.2142932 0.5414698
vt 0.2151221 0.5392859
vt 0.8266135 0.8905516
vt 0.8419116 0.8723693
vt 0.8143674 0.8977217
vt 0.5874729 0.9125155
vt 0.5848483 0.9157052
vt 0.4583672 0.9282899
vt 0.9618788 0.3536278
vt 0.9333917 0.9597815
vt 0.9609209 0.3490735
vt 0.9691726 0.3671098
vt 0.3066972 0.9037768
vt 0.3082928 0.9018065
vt 0.5696151 0.9825994
vt 0.7040459 0.8140615
vt 0.7235245 0.35436
vt 0.7232839 0.3513093
vt 0.2758783 0.945173
vt 0.1941273 0.5557987
vt 0.3749694 0.8845392
vt 0.1196429 0.9990234
vt 0.9689482 0.4088777
vt 0.4270346 0.7576543
vt 0.4460687 1
vt 0.2210671 0.5541152
vt 0.536062 0.4982982
vt 0.02153734 0.920141
vt 0.4058367 0.3227732
vt 0.009475255 0.9853516
vt 0.77952 0.9971977
vt 0.008707624 0.9847556
vt 0.7256916 0.9950852
vt 0.7204818 0.9871646
vt 0.7160645 0.9875212
vt 0.9800184 0.4384484
vt 0.9340672 0.9663106
vt 0.3773484 0.3294927
vt 0.5471007 0.9554239
vt 0.9302171 0.9642659
vt 0.9327765 0.9621987
vt 0.9315178 0.9593553
vt 0.9722661 0.368987
vt 0.774374 0.4574402
vt 0.7731714 0.4707065
vt 0.8054606 0.9810205
vt 0.8982838 0.8687845
vt 0.4936172 0.9217688
vt 0.9047657 0.8710685
vt 0.9051083 0.8820159
vt 0.9095367 0.8741643
vt 0.5006714 0.9269433
vt 0.491549 0.9240595
vt 0.9135333 0.8829992
vt 0.4887695 0.9181899
vt 0.9086053 0.8846497
vt 0.9073727 0.8901194
vt 0.8995687 0.8854575
vt 0.8992805 0.8970653
vt 0.9040761 0.9008072
vt 0.3820636 0.3307688
vt 0.2712274 0.9833984
vt 0.8225009 0.9978911
vt 0.3729737 0.9985212
vt 0.8224304 0.9978854
vt 0.8226582 0.9978693
vt 0.2160033 0.537202
vt 0.3096333 0.904653
vt 0.8470478 0.8791475
vt 0.5239258 0.9920855
vt 0.8456757 0.8862847
vt 0.4351574 0.9253189
vt 0.4359307 0.9255251
vt 0.02764541 0.9472334
vt 0.8542606 0.9351433
vt 0.8546013 0.9352593
vt 0.03103137 0.3036631
vt 0.359995 0.9183215
vt 0.3550992 0.921582
vt 0.8220328 0.9980469
vt 0.8223839 0.9979066
vt 0.02557778 0.8136951
vt 0.02601153 0.8155341
vt 0.2256246 0.535921
vt 0.8655019 0.8815926
vt 0.8595008 0.8810081
vt 0.5789869 0.6618184
vt 0.5881691 0.9535898
vt 0.5930628 0.9366931
vt 0.5896535 0.9454087
vt 0.4549527 0.7419918
vt 0.4317584 0.9245065
vt 0.8544035 0.8854612
vt 0.4316881 0.9229705
vt 0.4334581 0.9213611
vt 0.3925662 0.725866
vt 0.3935673 0.708698
vt 0.3911703 0.7231656
vt 0.4353595 0.9179028
vt 0.434734 0.9187981
vt 0.433687 0.917353
vt 0.967968 0.9995117
vt 0.5839803 0.9571488
vt 0.9590179 0.9817408
vt 0.5459944 0.9532603
vt 0.5442612 0.9539821
vt 0.5415039 0.9523774
vt 0.5417199 0.9501315
vt 0.3758176 0.327524
vt 0.5941905 0.9763671
vt 0.5897901 0.966297
vt 0.3755078 0.3294419
vt 0.5039832 0.9981654
vt 0.5043848 0.9979979
vt 0.3799631 0.9983895
vt 0.8644216 0.466796
vt 0.3109171 0.9052734
vt 0.4958917 0.9834388
vt 0.4896923 0.9957158
vt 0.4895396 0.9973329
vt 0.4903003 0.9961898
vt 0.1474367 0.9982472
vt 0.441528 0.9281432
vt 0.4962813 0.9871619
vt 0.4145534 0.2813808
vt 0.587919 0.9554037
vt 0.5897497 0.9592026
vt 0.6329398 0.9788566
vt 0.9351963 0.9687577
vt 0.6327393 0.980358
vt 0.6317014 0.9777175
vt 0.2437205 0.4995546
vt 0.7164301 0.9819281
vt 0.2423803 0.479486
vt 0.657061 0.935806
vt 0.4231851 0.2915132
vt 0.2308683 0.5206913
vt 0.4231905 0.2915275
vt 0.4143555 0.2863033
vt 0.778717 0.9959628
vt 0.689133 0.9755859
vt 0.7770996 0.9985352
vt 0.7774319 0.9949572
vt 0.7934903 0.7043991
vt 0.8186638 0.8233438
vt 0.1887117 0.9115473
vt 0.8840283 0.4938718
vt 0.4911044 0.9990234
vt 0.8323431 0.5666414
vt 0.9255645 0.3828058
vt 0.8049147 0.9921645
vt 0.9239687 0.3952997
vt 0.9799304 0.3945768
vt 0.5063062 0.9404297
vt 0.5067104 0.9375538
vt 0.5039624 0.9395422
vt 0.6202024 0.9125082
vt 0.2705343 0.7802135
vt 0.7594346 0.899918
vt 0.00789483 0.8821992
vt 0.7252179 0.9919796
vt 0.5377608 0.9722786
vt 0.5381845 0.9717365
vt 0.5382299 0.9753938
vt 0.8170674 0.8777242
vt 0.8132 0.8705381
vt 0.2351133 0.5559037
vt 0.4199404 0.3031136
vt 0.4180613 0.299782
vt 0.6227024 0.914161
vt 0.6232648 0.9166142
vt 0.6248055 0.9143206
vt 0.6883022 0.8063911
vt 0.6912555 0.7901541
vt 0.6534227 0.7892671
vt 0.6605757 0.7941138
vt 0.5955989 0.8907876
vt 0.5968285 0.8955078
vt 0.5960527 0.8892018
vt 0.3931911 0.7472516
vt 0.3914227 0.7430111
vt 0.04106694 0.8161738
vt 0.03905475 0.8145794
vt 0.7017511 0.7642938
vt 0.4379286 0.9258504
vt 0.4372595 0.925411
vt 0.696269 0.7901679
vt 0.695573 0.8153079
vt 0.0202143 0.9985051
vt 0.6015819 0.985033
vt 0.9710359 0.9833984
vt 0.3071289 0.9983349
vt 0.5966979 0.9735881
vt 0.385498 0.746714
vt 0.383005 0.737021
vt 0.8480145 0.8996819
vt 0.8413579 0.9040811
vt 0.8507392 0.9217443
vt 0.6829199 0.8281108
vt 0.6869924 0.8850623
vt 0.6695576 0.8246784
vt 0.6655273 0.9036365
vt 0.6746901 0.9252344
vt 0.6732123 0.897427
vt 0.5169578 0.9818548
vt 0.836161 0.9472225
vt 0.4664968 0.9183913
vt 0.842501 0.93275
vt 0.8536752 0.9305699
vt 0.358546 0.7983886
vt 0.3602252 0.8042127
vt 0.5229369 0.9939511
vt 0.1736463 0.9729686
vt 0.1503228 0.9029158
vt 0.591632 0.9588678
vt 0.4863872 0.9973754
vt 0.4861417 0.9975262
vt 0.4862193 0.9971347
vt 0.5851228 0.9552726
vt 0.9396977 0.9644481
vt 0.2484701 0.5429198
vt 0.7564573 0.9982244
vt 0.9699261 0.9828525
vt 0.9709683 0.9809194
vt 0.8778794 0.9903131
vt 0.4853381 0.9359685
vt 0.4819218 0.9347528
vt 0.4802198 0.940203
vt 0.8491104 0.8838341
vt 0.3444799 0.9947913
vt 0.3447882 0.9866682
vt 0.8501638 0.8746614
vt 0.9367761 0.9568431
vt 0.8962076 0.9055481
vt 0.8938513 0.8999313
vt 0.8889265 0.9114605
vt 0.5024065 0.9245517
vt 0.5019744 0.9267578
vt 0.6628454 0.8747935
vt 0.1985186 0.5624363
vt 0.1749202 0.5819584
vt 0.1772628 0.6343653
vt 0.1513082 0.6116765
vt 0.1500751 0.6643679
vt 0.1740615 0.7277544
vt 0.8897718 0.6463256
vt 0.8917283 0.6507644
vt 0.8914918 0.6433791
vt 0.05505758 0.9921364
vt 0.5196681 0.8983433
vt 0.5283262 0.9083099
vt 0.5249267 0.892334
vt 0.9852237 0.9979141
vt 0.9856582 0.9979063
vt 0.6108398 0.9733996
vt 0.5052701 0.9985352
vt 0.5240558 0.8863716
vt 0.8191234 0.9670486
vt 0.4350586 0.9990234
vt 0.2609121 0.4291576
vt 0.9037756 0.8823271
vt 0.4917385 0.9045524
vt 0.6115608 0.8526144
vt 0.6234827 0.8577735
vt 0.6113422 0.8690171
vt 0.6819398 0.9181054
vt 0.6248085 0.8655517
vt 0.6222345 0.8734502
vt 0.6615185 0.9113662
vt 0.6190131 0.8789784
vt 0.4414047 0.9247802
vt 0.4407141 0.9218285
vt 0.4388128 0.9246382
vt 0.655107 0.8038099
vt 0.6512094 0.794321
vt 0.6540176 0.9120652
vt 0.6513457 0.894065
vt 0.8925825 0.8621149
vt 0.05972534 0.8463607
vt 0.0602929 0.8418937
vt 0.3887331 0.4660408
vt 0.6520689 0.9034886
vt 0.5240799 0.9071376
vt 0.5264062 0.9148701
vt 0.5201135 0.9079728
vt 0.4989035 0.9197329
vt 0.5926211 0.8806493
vt 0.4986502 0.9221342
vt 0.5205066 0.9117889
vt 0.5392505 0.9255848
vt 0.5420177 0.9245113
vt 0.02785689 0.8102008
vt 0.6623613 0.7252507
vt 0.02695793 0.8082175
vt 0.6810557 0.6891469
vt 0.03969151 0.8933347
vt 0.04336911 0.9009003
vt 0.04516315 0.894956
vt 0.04525554 0.8747597
vt 0.03723037 0.8794629
vt 0.6937298 0.6749234
vt 0.6902478 0.6771491
vt 0.02404028 0.8141726
vt 0.6756002 0.7126099
vt 0.685503 0.6894912
vt 0.5500033 0.9332807
vt 0.5556281 0.929453
vt 0.6797279 0.6917534
vt 0.5563456 0.9390224
vt 0.9081217 0.7535802
vt 0.6792846 0.6948105
vt 0.7086565 0.682927
vt 0.1002004 0.7336485
vt 0.07999516 0.7708009
vt 0.7117459 0.6662869
vt 0.7131584 0.6630087
vt 0.7964495 0.8961138
vt 0.7960232 0.8890672
vt 0.02882779 0.8154486
vt 0.6712517 0.7308736
vt 0.9001498 0.9104123
vt 0.8294446 0.515335
vt 0.8409276 0.4873324
vt 0.9956578 0.8932428
vt 0.4946911 0.4043875
vt 0.5039203 0.4032173
vt 0.5279261 0.3507153
vt 0.5339218 0.3724445
vt 0.5357049 0.3457006
vt 0.5180379 0.3817219
vt 0.5395994 0.4013945
vt 0.5189651 0.9477493
vt 0.5140201 0.9541016
vt 0.5458379 0.3106816
vt 0.5466825 0.3188944
vt 0.5201819 0.9395727
vt 0.5472038 0.3852736
vt 0.5589517 0.3723809
vt 0.5471849 0.3273855
vt 0.5572779 0.3373757
vt 0.5102656 0.9495236
vt 0.5450051 0.2918833
vt 0.2632791 0.3880661
vt 0.2571419 0.3682824
vt 0.60735 0.2100292
vt 0.6142193 0.2041458
vt 0.6289802 0.1565864
vt 0.6263309 0.161691
vt 0.6278659 0.1694903
vt 0.5394227 0.9499359
vt 0.5385638 0.9495445
vt 0.5399278 0.9479708
vt 0.624367 0.1976174
vt 0.8418869 0.9750977
vt 0.8415527 0.973771
vt 0.5238076 0.3608445
vt 0.5291214 0.4181027
vt 0.9571834 0.3428611
vt 0.08732122 0.9658342
vt 0.08879918 0.9783137
vt 0.0467304 0.9014995
vt 0.5291893 0.3380286
vt 0.6548216 0.9264188
vt 0.6453781 0.7626494
vt 0.6450737 0.7603828
vt 0.653507 0.7609609
vt 0.6496247 0.758962
vt 0.6554145 0.7651675
vt 0.6435387 0.7673996
vt 0.6483065 0.7552104
vt 0.6460049 0.7605971
vt 0.02101004 0.8270447
vt 0.02431828 0.8288795
vt 0.0215255 0.8298653
vt 0.6577251 0.749949
vt 0.6600093 0.750596
vt 0.02076638 0.8295601
vt 0.7949706 0.8753709
vt 0.5971648 0.2180681
vt 0.02460623 0.8210264
vt 0.6294322 0.8795931
vt 0.5758358 0.8713813
vt 0.5668924 0.8503269
vt 0.954493 0.947667
vt 0.9482518 0.9560547
vt 0.2476753 0.7333467
vt 0.6542941 0.9314641
vt 0.6553328 0.9307023
vt 0.6469392 0.7608736
vt 0.9099631 0.9541073
vt 0.8138666 0.6047641
vt 0.8129883 0.5861161
vt 0.9108418 0.9694557
vt 0.8447298 0.5044879
vt 0.8942654 0.4443505
vt 0.8783422 0.4232784
vt 0.8686334 0.438419
vt 0.8201375 0.8896484
vt 0.8029571 0.9812611
vt 0.8139421 0.880921
vt 0.9046732 0.3723887
vt 0.8200287 0.8875867
vt 0.5800875 0.860797
vt 0.9131601 0.3509434
vt 0.2204225 0.4558645
vt 0.224977 0.4591352
vt 0.1934803 0.5110184
vt 0.6382044 0.9306641
vt 0.857635 0.4506058
vt 0.1826227 0.5459821
vt 0.9747967 0.7798138
vt 0.9758967 0.7933148
vt 0.5676246 0.8815026
vt 0.7006836 0.9955921
vt 0.7031528 0.9979392
vt 0.7029539 0.9934461
vt 0.7044332 0.9946742
vt 0.7047177 0.9959958
vt 0.5602305 0.2872232
vt 0.659174 0.9365234
vt 0.5679591 0.889738
vt 0.7043114 0.9929845
vt 0.5670571 0.8826219
vt 0.8764635 0.408439
vt 0.06758628 0.9873847
vt 0.8929595 0.3753606
vt 0.3327588 0.872734
vt 0.3256836 0.8775185
vt 0.5673506 0.8856969
vt 0.06670115 0.9892578
vt 0.6792917 0.9361066
vt 0.4363338 0.9985969
vt 0.9813682 0.8616778
vt 0.9839026 0.8356289
vt 0.9786426 0.2199061
vt 0.9679409 0.2257066
vt 0.8654979 0.755471
vt 0.8814222 0.7905821
vt 0.5610173 0.2902661
vt 0.5679796 0.3315478
vt 0.8263254 0.5081615
vt 0.8292044 0.4984709
vt 0.8446131 0.986145
vt 0.9097718 0.9184799
vt 0.8275585 0.5635928
vt 0.3684819 0.8795518
vt 0.04537851 0.9025868
vt 0.9698791 0.9789816
vt 0.1169515 0.8321467
vt 0.1281633 0.713036
vt 0.4135874 0.3092547
vt 0.414442 0.2997866
vt 0.4113351 0.3045623
vt 0.510526 0.9957902
vt 0.8995903 0.8568743
vt 0.9026861 0.8532917
vt 0.9120047 0.6466075
vt 0.02599341 0.8274672
vt 0.4864372 0.4053552
vt 0.9698544 0.9784511
vt 0.9694824 0.978794
vt 0.4351435 0.9980749
vt 0.1902416 0.8818359
vt 0.5494474 0.9628491
vt 0.7763156 0.5057323
vt 0.4428915 0.9261672
vt 0.04890478 0.4009447
vt 0.04572988 0.400251
vt 0.5730635 0.2732667
vt 0.3065065 0.9969492
vt 0.3050538 0.9983832
vt 0.5885731 0.9141537
vt 0.5901531 0.9162443
vt 0.5902661 0.9099381
vt 0.4803199 0.9536833
vt 0.7480668 0.6037225
vt 0.977598 0.8124408
vt 0.9804981 0.8103119
vt 0.06286663 0.9154873
vt 0.05232131 0.9590647
vt 0.07308048 0.9427632
vt 0.4511743 0.7010545
vt 0.02952337 0.744505
vt 0.5733848 0.8845413
vt 0.882217 0.7313902
vt 0.1748141 0.5425406
vt 0.1775815 0.5259703
vt 0.6578998 0.894111
vt 0.05156046 0.9309946
vt 0.6018573 0.252255
vt 0.6171918 0.2700168
vt 0.6031992 0.2380102
vt 0.6117132 0.2233201
vt 0.5394273 0.9512112
vt 0.4706266 0.4394751
vt 0.3668545 0.4457079
vt 0.3702381 0.4482582
vt 0.3695788 0.4413997
vt 0.4917903 0.4149133
vt 0.4793874 0.4254976
vt 0.6313477 0.9214396
vt 0.5926728 0.2567096
vt 0.6325075 0.9222156
vt 0.6321671 0.9188159
vt 0.8384091 0.993241
vt 0.8419454 0.9915286
vt 0.6291116 0.924685
vt 0.5386911 0.9475789
vt 0.2700319 0.4117047
vt 0.7191106 0.6452224
vt 0.721571 0.639327
vt 0.7161342 0.6394823
vt 0.5983611 0.2617381
vt 0.5761555 0.2726328
vt 0.6330627 0.9228516
vt 0.7563386 0.6020157
vt 0.5782983 0.841642
vt 0.5797116 0.8499693
vt 0.5816967 0.8484711
vt 0.6613134 0.8999019
vt 0.6003697 0.8504207
vt 0.5838821 0.2720723
vt 0.378457 0.447065
vt 0.3833125 0.4581463
vt 0.6318384 0.9226731
vt 0.02337581 0.8105189
vt 0.7175039 0.6578351
vt 0.7282615 0.6356353
vt 0.5384612 0.9521484
vt 0.05533457 0.847059
vt 0.5698242 0.9854125
vt 0.3673258 0.4104701
vt 0.3521771 0.4166754
vt 0.3755131 0.4473706
vt 0.7521366 0.9828163
vt 0.36507 0.4180728
vt 0.8892388 0.3773626
vt 0.6828993 0.9380045
vt 0.7974691 0.884699
vt 0.6139516 0.9749844
vt 0.6271545 0.9310176
vt 0.6127371 0.973742
vt 0.9477886 0.9537733
vt 0.9467773 0.9552194
vt 0.3727547 0.4544938
vt 0.5154369 0.4190538
vt 0.4762282 0.440771
vt 0.8458818 0.9849666
vt 0.4731997 0.4421
vt 0.5433671 0.9320718
vt 0.6514103 0.8980457
vt 0.6276532 0.9405924
vt 0.4452916 0.4640669
vt 0.6977367 0.6768472
vt 0.7378786 0.3435425
vt 0.7533692 0.9825969
vt 0.7620705 0.586997
vt 0.6123241 0.9724504
vt 0.4406418 0.4904625
vt 0.06267154 0.2848362
vt 0.05853558 0.2885101
vt 0.7529193 0.9815879
vt 0.6528181 0.8789696
vt 0.05022502 0.8609182
vt 0.05183095 0.8500487
vt 0.04851711 0.8499447
vt 0.05279797 0.8642092
vt 0.03403908 0.972672
vt 0.4819336 0.998265
vt 0.9077495 0.6375167
vt 0.3696393 0.4209214
vt 0.3683195 0.4188253
vt 0.06149727 0.8490105
vt 0.3626159 0.3764849
vt 0.4739697 0.4452639
vt 0.05708164 0.844291
vt 0.7266771 0.6729383
vt 0.08900321 0.9890397
vt 0.1747316 0.8910083
vt 0.1754397 0.8915811
vt 0.6572711 0.8924183
vt 0.5978942 0.8479085
vt 0.8578081 0.4640986
vt 0.5733317 0.8332129
vt 0.4456284 0.4489459
vt 0.7742125 0.4640243
vt 0.9850683 0.99696
vt 0.9852437 0.9958085
vt 0.9847437 0.9966373
vt 0.1784029 0.8922876
vt 0.5285461 0.5574331
vt 0.5298225 0.5527227
vt 0.5273656 0.5546511
vt 0.7170411 0.9826775
vt 0.8711315 0.5718341
vt 0.8681581 0.5809228
vt 0.8755825 0.5685347
vt 0.2426758 0.9979005
vt 0.4546797 0.6462455
vt 0.4515451 0.6554495
vt 0.5704308 0.8871894
vt 0.1470352 0.9985352
vt 0.5712759 0.8899575
vt 0.5709479 0.8867416
vt 0.2500617 0.8696748
vt 0.8039457 0.9775691
vt 0.6636498 0.9496925
vt 0.6596636 0.9396876
vt 0.5132339 0.960409
vt 0.5662807 0.7633588
vt 0.5723915 0.7611867
vt 0.5648211 0.7610205
vt 0.7705701 0.9982489
vt 0.4915422 0.9970483
vt 0.7712598 0.9990234
vt 0.7715101 0.9982276
vt 0.6186891 0.5748675
vt 0.6184853 0.5830036
vt 0.2658036 0.7680163
vt 0.6051289 0.6122922
vt 0.5239258 0.9953634
vt 0.526464 0.5486253
vt 0.5261754 0.9958664
vt 0.5230082 0.5464084
vt 0.5247511 0.99838
vt 0.4312932 0.9989548
vt 0.5249629 0.5590816
vt 0.7141671 0.9842644
vt 0.7138144 0.9820305
vt 0.03259438 0.8281487
vt 0.7158872 0.9814237
vt 0.891113 0.8917527
vt 0.8887767 0.9061778
vt 0.02023198 0.9969817
vt 0.5781111 0.2815533
vt 0.58009 0.2822046
vt 0.8795125 0.9990234
vt 0.804257 0.9877245
vt 0.486084 0.9975025
vt 0.601936 0.9718051
vt 0.6052423 0.9784652
vt 0.4641744 0.7637497
vt 0.4627941 0.734429
vt 0.4642913 0.7365986
vt 0.6700082 0.7836212
vt 0.4649132 0.7343117
vt 0.9282702 0.9669702
vt 0.958153 0.3859181
vt 0.9287058 0.9684867
vt 0.9247923 0.9681852
vt 0.4196036 0.3635008
vt 0.4105418 0.3801146
vt 0.8775923 0.8681933
vt 0.01833034 0.996319
vt 0.8845572 0.8888637
vt 0.8835826 0.8989181
vt 0.5395137 0.9611679
vt 0.3891052 0.723792
vt 0.881691 0.8819399
vt 0.4674114 0.9298959
vt 0.05197656 0.2874539
vt 0.04910851 0.2837052
vt 0.04950726 0.2990984
vt 0.2788086 0.944619
vt 0.4922187 0.6395056
vt 0.1412205 0.3481926
vt 0.6822202 0.9687943
vt 0.1230451 0.3505685
vt 0.128393 0.3444283
vt 0.5317715 0.9547318
vt 0.02650279 0.8277828
vt 0.02512062 0.8297069
vt 0.02508932 0.8306126
vt 0.6727475 0.7514035
vt 0.7413394 0.4246867
vt 0.4628955 0.8500887
vt 0.4542464 0.8384053
vt 0.2462316 0.542623
vt 0.2398502 0.543415
vt 0.6671971 0.7610289
vt 0.6683867 0.7609848
vt 0.6683297 0.7590734
vt 0.6660182 0.7637826
vt 0.6398926 0.9989793
vt 0.3611997 0.9143628
vt 0.7308162 0.9984027
vt 0.5145015 0.5571599
vt 0.7273365 0.9990234
vt 0.6779143 0.9112238
vt 0.857385 0.5787717
vt 0.5570788 0.639783
vt 0.5517986 0.8768442
vt 0.2996596 0.5559492
vt 0.2856458 0.5565252
vt 0.680904 0.9793086
vt 0.02170711 0.9983376
vt 0.6744726 0.7778806
vt 0.8351939 0.5985642
vt 0.828014 0.5786498
vt 0.8213469 0.6099553
vt 0.04474962 0.5930889
vt 0.9382172 0.9742545
vt 0.9351276 0.9855819
vt 0.9497592 0.9753241
vt 0.4717872 0.7278504
vt 0.478945 0.7282737
vt 0.8619726 0.5444667
vt 0.8713984 0.5510169
vt 0.6112224 0.9745404
vt 0.4229448 0.5773379
vt 0.42229 0.5765386
vt 0.8905774 0.9939904
vt 0.3894236 0.7700659
vt 0.8943684 0.990965
vt 0.8884277 0.9985352
vt 0.3960669 0.7609812
vt 0.395666 0.7374209
vt 0.5882881 0.2858662
vt 0.8795413 0.9979904
vt 0.996582 0.99791
vt 0.05006701 0.4353282
vt 0.9986958 0.9966854
vt 0.7677942 0.9179563
vt 0.9975099 0.9986802
vt 0.6709955 0.9591035
vt 0.6708864 0.8886653
vt 0.7966489 0.6757107
vt 0.6625977 0.9005567
vt 0.665834 0.8995278
vt 0.4552286 0.9167199
vt 0.5306411 0.9482483
vt 0.4566491 0.9136172
vt 0.4556021 0.9170221
vt 0.4270148 0.5772617
vt 0.4264371 0.5792201
vt 0.5610414 0.5106227
vt 0.565348 0.5058422
vt 0.554165 0.4953139
vt 0.6302752 0.8929557
vt 0.6649301 0.9116698
vt 0.9498938 0.2164699
vt 0.4122536 0.9379719
vt 0.5263172 0.9482536
vt 0.1173382 0.3506647
vt 0.4533691 0.9130636
vt 0.8671486 0.963892
vt 0.67048 0.7547202
vt 0.6700785 0.7498465
vt 0.6689909 0.752543
vt 0.02444774 0.8314987
vt 0.04934847 0.7932536
vt 0.05976975 0.7981839
vt 0.4663643 0.9365234
vt 0.4524596 0.9186716
vt 0.4669456 0.9349938
vt 0.4663086 0.9314891
vt 0.03616839 0.795603
vt 0.486347 0.59935
vt 0.4846842 0.6021723
vt 0.8530833 0.5375729
vt 0.485044 0.6052707
vt 0.4866495 0.6168232
vt 0.4725978 0.9977143
vt 0.9228792 0.9711914
vt 0.3743778 0.8138192
vt 0.3749112 0.9882591
vt 0.3230356 0.751105
vt 0.3214471 0.7562737
vt 0.328483 0.7544748
vt 0.8092903 0.8879893
vt 0.8559009 0.9358315
vt 0.856316 0.9355999
vt 0.8572686 0.9360352
vt 0.830458 0.8783161
vt 0.2442662 0.9988663
vt 0.8600055 0.6002916
vt 0.2452696 0.9979994
vt 0.2794844 0.5607708
vt 0.276795 0.5615
vt 0.2800933 0.5639194
vt 0.2435363 0.9990234
vt 0.8641675 0.5894847
vt 0.5017685 0.4298946
vt 0.496249 0.4205857
vt 0.8557152 0.6132163
vt 0.8602295 0.6109995
vt 0.8514502 0.6080345
vt 0.9166484 0.695739
vt 0.9174861 0.7009329
vt 0.253418 0.9990234
vt 0.05212724 0.6124261
vt 0.253539 0.9974064
vt 0.5499543 0.9823671
vt 0.5496653 0.9706467
vt 0.5482221 0.9843088
vt 0.8603005 0.5163146
vt 0.8545877 0.5153285
vt 0.3410604 0.9395823
vt 0.6659107 0.9607289
vt 0.6686742 0.9607333
vt 0.8651873 0.9469431
vt 0.854453 0.5878461
vt 0.27112 0.550996
vt 0.6864303 0.9909817
vt 0.09877867 0.4342207
vt 0.09098226 0.410277
vt 0.07412404 0.4372864
vt 0.748903 0.7410243
vt 0.307298 0.8994234
vt 0.02593112 0.8299857
vt 0.6726344 0.7556158
vt 0.2333168 0.5657128
vt 0.2301842 0.5339952
vt 0.3899676 0.9113199
vt 0.9002835 0.9718813
vt 0.4504693 0.9281648
vt 0.1191778 0.9163728
vt 0.1116622 0.9038117
vt 0.01904297 0.998804
vt 0.5403705 0.9603967
vt 0.01974968 0.9984013
vt 0.5752237 0.8876617
vt 0.5765395 0.8879
vt 0.06984466 0.4063731
vt 0.0709967 0.4481216
vt 0.07591122 0.3976195
vt 0.5130869 0.4371192
vt 0.5272429 0.4482703
vt 0.4244153 0.5781556
vt 0.4318051 0.5819522
vt 0.4263413 0.580029
vt 0.6479492 0.9318436
vt 0.4305549 0.7314323
vt 0.8074785 0.9248564
vt 0.804988 0.9238193
vt 0.05872303 0.418775
vt 0.05474657 0.4278789
vt 0.2993164 0.9156532
vt 0.8717787 0.9014167
vt 0.8746177 0.894591
vt 0.5273278 0.5430747
vt 0.529948 0.5417914
vt 0.5282676 0.5402994
vt 0.5292333 0.544386
vt 0.5285326 0.5475013
vt 0.5301566 0.5485954
vt 0.6853833 0.967949
vt 0.6976411 0.9943059
vt 0.6841843 0.9681839
vt 0.6845526 0.966944
vt 0.6057823 0.9757571
vt 0.7628968 0.9195585
vt 0.5038002 0.9873917
vt 0.7592558 0.946223
vt 0.7582594 0.928609
vt 0.8898199 0.9141252
vt 0.9192505 0.9990234
vt 0.9035125 0.98337
vt 0.9077648 0.9989521
vt 0.530162 0.5423508
vt 0.6196289 0.9972122
vt 0.6272783 0.9968721
vt 0.6264271 0.9990234
vt 0.2781541 0.5683396
vt 0.5554354 0.7160445
vt 0.3669226 0.3385344
vt 0.5285652 0.9976759
vt 0.5259286 0.5470536
vt 0.8512892 0.9683975
vt 0.06399935 0.4128868
vt 0.8509187 0.9636397
vt 0.8546242 0.9639025
vt 0.9005123 0.9173045
vt 0.8926989 0.9157097
vt 0.8827993 0.912856
vt 0.571211 0.4282931
vt 0.5696967 0.4241346
vt 0.6306152 0.980957
vt 0.6578056 0.777496
vt 0.6780094 0.9470417
vt 0.8886447 0.3898153
vt 0.6254174 0.9161397
vt 0.5311496 0.5431308
vt 0.4816189 0.5876916
vt 0.4800427 0.5907896
vt 0.4872565 0.5878835
vt 0.5326885 0.5506697
vt 0.5329405 0.5497555
vt 0.5321659 0.5493201
vt 0.3760174 0.9985352
vt 0.3757324 0.998286
vt 0.03616176 0.9985352
vt 0.3191335 0.8745471
vt 0.518326 0.9851381
vt 0.2708746 0.783259
vt 0.2692114 0.7822375
vt 0.6405517 0.9990234
vt 0.6679935 0.7550927
vt 0.6407332 0.9981396
vt 0.6413993 0.9981112
vt 0.6666906 0.7570372
vt 0.2695938 0.7851598
vt 0.958383 0.9628595
vt 0.4148121 0.5829336
vt 0.4190671 0.5807165
vt 0.4113079 0.5803518
vt 0.7075195 0.9983446
vt 0.7095371 0.9975725
vt 0.6484092 0.9544055
vt 0.6458923 0.9504977
vt 0.5823592 0.9107451
vt 0.5805664 0.910818
vt 0.3762063 0.3667722
vt 0.3835676 0.3570313
vt 0.3477783 0.7997009
vt 0.3582349 0.7878228
vt 0.4203921 0.9765702
vt 0.6990287 0.9770725
vt 0.02714324 0.8344194
vt 0.02586836 0.8338135
vt 0.6797665 0.7547441
vt 0.5522547 0.8743671
vt 0.1128969 0.4633638
vt 0.5509551 0.8756904
vt 0.4025555 0.7362968
vt 0.4024705 0.7327872
vt 0.6622846 0.8776506
vt 0.532959 0.9672852
vt 0.6635307 0.8778423
vt 0.6627446 0.8765158
vt 0.6622581 0.8794306
vt 0.08402646 0.3176646
vt 0.6612411 0.8791604
vt 0.6622486 0.8825257
vt 0.6957654 0.7791653
vt 0.02941519 0.84586
vt 0.6939051 0.7841269
vt 0.8658452 0.9283753
vt 0.4924932 0.5818082
vt 0.9671112 0.5674992
vt 0.6641124 0.8787907
vt 0.5058342 0.5825031
vt 0.6638427 0.8799633
vt 0.9515852 0.3564516
vt 0.9428502 0.9137754
vt 0.831843 0.9599609
vt 0.6766268 0.7696553
vt 0.877458 0.6180645
vt 0.8568531 0.6160408
vt 0.7901852 0.8927381
vt 0.6282357 0.6045175
vt 0.6197122 0.5908221
vt 0.07744706 0.8865674
vt 0.5452522 0.8736935
vt 0.9028298 0.6427699
vt 0.5404621 0.8722363
vt 0.2952099 0.9988641
vt 0.5413944 0.8610376
vt 0.7129204 0.9836611
vt 0.7127542 0.9805409
vt 0.5832584 0.915481
vt 0.5846172 0.9179544
vt 0.5035893 0.9917205
vt 0.7549466 0.7050611
vt 0.4284652 0.9363634
vt 0.9017743 0.9769871
vt 0.4430324 0.9330044
vt 0.06356788 0.5986328
vt 0.4340573 0.9400546
vt 0.6905012 0.9750295
vt 0.6905387 0.9736988
vt 0.9078343 0.6525906
vt 0.3686237 0.346604
vt 0.3713169 0.3455563
vt 0.003120184 0.5246397
vt 0.003854692 0.517683
vt 0.0004882812 0.5194235
vt 0.8245495 0.8712264
vt 0.5929099 0.3878435
vt 0.5891825 0.4152621
vt 0.8951601 0.9846433
vt 0.4339328 0.9977936
vt 0.4311523 0.9974613
vt 0.6311127 0.9770381
vt 0.02633518 0.8313569
vt 0.02390063 0.8319944
vt 0.3753019 0.3317757
vt 0.3907652 0.7394071
vt 0.5473478 0.5445048
vt 0.08068532 0.4509951
vt 0.02623469 0.8300511
vt 0.9503497 0.9504928
vt 0.9572242 0.9755859
vt 0.9548315 0.9570401
vt 0.2679823 0.7871655
vt 0.3749512 0.3418554
vt 0.81149 0.8858857
vt 0.621582 0.9157371
vt 0.7559192 0.996978
vt 0.7553464 0.9990234
vt 0.7543945 0.9977934
vt 0.6030273 0.9503987
vt 0.7561502 0.8724168
vt 0.4770417 0.6640542
vt 0.6004901 0.9654148
vt 0.599623 0.9513713
vt 0.5443347 0.5452098
vt 0.8602501 0.9500267
vt 0.861643 0.9507575
vt 0.8631336 0.9480612
vt 0.4007442 0.7482811
vt 0.3982922 0.7499959
vt 0.8619156 0.9457867
vt 0.6968204 0.9924484
vt 0.5069683 0.9350091
vt 0.6968602 0.988413
vt 0.6938471 0.9905951
vt 0.545144 0.5407004
vt 0.8392223 0.6707842
vt 0.6197329 0.2240281
vt 0.268579 0.3618139
vt 0.997224 0.9322909
vt 0.5366211 0.9503187
vt 0.2659003 0.7896532
vt 0.9487305 0.9625946
vt 0.5419205 0.5626034
vt 0.4652979 0.9319581
vt 0.5393126 0.5489503
vt 0.02388012 0.8321849
vt 0.5605606 0.6611894
vt 0.05578458 0.3912611
vt 0.5088974 0.826987
vt 0.7652766 0.7433609
vt 0.5931996 0.6403795
vt 0.545583 0.8566644
vt 0.548296 0.8603516
vt 0.3078502 0.8399876
vt 0.3253373 0.8582895
vt 0.6488973 0.9477981
vt 0.6499134 0.941587
vt 0.6449419 0.9458066
vt 0.3904288 0.2931376
vt 0.987172 0.9907399
vt 0.5594393 0.6768463
vt 0.09820896 0.4044559
vt 0.09165889 0.3940818
vt 0.460645 0.9350574
vt 0.4579857 0.9417329
vt 0.7291451 0.9922126
vt 0.06545144 0.4920519
vt 0.7289618 0.9923741
vt 0.7294293 0.9920298
vt 0.2664972 0.9437954
vt 0.09803528 0.4012688
vt 0.07014859 0.7697136
vt 0.9377196 0.9990234
vt 0.07776382 0.774311
vt 0.06207622 0.7876915
vt 0.5846126 0.6723355
vt 0.5863614 0.6782269
vt 0.09466618 0.3907378
vt 0.4583543 0.945349
vt 0.3651174 0.9863222
vt 0.504492 0.6962149
vt 0.5978819 0.8912796
vt 0.6024345 0.9213867
vt 0.6022527 0.9055551
vt 0.5532681 0.9734668
vt 0.1421173 0.8671336
vt 0.5522264 0.9750217
vt 0.5521107 0.9770827
vt 0.2707462 0.7870952
vt 0.3756557 0.9184884
vt 0.3786646 0.9210421
vt 0.6645066 0.754913
vt 0.6631055 0.7569835
vt 0.8032227 0.9226987
vt 0.6034172 0.9455574
vt 0.02698916 0.8303418
vt 0.0472759 0.347893
vt 0.05112648 0.3469752
vt 0.4547683 0.7906028
vt 0.5398793 0.5397394
vt 0.4534233 0.9452963
vt 0.4510722 0.94155
vt 0.8704019 0.8782797
vt 0.4098273 0.3742872
vt 0.07291675 0.353345
vt 0.5353132 0.5488466
vt 0.5382633 0.5509512
vt 0.8601339 0.884252
vt 0.8593233 0.8871613
vt 0.6337067 0.6698891
vt 0.6355256 0.6101521
vt 0.2647167 0.7824556
vt 0.437815 0.9191637
vt 0.4195146 0.3089762
vt 0.5321062 0.8720886
vt 0.532892 0.8806212
vt 0.4219442 0.3105351
vt 0.8311549 0.4741989
vt 0.8257771 0.5010124
vt 0.2387297 0.2976197
vt 0.5876502 0.8876953
vt 0.05971098 0.3901746
vt 0.7604053 0.9892578
vt 0.06557715 0.3858749
vt 0.01547492 0.3107958
vt 0.01338053 0.3100293
vt 0.01165962 0.3145638
vt 0.5856869 0.6709601
vt 0.8579835 0.8850677
vt 0.5345585 0.5416389
vt 0.370001 0.3487862
vt 0.02700263 0.815604
vt 0.6734095 0.739059
vt 0.4286203 0.7350332
vt 0.291468 0.9794922
vt 0.2675143 0.7729578
vt 0.3964823 0.8487665
vt 0.517247 0.7204113
vt 0.5171847 0.7294129
vt 0.01061594 0.9018054
vt 0.9975586 0.973816
vt 0.3958058 0.8804486
vt 0.39693 0.8777924
vt 0.3912172 0.8738254
vt 0.6865672 0.9200892
vt 0.6875515 0.9708195
vt 0.8547096 0.6301506
vt 0.3610107 0.2970672
vt 0.3561313 0.335645
vt 0.03592092 0.8246337
vt 0.7260416 0.6878459
vt 0.06718498 0.4517517
vt 0.3911731 0.7585649
vt 0.9550492 0.9497312
vt 0.8777241 0.9983289
vt 0.8772782 0.9980384
vt 0.876709 0.9981054
vt 0.6081443 0.2917161
vt 0.5266643 0.557447
vt 0.4867649 0.96838
vt 0.2570428 0.7556663
vt 0.3522704 0.3378376
vt 0.3512775 0.3223692
vt 0.005697129 0.8770818
vt 0.007527879 0.8800615
vt 0.6441566 0.9355719
vt 0.08646309 0.313462
vt 0.50462 0.9945015
vt 0.8560435 0.9528595
vt 0.5052916 0.9950832
vt 0.4484057 0.6490887
vt 0.4484878 0.6439447
vt 0.445991 0.6615806
vt 0.09567416 0.2842707
vt 0.4376789 0.9148535
vt 0.8894713 0.4916693
vt 0.5728118 0.8852713
vt 0.5746478 0.8865908
vt 0.572134 0.8859162
vt 0.9468416 0.555549
vt 0.9529301 0.5537279
vt 0.5724357 0.7294477
vt 0.5793579 0.7236297
vt 0.5691915 0.722028
vt 0.006347656 0.9817024
vt 0.009301287 0.9809088
vt 0.1380327 0.8865421
vt 0.1345662 0.8920966
vt 0.3006093 0.8428905
vt 0.2975201 0.8424144
vt 0.8381495 0.9010691
vt 0.2079777 0.8609284
vt 0.8347945 0.9089245
vt 0.8318471 0.8868829
vt 0.8406167 0.876967
vt 0.6506608 0.9977656
vt 0.2179382 0.8272492
vt 0.2154378 0.8269491
vt 0.3460871 0.5765666
vt 0.7329967 0.9990234
vt 0.8369193 0.904677
vt 0.03408754 0.8311344
vt 0.03233039 0.835477
vt 0.1087911 0.9990234
vt 0.4181565 0.5794235
vt 0.9384711 0.4844368
vt 0.4067428 0.9193264
vt 0.3959121 0.9179019
vt 0.7772998 0.6209123
vt 0.9421387 0.9531495
vt 0.5295068 0.5607355
vt 0.533283 0.5563368
vt 0.533949 0.5514773
vt 0.509771 0.75468
vt 0.5041399 0.7623239
vt 0.5068853 0.7647385
vt 0.06712103 0.3185126
vt 0.075284 0.3200422
vt 0.07395554 0.315982
vt 0.9330635 0.4142192
vt 0.08290863 0.356951
vt 0.9411964 0.521356
vt 0.5706023 0.3744944
vt 0.4484272 0.7836633
vt 0.5357488 0.5544708
vt 0.3911643 0.8345411
vt 0.2979887 0.9847693
vt 0.6724945 0.9384766
vt 0.9692383 0.9819975
vt 0.3847742 0.7106611
vt 0.5209062 0.9737595
vt 0.5013211 0.7779662
vt 0.2753906 0.9924688
vt 0.528998 0.9990234
vt 0.8787555 0.9976039
vt 0.8791897 0.9968145
vt 0.4989269 0.9533617
vt 0.001745419 0.882562
vt 0.02979052 0.339572
vt 0.03207064 0.3442675
vt 0.03525841 0.3323541
vt 0.4922708 0.9827023
vt 0.08069587 0.3301317
vt 0.07624722 0.3454504
vt 0.08835161 0.3319183
vt 0.08677924 0.3369819
vt 0.9529406 0.9839915
vt 0.0142293 0.9990234
vt 0.6062976 0.9476937
vt 0.03043437 0.8466797
vt 0.0870564 0.323368
vt 0.4091725 0.9769425
vt 0.4087845 0.9788867
vt 0.6079146 0.9374617
vt 0.5512927 0.5609015
vt 0.1287151 0.8883996
vt 0.6599755 0.8781821
vt 0.6602191 0.8763306
vt 0.4597168 0.9458008
vt 0.3515563 0.3382203
vt 0.06352556 0.3354087
vt 0.05968511 0.3334985
vt 0.06153727 0.3369079
vt 0.4608345 0.9432393
vt 0.07692047 0.7551231
vt 0.3497233 0.3316916
vt 0.5897549 0.2919881
vt 0.5891882 0.2984278
vt 0.5913358 0.3000007
vt 0.05444145 0.3503367
vt 0.05545914 0.3483166
vt 0.5945349 0.2762003
vt 0.498285 0.9533827
vt 0.5982291 0.292275
vt 0.4978027 0.9555664
vt 0.7018962 0.7807624
vt 0.08855939 0.3359433
vt 0.7006917 0.8423553
vt 0.7043771 0.8241924
vt 0.700527 0.803858
vt 0.1079102 0.9983854
vt 0 0.9816325
vt 0.6931683 0.8121775
vt 0.01145196 0.9892096
vt 0.3522311 0.3412158
vt 0.6514077 0.9984676
vt 0.240016 0.8406222
vt 0.8053719 0.9781324
vt 0.2556455 0.8434756
vt 0.2460029 0.8492522
vt 0.932927 0.9651882
vt 0.5871346 0.3167525
vt 0.05782771 0.3059008
vt 0.05839825 0.2994093
vt 0.05698431 0.3033736
vt 0.5373054 0.5585318
vt 0.06777799 0.3263916
vt 0.08706772 0.3646937
vt 0.08669555 0.3639356
vt 0.9734985 0.7578413
vt 0.4740678 0.5859689
vt 0.6337907 0.978821
vt 0.9803109 0.3901106
vt 0.4865027 0.9969858
vt 0.4870713 0.9972828
vt 0.6742509 0.9920232
vt 0.6747966 0.9772795
vt 0.6779619 0.9781351
vt 0.8046727 0.9758439
vt 0.9722356 0.5139809
vt 0.1086844 0.9977005
vt 0.7062203 0.8655639
vt 0.5538239 0.8763441
vt 0.03234673 0.6023786
vt 0.9086914 0.970057
vt 0.4754582 0.9156411
vt 0.474492 0.9170626
vt 0.4938013 0.9990234
vt 0.06688404 0.3472874
vt 0.06711507 0.3527867
vt 0.5314503 0.5662419
vt 0.04659209 0.9879859
vt 0.04808448 0.9885923
vt 0.04835369 0.9879243
vt 0.2748192 0.9971406
vt 0.3672736 0.3726881
vt 0.366878 0.9012209
vt 0.3735728 0.9157535
vt 0.9331055 0.9894556
vt 0.9450623 0.9820615
vt 0.05609029 0.7769414
vt 0.9219961 0.9959417
vt 0.3503154 0.9987328
vt 0.6733398 0.9799434
vt 0.659668 0.8801223
vt 0.5466028 0.5633603
vt 0.560361 0.7569953
vt 0.5654515 0.7504221
vt 0.8233571 0.9268115
vt 0.5306466 0.5696452
vt 0.52705 0.9462891
vt 0.5196614 0.5727302
vt 0.5267615 0.566848
vt 0.709268 0.7761853
vt 0.6639106 0.8768815
vt 0.5739581 0.8837404
vt 0.5761899 0.8815193
vt 0.8776023 0.9974126
vt 0.4998103 0.9551739
vt 0.2826828 0.3617109
vt 0.4534323 0.9281107
vt 0.4530484 0.9348491
vt 0.4504903 0.9350959
vt 0.5804474 0.3159872
vt 0.5885944 0.2895297
vt 0.2621566 0.2757009
vt 0.9132401 0.9726429
vt 0.2653482 0.3222301
vt 0.8530101 0.8886293
vt 0.8227458 0.9978824
vt 0.8236696 0.9980421
vt 0.3728027 0.998533
vt 0.5338285 0.9639755
vt 0.8063965 0.9633789
vt 0.5374552 0.9649435
vt 0.2986624 0.9976192
vt 0.9114087 0.9736328
vt 0.8640491 0.9293937
vt 0.4657755 0.9197871
vt 0.4659222 0.9196124
vt 0.3437788 0.3876953
vt 0.340332 0.3834989
vt 0.808394 0.9627492
vt 0.2534485 0.2965677
vt 0.2508143 0.318327
vt 0.8178606 0.5467814
vt 0.6157227 0.9445998
vt 0.06230855 0.3155928
vt 0.06294489 0.3129296
vt 0.06210184 0.3104943
vt 0.3348838 0.8868206
vt 0.8210449 0.9731445
vt 0.2987574 0.9990234
vt 0.05368179 0.9939721
vt 0.2947296 0.9975975
vt 0.9762068 0.4454266
vt 0.7367872 0.6763312
vt 0.7356894 0.6842964
vt 0.8079399 0.961271
vt 0.493193 0.5887153
vt 0.6651065 0.8778262
vt 0.5031503 0.584751
vt 0.4661075 0.9209062
vt 0.4676951 0.922647
vt 0.8220215 0.9980402
vt 0.8222498 0.9979506
vt 0.5042261 0.5826396
vt 0.5035157 0.5782146
vt 0.6782848 0.9208984
vt 0.6770031 0.9170073
vt 0.604619 0.9800341
vt 0.4889883 0.9098351
vt 0.6034548 0.9833984
vt 0.3508095 0.6919712
vt 0.9571689 0.4867843
vt 0.770598 0.9150628
vt 0.5981445 0.986499
vt 0.7774141 0.9218718
vt 0.7721167 0.9272528
vt 0.03735316 0.3467115
vt 0.1461222 0.9982027
vt 0.4890827 0.9952657
vt 0.1460569 0.9983469
vt 0.1467531 0.9982383
vt 0.2650206 0.6300216
vt 0.3064454 0.6540022
vt 0.5415677 0.9629303
vt 0.5391923 0.9597132
vt 0.5011957 0.5779933
vt 0.8499655 0.9990234
vt 0.0451566 0.3340265
vt 0.04844987 0.338486
vt 0.04449487 0.3265001
vt 0.02924097 0.8160152
vt 0.4474283 0.9192504
vt 0.4458008 0.9157624
vt 0.5591041 0.9756756
vt 0.05382603 0.4971201
vt 0.05323321 0.4852664
vt 0.0499087 0.4923681
vt 0.5404773 0.9679984
vt 0.9063917 0.6279297
vt 0.9217368 0.5975887
vt 0.4542145 0.6066379
vt 0.443027 0.7331859
vt 0.4416018 0.7124509
vt 0.5504752 0.4330679
vt 0.5563294 0.4540297
vt 0.558947 0.4376913
vt 0.5586306 0.4459811
vt 0.5619844 0.4327589
vt 0.382953 0.784147
vt 0.3922979 0.7980635
vt 0.8556715 0.9354877
vt 0.2763839 0.9673406
vt 0.5328349 0.7427466
vt 0.2795269 0.9582927
vt 0.05809975 0.3890182
vt 0.05697465 0.3947946
vt 0.8539898 0.9561752
vt 0.5032795 0.9934578
vt 0.09670776 0.369945
vt 0.1027505 0.3735993
vt 0.05250078 0.4267145
vt 0.7493393 0.9091875
vt 0.4807158 0.9990234
vt 0.7436626 0.9386235
vt 0.74949 0.8942952
vt 0.685284 0.9602341
vt 0.576979 0.882419
vt 0.5261093 0.4700062
vt 0.5229608 0.4610628
vt 0.1623021 0.9982764
vt 0.1632438 0.9990234
vt 0.1624278 0.9987631
vt 0.5191393 0.4772946
vt 0.8782486 0.5545135
vt 0.7363696 0.923917
vt 0.7393121 0.9434944
vt 0.7414525 0.9694757
vt 0.7367356 0.9753528
vt 0.5750401 0.7503431
vt 0.2688107 0.9675893
vt 0.5232084 0.7578467
vt 0.3813192 0.7205033
vt 0.4901423 0.5908773
vt 0.4932158 0.59263
vt 0.5636177 0.4415482
vt 0.07205331 0.3029073
vt 0.7427 0.9963765
vt 0.3929895 0.7880434
vt 0.7400938 0.9955135
vt 0.4925555 0.949331
vt 0.722465 0.8890111
vt 0.7125353 0.9158235
vt 0.5569053 0.4149356
vt 0.4367472 0.7153662
vt 0.5698989 0.887665
vt 0.5697533 0.8923239
vt 0.8910629 0.5380171
vt 0.8846643 0.4978508
vt 0.1980189 0.896612
vt 0.1971276 0.889169
vt 0.4777076 0.618291
vt 0.4909289 0.9966638
vt 0.462852 0.6471809
vt 0.4727963 0.6535079
vt 0.02631772 0.9802983
vt 0.4890137 0.965332
vt 0.4892512 0.9566278
vt 0.7025387 0.9909237
vt 0.7003652 0.9901521
vt 0.7021251 0.9876844
vt 0.6879883 0.9738616
vt 0.0300293 0.9770508
vt 0.4165039 0.9811819
vt 0.3881605 0.668411
vt 0.008089326 0.8798364
vt 0.7569678 0.9087824
vt 0.7386883 0.9952683
vt 0.7422665 0.9768589
vt 0.2786345 0.5542363
vt 0.4887465 0.596755
vt 0.7534367 0.921663
vt 0.04583991 0.6071314
vt 0.05992472 0.6010378
vt 0.7997081 0.8862218
vt 0.8020568 0.8829841
vt 0.6311062 0.113097
vt 0.2277068 0.5991619
vt 0.2360556 0.544775
vt 0.471782 0.9247554
vt 0.4443032 0.9639517
vt 0.4453495 0.9740657
vt 0.4607292 0.9522372
vt 0.1126635 0.9963378
vt 0.1104368 0.9960395
vt 0.08530068 0.5865277
vt 0.08046186 0.5939246
vt 0.09368706 0.5811485
vt 0.4359763 0.9668968
vt 0.8867843 0.6666825
vt 0.3246239 0.7451787
vt 0.9412218 0.5102854
vt 0.2422186 0.5493679
vt 0.8095036 0.8865846
vt 0.441305 0.9542894
vt 0.443436 0.9479786
vt 0.09327233 0.987676
vt 0.09704602 0.9941449
vt 0.7494655 0.8969878
vt 0.4799805 0.9986656
vt 0.4778119 0.6089813
vt 0.4522239 0.6846899
vt 0.02591813 0.9767034
vt 0.08633792 0.5845815
vt 0.08274055 0.5853804
vt 0.6574216 0.9048145
vt 0.9593768 0.9765062
vt 0.9587402 0.9767968
vt 0.4346539 0.90824
vt 0.4861767 0.9974132
vt 0.4466673 0.7923905
vt 0.904635 0.9721854
vt 0.5379552 0.9716137
vt 0.9071159 0.9755859
vt 0.9038086 0.9730613
vt 0.4310927 0.9832492
vt 0.04604561 0.9857101
vt 0.009037852 0.3962488
vt 0.5389204 0.9795433
vt 0.4584076 0.9849226
vt 0.4707245 0.9353139
vt 0.1976343 0.8872263
vt 0.01499283 0.3877438
vt 0.06925058 0.5828158
vt 0.05881596 0.3601467
vt 0.05871582 0.3692971
vt 0.6759861 0.9950501
vt 0.4864833 0.9775876
vt 0.4835342 0.9746068
vt 0.3392917 0.8076574
vt 0.3458968 0.8107077
vt 0.002773881 0.9190347
vt 0.03646743 0.3984886
vt 0.4749166 0.6217658
vt 0.4841995 0.6140969
vt 0.4732822 0.9979197
vt 0.4849204 0.6212016
vt 0.6837745 0.9977374
vt 0.02815259 0.4034543
vt 0.03273845 0.4070483
vt 0.3086606 0.9365391
vt 0.08441025 0.3784864
vt 0.4919547 0.6192615
vt 0.4885492 0.619404
vt 0.08863163 0.5579703
vt 0.676735 0.9932271
vt 0.5850085 0.4975213
vt 0.5915084 0.5208157
vt 0.6016054 0.5022854
vt 0.3767664 0.8102621
vt 0.3730699 0.7938746
vt 0.524448 0.7265242
vt 0.2707716 0.9499538
vt 0.5379381 0.7245723
vt 0.5233402 0.7308912
vt 0.01220703 0.9865384
vt 0.5510455 0.9828512
vt 0.6308609 0.9448611
vt 0.4715097 0.9845043
vt 0.08296132 0.5672607
vt 0.4956923 0.6139545
vt 0.1054165 0.3851756
vt 0.429359 0.9505939
vt 0.4233398 0.9470747
vt 0.4247438 0.9802455
vt 0.4902371 0.869674
vt 0.7121127 0.9833757
vt 0.6040897 0.9503914
vt 0.4701291 0.8944298
vt 0.4826483 0.8924692
vt 0.464959 0.8929727
vt 0.4865824 0.6195672
vt 0.4507141 0.8000168
vt 0.6960084 0.9780545
vt 0.4605523 0.8058835
vt 0.4720442 0.8595523
vt 0.2831105 0.9738356
vt 0.9879575 0.7709377
vt 0.004831721 0.8834479
vt 0.4500456 0.6230044
vt 0.4465424 0.619051
vt 0.4497623 0.6382735
vt 0.2080754 0.5370661
vt 0.4700532 0.7514814
vt 0.6890428 0.9833636
vt 0.6900157 0.9850844
vt 0.6188089 0.9189453
vt 0.4424912 0.6147614
vt 0.02133769 0.9370148
vt 0.2561615 0.966504
vt 0.2818681 0.9892578
vt 0.2779541 0.9838994
vt 0.2778099 0.9880196
vt 0.5960922 0.6184049
vt 0.6946942 0.9778786
vt 0.6955159 0.9771352
vt 0.1745694 0.8810947
vt 0.4556689 0.982471
vt 0.3239388 0.9945897
vt 0.4376963 0.8749402
vt 0.4436839 0.8665059
vt 0.1049048 0.4994216
vt 0.1027377 0.5267718
vt 0.4766655 0.5823067
vt 0.4687087 0.9345871
vt 0.4535931 0.9224783
vt 0.6286683 0.9091797
vt 0.4431161 0.8790025
vt 0.6166961 0.8924221
vt 0.6228834 0.8871523
vt 0.5365019 0.9679726
vt 0.4287741 0.9850996
vt 0.5359732 0.9678187
vt 0.6926962 0.9873603
vt 0.5370585 0.9709237
vt 0.02447569 0.6582701
vt 0.02180445 0.6330327
vt 0.4833395 0.9035161
vt 0.3286792 0.7257136
vt 0.3197055 0.7129496
vt 0.325977 0.7311993
vt 0.1465538 0.9984554
vt 0.0228616 0.8307818
vt 0.2993776 0.9983875
vt 0.299768 0.997456
vt 0.006915569 0.977966
vt 0.4373765 0.6829916
vt 0.01073408 0.9764783
vt 0.4599375 0.891555
vt 0.4944079 0.8962848
vt 0.4952513 0.997658
vt 0.4776748 0.9404297
vt 0.2807107 0.9784914
vt 0.28494 0.9808391
vt 0.9825163 0.7670057
vt 0.9867538 0.7674465
vt 0.4652938 0.8975471
vt 0.6172391 0.9088105
vt 0.9357303 0.5034262
vt 0.2806646 0.5640465
vt 0.979722 0.7651989
vt 0.3936923 0.3168718
vt 0.4687297 0.9336773
vt 0.3238846 0.7325546
vt 0.7480286 0.6960357
vt 0.3997308 0.7610542
vt 0.4009744 0.7719383
vt 0.9643596 0.4697651
vt 0.9690824 0.4734143
vt 0.06434131 0.6042169
vt 0.9636873 0.4661663
vt 0.3252317 0.8719348
vt 0.8092754 0.8902206
vt 0.02709961 0.9726001
vt 0.9605931 0.4665327
vt 0.4192852 0.9724974
vt 0.4228123 0.9671295
vt 0.4214634 0.973929
vt 0.402945 0.9897753
vt 0.3006502 0.6664782
vt 0.01063208 0.984394
vt 0.4210211 0.9833984
vt 0.5123391 0.9930294
vt 0.5135945 0.9988521
vt 0.9592284 0.4606357
vt 0.3491304 0.9982992
vt 0.3484136 0.9987743
vt 0.3488238 0.9990234
vt 0.7497352 0.9799449
vt 0.4971356 0.6176932
vt 0.4957271 0.8150589
vt 0.4934535 0.812578
vt 0.2733327 0.5547874
vt 0.9529369 0.4787322
vt 0.4562415 0.6153932
vt 0.8036008 0.9783067
vt 0.8050652 0.9794922
vt 0.5422274 0.9931641
vt 0.9560431 0.4692283
vt 0.7924805 0.9560793
vt 0.7982469 0.9533511
vt 0.7978287 0.9457898
vt 0.5979374 0.9836616
vt 0.5961914 0.9838256
vt 0.8317112 0.8702664
vt 0.597198 0.9853516
vt 0.6618761 0.9331318
vt 0.6607155 0.9365234
vt 0.7224439 0.9981871
vt 0.5171524 0.9990234
vt 0.7967979 0.9064655
vt 0.486369 0.9966131
vt 0.3069284 0.6897631
vt 0.3241824 0.6750329
vt 0.5824509 0.9181447
vt 0.9424713 0.9665959
vt 0.5869747 0.6226683
vt 0.5843464 0.6185336
vt 0.5851862 0.625054
vt 0.6021578 0.635328
vt 0.9226536 0.549011
vt 0.929352 0.5525137
vt 0.4639399 0.5837172
vt 0.4689445 0.9990234
vt 0.4429152 0.9827596
vt 0.3353237 0.6450778
vt 0.5414496 0.9895673
vt 0.3126795 0.6534408
vt 0.6032663 0.9877582
vt 0.6344689 0.9848801
vt 0.8815701 0.9973892
vt 0.8808854 0.9986632
vt 0.8808262 0.9975565
vt 0.6385219 0.91419
vt 0.6780133 0.9990234
vt 0.9200196 0.4754556
vt 0.3383948 0.571226
vt 0.7300718 0.989525
vt 0.5217195 0.9974328
vt 0.4609416 0.9120799
vt 0.9098502 0.4471877
vt 0.8032417 0.9256748
vt 0.8284472 0.9408874
vt 0.5908831 0.6193773
vt 0.2749023 0.9833182
vt 0.5874611 0.6149336
vt 0.6522282 0.941127
vt 0.518543 0.9701434
vt 0.65408 0.9539452
vt 0.6512268 0.9444374
vt 0.6498188 0.9193524
vt 0.2944336 0.6875978
vt 0.494095 0.9975378
vt 0.756083 0.866837
vt 0.3357419 0.677924
vt 0.3333303 0.6776325
vt 0.3220583 0.6923828
vt 0.4732279 0.9185873
vt 0.3727134 0.5878663
vt 0.3716743 0.5710915
vt 0.4926758 0.9974802
vt 0.475139 0.9203168
vt 0.8064821 0.9311523
vt 0.605229 0.9517002
vt 0.6047532 0.9525329
vt 0.9383362 0.9659859
vt 0.3351362 0.6726553
vt 0.3376358 0.6576216
vt 0.6057295 0.950783
vt 0.7839355 0.9575195
vt 0.5608978 0.4240117
vt 0.7850499 0.956129
vt 0.9108047 0.9725958
vt 0.5884439 0.6540319
vt 0.2368695 0.5745001
vt 0.002932419 0.9433095
vt 0.7738898 0.7709434
vt 0.9991409 0.9179473
vt 0.9987788 0.9311947
vt 0.1921633 0.8900183
vt 0.1968526 0.8867259
vt 0.8091857 0.8617133
vt 0.3423297 0.7636325
vt 0.3405334 0.7570308
vt 0.6038663 0.9541016
vt 0.1058121 0.9605906
vt 0.05239898 0.5348425
vt 0.0522626 0.511173
vt 0.0403915 0.5324945
vt 0.7688984 0.9570947
vt 0.7682077 0.966274
vt 0.7744021 0.9606572
vt 0.8334961 0.9536626
vt 0.8344293 0.9540268
vt 0.8343704 0.9560547
vt 0.4532133 0.706035
vt 0.5271682 0.9926876
vt 0.5804648 0.759149
vt 0.009497046 0.4169922
vt 0.6833416 0.9752712
vt 0.01954532 0.4151829
vt 0.6834427 0.9763408
vt 0.6842506 0.976076
vt 0.5705957 0.7536632
vt 0.07138741 0.2765843
vt 0.4868286 0.748643
vt 0.4868466 0.7657397
vt 0.4073186 0.7437868
vt 0.4030093 0.7395747
vt 0.3622102 0.6163726
vt 0.3532037 0.5715169
vt 0.7429828 0.9967965
vt 0.7407722 0.9449965
vt 0.7398568 0.9105274
vt 0.4549735 0.7136537
vt 0.4528421 0.7133377
vt 0.5686496 0.4730735
vt 0.5577755 0.4780934
vt 0.4205624 0.9443359
vt 0.4174805 0.9341878
vt 0.4236642 0.9429119
vt 0.7928935 0.9956606
vt 0.3885373 0.7507292
vt 0.3914936 0.7555952
vt 0.3927182 0.7525804
vt 0.7434328 0.9965183
vt 0.791748 0.9985352
vt 0.2389548 0.7912945
vt 0.2223109 0.8081214
vt 0.2310841 0.8140525
vt 0.5753897 0.5186171
vt 0.5944117 0.5467054
vt 0.5756556 0.8810596
vt 0.5825195 0.6251487
vt 0.6405309 0.9398056
vt 0.9421481 0.4742263
vt 0.04068601 0.4019012
vt 0.04035914 0.4064163
vt 0.04304481 0.4041437
vt 0.7558578 0.9985491
vt 0.9398505 0.9677734
vt 0.7154291 0.9849732
vt 0.6651371 0.91108
vt 0.4749349 0.792789
vt 0.3636804 0.7958727
vt 0.03611296 0.9981323
vt 0.3663962 0.7868392
vt 0.3741796 0.7901912
vt 0.1115613 0.9986241
vt 0.1098633 0.9980038
vt 0.974176 0.4775372
vt 0.104776 0.5332719
vt 0.2568601 0.5207152
vt 0.9473663 0.9595444
vt 0.0543443 0.3017005
vt 0.007008374 0.9085384
vt 0.005869091 0.9106446
vt 0.007825732 0.9092176
vt 0.2782451 0.5714133
vt 0.5926868 0.8917442
vt 0.5931961 0.8921238
vt 0.2319188 0.5809319
vt 0.7698232 0.750376
vt 0.1772668 0.8905354
vt 0.1780236 0.8898051
vt 0.4584916 0.9214956
vt 0.006867349 0.9118134
vt 0.8636936 0.3674059
vt 0.7059547 0.8452604
vt 0.008228275 0.8839352
vt 0.2653791 0.3410976
vt 0.5922531 0.3194898
vt 0.5635468 0.7815939
vt 0.3883035 0.5975423
vt 0.5543462 0.7825553
vt 0.2603215 0.5715839
vt 0.110272 0.3913247
vt 0.6595413 0.9151322
vt 0.714245 0.9873047
vt 0.9794235 0.48212
vt 0.6254951 0.9154761
vt 0.3422419 0.6352908
vt 0.1017701 0.9695706
vt 0.4238549 0.9284377
vt 0.6187754 0.9150557
vt 0.6184817 0.9162509
vt 0.9440694 0.5622079
vt 0.6811968 0.9758625
vt 0.7145358 0.9862283
vt 0.2559735 0.5385892
vt 0.6960235 0.9790032
vt 0.7842088 0.9499771
vt 0.5657266 0.5308174
vt 0.5705005 0.5771484
vt 0.5986993 0.5722826
vt 0.3372808 0.7389284
vt 0.8050435 0.8971804
vt 0.5612999 0.4144036
vt 0.5395923 0.782566
vt 0.5333301 0.7760334
vt 0.5314932 0.7883911
vt 0.742456 0.6871524
vt 0.03016812 0.4897891
vt 0.5393319 0.7709016
vt 0.005461574 0.9113999
vt 0.5696636 0.4952061
vt 0.3748145 0.9881109
vt 0.3735352 0.9887213
vt 0.3750385 0.9888794
vt 0.2890472 0.9791816
vt 0.2881282 0.9675131
vt 0.284668 0.972919
vt 0.5620573 0.9706534
vt 0.544031 0.7715153
vt 0.9449909 0.9267578
vt 0.9586489 0.354988
vt 0.01693462 0.8942397
vt 0.01777932 0.8973234
vt 0.01790133 0.8944812
vt 0.5326583 0.9907685
vt 0.9949341 0.9720776
vt 0.9946699 0.9738618
vt 0.9986944 0.9701302
vt 0.8264353 0.6535555
vt 0.8328621 0.6483231
vt 0.196964 0.8983953
vt 0.691902 0.9795817
vt 0.6887068 0.9778371
vt 0.6909618 0.9851761
vt 0.4584961 0.9990234
vt 0.6866603 0.9771742
vt 0.6875493 0.9793023
vt 0.3889632 0.8034903
vt 0.5316595 0.8126568
vt 0.7635331 0.9379
vt 0.7976173 0.9984161
vt 0.003398145 0.9990234
vt 0.002792747 0.9982849
vt 0.1283867 0.9975668
vt 0.001989745 0.9987253
vt 0.1143932 0.9969693
vt 0.8642493 0.9404297
vt 0.7353221 0.6704467
vt 0.8044259 0.8993116
vt 0.8028278 0.8863711
vt 0.7997189 0.8887539
vt 0.8038953 0.8947576
vt 0.386843 0.9967357
vt 0.3825684 0.9985352
vt 0.3873966 0.9979466
vt 0.8422676 0.6761874
vt 0.1103767 0.964114
vt 0.6916248 0.9771109
vt 0.5052615 0.7976776
vt 0.9596306 0.4540575
vt 0.3032886 0.8123547
vt 0.4995843 0.5708989
vt 0.4997642 0.5721486
vt 0.6872787 0.9769434
vt 0.5476426 0.7854323
vt 0.2332194 0.8260019
vt 0.2390272 0.8103
vt 0.5032049 0.5652046
vt 0.6386167 0.9404297
vt 0.6395732 0.9400194
vt 0.5875182 0.6661299
vt 0.01262879 0.2958547
vt 0.9593197 0.9767139
vt 0.3731144 0.8735646
vt 0.3676758 0.8730504
vt 0.4355032 0.9984041
vt 0.5382107 0.7746803
vt 0.553231 0.7851135
vt 0.5382436 0.9703069
vt 0.2989761 0.9968724
vt 0.2997717 0.9968381
vt 0.3227539 0.9984384
vt 0.6601562 0.9920007
vt 0.1239106 0.3754644
vt 0.124059 0.3733342
vt 0.5161133 0.9560777
vt 0.01731017 0.8921027
vt 0.516498 0.7862537
vt 0.0885374 0.4922806
vt 0.9683753 0.4646034
vt 0.1773131 0.8820293
vt 0.9707829 0.4711683
vt 0.4854914 0.7986996
vt 0.5026542 0.5746086
vt 0.4993634 0.5735164
vt 0.4766901 0.9376353
vt 0.4749196 0.9387246
vt 0.4766615 0.9398361
vt 0.3316727 0.9916708
vt 0.8920898 0.9978408
vt 0.05838996 0.5348574
vt 0.9704958 0.7726428
vt 0.6717771 0.9313299
vt 0.1112304 0.5284922
vt 0.6930037 0.9786069
vt 0.6941664 0.9851884
vt 0.4186832 0.5709735
vt 0.4673666 0.8057797
vt 0.1000251 0.9924278
vt 0.1014702 0.4073509
vt 0.4180545 0.9485305
vt 0.01071519 0.5335394
vt 0.502563 0.7616106
vt 0.4982476 0.7779729
vt 0.1985809 0.8973224
vt 0.6949778 0.9768898
vt 0.6949041 0.9763746
vt 0.1933091 0.8974781
vt 0.1915719 0.8951947
vt 0.1919173 0.8964683
vt 0.3801214 0.9980161
vt 0.3803683 0.9985008
vt 0.3796387 0.9982674
vt 0.1589355 0.9984092
vt 0.369022 0.7151943
vt 0.3755158 0.7202803
vt 0.3701048 0.7120724
vt 0.2778676 0.8391356
vt 0.2721415 0.8354849
vt 0.2778042 0.8483412
vt 0.512181 0.77158
vt 0.1110986 0.990526
vt 0.7847377 0.8847033
vt 0.6762695 0.9189638
vt 0.6771054 0.9093657
vt 0.5073383 0.5693433
vt 0.51379 0.566749
vt 0.5080262 0.5603368
vt 0.6795859 0.9181299
vt 0.5173062 0.565739
vt 0.5185248 0.5652847
vt 0.5892924 0.9420217
vt 0.5896357 0.9436564
vt 0.5909952 0.9354396
vt 0.4746915 0.935859
vt 0.7775064 0.9716797
vt 0.04583297 0.9912109
vt 0.1776063 0.3965189
vt 0.5204133 0.7806544
vt 0.6628506 0.9529409
vt 0.6668271 0.9567625
vt 0.9704173 0.3658944
vt 0.9711578 0.3688407
vt 0.9326108 0.9664358
vt 0.3874387 0.5914286
vt 0.6049347 0.7177734
vt 0.6821082 0.9739541
vt 0.6828951 0.9747602
vt 0.7227662 0.6805494
vt 0.6920828 0.9867759
vt 0.6925545 0.9892578
vt 0.04248047 0.9833013
vt 0.5773666 0.7720506
vt 0.2715619 0.97404
vt 0.3950423 0.9990234
vt 0.3920898 0.9977829
vt 0.7531415 0.4170468
vt 0.2955327 0.9205889
vt 0.8616818 0.9348337
vt 0.8616609 0.9372816
vt 0.8598633 0.9332078
vt 0.5629883 0.9744369
vt 0.1171146 0.9977043
vt 0.394072 0.3659176
vt 0.2621137 0.9934753
vt 0.2537646 0.9025073
vt 0.2668691 0.915488
vt 0.2483715 0.8816251
vt 0.0335288 0.410594
vt 0.8471762 0.50595
vt 0.0341624 0.3993092
vt 0.02636254 0.401386
vt 0.6400042 0.9623133
vt 0.6244203 0.9656971
vt 0.6475937 0.9634483
vt 0.2483307 0.577177
vt 0.9298833 0.968304
vt 0.9634825 0.3577769
vt 0.9245605 0.9692383
vt 0.9631184 0.3677326
vt 0.5680131 0.7835345
vt 0.2402875 0.7980797
vt 0.2487096 0.7822461
vt 0.7885646 0.7883072
vt 0.6376572 0.9325522
vt 0.04716575 0.4021004
vt 0.685303 0.9766685
vt 0.06501234 0.370533
vt 0.06023765 0.3723444
vt 0.06396651 0.3762158
vt 0.4780745 0.9379851
vt 0.3657609 0.7860973
vt 0.03875327 0.3999443
vt 0.9690115 0.6833658
vt 0.9715176 0.6796408
vt 0.9551548 0.6925682
vt 0.6816598 0.972552
vt 0.03245592 0.4090096
vt 0.6799045 0.972909
vt 0.5164371 0.5735456
vt 0.5126917 0.5725967
vt 0.2306341 0.8252652
vt 0.2989122 0.9978113
vt 0.3740855 0.9985352
vt 0.5113183 0.5708896
vt 0.2815493 0.7657497
vt 0.04115736 0.4008023
vt 0.2490273 0.994911
vt 0.06775832 0.3762724
vt 0.403362 0.7683023
vt 0.04538953 0.4033854
vt 0.6812143 0.9714697
vt 0.04661727 0.4028901
vt 0.06111866 0.9895043
vt 0.9639397 0.6943365
vt 0.9573411 0.7108678
vt 0.9684479 0.7181827
vt 0.974313 0.9990234
vt 0.5073038 0.5733651
vt 0.7615719 0.9877181
vt 0.5159173 0.9862455
vt 0.2414227 0.7909412
vt 0.241613 0.7879322
vt 0.1405224 0.9982437
vt 0.3681328 0.7349086
vt 0.8261467 0.9683523
vt 0.3397033 0.8780676
vt 0.8239886 0.9656985
vt 0.8294795 0.9609414
vt 0.05089629 0.3597444
vt 0.04884839 0.3615274
vt 0.05568004 0.4001142
vt 0.04798126 0.4027911
vt 0.5488921 0.885794
vt 0.5130327 0.5786291
vt 0.5100175 0.5773052
vt 0.3559444 0.3530309
vt 0.4106338 0.9783173
vt 0.3535675 0.3663052
vt 0.5156336 0.5807685
vt 0.1974525 0.8858081
vt 0.1629139 0.3881271
vt 0.6588919 0.3265819
vt 0.6252849 0.2992358
vt 0.6585402 0.339622
vt 0.4431615 0.7495394
vt 0.6797912 0.9721572
vt 0.05804121 0.3966844
vt 0.08740234 0.989837
vt 0.5810473 0.3406292
vt 0.9715496 0.6764548
vt 0.7340622 0.4691974
vt 0.9471895 0.6923369
vt 0.9676279 0.6675659
vt 0.7423997 0.9929051
vt 0.800293 0.959974
vt 0.7541339 0.9872015
vt 0.7509931 0.9990234
vt 0.4202356 0.9078306
vt 0.3519818 0.7468042
vt 0.3424231 0.7466962
vt 0.2658774 0.9989692
vt 0.3434286 0.749311
vt 0.3512934 0.7621027
vt 0.4282227 0.9833665
vt 0.5477932 0.8771747
vt 0.7077442 0.9990234
vt 0.5114746 0.9829102
vt 0.6787276 0.9730901
vt 0.365056 0.7335566
vt 0.3639431 0.7208741
vt 0.65641 0.9960245
vt 0.3751277 0.6052874
vt 0.65279 0.9970703
vt 0.6581106 0.9624926
vt 0.1953957 0.8816684
vt 0.5018672 0.932818
vt 0.1932489 0.8830417
vt 0.04956055 0.9985352
vt 0.195844 0.8831069
vt 0.3079946 0.7206252
vt 0.300367 0.7103642
vt 0.3025061 0.7215528
vt 0.7842848 0.9478188
vt 0.7433256 0.9805913
vt 0.7443039 0.9803351
vt 0.4223672 0.9814422
vt 0.03909957 0.5600846
vt 0.9457574 0.9698014
vt 0.7448095 0.980957
vt 0.4230599 0.9801029
vt 0.5358047 0.6760558
vt 0.5410374 0.6787459
vt 0.5367407 0.6723421
vt 0.7429199 0.9807478
vt 0.4220988 0.9820464
vt 0.5363108 0.7006797
vt 0.4228167 0.9780256
vt 0.7173731 0.9796309
vt 0.4783163 0.6557843
vt 0.4778844 0.6587899
vt 0.2309522 0.8350853
vt 0.240988 0.8261526
vt 0.857308 0.9339782
vt 0.04691312 0.714094
vt 0.05014657 0.7039468
vt 0.06729391 0.7067144
vt 0.6832899 0.9672957
vt 0.6829988 0.9703576
vt 0.06282264 0.5083586
vt 0.2684071 0.9430477
vt 0.5534317 0.9668336
vt 0.6100467 0.9990234
vt 0.5582104 0.9698505
vt 0.08756804 0.3680838
vt 0.4099711 0.9798427
vt 0.08381641 0.3686653
vt 0.2986004 0.9090977
vt 0.2865281 0.9258453
vt 0.5688477 0.8929458
vt 0.7573242 0.9974781
vt 0.5185148 0.5736076
vt 0.7581957 0.9964793
vt 0.5177218 0.5718226
vt 0.7576935 0.9990234
vt 0.2253013 0.8380158
vt 0.5178072 0.5761626
vt 0.8085635 0.9600062
vt 0.4588542 0.9189453
vt 0.1142187 0.9623982
vt 0.1191304 0.9928715
vt 0.769352 0.8689358
vt 0.06556988 0.3921963
vt 0.8583382 0.9589253
vt 0.06724137 0.399783
vt 0.0376752 0.998371
vt 0.5380605 0.6669043
vt 0.6056856 0.6433591
vt 0.04333917 0.9853516
vt 0.8296574 0.8698941
vt 0.8301963 0.8694594
vt 0.5490311 0.6365898
vt 0.4485605 0.9977599
vt 0.4577607 0.9990234
vt 0.6756179 0.9746259
vt 0.09101105 0.3575536
vt 0.09161258 0.3540634
vt 0.4086879 0.9800349
vt 0.2604131 0.8979589
vt 0.8088562 0.9604939
vt 0.5708483 0.9382542
vt 0.5698334 0.9479296
vt 0.07414919 0.3910676
vt 0.5737959 0.9364376
vt 0.577212 0.9418435
vt 0.5757594 0.9373692
vt 0.5853847 0.8652424
vt 0.296164 0.6921106
vt 0.3065904 0.7035044
vt 0.03981119 0.5385661
vt 0.273499 0.9833984
vt 0.2732378 0.9813896
vt 0.2741997 0.9825916
vt 0.0007286072 0.5249234
vt 0.5796477 0.9406182
vt 0.577752 0.9341923
vt 0.764138 0.4395707
vt 0.8195822 0.9652696
vt 0.4682372 0.9167028
vt 0.1099892 0.9990234
vt 0.367813 0.5486321
vt 0.275365 0.8600494
vt 0.2765397 0.87113
vt 0.2817349 0.8541829
vt 0.7436769 0.4427614
vt 0.4553781 0.9482422
vt 0.4147385 0.9758473
vt 0.81661 0.9261055
vt 0.2729492 0.9831719
vt 0.03640491 0.539826
vt 0.01282734 0.5378051
vt 0.6116579 0.9530165
vt 0.6120822 0.9542934
vt 0.6116153 0.9502851
vt 0.5022221 0.9233334
vt 0.4078335 0.9790825
vt 0.4083058 0.9795475
vt 0.09202933 0.3495734
vt 0.4064941 0.9787303
vt 0.7533059 0.9415054
vt 0.04634196 0.4430916
vt 0.7678474 0.9300001
vt 0.4809595 0.9271657
vt 0.08922958 0.3414813
vt 0.09213912 0.3298646
vt 0.3528722 0.3456909
vt 0.3060193 0.605707
vt 0.5397764 0.9645886
vt 0.6108398 0.9480883
vt 0.5122235 0.5813388
vt 0.636211 0.9177994
vt 0.6378641 0.9131286
vt 0.6382766 0.9158931
vt 0.2811912 0.8072528
vt 0.283486 0.8428619
vt 0.8317299 0.8774917
vt 0.1263186 0.9915031
vt 0.545138 0.9617854
vt 0.1527849 0.9984027
vt 0.152837 0.9985352
vt 0.4008789 0.9979376
vt 0.4819812 0.9287723
vt 0.4623288 0.928997
vt 0.3361685 0.9976709
vt 0.1359373 0.9965156
vt 0.3609132 0.9981249
vt 0.3904923 0.9980621
vt 0.4616988 0.9983767
vt 0.3901303 0.9946591
vt 0.3913935 0.9982514
vt 0.5036017 0.9312002
vt 0.00713964 0.8827839
vt 0.5088216 0.5783764
vt 0.845303 0.975822
vt 0.06257948 0.7969911
vt 0.4594132 0.9227326
vt 0.06120872 0.9668681
vt 0.07296625 0.9990234
vt 0.8803711 0.9980989
vt 0.5636621 0.9739482
vt 0.2920743 0.7817781
vt 0.303825 0.7605407
vt 0.7423542 0.439456
vt 0.7458094 0.434368
vt 0.7424567 0.430352
vt 0.04427171 0.2902391
vt 0.07827076 0.8009315
vt 0.5383469 0.9927948
vt 0.5477186 0.9990234
vt 0.139475 0.3748592
vt 0.8093262 0.9262695
vt 0.2272956 0.2650921
vt 0.9283606 0.9554495
vt 0.0787506 0.7234752
vt 0.07476165 0.7149893
vt 0.07786454 0.74396
vt 0.3873717 0.5673398
vt 0.0296765 0.8767866
vt 0.03494382 0.884831
vt 0.0331471 0.8782372
vt 0.4146079 0.2919032
vt 0.4633031 0.9982962
vt 0.9829102 0.9969183
vt 0.4639025 0.9982461
vt 0.9258125 0.9405163
vt 0.42667 0.3235087
vt 0.4295298 0.3136495
vt 0.4262165 0.315588
vt 0.5312081 0.95996
vt 0.1501465 0.9984246
vt 0.8961579 0.8035526
vt 0.602788 0.9629636
vt 0.6024661 0.9619618
vt 0.6030186 0.9622294
vt 0.602108 0.9611012
vt 0.6026359 0.9613829
vt 0.6031638 0.9616646
vt 0.04829597 0.9394131
vt 0.5294446 0.9868278
vt 0.5150541 0.5828797
vt 0.5758 0.8235527
vt 0.4958215 0.9990234
vt 0.5742552 0.8221074
vt 0.5746943 0.8145264
vt 0.05429137 0.3083531
vt 0.4778284 0.9340986
vt 0.4776876 0.9324595
vt 0.484446 0.9675159
vt 0.6021746 0.9628513
vt 0.6024718 0.9638672
vt 0.6235952 0.9755609
vt 0.62407 0.9794922
vt 0.6285376 0.9787266
vt 0.4219883 0.9480172
vt 0.5064187 0.5787296
vt 0.0005064011 0.994503
vt 0.02502179 0.8493959
vt 0.6348111 0.9141241
vt 0.4217528 0.304446
vt 0.4953725 0.9301495
vt 0.4230472 0.3149489
vt 0.4265392 0.3095337
vt 0.6196289 0.9718488
vt 0.4417714 0.9265653
vt 0.6366229 0.9097086
vt 0.8493776 0.7913216
vt 0.2963973 0.7580322
vt 0.1748226 0.8930442
vt 0.6470748 0.9363711
vt 0.4962122 0.9983989
vt 0.4956055 0.9982662
vt 0.897183 0.9979709
vt 0.4605899 0.9201042
vt 0.8969727 0.9990234
vt 0.8065697 0.9614131
vt 0.8076453 0.9603288
vt 0.3481445 0.9985678
vt 0.0004882812 0.5914714
vt 0.2910646 0.7285
vt 0.3015412 0.7364557
vt 0.3005128 0.9976388
vt 0.324062 0.9990234
vt 0.7736908 0.9771509
vt 0.7843156 0.5025332
vt 0.7795534 0.9809049
vt 0.9458008 0.9288518
vt 0.02240425 0.8364792
vt 0.5302793 0.9430825
vt 0.2969445 0.9805644
vt 0.5305229 0.9458418
vt 0.5297852 0.9459422
vt 0.1066263 0.5306096
vt 0.5538802 0.6450937
vt 0.5364824 0.8314896
vt 0.341253 0.9976872
vt 0.5795898 0.9612197
vt 0.6189297 0.9143746
vt 0.580386 0.9614707
vt 0.5804071 0.9638672
vt 0.4158044 0.8248738
vt 0.07082075 0.9602425
vt 0.4100271 0.2886161
vt 0.4048596 0.2994158
vt 0.4102597 0.2989409
vt 0.2467297 0.3460273
vt 0.4030402 0.2870126
vt 0.6941409 0.6689735
vt 0.9116935 0.8905908
vt 0.9210694 0.9065728
vt 0.2390137 0.9985198
vt 0.06105947 0.9790184
vt 0.80862 0.9615178
vt 0.1602942 0.5511379
vt 0.1600306 0.5479186
vt 0.1354136 0.5906492
vt 0.8092812 0.9617176
vt 0.8090403 0.9625298
vt 0.5018414 0.9246591
vt 0.7602283 0.9911532
vt 0.7587447 0.9959652
vt 0.8070469 0.959143
vt 0.0586071 0.9628289
vt 0.2067806 0.4655039
vt 0.1946127 0.4880397
vt 0.6796397 0.6890548
vt 0.4199785 0.4996836
vt 0.4068985 0.4945405
vt 0.4150685 0.9073746
vt 0.5368892 0.8699764
vt 0.6533478 0.9297732
vt 0.221348 0.4556688
vt 0.9682617 0.9982944
vt 0.9484612 0.9545865
vt 0.9692266 0.9980243
vt 0.9689703 0.9990234
vt 0.627106 0.8391021
vt 0.7057093 0.993948
vt 0.705596 0.9926167
vt 0.1828157 0.5098771
vt 0.4576656 0.9181527
vt 0.6305628 0.7698113
vt 0.4082269 0.2838893
vt 0.487978 0.9920651
vt 0.01839387 0.8290551
vt 0.650714 0.7468866
vt 0.5486646 0.9581411
vt 0.5694135 0.9821368
vt 0.5701627 0.9823365
vt 0.9701171 0.9790039
vt 0.04050827 0.9035193
vt 0.7061566 0.9981122
vt 0.06201919 0.9854196
vt 0.5313585 0.2937643
vt 0.5414773 0.8757366
vt 0.5430297 0.8857422
vt 0.4387171 0.9209507
vt 0.5411962 0.9978019
vt 0.5414925 0.9983707
vt 0.6362305 0.9298904
vt 0.6371956 0.9300308
vt 0.2142428 0.4489759
vt 0.6510309 0.9286464
vt 0.7418478 0.6072602
vt 0.7354593 0.6077685
vt 0.7316742 0.6220013
vt 0.5948992 0.9857076
vt 0.4030938 0.5137899
vt 0.4082025 0.5220934
vt 0.4003133 0.5299129
vt 0.5376093 0.8613772
vt 0.05226612 0.8413822
vt 0.04784322 0.92844
vt 0.04484499 0.9315429
vt 0.02389771 0.8048874
vt 0.02285516 0.8054699
vt 0.3958075 0.4885795
vt 0.4078642 0.4841206
vt 0.05028683 0.8390757
vt 0.4162164 0.9132117
vt 0.6428766 0.7517617
vt 0.5805664 0.9984918
vt 0.5969411 0.9892477
vt 0.6687298 0.9819357
vt 0.5406087 0.9987965
vt 0.720503 0.6303321
vt 0.09957356 0.9964787
vt 0.09860232 0.9959618
vt 0.7121296 0.6379133
vt 0.638956 0.7645552
vt 0.5204748 0.3252349
vt 0.2603151 0.424168
vt 0.6257492 0.1383688
vt 0.794421 0.8944894
vt 0.5699405 0.9827431
vt 0.5332156 0.9705184
vt 0.5566961 0.2623704
vt 0.905344 0.6381406
vt 0.7381097 0.5992008
vt 0.820344 0.9990234
vt 0.8195872 0.9969154
vt 0.8188477 0.9985483
vt 0.3028125 0.9965839
vt 0.3015137 0.9975997
vt 0.4926758 0.9311783
vt 0.3019488 0.9973748
vt 0.08481601 0.9887592
vt 0.4442711 0.4412763
vt 0.4464427 0.4356679
vt 0.7661067 0.5400338
vt 0.4674779 0.422046
vt 0.9723181 0.2098376
vt 0.5402054 0.9011145
vt 0.5496477 0.9090189
vt 0.5470384 0.8917239
vt 0.5131843 0.9847969
vt 0.2434353 0.806658
vt 0.177848 0.8922819
vt 0.1784068 0.893639
vt 0.9849355 0.9990234
vt 0.5334534 0.9706776
vt 0.5335587 0.9705075
vt 0.4923657 0.8820245
vt 0.9987638 0.9505019
vt 0.9949777 0.9321299
vt 0.8311243 0.4764132
vt 0.4578861 0.9314813
vt 0.2794756 0.7265591
vt 0.9905163 0.9112452
vt 0.8320663 0.47549
vt 0.4946893 0.8750556
vt 0.1749903 0.8921353
vt 0.5585359 0.2747228
vt 0.9141244 0.6652281
vt 0.7346555 0.3568379
vt 0.7112348 0.6501323
vt 0.1741131 0.8917991
vt 0.5164617 0.9031451
vt 0.1003635 0.9974976
vt 0.7043477 0.6448745
vt 0.3439355 0.6542548
vt 0.8099962 0.9572958
vt 0.71875 0.9979663
vt 0.5405273 0.9978858
vt 0.668457 0.9823354
vt 0.6690133 0.9826577
vt 0.6695461 0.9828686
vt 0.3884149 0.4691765
vt 0.5984934 0.9982836
vt 0.4615613 0.9184439
vt 0.46381 0.9212849
vt 0.6694169 0.9815552
vt 0.591727 0.9760839
vt 0.7618418 0.4339044
vt 0.4840426 0.9990234
vt 0.9394432 0.6777236
vt 0.07835722 0.9939044
vt 0.08102518 0.9968183
vt 0.07543945 0.9953338
vt 0.819544 0.9697266
vt 0.8203348 0.9692175
vt 0.4145841 0.9990234
vt 0.778288 0.4624617
vt 0.7802738 0.4656723
vt 0.7960849 0.9603989
vt 0.9480888 0.6696747
vt 0.9556664 0.6702003
vt 0.3995426 0.9924183
vt 0.7525911 0.4064974
vt 0.5333333 0.97093
vt 0.5335103 0.9709654
vt 0.83695 0.9977403
vt 0.501709 0.9231144
vt 0.5017334 0.923491
vt 0.5154085 0.5830559
vt 0.5330654 0.9704782
vt 0.5323812 0.3244866
vt 0.6151596 0.1878529
vt 0.5329643 0.9711914
vt 0.2409291 0.319196
vt 0.08587228 0.9892578
vt 0.749877 0.4019051
vt 0.3022026 0.9973344
vt 0.08503933 0.9890559
vt 0.1504346 0.3702279
vt 0.4944188 0.9331861
vt 0.7548641 0.4255894
vt 0.5784189 0.254715
vt 0.588339 0.2368184
vt 0.9076372 0.6608645
vt 0.4145375 0.9981565
vt 0.4145492 0.9983732
vt 0.926841 0.957853
vt 0.9325204 0.956457
vt 0.912923 0.6395236
vt 0.5316409 0.8488455
vt 0.7291769 0.4601082
vt 0.9637218 0.656988
vt 0.7367337 0.4603676
vt 0.735242 0.4657463
vt 0.7226961 0.4718269
vt 0.9697342 0.6633468
vt 0.4732141 0.5784682
vt 0.4152568 0.9981354
vt 0.3696289 0.9860213
vt 0.05898976 0.2858078
vt 0.4071038 0.3135578
vt 0.788047 0.8681813
vt 0.7877687 0.8768761
vt 0.7854372 0.8730374
vt 0.7844247 0.8767725
vt 0.5713745 0.8210395
vt 0.7823401 0.8732455
vt 0.5483532 0.9353005
vt 0.5017582 0.9286659
vt 0.9857321 0.9988935
vt 0.7382379 0.4529153
vt 0.09016233 0.9900531
vt 0.1364746 0.9982512
vt 0.8735421 0.3689432
vt 0.2647239 0.3852587
vt 0.5374918 0.9473162
vt 0.2604517 0.3602302
vt 0.5223281 0.9940687
vt 0.8555677 0.4170165
vt 0.9579527 0.8140368
vt 0.8406023 0.4206618
vt 0.6336806 0.9207094
vt 0.583653 0.2215389
vt 0.5782535 0.2180314
vt 0.6531409 0.9281468
vt 0.6523786 0.9215032
vt 0.441891 0.449399
vt 0.03090471 0.8709221
vt 0.03213435 0.8582476
vt 0.09716797 0.9975318
vt 0.5807657 0.894693
vt 0.4927691 0.9345703
vt 0.8211721 0.9978531
vt 0.7259985 0.6126707
vt 0.1716452 0.5426733
vt 0.7049509 0.9990234
vt 0.0594427 0.8403536
vt 0.598571 0.9980541
vt 0.05843341 0.8433828
vt 0.05541652 0.8420448
vt 0.9376338 0.9970215
vt 0.6508745 0.9070899
vt 0.6945772 0.6714833
vt 0.6509915 0.9019236
vt 0.347463 0.42242
vt 0.3672271 0.4488099
vt 0.6504215 0.8945008
vt 0.6157417 0.9755859
vt 0.9521242 0.9477916
vt 0.9496568 0.9482422
vt 0.02766579 0.8604147
vt 0.9475123 0.9391109
vt 0.7504883 0.9827003
vt 0.7507709 0.9816561
vt 0.7510151 0.9808995
vt 0.5050227 0.9725294
vt 0.5206913 0.8904295
vt 0.5253788 0.9198598
vt 0.4827191 0.9973753
vt 0.4841386 0.9964212
vt 0.7523124 0.9797454
vt 0.04832257 0.9932655
vt 0.3791959 0.463026
vt 0.3757805 0.4594423
vt 0.774992 0.4690319
vt 0.732039 0.4517196
vt 0.09107727 0.4562865
vt 0.08994001 0.4687272
vt 0.615145 0.9743768
vt 0.6263903 0.5191358
vt 0.3527418 0.7448907
vt 0.605171 0.9221886
vt 0.6045253 0.9214092
vt 0.6049727 0.9206336
vt 0.7365906 0.3396276
vt 0.6055206 0.9192847
vt 0.7353514 0.3437719
vt 0.4677078 0.9930899
vt 0.604248 0.9210294
vt 0.4668364 0.9910895
vt 0.4663086 0.9925621
vt 0.7377869 0.3403871
vt 0.6506393 0.8996596
vt 0.4778684 0.9134635
vt 0.3217633 0.6988165
vt 0.8366699 0.9980469
vt 0.8371517 0.9978181
vt 0.6057129 0.9721595
vt 0.1576542 0.8796375
vt 0.3335462 0.7104528
vt 0.8367822 0.9969475
vt 0.8376416 0.9975756
vt 0.5297241 0.8607681
vt 0.9097534 0.63012
vt 0.6199214 0.9211876
vt 0.6416681 0.9394661
vt 0.6227375 0.9711698
vt 0.6301748 0.9769462
vt 0.7347693 0.3493514
vt 0.9283186 0.9620193
vt 0.9281007 0.9598219
vt 0.5397567 0.9319577
vt 0.758525 0.9842988
vt 0.6742853 0.7001629
vt 0.674475 0.6983533
vt 0.5665452 0.8846
vt 0.6792023 0.6910917
vt 0.2859451 0.9814453
vt 0.2856445 0.9797831
vt 0.2874795 0.980181
vt 0.9119495 0.6322258
vt 0.6417093 0.7575127
vt 0.6146222 0.956543
vt 0.08309728 0.9990234
vt 0.861286 0.7230173
vt 0.8699396 0.7218727
vt 0.9195517 0.971491
vt 0.9147949 0.9731445
vt 0.3692763 0.4523693
vt 0.3716575 0.4567672
vt 0.532959 0.9704599
vt 0.5698126 0.9829102
vt 0.5926896 0.8385497
vt 0.7789351 0.4692665
vt 0.8670924 0.4169605
vt 0.8631854 0.3978576
vt 0.8713561 0.4069486
vt 0.7046155 0.9926009
vt 0.5681179 0.8974609
vt 0.9148302 0.6732095
vt 0.4512686 0.8392383
vt 0.4135742 0.9123788
vt 0.4145915 0.9189453
vt 0.4999394 0.9204275
vt 0.2026844 0.4521839
vt 0.6451589 0.9623263
vt 0.6425804 0.9614968
vt 0.08871573 0.9912109
vt 0.5796264 0.8985268
vt 0.4845949 0.9684161
vt 0.259007 0.8700464
vt 0.2520672 0.8579595
vt 0.4838867 0.9676701
vt 0.4841026 0.9697266
vt 0.07275391 0.997637
vt 0.2405413 0.9985352
vt 0.9990855 0.9990234
vt 0.8376465 0.9907227
vt 0.4210938 0.3280455
vt 0.6186812 0.9990234
vt 0.6188216 0.9964749
vt 0.6166992 0.9976184
vt 0.06363541 0.5439453
vt 0.1231016 0.9183767
vt 0.1244479 0.8923633
vt 0.1571292 0.3529276
vt 0.1632171 0.3714504
vt 0.01466575 0.8974609
vt 0.6473339 0.9610782
vt 0.8122602 0.9260284
vt 0.5384399 0.9876332
vt 0.2602664 0.8305291
vt 0.8381815 0.4105314
vt 0.2866424 0.7836717
vt 0.3808247 0.9990234
vt 0.4508952 0.571691
vt 0.754774 0.9560547
vt 0.04115731 0.4716225
vt 0.6631033 0.8745967
vt 0.01008689 0.9990234
vt 0.3720847 0.5362678
vt 0.2882257 0.9001355
vt 0.5369622 0.5665367
vt 0.660556 0.8762017
vt 0.5293137 0.9416229
vt 0.4358672 0.988977
vt 0.5187036 0.8221336
vt 0.4372995 0.9895805
vt 0.4361351 0.9897276
vt 0.995131 0.9038688
vt 0.03353471 0.5054983
vt 0.04502815 0.4979304
vt 0.9988517 0.9746569
vt 0.05567771 0.4850693
vt 0.06067067 0.4791115
vt 0.05593699 0.4813866
vt 0.105618 0.902876
vt 0.0833056 0.9983825
vt 0.04236853 0.3609533
vt 0.540498 0.5654971
vt 0.1795099 0.4849797
vt 0.5256656 0.9399017
vt 0.522453 0.9392607
vt 0.0749523 0.4784876
vt 0.06915098 0.4607337
vt 0.06995136 0.4929611
vt 0.5200195 0.9323303
vt 0.2493938 0.3343099
vt 0.2773914 0.571811
vt 0.03942692 0.3484377
vt 0.4125506 0.701693
vt 0.7644188 0.9990234
vt 0.3760902 0.4630418
vt 0.2661133 0.944225
vt 0.8953991 0.84982
vt 0.3674495 0.8864157
vt 0.05256449 0.9951172
vt 0.0477097 0.367846
vt 0.04405403 0.3744309
vt 0.5046387 0.9730344
vt 0.5336059 0.9990234
vt 0.4489902 0.928266
vt 0.2676755 0.9462891
vt 0.03765833 0.5716236
vt 0.04203379 0.3709843
vt 0.568451 0.2158125
vt 0.00198724 0.9984064
vt 0.1301523 0.9971732
vt 0.001337188 0.9985894
vt 0.5089056 0.9071494
vt 0.9572179 0.998365
vt 0.6268428 0.9509682
vt 0.8454646 0.9799614
vt 0.3932645 0.6784556
vt 0.3433241 0.7812154
vt 0.3402562 0.7914804
vt 0.5343554 0.961061
vt 0.6232542 0.9476395
vt 0.04681629 0.8559827
vt 0.5004364 0.9212739
vt 0.5335692 0.5639269
vt 0.2658184 0.8523533
vt 0.2616311 0.8658807
vt 0.1559084 0.8610511
vt 0.456543 0.9218981
vt 0.4804214 0.9330702
vt 0.4741063 0.9326172
vt 0.9437326 0.952247
vt 0.01469034 0.8954746
vt 0.01581803 0.8937583
vt 0.1528477 0.3760808
vt 0.5614349 0.680048
vt 0.7763056 0.8907709
vt 0.7744557 0.8772337
vt 0.06191254 0.3519596
vt 0.05933583 0.3456606
vt 0.3731183 0.8962361
vt 0.5693034 0.8881667
vt 0.1455078 0.9981775
vt 0.5746434 0.9322447
vt 0.4850552 0.9275348
vt 0.9339451 0.9977688
vt 0.5185491 0.9861262
vt 0.460418 0.923784
vt 0.5367885 0.4723629
vt 0.01904297 0.9192932
vt 0.8844503 0.8718699
vt 0.2792112 0.9450601
vt 0.6167112 0.9449474
vt 0.6641403 0.9624658
vt 0.6559838 0.9584864
vt 0.6579503 0.9588285
vt 0.07405186 0.9968264
vt 0.07610443 0.9983196
vt 0.07986033 0.8535156
vt 0.05825448 0.3366659
vt 0.05781019 0.3380654
vt 0.9710523 0.6631056
vt 0.1673643 0.3848864
vt 0.5612891 0.9165385
vt 0.5591878 0.8963699
vt 0.6352539 0.9390129
vt 0.6611091 0.9599329
vt 0.5423206 0.3845918
vt 0.8369405 0.7002344
vt 0.8316925 0.6770911
vt 0.8264968 0.6780115
vt 0.683255 0.9713764
vt 0.1523026 0.3604878
vt 0.6851184 0.9704467
vt 0.6839061 0.9716797
vt 0.393029 0.35875
vt 0.7809324 0.7720149
vt 0.5952812 0.8936267
vt 0.06087637 0.3251386
vt 0.06030905 0.3283543
vt 0.9909668 0.980957
vt 0.828194 0.6605269
vt 0.8250549 0.6699451
vt 0.4122788 0.3262172
vt 0.8453736 0.9726239
vt 0.4793385 0.9320441
vt 0.4233641 0.3374321
vt 0.0192209 0.917955
vt 0.163649 0.9981041
vt 0.02056988 0.9179614
vt 0.1616211 0.9984366
vt 0.4605793 0.9188846
vt 0.8866993 0.8361367
vt 0.5964249 0.8804828
vt 0.6491387 0.9560238
vt 0.8426753 0.4013885
vt 0.4089914 0.9804688
vt 0.5685084 0.8206726
vt 0.5678266 0.4181885
vt 0.5222767 0.9901216
vt 0.0004882812 0.9404078
vt 0.506659 0.9963305
vt 0.08465898 0.3656799
vt 0.571467 0.445392
vt 0.4104775 0.2825962
vt 0.4938171 0.9885667
vt 0.4632819 0.9255596
vt 0.00318861 0.9961257
vt 0.8131665 0.6670049
vt 0.1154204 0.9945731
vt 0.4879941 0.9943278
vt 0.06083381 0.8171044
vt 0.6159805 0.9742598
vt 0.5548728 0.8754907
vt 0.5539865 0.8722275
vt 0.2721901 0.8546029
vt 0.5976562 0.9982871
vt 0.8274689 0.8663065
vt 0.5695548 0.9815523
vt 0.139677 0.3796737
vt 0.01416016 0.8922608
vt 0.5568967 0.4689146
vt 0.6427317 0.3372527
vt 0.389509 0.466532
vt 0.5501882 0.4871278
vt 0.3642966 0.774808
vt 0.1575819 0.5200053
vt 0.4629945 0.9177686
vt 0.7588364 0.9918101
vt 0.518595 0.570707
vt 0.7040311 0.6354842
vt 0.2087578 0.8854268
vt 0.7895508 0.9983848
vt 0.3117579 0.7033733
vt 0.01805602 0.8929642
vt 0.5229435 0.9733418
vt 0.01808926 0.8937262
vt 0.5267768 0.9804964
vt 0.1440891 0.5426099
vt 0.4063851 0.3092756
vt 0.2347832 0.3220268
vt 0.5937906 0.9978782
vt 0.04220903 0.3991797
vt 0.5707679 0.45751
vt 0.359853 0.5303968
vt 0.3607954 0.527441
vt 0.573957 0.6886837
vt 0.6497684 0.9077725
vt 0.4324967 0.8972185
vt 0.5512761 0.9576812
vt 0.4062411 0.386523
vt 0.1483458 0.351531
vt 0.574208 0.9274031
vt 0.5800155 0.9255924
vt 0.57936 0.9065157
vt 0.4928952 0.9450639
vt 0.5715793 0.9172692
vt 0.5962608 0.9938896
vt 0.7153398 0.7401539
vt 0.4204994 0.55457
vt 0.5723982 0.8992672
vt 0.4248133 0.5650753
vt 0.4207932 0.567282
vt 0.4856354 0.9498957
vt 0.4822826 0.9414625
vt 0.4788557 0.9444923
vt 0.4834242 0.9470521
vt 0.1431621 0.9990234
vt 0.1401367 0.9988369
vt 0.0566538 0.992133
vt 0.606171 0.9193575
vt 0.4822397 0.9490924
vt 0.8030323 0.9620424
vt 0.8039142 0.9589058
vt 0.8046958 0.9587393
vt 0.7407227 0.9921591
vt 0.5904031 0.9287456
vt 0.5888003 0.9312025
vt 0.4565555 0.9475124
vt 0.453774 0.9470537
vt 0.04541016 0.9875286
vt 0.9876252 0.9768143
vt 0.9910496 0.9726986
vt 0.1438977 0.997751
vt 0.4021963 0.2955402
vt 0.006649309 0.8842193
vt 0.007319782 0.8844954
vt 0.4109479 0.9104986
vt 0.3932319 0.2953847
vt 0.3967104 0.3174881
vt 0.7711203 0.8619439
vt 0.3698304 0.8784823
vt 0.6618704 0.4939463
vt 0.6573447 0.4669697
vt 0.6610215 0.5409281
vt 0.3780653 0.6965611
vt 0.5398216 0.9967469
vt 0.8387016 0.8791624
vt 0.6505706 0.9984426
vt 0.02887416 0.3569384
vt 0.6186975 0.9501953
vt 0.0211439 0.9990234
vt 0.465716 0.9259084
vt 0.9842873 0.9713349
vt 0.381313 0.9957985
vt 0.538686 0.751633
vt 0.5942699 0.9138988
vt 0.5966781 0.9272236
vt 0.9711914 0.9761171
vt 0.12817 0.3630159
vt 0.5048259 0.9974151
vt 0.3812322 0.9978482
vt 0.2936626 0.9755714
vt 0.5616565 0.7450891
vt 0.557108 0.7427546
vt 0.5555761 0.7460899
vt 0.5927737 0.9228594
vt 0.5931804 0.9254198
vt 0.4327652 0.9176303
vt 0.4203277 0.9832749
vt 0.4188374 0.9788882
vt 0.2358465 0.336091
vt 0.5927037 0.9270771
vt 0.3680441 0.8891073
vt 0.5905102 0.9262646
vt 0.9677115 0.9950569
vt 0.9643555 0.9871914
vt 0.4397612 0.9193925
vt 0.4804684 0.9982424
vt 0.5899096 0.9194802
vt 0.5866342 0.9181499
vt 0.5868715 0.926777
vt 0.4770508 0.9452021
vt 0.4392457 0.9186769
vt 0.591581 0.9226158
vt 0.3740733 0.3285928
vt 0.5428655 0.7470033
vt 0.5921047 0.9179331
vt 0.561956 0.7287551
vt 0.4316378 0.9194937
vt 0.3733605 0.9984309
vt 0.5367087 0.9984416
vt 0.537972 0.9967123
vt 0.534668 0.9951769
vt 0.4262695 0.9383158
vt 0.1030192 0.9907019
vt 0.9659908 0.7652797
vt 0.9623732 0.7714863
vt 0.9663524 0.7721324
vt 0.4258599 0.9826319
vt 0.5716491 0.732549
vt 0.5702478 0.7302017
vt 0.5517077 0.5713366
vt 0.5639282 0.5693875
vt 0.5595398 0.5683947
vt 0.3870863 0.5475002
vt 0.5925519 0.9314353
vt 0.3970847 0.5591357
vt 0.3875721 0.5504559
vt 0.3112596 0.8860035
vt 0.2942494 0.8757578
vt 0.3005906 0.8924978
vt 0.5836248 0.9138743
vt 0.6208085 0.9331916
vt 0.6271352 0.9604698
vt 0.3927132 0.5627817
vt 0.2825274 0.8307425
vt 0.5618284 0.7140133
vt 0.3848512 0.5558754
vt 0.2927246 0.980957
vt 0.01181495 0.9208984
vt 0.296853 0.8343113
vt 0.3882407 0.5868986
vt 0.07538176 0.7105569
vt 0.538473 0.5706482
vt 0.5769442 0.732194
vt 0.5776969 0.7416955
vt 0.3813477 0.5460463
vt 0.07006424 0.6989466
vt 0.5079094 0.9304253
vt 0.556798 0.5739443
vt 0.5586154 0.5636801
vt 0.6606144 0.8834289
vt 0.5203384 0.9880823
vt 0.3928373 0.5484863
vt 0.007505774 0.3738846
vt 0.5800539 0.736935
vt 0.5056862 0.9291182
vt 0.3522154 0.4372186
vt 0.5878409 0.9340161
vt 0.5805545 0.9358282
vt 0.5709331 0.739738
vt 0.5883471 0.9275888
vt 0.5350285 0.7272055
vt 0.5294565 0.7307526
vt 0.01544859 0.9885095
vt 0.5475379 0.8528315
vt 0.4013671 0.5547097
vt 0.5979749 0.9207319
vt 0.6078383 0.9282321
vt 0.07069075 0.5723553
vt 0.3277638 0.4290625
vt 0.4811984 0.9166898
vt 0.4799805 0.9206997
vt 0.581533 0.9606701
vt 0.4797126 0.9498116
vt 0.5024414 0.9889606
vt 0.5403867 0.8393058
vt 0.5086391 0.998101
vt 0.5313355 0.8150449
vt 0.03402549 0.513125
vt 0.04931819 0.345876
vt 0.05230153 0.3443025
vt 0.01048093 0.9796643
vt 0.3778241 0.9981136
vt 0.01162858 0.9805105
vt 0.01582241 0.9109272
vt 0.02520895 0.3671554
vt 0.4270987 0.9407439
vt 0.429439 0.9402107
vt 0.4272446 0.9419866
vt 0.6355469 0.3445709
vt 0.5495038 0.9156809
vt 0.5602223 0.6668874
vt 0.06701507 0.6993119
vt 0.5552576 0.5777762
vt 0.8634547 0.9422207
vt 0.6305934 0.9981563
vt 0.8738936 0.8349609
vt 0.5805072 0.9590273
vt 0.9465332 0.9636065
vt 0.4299914 0.5672209
vt 0.4392847 0.5719463
vt 0.4154419 0.9003431
vt 0.7454606 0.9825596
vt 0.05658543 0.3137935
vt 0.5240835 0.5768861
vt 0.04996049 0.6958834
vt 0.9995172 0.7623808
vt 0.0387938 0.3456856
vt 0.05961215 0.3361791
vt 0.5871639 0.9402884
vt 0.06679332 0.3446931
vt 0.6866702 0.9965668
vt 0.7661072 0.8951101
vt 0.5985143 0.9880694
vt 0.06754369 0.5042918
vt 0.7280273 0.9920001
vt 0.04071331 0.3441806
vt 0.771907 0.9323004
vt 0.003984451 0.9436035
vt 0.0004882812 0.9798917
vt 0.4330827 0.6846708
vt 0.7804748 0.9647477
vt 0.0149201 0.9840804
vt 0.01425514 0.9892578
vt 0.06338811 0.3423029
vt 0.5814016 0.9258559
vt 0.4934665 0.8206067
vt 0.4916156 0.8204678
vt 0.4931004 0.82461
vt 0.6353706 0.9611732
vt 0.4902995 0.8208524
vt 0.8547199 0.9349148
vt 0.4264358 0.6864585
vt 0.4286053 0.6962419
vt 0.05942523 0.693611
vt 0.9968519 0.7534674
vt 0.3266666 0.8916016
vt 0.9017955 0.385693
vt 0.702895 0.9806648
vt 0.9988543 0.9750388
vt 0.01642334 0.9026812
vt 0.4165127 0.6926416
vt 0.7755042 0.967719
vt 0.5261677 0.8208088
vt 0.0158608 0.9028184
vt 0.5808226 0.7342598
vt 0.003134727 0.8968363
vt 0.001483679 0.901775
vt 0.004101634 0.9010749
vt 0.9975803 0.7438686
vt 0.6792313 0.9521484
vt 0.4926197 0.8287952
vt 0.5462172 0.5825634
vt 0.6552416 0.9591516
vt 0.5430303 0.817297
vt 0.537413 0.7302712
vt 0.3029006 0.9006624
vt 0.28977 0.8853822
vt 0.01762354 0.3674713
vt 0.2942326 0.9726622
vt 0.4369804 0.8851875
vt 0.01361459 0.974254
vt 0.5526307 0.8872114
vt 0.5401575 0.8517038
vt 0.1214377 0.3561914
vt 0.5414588 0.8113685
vt 0.04776531 0.7208483
vt 0.01048386 0.3613902
vt 0.5542002 0.7380723
vt 0.5605924 0.7363589
vt 0.5552502 0.7324856
vt 0.5579935 0.7192826
vt 0.5435871 0.9169203
vt 0.5451982 0.9214942
vt 0.5568305 0.6346338
vt 0.0761233 0.4703188
vt 0.5527753 0.73843
vt 0.5285022 0.8170279
vt 0.5277227 0.820919
vt 0.0165854 0.9866635
vt 0.2773526 0.9487154
vt 0.01949692 0.356657
vt 0.0130024 0.350863
vt 0.4701156 0.9152882
vt 0.5144154 0.9575289
vt 0.5141063 0.9555508
vt 0.01977062 0.3479136
vt 0.008022666 0.8867419
vt 0.01400161 0.3399151
vt 0.002382636 0.8945886
vt 0.8237305 0.8721524
vt 0.008701563 0.8963067
vt 0.9772719 0.7391866
vt 0.9694769 0.7491022
vt 0.5416524 0.7295427
vt 0.5527569 0.735406
vt 0.5500376 0.7272183
vt 0.5538312 0.7334352
vt 0.5234729 0.6941446
vt 0.5536201 0.7295979
vt 0.5428377 0.7230474
vt 0.7855523 0.9317012
vt 0.5339317 0.9013125
vt 0.5440514 0.9091567
vt 0.5139643 0.9580078
vt 0.5458074 0.7220956
vt 0.4399047 0.9899522
vt 0.9991467 0.905248
vt 0.5216191 0.7150887
vt 0.7011516 0.9876099
vt 0.4298863 0.9229331
vt 0.4304532 0.9217981
vt 0.489231 0.986094
vt 0.3450379 0.997671
vt 0.5091987 0.8074062
vt 0.3469337 0.9990234
vt 0.3432617 0.9985368
vt 0.9528809 0.7797852
vt 0.5393726 0.7262926
vt 0.6660675 0.4576283
vt 0.8028975 0.9961734
vt 0.5204595 0.8129317
vt 0.5152638 0.9562715
vt 0.007668853 0.3561068
vt 0.5463206 0.6790451
vt 0.5773315 0.7159126
vt 0.5815285 0.7150612
vt 0.5761735 0.7113824
vt 0.6695341 0.6961754
vt 0.009678245 0.9177668
vt 0.7724829 0.5350644
vt 0.7045338 0.6346189
vt 0.6226312 0.9189453
vt 0.2712602 0.8040766
vt 0.2866843 0.788931
vt 0.04736328 0.9942651
vt 0.3308108 0.6961904
vt 0.521769 0.5752118
vt 0.7938904 0.8759096
vt 0.7943368 0.8753636
vt 0.6970583 0.6476011
vt 0.9259238 0.9736377
vt 0.5394295 0.6888124
vt 0.5374833 0.6857961
vt 0.9685002 0.7417072
vt 0.9008694 0.4225951
vt 0.1551982 0.9990234
vt 0.1569766 0.9977556
vt 0.1547852 0.9977462
vt 0.4965488 0.7442756
vt 0.9699807 0.7562314
vt 0.7523476 0.9541016
vt 0.1384429 0.9985352
vt 0.1390935 0.9982288
vt 0.5212252 0.7057451
vt 0.2661133 0.9614201
vt 0.2707614 0.9471022
vt 0.9744344 0.73823
vt 0.663204 0.8837891
vt 0.454817 0.9213558
vt 0.4548887 0.9191877
vt 0.5473782 0.8892272
vt 0.5309969 0.8864673
vt 0.5749421 0.466087
vt 0.3644638 0.9839094
vt 0.9563293 0.9511033
vt 0.6474519 0.9399255
vt 0.5748388 0.7145689
vt 0.5179912 0.8215406
vt 0.5145628 0.8210638
vt 0.5874338 0.7031063
vt 0.5845469 0.6938143
vt 0.0008758307 0.331021
vt 0.04111296 0.984785
vt 0.2724438 0.8154564
vt 0.536088 0.9836519
vt 0.5069699 0.8116564
vt 0.8061802 0.997353
vt 0.6494079 0.8792355
vt 0.5533068 0.7250906
vt 0.9995428 0.9873047
vt 0.99853 0.9855475
vt 0.9988007 0.9853122
vt 0.7592304 0.5081569
vt 0.4060059 0.9809118
vt 0.8867201 0.9938298
vt 0.5150451 0.8230923
vt 0.4897189 0.8175165
vt 0.487793 0.8227287
vt 0.4910693 0.6289149
vt 0.4866546 0.6243056
vt 0.3321662 0.9856166
vt 0.9121977 0.9107193
vt 0.9068435 0.9131651
vt 0.7483881 0.4640585
vt 0.7489591 0.4693551
vt 0.9975586 0.9870694
vt 0.4060616 0.9812865
vt 0.4425712 0.9246343
vt 0.0004882812 0.9054866
vt 0.9538162 0.9521484
vt 0.5757095 0.7021178
vt 0.0009435415 0.8997065
vt 0.5877583 0.7091144
vt 0.0435459 0.4638136
vt 0.4927996 0.8312562
vt 0.4948902 0.6199772
vt 0.05199081 0.8662285
vt 0.4930433 0.62318
vt 0.4684738 0.6110741
vt 0.5368285 0.9843082
vt 0.4162521 0.9210228
vt 0.7212294 0.9965533
vt 0.3237326 0.9975138
vt 0.3623355 0.4481892
vt 0.7218906 0.9955379
vt 0.7241542 0.9976435
vt 0.4946415 0.8209351
vt 0.4726751 0.9983438
vt 0.06586415 0.4969047
vt 0.7286596 0.9926758
vt 0.944634 0.7112669
vt 0.02783203 0.9935656
vt 0.5003926 0.9228516
vt 0.5489268 0.8778599
vt 0.5488462 0.8768639
vt 0.5118649 0.979127
vt 0.5385936 0.9653113
vt 0.4423045 0.9232273
vt 0.7946777 0.9985352
vt 0.7572393 0.9782429
vt 0.9095343 0.6999809
vt 0.5157365 0.8218098
vt 0.4878422 0.7457113
vt 0.6540439 0.3960934
vt 0.3600553 0.7339213
vt 0.363932 0.7383899
vt 0.9938965 0.9039667
vt 0.3447739 0.4297619
vt 0.8289993 0.8798828
vt 0.0006079674 0.8910247
vt 0.9620773 0.7639536
vt 0.5068266 0.6048535
vt 0.6108398 0.8830404
vt 0.9438636 0.9576633
vt 0.7114258 0.9825214
vt 0.4212373 0.9788235
vt 0.8495907 0.8809229
vt 0.5020354 0.7283146
vt 0.4974351 0.7225599
vt 0.2844586 0.7606261
vt 0.2954566 0.7671996
vt 0.7940368 0.9586344
vt 0.0155042 0.8906748
vt 0.8933365 0.920244
vt 0.5385742 0.9593686
vt 0.8936454 0.9224109
vt 0.9147331 0.6833133
vt 0.5199325 0.744096
vt 0.5170094 0.7406788
vt 0.4247635 0.9828925
vt 0.7522487 0.9517253
vt 0.4252658 0.9827131
vt 0.7531524 0.9518685
vt 0.9624186 0.9990234
vt 0.962545 0.9961246
vt 0.5709574 0.5069602
vt 0.5597868 0.530974
vt 0.1645832 0.8758169
vt 0.423584 0.9843233
vt 0.6643394 0.8827228
vt 0.1592075 0.9959728
vt 0.7514648 0.951716
vt 0.3843466 0.488318
vt 0.5188914 0.9325097
vt 0.963347 0.9971669
vt 0.7518743 0.9530361
vt 0.07349193 0.5690455
vt 0.4731852 0.7483383
vt 0.4704273 0.7484338
vt 0.4504038 0.7046517
vt 0.3464336 0.9974882
vt 0.7215611 0.9505773
vt 0.7318497 0.9688082
vt 0.4824076 0.7453691
vt 0.4955696 0.7641541
vt 0.827925 0.8784142
vt 0.03112775 0.4780945
vt 0.6007774 0.9873942
vt 0.5355691 0.9990234
vt 0.4569344 0.9317518
vt 0.4481408 0.9287459
vt 0.5026124 0.7413646
vt 0.5044974 0.998338
vt 0.7797563 0.9964023
vt 0.1494325 0.996195
vt 0.1458473 0.9956625
vt 0.0002441406 0.9989061
vt 0.5414168 0.9578112
vt 0.6811523 0.9681326
vt 0.293568 0.9613479
vt 0.2953895 0.9576705
vt 0.5610602 0.9708339
vt 0.5460073 0.4938226
vt 0.5071996 0.7373079
vt 0.5119432 0.7498093
vt 0.5195466 0.7654018
vt 0.5637842 0.9744499
vt 0.5644042 0.9736703
vt 0.6388668 0.9142244
vt 0.5596672 0.4552329
vt 0.1155115 0.4472114
vt 0.4504713 0.9395359
vt 0.006350398 0.880882
vt 0.4709083 0.7405915
vt 0.5186224 0.7549494
vt 0.5549924 0.6912434
vt 0.7802526 0.997114
vt 0.266457 0.7854834
vt 0.5135188 0.7688434
vt 0.4019375 0.542083
vt 0.2791182 0.8382242
vt 0.4695278 0.9990234
vt 0.5573421 0.9650873
vt 0.6723112 0.9812139
vt 0.8455168 0.8633302
vt 0.8814088 0.9990234
vt 0.4740128 0.9366162
vt 0.6284477 0.3094054
vt 0.6121471 0.289222
vt 0.8007945 0.9638009
vt 0.690918 0.9881649
vt 0.2422385 0.5801502
vt 0.007352091 0.880701
vt 0.2848535 0.800721
vt 0.5336914 0.9790218
vt 0.4161491 0.5641797
vt 0.7672956 0.9151697
vt 0.3868699 0.7495711
vt 0.2447461 0.574993
vt 0.4810678 0.9984804
vt 0.005477259 0.8846489
vt 0.6934041 0.9759883
vt 0.5791674 0.8946767
vt 0.3544612 0.7391937
vt 0.5781378 0.8883154
vt 0.6107326 0.4825054
vt 0.5779954 0.8955078
vt 0.5125664 0.3141518
vt 0.002864753 0.8876953
vt 0.4269077 0.9409247
vt 0.402326 0.5506713
vt 0.2703938 0.8177524
vt 0.5659325 0.8759826
vt 0.7625529 0.9567946
vt 0.484988 0.9982256
vt 0.04861298 0.9946092
vt 0.855638 0.932198
vt 0.5717316 0.4897684
vt 0.4151142 0.9294614
vt 0.8055227 0.9604204
vt 0.3746418 0.9885018
vt 0.4696155 0.7822193
vt 0.8333371 0.8703696
vt 0.4744893 0.787159
vt 0.4304912 0.9853516
vt 0.0441699 0.9832785
vt 0.8031609 0.6942804
vt 0.6570332 0.9972516
vt 0.6978011 0.646321
vt 0.286114 0.9791677
vt 0.293956 0.5992477
vt 0.5358917 0.969327
vt 0.2514052 0.8155822
vt 0.1844885 0.5019962
vt 0.452557 0.8375201
vt 0.2543548 0.8157865
vt 0.267726 0.8200197
vt 0.3951676 0.6396484
vt 0.4851788 0.9160832
vt 0.4768516 0.7743601
vt 0.9078619 0.9709427
vt 0.1604843 0.9984196
vt 0.5036621 0.9983308
vt 0.720459 0.9985352
vt 0.2678288 0.7094692
vt 0.7623994 0.5367039
vt 0.01887578 0.9713109
vt 0.02335155 0.960065
vt 0.5871015 0.950174
vt 0.1142919 0.9980483
vt 0.9010653 0.9746978
vt 0.3148685 0.895154
vt 0.5862918 0.9524341
vt 0.5797863 0.9453311
vt 0.5054762 0.9983094
vt 0.5345327 0.9810965
vt 0.5457485 0.2558707
vt 0.2088071 0.8744954
vt 0.4120532 0.9769816
vt 0.4787475 0.7270068
vt 0.4150436 0.9792535
vt 0.411952 0.9835001
vt 0.3144115 0.8029245
vt 0.4659036 0.6990306
vt 0.4435296 0.9244375
vt 0.4444274 0.9252151
vt 0.406064 0.9829102
vt 0.560516 0.9695935
vt 0.3248828 0.9982089
vt 0.2971555 0.7342703
vt 0.8075218 0.6424034
vt 0.1088128 0.9940832
vt 0.3122642 0.7837599
vt 0.3109074 0.7558451
vt 0.3210911 0.7594479
vt 0.6613836 0.9903877
vt 0.298584 0.9975448
vt 0.3144813 0.7646102
vt 0.3099827 0.7669501
vt 0.3279251 0.759093
vt 0.6339251 0.9136662
vt 0.4773428 0.9866167
vt 0.4982785 0.7419953
vt 0.3164042 0.7608879
vt 0.3279023 0.765932
vt 0.188849 0.8946539
vt 0.4918259 0.9288367
vt 0.4896548 0.9264419
vt 0.4339576 0.8353404
vt 0.4894032 0.9306641
vt 0.4814855 0.9245957
vt 0.34121 0.7791166
vt 0.3315979 0.7823629
vt 0.3381077 0.7836531
vt 0.4941458 0.7421389
vt 0.6204933 0.9158989
vt 0.7666328 0.4864156
vt 0.9772949 0.9711914
vt 0.9715016 0.9976029
vt 0.4406839 0.9197171
vt 0.9814978 0.9649975
vt 0.984674 0.9686272
vt 0.4777148 0.9907227
vt 0.499501 0.737096
vt 0.5129204 0.978822
vt 0.9878303 0.9633415
vt 0.7669164 0.4753579
vt 0.7683764 0.4670011
vt 0.3892535 0.9964743
vt 0.7670738 0.4586462
vt 0.3085078 0.8073491
vt 0.01015526 0.9150391
vt 0.4731445 0.9374849
vt 0.4736561 0.9353345
vt 0.7934501 0.9599609
vt 0.6379816 0.9189453
vt 0.3356122 0.7967097
vt 0.481254 0.9857844
vt 0.7827213 0.9984152
vt 0.5991211 0.9962297
vt 0.0212522 0.9179125
vt 0.3268222 0.5627888
vt 0.597168 0.866572
vt 0.0581618 0.879312
vt 0.5056726 0.7304061
vt 0.02139609 0.8579945
vt 0.8959961 0.9828343
vt 0.8971698 0.995716
vt 0.2866577 0.7358112
vt 0.002077216 0.8842313
vt 0.01984493 0.9208984
vt 0.577996 0.8853166
vt 0.3823543 0.8761941
vt 0.12183 0.998439
vt 0.9001465 0.9770508
vt 0.905457 0.8447215
vt 0.3837044 0.9932522
vt 0.3887945 0.9934955
vt 0.5934121 0.8804717
vt 0.8917181 0.8197136
vt 0.5922852 0.8913478
vt 0.7768639 0.7625577
vt 0.1053261 0.9990234
vt 0.1041948 0.9927608
vt 0.807807 0.9228516
vt 0.7624666 0.9443672
vt 0.4265515 0.9423828
vt 0.7998023 0.9631615
vt 0.5402365 0.6907463
vt 0.5762501 0.8944841
vt 0.2697741 0.9439081
vt 0.5216444 0.993669
vt 0.7583008 0.953952
vt 0.9105226 0.9150039
vt 0.532823 0.67477
vt 0.4282506 0.334946
vt 0.4277554 0.3279915
vt 0.2859538 0.9990234
vt 0.1243048 0.9979731
vt 0.1229691 0.9944413
vt 0.8426773 0.974001
vt 0.540076 0.6753798
vt 0.1879883 0.8883756
vt 0.5025501 0.6987075
vt 0.7729492 0.9854142
vt 0.4212443 0.9472185
vt 0.2001932 0.8915797
vt 0.369859 0.9962883
vt 0.3620605 0.9985352
vt 0.2177265 0.8706598
vt 0.5714207 0.4359207
vt 0.4310472 0.9219953
vt 0.9995996 0.9635432
vt 0.8906558 0.8285683
vt 0.9063163 0.9181739
vt 0.4820322 0.9900918
vt 0.4743652 0.9985352
vt 0.2824787 0.9453397
vt 0.005592108 0.3271469
vt 0.406123 0.9812914
vt 0.4062344 0.981989
vt 0.5065572 0.9402476
vt 0.4480518 0.7095977
vt 0.6743492 0.934553
vt 0.6760654 0.9275796
vt 0.3816949 0.7703478
vt 0.7678093 0.4636191
vt 0.7634137 0.4626455
vt 0.7574977 0.4677683
vt 0.4557937 0.9283341
vt 0.3752654 0.7693857
vt 0.373891 0.764158
vt 0.148831 0.9981591
vt 0.7700195 0.998628
vt 0.1720544 0.3627516
vt 0.04706669 0.7554574
vt 0.6001078 0.988931
vt 0.5768846 0.6829655
vt 0.004395247 0.3167137
vt 0.03862303 0.4810584
vt 0.50712 0.9736328
vt 0.7458547 0.4670265
vt 0.7409388 0.4754676
vt 0.973372 0.6812755
vt 0.7579237 0.4874103
vt 0.7658076 0.4809278
vt 0.6501465 0.9984229
vt 0.3778882 0.7957863
vt 0.6643611 0.935947
vt 0.6109446 0.9476663
vt 0.5795984 0.9606814
vt 0.0005824007 0.9985092
vt 0.4651879 0.6346037
vt 0.2644467 0.7714861
vt 0.4660305 0.6418917
vt 0.4182955 0.9780831
vt 0.4879987 0.9240821
vt 0.3693848 0.9987271
vt 0.4879171 0.9267578
vt 0.4875956 0.9235001
vt 0.3715959 0.998786
vt 0.9347342 0.7102984
vt 0.3708089 0.9990234
vt 0.4882548 0.9242818
vt 0.3708264 0.9981391
vt 0.4393486 0.6899013
vt 0.4421353 0.6954369
vt 0.4418365 0.6925565
vt 0.9143922 0.6922187
vt 0.8976394 0.698136
vt 0.9058844 0.685321
vt 0.4013827 0.9975092
vt 0.4012725 0.9990234
vt 0.9051545 0.7004625
vt 0.9301541 0.7066075
vt 0.9278004 0.7101233
vt 0.9291657 0.7188189
vt 0.4864053 0.9215298
vt 0.4875029 0.9165438
vt 0.4857514 0.9180382
vt 0.8903296 0.7277536
vt 0.6434591 0.9915766
vt 0.6471282 0.9980165
vt 0.6470923 0.9952964
vt 0.9313262 0.709361
vt 0.9320688 0.7055033
vt 0.9365441 0.7093881
vt 0.9329072 0.7084979
vt 0.6489415 0.9990234
vt 0.9023823 0.7314453
vt 0.9006152 0.7259743
vt 0.8917184 0.72495
vt 0.3997206 0.6228643
vt 0.4029506 0.6206851
vt 0.8859198 0.7186285
vt 0.5099356 0.9718494
vt 0.5079563 0.9827463
vt 0.02557081 0.9965051
vt 0.8341103 0.9532043
vt 0.4429321 0.7017761
vt 0.4485887 0.7096366
vt 0.8357979 0.9536781
vt 0.8852539 0.7148736
vt 0.4053359 0.6190295
vt 0.417888 0.6160038
vt 0.8921752 0.6969898
vt 0.4879446 0.9174628
vt 0.4319489 0.7468538
vt 0.4402579 0.7434159
vt 0.4311326 0.7301973
vt 0.2954953 0.9709604
vt 0.4251208 0.9267578
vt 0.5754148 0.8937756
vt 0.1575583 0.9985732
vt 0.5176182 0.9837173
vt 0.637207 0.9950632
vt 0.4841102 0.9235294
vt 0.4846343 0.9212211
vt 0.3087114 0.731408
vt 0.9130408 0.9676395
vt 0.4746929 0.649196
vt 0.7462948 0.9982317
vt 0.4047412 0.5835418
vt 0.4041333 0.5705308
vt 0.6634105 0.8870243
vt 0.6915156 0.9743811
vt 0.4193446 0.9819255
vt 0.6030273 0.9565744
vt 0.6057615 0.9566293
vt 0.6063794 0.9677734
vt 0.4698923 0.6444511
vt 0.5063477 0.9709629
vt 0.6384869 0.9143007
vt 0.4125825 0.5789488
vt 0.428099 0.5868975
vt 0.4227477 0.5793872
vt 0.4190035 0.5855831
vt 0.4258808 0.983113
vt 0.4735229 0.6400174
vt 0.9321289 0.9987511
vt 0.9329244 0.9962484
vt 0.4503886 0.6483688
vt 0.02250004 0.9455773
vt 0.5151107 0.9784915
vt 0.01731247 0.9724228
vt 0.006785393 0.9392275
vt 0.4358706 0.7031439
vt 0.01504898 0.980757
vt 0.01716256 0.9745401
vt 0.4426279 0.6875316
vt 0.4440008 0.6961552
vt 0.4484422 0.6947788
vt 0.4418163 0.6990476
vt 0.02507758 0.9508293
vt 0.02529311 0.9637619
vt 0.4156948 0.5905305
vt 0.4518617 0.6699281
vt 0.4734043 0.9990234
vt 0.472168 0.9988655
vt 0.6080757 0.9584179
vt 0.6085976 0.9440222
vt 0.4750566 0.6427484
vt 0.7653767 0.9709598
vt 0.7644043 0.9683205
vt 0.7654141 0.9711914
vt 0.4897002 0.6297119
vt 0.486679 0.6261621
vt 0.4040915 0.9980487
vt 0.1393083 0.9982358
vt 0.1521739 0.9981881
vt 0.7993164 0.9657941
vt 0.8014676 0.9658203
vt 0.6676252 0.310338
vt 0.8015581 0.9640639
vt 0.2851777 0.3784777
vt 0.7876038 0.9281504
vt 0.0169 0.9146894
vt 0.4468254 0.6421292
vt 0.7643267 0.9634789
vt 0.01892841 0.9403003
vt 0.3808573 0.7457259
vt 0.9384712 0.5791532
vt 0.0442158 0.3170985
vt 0.04347539 0.3109509
vt 0.03723168 0.3222081
vt 0.2671682 0.9704263
vt 0.269106 0.9734789
vt 0.05012572 0.3294452
vt 0.4870173 0.9539967
vt 0.7638967 0.9046702
vt 0.6388045 0.9155638
vt 0.7915039 0.9594436
vt 0.4832126 0.9555132
vt 0.4839661 0.9617741
vt 0.4809891 0.9617203
vt 0.5940306 0.9075384
vt 0.5930599 0.9129864
vt 0.4813511 0.9572704
vt 0.7923391 0.9581159
vt 0.6664904 0.887122
vt 0.1095229 0.4684018
vt 0.7573242 0.9147306
vt 0.4239616 0.5790534
vt 0.4235498 0.5777692
vt 0.422932 0.5783769
vt 0.5364811 0.9843619
vt 0.624907 0.9124249
vt 0.7587217 0.9189453
vt 0.5974606 0.9017431
vt 0.02948081 0.3436998
vt 0.0291965 0.3483814
vt 0.9983576 0.9750977
vt 0.6657164 0.8843061
vt 0.4846263 0.9658203
vt 0.4972913 0.6351967
vt 0.5386347 0.9619141
vt 0.4914185 0.8146321
vt 0.4933758 0.8164308
vt 0.02664286 0.9960176
vt 0.02640843 0.9990234
vt 0.4539598 0.7057822
vt 0.4539716 0.7089821
vt 0.4904158 0.6234245
vt 0.4556059 0.7095028
vt 0.4900084 0.6217106
vt 0.5641449 0.9755859
vt 0.4372853 0.583874
vt 0.4318918 0.5935035
vt 0.4388384 0.5874698
vt 0.05406575 0.9922462
vt 0.4415648 0.5873752
vt 0.439317 0.5882068
vt 0.05445537 0.9909196
vt 0.426228 0.6023051
vt 0.4379613 0.6006911
vt 0.4341826 0.6246393
vt 0.8931613 0.6600972
vt 0.03588867 0.9984303
vt 0.6579261 0.998293
vt 0.8938293 0.6580659
vt 0.8927686 0.6441405
vt 0.8956406 0.6435323
vt 0.634973 0.9182255
vt 0.3703247 0.7525842
vt 0.3715274 0.7518319
vt 0.3620005 0.7807055
vt 0.3668289 0.7510447
vt 0.8411078 0.9782698
vt 0.839312 0.974777
vt 0.9103012 0.6505673
vt 0.05448569 0.9936874
vt 0.2924805 0.9974909
vt 0.8925933 0.6417331
vt 0.05470041 0.9931019
vt 0.3624532 0.7890238
vt 0.381929 0.7394789
vt 0.328861 0.9990234
vt 0.3699716 0.7496829
vt 0.3680577 0.749049
vt 0.3679756 0.7449504
vt 0.04907227 0.9919264
vt 0.5754081 0.4350793
vt 0.3776008 0.9984625
vt 0.3360715 0.7609988
vt 0.6333008 0.9149768
vt 0.360836 0.7304885
vt 0.3818576 0.9912742
vt 0.3364267 0.7653259
vt 0.3793945 0.9915899
vt 0.9708601 0.7031989
vt 0.05057013 0.3036743
vt 0.04593122 0.3069468
vt 0.04100454 0.3030525
vt 0.3505276 0.7409396
vt 0.8861605 0.9087064
vt 0.4653996 0.925238
vt 0.5973979 0.4503186
vt 0.3699473 0.7520314
vt 0.4173954 0.7016139
vt 0.4414922 0.9198689
vt 0.4420064 0.9211877
vt 0.7411596 0.5126953
vt 0.2661541 0.9438253
vt 0.06478548 0.3074991
vt 0.04762328 0.3124998
vt 0.02834535 0.9522153
vt 0.02682757 0.9560547
vt 0.05420578 0.3167084
vt 0.05512118 0.325008
vt 0.559584 0.9690948
vt 0.4092294 0.6893516
vt 0.05700839 0.3402646
vt 0.7602539 0.9971055
vt 0.7729391 0.9744082
vt 0.70922 0.982417
vt 0.266299 0.9720644
vt 0.7086904 0.9833984
vt 0.7084624 0.9797182
vt 0.2662 0.9746512
vt 0.2665563 0.9755859
vt 0.7055664 0.98085
vt 0.03521836 0.319253
vt 0.9536133 0.9498154
vt 0.4143978 0.6840172
vt 0.2293708 0.7947605
vt 0.6807103 0.3089067
vt 0.8041092 0.9638672
vt 0.2661133 0.9715835
vt 0.003337264 0.3258359
vt 0.3889799 0.6149235
vt 0.08511393 0.8017578
vt 0.2674024 0.9434226
vt 0.3199796 0.9975147
vt 0.3171387 0.9985352
vt 0.380279 0.992775
vt 0.3812366 0.9931641
vt 0.5999085 0.9124252
vt 0.4657545 0.696606
vt 0.4628166 0.6969076
usemtl Tile_+002_+000_texture_1
f 2/3 1/1 2215/2
f 4840/5 5408/4 4399/6
f 2215/2 1/1 2314/8
f 1260/10 1276/9 4863/11
f 5239/14 3651/13 3648/15
f 4656/17 4439/16 3336/18
f 5282/21 5443/20 5218/22
f 3648/15 5443/20 5239/14
f 5742/24 4888/23 5745/25
f 10/27 5626/26 381/28
f 5573/30 6030/29 1519/31
f 230/34 4437/33 1335/35
f 46/37 362/36 4220/38
f 5886/41 1268/40 5380/42
f 4976/44 3272/43 5786/45
f 2366/47 5541/46 3579/48
f 5106/50 335/49 338/51
f 5263/54 4653/53 3492/55
f 1408/57 1568/56 3066/58
f 5759/60 5770/59 5799/61
f 727/64 2/3 2283/63
f 2283/63 2/3 2215/2
f 21/67 20/65 2284/66
f 2284/66 20/65 919/68
f 5175/70 5461/69 3694/71
f 5544/73 5744/72 1160/74
f 5285/78 4682/75 4612/77
f 3679/81 3665/80 3598/82
f 5620/85 3665/84 3663/86
f 721/89 4882/88 2725/90
f 2315/92 21/67 2184/91
f 3643/94 3004/93 4567/95
f 2184/91 21/67 2284/66
f 44/99 41/97 3149/98
f 5620/101 3663/87 5469/100
f 3149/98 41/97 51/103
f 4841/105 2364/104 417/106
f 5013/108 1686/107 5732/109
f 3830/111 2611/110 613/112
f 2366/114 1253/113 5485/115
f 3149/98 51/103 52/116
f 5462/117 5380/42 2366/114
f 2758/119 3928/118 666/120
f 5462/117 5485/115 5470/121
f 3693/123 1481/122 5664/124
f 2636/126 304/125 1697/127
f 5742/24 5995/128 4916/129
f 3149/98 52/116 2204/131
f 5485/115 5462/117 2366/114
f 4745/136 4525/133 3038/135
f 3598/138 3665/83 3694/71
f 4896/140 4934/139 5876/141
f 2204/131 52/116 53/142
f 2204/131 53/142 393/143
f 338/145 5309/144 4717/146
f 6091/149 1519/148 1392/150
f 1129/152 4346/151 4323/153
f 5427/155 5663/154 1720/156
f 5441/158 5162/157 3665/137
f 1091/159 5470/121 5485/115
f 2252/161 64/160 3347/162
f 5485/115 3679/81 1091/159
f 3347/162 64/160 940/164
f 5665/166 5201/165 5094/167
f 848/170 65/168 3363/169
f 1373/172 3595/171 5394/173
f 3363/169 65/168 71/174
f 2252/161 71/174 63/175
f 5626/26 5867/176 5868/177
f 5867/176 5626/26 3774/178
f 5885/180 3595/171 5911/181
f 936/184 75/182 2197/183
f 1253/113 5469/100 5485/115
f 2691/186 5511/185 2522/187
f 3715/189 2552/188 2746/190
f 5397/192 5212/191 4803/193
f 1127/198 4323/194 4736/196
f 2197/183 75/182 899/199
f 3758/201 84/200 79/202
f 326/206 88/204 2167/205
f 2167/205 88/204 642/207
f 416/210 90/208 3005/209
f 3005/209 90/208 592/211
f 423/215 99/212 2285/213
f 4813/217 4858/216 1129/152
f 2285/219 99/214 100/218
f 3740/221 103/220 102/222
f 5562/224 2581/223 4820/225
f 111/228 105/226 2645/227
f 2645/227 105/226 148/229
f 2332/231 4907/230 5597/232
f 2193/234 115/233 111/228
f 3408/236 1336/235 4949/237
f 693/241 117/239 2114/240
f 2114/240 117/239 424/242
f 1129/152 1127/195 4813/217
f 1415/244 2966/243 3408/236
f 690/248 118/246 2303/247
f 2303/247 118/246 421/249
f 887/252 119/250 2656/251
f 5142/255 5157/254 2463/256
f 4813/217 1439/257 1387/258
f 3715/189 2534/259 2552/188
f 3068/264 5411/261 3521/263
f 13/266 4949/238 5501/267
f 2332/231 12/268 5472/269
f 5626/26 5868/177 5654/270
f 5099/272 3043/271 1664/273
f 3369/275 3498/274 5425/276
f 3408/245 13/266 1415/277
f 2656/251 119/250 124/278
f 2656/251 124/278 2655/279
f 2309/281 5588/280 2341/282
f 2655/279 124/278 122/283
f 4267/284 5665/166 1287/285
f 127/288 130/286 2654/287
f 2474/290 5276/289 5510/291
f 1415/244 2941/292 2966/243
f 2654/287 130/286 131/294
f 3913/296 3922/295 493/297
f 2640/301 2689/300 4596/302
f 5593/305 1565/304 2325/306
f 2654/287 131/294 257/308
f 133/311 132/309 2646/310
f 2646/310 132/309 140/312
f 2646/310 140/312 226/313
f 5759/60 4960/314 5770/59
f 2645/227 148/229 156/316
f 3695/318 2825/317 3371/319
f 2645/227 156/316 2644/320
f 3371/319 2825/317 3250/321
f 1415/277 13/266 4762/323
f 516/326 374/325 4007/327
f 5799/61 16/328 5759/60
f 1505/330 5627/329 5177/331
f 3391/333 4200/332 4523/334
f 527/336 3913/335 493/299
f 4897/338 4670/337 5525/339
f 2351/341 161/340 2399/342
f 553/347 3725/344 3447/346
f 3753/349 4009/348 3927/350
f 2399/342 161/340 456/351
f 3307/353 5537/352 5524/354
f 5524/354 4783/355 5501/356
f 2530/359 3807/358 4471/360
f 13/266 5501/267 4783/357
f 5850/363 5882/362 1283/364
f 4949/238 13/266 3408/245
f 3133/369 390/366 3304/368
f 204/372 163/370 2352/371
f 2352/371 163/370 165/373
f 4996/375 5386/374 3517/376
f 2654/287 167/377 127/288
f 4863/12 5569/378 1375/379
f 6017/381 5812/380 1658/382
f 5845/384 5721/383 1233/385
f 429/388 168/386 2393/387
f 2393/387 168/386 485/389
f 211/393 175/390 2299/391
f 3774/179 5771/394 5679/395
f 5125/398 5550/397 5906/399
f 2299/402 175/392 177/401
f 3814/403 177/401 170/404
f 3418/408 3423/405 3011/407
f 292/413 182/410 2160/411
f 2160/415 182/412 184/414
f 4103/417 184/416 180/418
f 715/422 187/420 3069/421
f 4760/424 5134/423 624/425
f 3069/421 187/420 189/426
f 2403/428 193/427 192/429
f 5524/354 5501/356 3307/353
f 5537/352 4670/337 4897/338
f 3307/353 4670/337 5537/352
f 5649/430 5771/396 3774/178
f 2655/279 196/431 2208/432
f 5501/356 4829/433 5472/269
f 5472/269 3307/353 5501/356
f 2208/432 196/431 503/434
f 2352/371 206/435 204/372
f 3524/437 5808/436 5526/438
f 216/441 215/439 2624/440
f 2624/440 215/439 2299/391
f 5718/447 5509/443 5533/445
f 2794/448 5524/354 5537/352
f 220/450 217/449 2624/440
f 2624/440 217/449 216/441
f 3060/453 2430/452 928/454
f 5749/456 5746/455 5725/457
f 2646/310 226/313 2623/458
f 5525/339 4670/337 3709/459
f 2623/458 226/313 223/460
f 275/463 232/461 2621/462
f 2621/462 232/461 229/464
f 888/467 239/465 2792/466
f 4897/338 2794/448 5537/352
f 3652/468 5746/455 5749/456
f 2688/470 2755/469 5233/471
f 1606/473 4705/472 3331/474
f 5934/476 5560/475 4708/477
f 624/425 10/27 4760/424
f 2792/466 239/465 796/478
f 5550/400 5610/479 372/480
f 5879/484 4681/481 4629/483
f 4446/486 5068/485 3929/487
f 2670/489 245/488 2582/490
f 5525/339 4835/492 1182/493
f 2582/495 245/491 246/494
f 230/34 1383/497 5768/498
f 1201/503 2722/500 2912/502
f 496/505 3941/504 3963/506
f 5095/509 5104/508 5453/510
f 2582/490 246/496 1080/511
f 5567/512 5593/305 3373/513
f 5553/515 2944/514 5557/516
f 5615/518 5717/517 5517/519
f 3941/504 496/505 5068/485
f 5964/521 5834/520 3565/522
f 3284/525 2736/523 5695/524
f 1078/528 247/526 2237/527
f 372/480 5906/529 5550/400
f 2731/531 297/530 2532/532
f 1439/257 4813/217 1127/195
f 2237/527 247/526 256/533
f 3709/459 5472/269 3192/534
f 2237/527 256/533 499/535
f 2654/287 257/308 2267/537
f 2267/537 257/308 258/538
f 2325/306 3373/513 5593/305
f 2267/537 258/538 492/539
f 3423/405 4269/541 3011/407
f 259/545 260/543 2181/544
f 2181/544 260/543 264/546
f 3192/534 3188/547 3709/459
f 5610/479 3245/548 2601/549
f 5567/512 4835/492 2341/282
f 5525/339 3709/459 4835/492
f 2181/544 264/546 737/550
f 3994/552 1187/551 3273/553
f 3279/555 200/554 5982/556
f 4835/492 3709/459 3188/547
f 482/559 268/557 2155/558
f 12/268 4882/88 5459/560
f 5834/520 5864/561 3565/522
f 5514/566 4989/563 4707/565
f 5717/517 5615/518 5746/455
f 2155/558 268/557 269/567
f 5472/269 12/268 3192/534
f 287/570 270/568 2289/569
f 2289/569 270/568 273/571
f 165/373 274/572 2551/573
f 2712/578 5015/574 4955/576
f 2551/573 274/572 880/579
f 281/582 280/580 2587/581
f 6117/584 5848/583 5900/585
f 5562/224 536/586 5459/560
f 2587/581 280/580 275/463
f 2621/462 284/587 2570/588
f 2570/588 284/587 293/589
f 4907/230 2332/231 4829/433
f 3192/534 5459/560 5594/590
f 5472/269 3709/459 4670/337
f 288/592 285/591 2289/569
f 2289/569 285/591 287/570
f 2646/310 290/593 133/311
f 5472/269 4829/433 2332/231
f 2690/595 1914/594 1052/596
f 5845/384 4825/597 4818/598
f 5793/600 5338/599 2103/601
f 2570/588 293/589 295/602
f 4825/597 5845/384 3677/603
f 2570/588 295/602 771/604
f 1077/607 301/605 2780/606
f 5845/384 4818/598 1294/608
f 5504/613 85/610 6076/612
f 2692/615 1965/614 1963/616
f 4939/618 5158/617 5156/619
f 2780/606 301/605 1073/620
f 5597/232 4907/230 2548/621
f 3471/623 303/622 302/624
f 4412/626 305/625 303/622
f 307/629 306/627 2546/628
f 2546/628 306/627 525/630
f 5830/632 5486/631 5429/633
f 4375/635 317/634 316/636
f 591/639 324/637 2926/638
f 2926/638 324/637 816/640
f 336/643 333/641 2508/642
f 2508/642 333/641 1070/644
f 5074/646 1589/645 1944/647
f 356/649 337/648 2508/642
f 5609/651 519/650 522/652
f 2508/642 337/648 336/643
f 1076/655 339/653 2165/654
f 2165/654 339/653 341/656
f 4354/657 341/656 325/658
f 5158/617 1699/659 4907/230
f 640/662 345/660 3235/661
f 3235/661 345/660 346/663
f 580/667 347/664 2007/665
f 5167/668 624/425 635/669
f 2007/671 347/666 349/670
f 2007/671 349/670 2356/672
f 2356/672 349/670 764/673
f 5499/675 2781/674 5151/676
f 1053/679 350/677 2496/678
f 2595/681 2334/680 2454/682
f 2334/680 2331/683 2248/684
f 5134/423 4760/424 5687/685
f 5612/688 4497/686 4705/472
f 5651/690 5678/689 1438/691
f 2496/678 350/677 351/692
f 5429/633 5829/693 5830/632
f 5886/41 5815/694 5822/695
f 2496/678 351/692 845/696
f 2248/684 1045/697 2334/680
f 5735/699 1526/698 5563/700
f 4622/702 2925/701 3252/703
f 1363/704 5665/166 5624/705
f 4766/707 5334/706 2719/708
f 2974/712 355/711 354/713
f 635/669 5614/714 5167/668
f 1658/382 5884/715 6017/381
f 1350/719 3722/716 2448/718
f 76/721 5633/720 3774/178
f 4976/44 5162/157 649/722
f 2000/726 5635/723 5639/725
f 3111/727 5732/109 2560/728
f 310/731 359/729 3987/730
f 3987/730 359/729 2492/732
f 3346/734 363/733 3190/735
f 3190/735 363/733 364/737
f 76/721 15/738 5633/720
f 830/742 367/739 3759/740
f 3759/744 367/741 369/743
f 2534/745 2448/718 3722/716
f 375/748 370/746 2478/747
f 2478/747 370/746 376/749
f 5631/750 635/669 5134/423
f 981/753 371/751 2109/752
f 2109/752 371/751 375/748
f 1416/755 4988/754 2327/756
f 2328/758 5646/757 93/759
f 5612/687 5636/760 4497/762
f 2478/747 376/749 463/763
f 670/766 378/764 4668/765
f 5013/770 2476/767 1917/769
f 5654/270 522/652 4760/424
f 5772/773 5681/772 4991/774
f 5605/776 5872/775 4934/139
f 4668/765 378/764 669/777
f 5995/128 1618/778 2874/779
f 768/783 380/781 3067/782
f 5660/784 5649/430 5661/785
f 5747/787 5527/786 4427/788
f 3067/782 380/781 382/789
f 2450/790 382/789 379/791
f 5673/793 4993/792 1438/691
f 4934/139 4896/140 5605/776
f 716/798 388/795 4342/796
f 78/799 5673/793 5678/689
f 4342/801 388/797 1002/800
f 3473/806 2105/802 1550/804
f 2204/131 393/143 395/807
f 2204/131 395/807 396/808
f 410/811 397/809 2440/810
f 77/812 5678/689 5651/690
f 2440/810 397/809 398/813
f 5840/814 5569/378 4863/12
f 6113/816 4722/815 1219/817
f 4863/12 4892/820 1260/821
f 471/824 404/822 2164/823
f 2164/823 404/822 407/825
f 2159/826 407/825 401/827
f 441/830 409/828 2274/829
f 5660/784 5681/772 5772/773
f 2274/829 409/828 415/831
f 5651/690 5681/772 5661/785
f 2604/832 5745/25 447/833
f 2274/829 415/831 2440/810
f 2440/810 415/831 410/811
f 2624/451 418/834 220/835
f 3984/837 419/836 418/834
f 2303/247 421/249 466/838
f 4137/840 4195/839 4492/841
f 1891/844 422/842 2410/843
f 120/846 6078/845 4744/847
f 2410/843 422/842 436/848
f 2114/240 424/242 425/849
f 2285/213 425/849 423/215
f 758/851 435/850 2393/387
f 2393/387 435/850 429/388
f 2410/843 436/848 438/852
f 2410/843 438/852 437/853
f 5689/855 5679/854 5771/396
f 5649/430 5881/856 5648/857
f 4651/859 3432/858 2968/860
f 2410/843 452/861 2506/862
f 2506/862 452/861 454/864
f 2405/866 1170/865 4859/867
f 2506/862 454/864 1761/868
f 2399/342 456/351 457/870
f 5010/873 2834/871 3611/872
f 2399/342 457/870 983/875
f 154/878 458/877 2644/320
f 2644/320 458/877 460/879
f 2321/881 461/880 2391/882
f 2391/882 461/880 462/883
f 2346/884 462/883 290/593
f 2478/747 463/763 885/885
f 192/429 464/886 2403/428
f 2403/428 464/886 465/887
f 2303/247 466/838 467/888
f 2303/247 468/889 4116/890
f 234/893 62/892 108/894
f 6024/896 3379/895 1736/897
f 2380/898 2746/190 2438/899
f 5661/785 5681/772 5660/784
f 5696/900 5868/177 5679/854
f 4116/890 468/889 469/901
f 2576/902 2454/682 519/650
f 1059/905 470/903 2293/904
f 2293/904 470/903 1062/907
f 102/222 474/908 3740/221
f 3740/911 474/909 475/910
f 3389/913 2838/912 1193/914
f 2164/823 475/916 471/824
f 23/919 477/917 3911/918
f 3911/918 477/917 478/920
f 2393/387 485/389 2351/921
f 5831/923 5815/694 5886/41
f 162/926 486/924 4103/925
f 4103/925 486/924 487/927
f 4103/925 487/927 489/928
f 1033/931 490/929 2360/930
f 2327/756 4988/754 5148/932
f 2360/930 490/929 1013/933
f 2267/935 492/540 756/934
f 238/938 495/936 2261/937
f 427/940 5710/939 2372/941
f 1177/943 5007/942 5008/944
f 5815/694 5831/923 5821/946
f 5651/690 5661/785 5649/430
f 2261/937 495/936 502/947
f 2237/949 499/536 505/948
f 2261/937 502/947 3815/950
f 3815/950 502/947 507/951
f 5649/430 77/812 5651/690
f 2208/432 503/434 769/952
f 2237/949 505/948 4031/953
f 4934/139 5617/955 4633/956
f 4031/958 505/954 506/957
f 1246/962 5561/959 5733/961
f 3815/950 507/951 508/963
f 273/571 511/964 3818/965
f 3818/965 511/964 512/966
f 908/970 517/967 2141/968
f 5649/430 5633/720 77/812
f 93/759 5646/757 15/738
f 2141/972 517/969 1778/971
f 1796/975 520/973 4384/974
f 77/812 5633/720 15/738
f 4384/974 520/973 526/976
f 1776/980 523/977 2108/978
f 343/982 4809/981 3483/983
f 2108/985 523/979 1745/984
f 77/812 78/799 5678/689
f 2546/628 525/630 2769/986
f 2769/986 525/630 1082/987
f 4384/974 526/976 3947/988
f 3947/991 526/989 531/990
f 2576/902 557/992 19/993
f 3947/991 531/990 790/994
f 1438/691 5681/772 5651/690
f 2845/996 538/995 535/997
f 914/1000 539/998 2096/999
f 2096/999 539/998 794/1001
f 3565/1002 5864/562 5617/955
f 325/658 541/1003 4354/657
f 4354/1006 541/1004 543/1005
f 5907/1007 5848/583 6123/1008
f 3987/730 544/1009 310/731
f 551/1012 546/1010 4012/1011
f 5868/177 5914/1013 5679/854
f 4012/1011 546/1010 547/1015
f 543/1018 548/1016 4404/1017
f 4404/1017 548/1016 551/1012
f 915/1022 552/1020 2042/1021
f 2042/1021 552/1020 788/1023
f 5235/1027 4975/1024 5022/1026
f 331/1030 554/1028 2509/1029
f 2509/1029 554/1028 555/1031
f 15/738 78/799 77/812
f 352/1034 559/1033 2974/712
f 2974/712 559/1033 1056/1035
f 564/1039 560/1037 2026/1038
f 4760/424 381/28 5654/270
f 3018/1041 2416/1040 3879/1042
f 2026/1038 560/1037 658/1044
f 855/1046 565/1045 2026/1038
f 2026/1038 565/1045 564/1039
f 736/1049 567/1047 2997/1048
f 2997/1048 567/1047 2849/1050
f 93/759 94/1051 2328/758
f 4040/1053 568/1052 2998/1054
f 2998/1054 568/1052 654/1055
f 820/1059 575/1056 3812/1057
f 73/1061 10/27 624/425
f 3812/1063 575/1058 823/1062
f 3145/1065 579/1064 578/1066
f 2007/665 581/1067 580/667
f 540/1070 583/1068 2884/1069
f 2884/1069 583/1068 586/1071
f 3005/209 592/211 593/1072
f 3822/1074 597/1073 3104/1075
f 3104/1075 597/1073 595/1076
f 987/1079 598/1077 3108/1078
f 3108/1078 598/1077 990/1080
f 1405/1081 5710/939 427/940
f 609/1084 619/1082 1983/1083
f 1983/1083 619/1082 618/1086
f 78/799 5711/1088 4993/792
f 1895/1091 623/1089 3449/1090
f 15/738 5711/1088 78/799
f 3449/1090 623/1089 620/1092
f 329/1095 626/1093 3341/1094
f 5834/520 5724/1096 3724/1097
f 3341/1094 626/1093 627/1098
f 787/1101 633/1099 3199/1100
f 3199/1100 633/1099 801/1102
f 1754/1106 634/1103 3178/1104
f 3178/1108 634/1105 852/1107
f 1881/1111 636/1109 3214/1110
f 5057/1113 5738/1112 529/1114
f 3522/1116 5423/1115 5559/1117
f 3214/1110 636/1109 930/1118
f 2167/205 642/207 643/1119
f 652/1122 644/1120 1993/1121
f 1993/1121 644/1120 646/1123
f 4613/1124 3060/453 928/454
f 2998/1054 654/1055 854/1125
f 2026/1038 658/1044 4142/1126
f 4142/1126 658/1044 659/1127
f 4851/1128 4859/867 1170/865
f 4142/1126 659/1127 873/1129
f 4392/1131 660/1130 317/634
f 586/1071 661/1132 3294/1133
f 3294/1133 661/1132 660/1130
f 1193/914 635/669 3580/1134
f 3702/1137 5355/1136 4540/1138
f 4668/765 669/777 765/1139
f 244/1141 1940/1140 1688/1142
f 1508/1144 5694/1143 2699/1145
f 2613/1147 676/1146 3325/1148
f 3325/1148 676/1146 4668/765
f 4993/792 5673/793 78/799
f 2515/1150 689/1149 3846/1151
f 3846/1151 689/1149 690/248
f 5243/1152 4705/472 6076/612
f 976/1155 703/1153 2949/1154
f 2949/1154 703/1153 1027/1156
f 74/1159 706/1157 2815/1158
f 2815/1158 706/1157 708/1160
f 4714/1163 5723/1161 3724/1097
f 314/1166 713/1164 4091/1165
f 4091/1165 713/1164 751/1167
f 809/1169 718/1168 2998/1054
f 2998/1054 718/1168 719/1171
f 4342/796 719/1171 716/798
f 3246/1175 4975/1172 5739/1174
f 364/737 725/1176 3190/735
f 3190/735 725/1176 726/1177
f 243/1179 5161/1178 5631/750
f 2884/1069 726/1177 724/1180
f 590/1183 730/1181 2122/1182
f 2122/1182 730/1181 731/1184
f 5631/750 5161/1178 635/669
f 2122/1182 731/1184 3820/1185
f 3820/1185 731/1184 732/1186
f 61/1189 734/1187 3944/1188
f 3944/1188 734/1187 2165/654
f 595/1076 735/1190 3104/1075
f 922/1192 81/1191 98/1193
f 3104/1075 735/1190 736/1049
f 2181/544 737/550 749/1194
f 1051/1197 739/1195 4393/1196
f 4393/1196 739/1195 2181/544
f 189/426 740/1198 2885/1199
f 2885/1199 740/1198 741/1200
f 478/920 742/1201 2245/1202
f 2245/1202 742/1201 743/1203
f 900/1206 745/1204 3093/1205
f 3093/1205 745/1204 746/1207
f 173/1208 5799/61 4991/774
f 5161/1178 243/1179 1344/1209
f 2509/1029 746/1207 331/1030
f 754/1212 747/1210 2892/1211
f 2892/1211 747/1210 842/1213
f 2181/544 749/1194 4410/1214
f 3652/468 4714/1162 4867/1215
f 4410/1214 749/1194 2274/829
f 3123/1217 750/1216 2278/1218
f 2278/1218 750/1216 1012/1219
f 4091/1165 751/1167 753/1220
f 2160/415 753/1220 515/1221
f 1233/385 3677/603 5845/384
f 3140/1224 4822/1223 1380/1225
f 2267/935 756/934 4047/1226
f 4949/237 5156/619 5501/356
f 1533/1229 5820/1228 5327/1230
f 1344/1209 5729/1231 5730/1232
f 4047/1226 756/934 757/1233
f 4047/1226 757/1233 3790/1234
f 5900/585 5872/775 5498/1235
f 4907/230 5606/1236 5158/617
f 108/894 1213/1237 234/893
f 3790/1234 757/1233 760/1238
f 2393/387 759/1239 758/851
f 3790/1234 760/1238 4108/1240
f 4108/1240 760/1238 761/1241
f 3973/1242 761/1241 759/1239
f 535/997 763/1243 2845/996
f 2845/996 763/1243 2347/1244
f 5654/270 5868/177 5696/900
f 2356/672 764/673 849/1246
f 5/1249 5728/1247 1344/1209
f 4668/765 765/1139 4235/1250
f 4867/1251 3724/1097 5724/1096
f 4235/1250 765/1139 766/1252
f 5710/939 2390/1253 5978/1254
f 5654/270 381/28 5626/26
f 2114/240 766/1252 728/1255
f 4992/1257 3020/1256 1944/1258
f 346/663 767/1259 4026/1260
f 4026/1260 767/1259 768/783
f 1193/914 2838/912 5614/714
f 2208/432 769/952 3731/1261
f 3731/1261 769/952 770/1262
f 2587/581 770/1262 282/1263
f 4991/774 5799/61 4958/1264
f 2570/588 771/604 4155/1266
f 5606/1236 5501/356 5156/619
f 4155/1269 771/1267 772/1268
f 2546/628 773/1270 307/629
f 3266/1272 774/1271 773/1270
f 5699/1274 5963/1273 5987/1275
f 1201/503 2390/1253 6003/1277
f 3565/522 5698/1278 5964/521
f 3535/1280 1316/1279 1308/1281
f 1047/1284 775/1282 2674/1283
f 2674/1283 775/1282 777/1285
f 641/1288 776/1286 2559/1287
f 2559/1287 776/1286 909/1289
f 2674/1283 777/1285 1913/1290
f 805/1294 780/1291 2844/1292
f 5152/1296 1507/1295 6017/381
f 2999/1300 3074/1297 599/1299
f 2844/1302 780/1293 782/1301
f 120/846 1358/1304 1262/1305
f 2834/871 5183/1306 3611/872
f 832/1309 781/1307 4004/1308
f 4867/1215 5697/1310 3652/468
f 4004/1308 781/1307 1964/1311
f 4244/1315 4304/1312 4918/1313
f 2844/1292 782/1303 783/1316
f 5767/1318 5929/1317 2703/1319
f 6003/1277 1295/1320 1201/503
f 1416/755 2327/756 2328/758
f 2509/1323 784/1322 3024/1324
f 5161/1178 3580/1134 635/669
f 157/1327 5902/1326 4497/686
f 3024/1324 784/1322 785/1328
f 3975/1333 2784/1330 2859/1332
f 4608/1335 786/1334 3199/1100
f 2248/684 5730/1232 5729/1231
f 5002/1338 202/1337 5007/942
f 3199/1100 786/1334 787/1101
f 5872/775 5900/585 5617/955
f 2042/1021 788/1023 3858/1339
f 6086/1341 5033/1340 2818/1342
f 3858/1339 788/1023 789/1344
f 3947/991 790/994 4019/1345
f 4019/1348 790/1346 791/1347
f 4988/754 1416/755 5066/1349
f 312/1351 792/1350 3145/1065
f 3145/1065 792/1350 793/1352
f 2096/999 794/1001 2877/1353
f 5700/1356 1538/1355 5539/1357
f 2877/1359 794/1354 810/1358
f 5653/1360 4939/618 5156/619
f 3580/1135 5728/1361 4887/1362
f 2792/466 796/478 3218/1363
f 3793/1365 797/1364 652/1122
f 1743/1368 798/1366 4243/1367
f 5018/1370 5377/1369 1072/1371
f 4243/1367 798/1366 799/1372
f 3199/1100 801/1102 3523/1373
f 3523/1373 801/1102 802/1375
f 5749/456 5864/562 5723/1376
f 3523/1373 803/1377 2836/1378
f 2836/1378 803/1377 1048/1380
f 6087/1381 5735/699 1470/1382
f 587/1386 804/1384 2841/1385
f 5728/1247 5740/1387 1344/1209
f 2841/1385 804/1384 814/1388
f 2613/1147 806/1389 242/1390
f 316/636 807/1391 4375/635
f 4375/635 807/1391 808/1392
f 4714/1162 3652/468 5723/1376
f 2877/1359 810/1358 2998/1170
f 799/1372 812/1394 4396/1395
f 4958/1396 5767/1318 5942/1397
f 4396/1395 812/1394 813/1399
f 3944/1188 813/1399 632/1400
f 2841/1385 814/1388 4168/1401
f 5856/1404 5929/1402 5770/62
f 4168/1401 814/1388 835/1405
f 2926/638 816/640 3350/1406
f 89/1409 817/1407 3328/1408
f 3328/1408 817/1407 856/1410
f 1007/1413 818/1411 3733/1412
f 3733/1412 818/1411 819/1414
f 170/404 821/1415 3814/403
f 3814/403 821/1415 822/1416
f 3812/1060 822/1417 820/1418
f 3812/1063 823/1062 4423/1419
f 4423/1419 823/1062 824/1420
f 37/1423 825/1421 3144/1422
f 3144/1422 825/1421 826/1424
f 785/1329 827/1425 3024/1426
f 3024/1429 827/1427 828/1428
f 3024/1429 828/1428 3728/1430
f 3728/1430 828/1428 829/1432
f 3728/1430 829/1432 3898/1433
f 3898/1433 829/1432 830/742
f 837/1436 831/1434 4089/1435
f 4089/1435 831/1434 832/1437
f 3449/1090 833/1438 3467/1439
f 3467/1439 833/1438 834/1440
f 5810/1445 3432/1442 3520/1444
f 5726/1449 4979/1446 5165/1448
f 3411/1450 834/1441 779/1451
f 4168/1401 835/1405 836/1452
f 2005/1453 836/1452 582/1454
f 1069/1457 838/1455 4411/1456
f 4411/1456 838/1455 839/1458
f 108/894 6011/1459 1213/1237
f 302/624 840/1460 3471/623
f 3471/623 840/1460 841/1461
f 2841/1385 841/1461 589/1462
f 2892/1211 842/1213 4343/1463
f 4343/1463 842/1213 1055/1464
f 5740/1387 5728/1247 3580/1134
f 944/1467 843/1465 3559/1466
f 3559/1466 843/1465 844/1468
f 2496/678 845/696 3977/1469
f 3977/1469 845/696 846/1470
f 846/1470 847/1471 3991/1472
f 3991/1472 847/1471 848/170
f 2703/1319 5929/1317 5856/1403
f 17/1474 5629/1473 651/1475
f 2356/672 849/1246 4126/1476
f 4126/1476 849/1246 850/1477
f 5510/291 5274/1478 2474/290
f 2844/1292 851/1479 805/1294
f 3178/1108 852/1107 4095/1480
f 4095/1480 852/1107 853/1482
f 2998/1054 854/1125 855/1046
f 3042/1484 4611/1483 3193/1485
f 4916/1487 2874/780 5011/1488
f 3678/1490 4611/1483 3042/1484
f 3328/1408 856/1410 857/1491
f 2328/758 5726/1449 5646/757
f 2328/758 2327/756 4998/1492
f 789/1344 858/1493 3858/1339
f 5947/1494 2703/1319 2479/1495
f 3858/1339 858/1493 859/1497
f 871/1500 860/1498 4364/1499
f 4364/1499 860/1498 862/1501
f 4364/1499 862/1501 863/1502
f 1021/1505 864/1503 4239/1504
f 4239/1504 864/1503 865/1507
f 3123/1217 865/1507 60/1508
f 1068/1511 867/1509 4545/1510
f 4545/1510 867/1509 1029/1512
f 4436/1514 868/1513 861/1515
f 4217/1517 870/1516 871/1500
f 3620/1519 872/1518 606/1520
f 4142/1126 873/1129 3065/1521
f 3065/1521 873/1129 872/1518
f 5726/1447 4998/1522 4980/1523
f 5165/1448 5711/1088 5646/757
f 879/1526 876/1524 2041/1525
f 2041/1525 876/1524 877/1527
f 3069/421 877/1527 715/422
f 469/901 878/1528 2442/1529
f 1234/1531 5707/1530 5699/1532
f 2442/1529 878/1528 879/1526
f 2551/573 880/579 2408/1533
f 94/1051 5737/1534 1416/755
f 2408/1533 880/579 881/1535
f 2408/1533 881/1535 2433/1536
f 2433/1536 881/1535 882/1537
f 2233/1539 883/1538 2656/253
f 2656/253 883/1538 886/1540
f 795/1542 884/1541 3218/1363
f 3218/1363 884/1541 901/1543
f 2478/747 885/885 2387/1544
f 2387/1544 885/885 1893/1545
f 2656/253 886/1540 887/1546
f 2310/1548 891/1547 755/1549
f 762/1552 892/1550 2347/1244
f 3487/1556 1146/1553 1145/1555
f 2347/1559 892/1551 896/1558
f 1092/1561 3193/1560 3138/1562
f 573/1565 893/1563 3002/1564
f 3002/1564 893/1563 1009/1566
f 2347/1559 896/1558 2122/1182
f 875/1569 897/1567 3377/1568
f 3377/1568 897/1567 898/1570
f 2197/183 899/199 910/1571
f 3218/1363 901/1543 902/1572
f 977/1574 903/1573 3377/1568
f 3377/1568 903/1573 904/1575
f 2403/428 905/1576 2392/1577
f 2392/1577 905/1576 906/1579
f 2155/558 906/1579 482/559
f 2559/1287 909/1289 2678/1580
f 2678/1580 909/1289 943/1581
f 2197/183 910/1571 2199/1582
f 2199/1582 910/1571 911/1583
f 889/1586 912/1584 3417/1585
f 3417/1585 912/1584 1067/1587
f 1935/1589 913/1588 2096/999
f 2096/999 913/1588 914/1000
f 4327/1591 916/1590 2042/1021
f 2042/1021 916/1590 915/1022
f 1963/616 917/1592 2692/615
f 2692/615 917/1592 918/1593
f 2284/66 919/68 2783/1594
f 2783/1594 919/68 920/1595
f 2066/1596 920/1595 890/1597
f 824/1601 921/1598 3552/1599
f 3552/1604 921/1600 923/1603
f 3789/1605 923/1603 868/1513
f 3934/1607 924/1606 3100/1608
f 3100/1608 924/1606 925/1609
f 4061/1610 925/1609 806/1389
f 3346/734 926/1611 322/1612
f 956/1615 927/1613 2090/1614
f 1153/1617 2089/1616 1278/1618
f 1153/1617 1151/1620 1152/1621
f 1095/1623 2226/1622 3128/1624
f 2537/1628 6048/1625 2577/1627
f 3056/1630 3267/1629 3083/1631
f 2090/1614 927/1613 1144/1633
f 5042/1635 5709/1634 5417/1636
f 3610/1638 5764/1637 4691/1639
f 2460/1641 513/1640 1206/1642
f 5171/1644 5407/1643 5719/1645
f 1146/1553 1147/1646 4947/1647
f 1229/1650 1724/1649 1099/1651
f 3560/1654 3317/1653 1440/1655
f 1099/1651 1724/1649 3063/1656
f 3214/1110 930/1118 931/1658
f 5204/1660 5574/1659 5494/1661
f 530/1663 3621/1662 2857/1664
f 2515/1150 931/1658 929/1665
f 2494/1667 5703/1666 3168/1668
f 5272/1671 2922/1670 2923/1672
f 1184/1674 5426/1673 5254/1675
f 1440/1655 3571/1676 3560/1654
f 5593/305 5588/280 5577/1677
f 5593/305 5567/512 2341/282
f 3487/1680 1145/1557 3520/1678
f 1194/1682 1411/1681 1168/1683
f 3277/1685 3335/1684 3344/1686
f 1138/1689 1141/1688 1136/1690
f 1138/1689 1109/1692 5076/1693
f 1124/1695 1165/1694 2025/1696
f 1399/1698 1563/1697 1354/1699
f 2984/1701 1217/1700 4965/1702
f 1140/1704 1136/1703 1141/1691
f 1918/1707 1221/1706 1288/1708
f 1227/1710 1228/1709 146/1711
f 630/1712 5201/165 5548/1713
f 1239/1714 1227/1710 1240/1715
f 1241/1717 1242/1716 250/1718
f 2968/860 3432/858 3452/1719
f 5632/1722 5860/1721 5560/475
f 1124/1695 1472/1723 1116/1724
f 5217/1726 1115/1725 5234/1727
f 1115/1725 5684/1728 1584/1729
f 5409/1731 1261/1730 4486/1732
f 3586/1735 3584/1734 3672/1736
f 3665/80 3679/81 5469/100
f 1584/1729 5234/1727 1115/1725
f 1141/1688 1138/1689 5832/1737
f 433/1740 1279/1739 1280/1741
f 1477/1743 1120/1742 1131/1744
f 1432/1746 5084/1745 1334/1747
f 1120/1742 1477/1743 1584/1729
f 1125/1749 1122/1748 1165/1694
f 1122/1748 1477/1743 1353/1750
f 3299/1752 3553/1751 3555/1753
f 1165/1694 1124/1695 2724/1754
f 1531/1757 4301/1755 1718/1756
f 1124/1695 1116/1724 1126/1758
f 2724/1754 1126/1758 1359/1759
f 2724/1754 1125/1749 1165/1694
f 1126/1758 2724/1754 1124/1695
f 557/992 5853/1760 2466/1761
f 1584/1729 5684/1728 5715/1762
f 4648/1764 4476/1763 5229/1765
f 379/791 932/1766 2450/790
f 3048/1768 1315/1767 513/1640
f 1477/1743 1139/1769 1353/1750
f 1102/1771 3310/1770 5818/1772
f 1320/1776 603/1773 1321/1775
f 1636/1778 1325/1777 2123/1779
f 2450/790 932/1766 933/1781
f 1324/1782 1325/1777 1636/1778
f 1326/1784 412/1783 3075/1785
f 1135/1787 1132/1786 1131/1744
f 1132/1786 1139/1769 1131/1744
f 4477/1789 6018/1788 5520/1790
f 3264/1792 3496/1791 3551/1793
f 1140/1795 1947/1794 2437/1796
f 1179/1797 1136/1703 1140/1704
f 1351/1799 2137/1798 1352/1800
f 922/1192 98/1193 101/1801
f 1355/1802 101/1801 1356/1803
f 1358/1304 1357/1804 1918/1707
f 5080/1806 4928/1805 1676/1807
f 1362/1809 2578/1808 2531/1810
f 1142/1812 4828/1811 2228/1813
f 3628/1815 1148/1814 2453/1816
f 1378/1818 1379/1817 1380/1225
f 4636/1820 2541/1819 253/1821
f 1139/1769 1477/1743 1131/1744
f 1478/1823 2991/1822 1400/1824
f 3421/1825 3063/1656 1724/1649
f 2120/1827 2082/1826 2987/1828
f 2750/1832 1529/1829 5227/1831
f 266/1834 5385/1833 5916/1835
f 5357/1836 1152/1621 1151/1620
f 5124/1838 1393/1837 253/1821
f 5227/1831 1947/1839 2750/1832
f 5871/1841 5341/1840 5659/1842
f 1396/1846 3114/1845 3157/1847
f 253/1821 1393/1837 4636/1820
f 1643/1849 2591/1848 2235/1850
f 1157/1852 1176/1851 1634/1853
f 1400/1824 1476/1854 1478/1823
f 1157/1852 2987/1828 1176/1851
f 3025/1856 2683/1855 5259/1857
f 405/1858 2683/1855 3025/1856
f 1730/1860 3263/1859 5839/1861
f 3622/1862 3063/1657 2202/1863
f 2505/1866 4609/1865 3315/1867
f 2686/1869 3052/1868 5160/1870
f 3077/1871 3628/1815 2453/1816
f 2723/1873 1671/1872 6109/1874
f 3442/1876 3237/1875 1529/1877
f 3038/135 4461/1878 4745/136
f 1449/1880 3014/1879 3057/1881
f 1407/1883 1173/1882 1452/1884
f 2046/1886 1555/1885 3703/1887
f 1958/1892 934/1889 2134/1890
f 2435/1894 5932/1893 2579/1895
f 3406/1897 1458/1896 2852/1898
f 1109/1692 1138/1689 1136/1690
f 1136/1690 3638/1899 1109/1692
f 402/1901 143/1900 2421/1902
f 1150/1904 3601/1903 3397/1905
f 3601/1903 1166/1907 2348/1908
f 1156/1910 54/1909 1548/1911
f 1138/1689 5076/1693 2161/1912
f 5117/1913 5124/1838 5110/1914
f 2553/1916 2547/1915 1252/1917
f 1189/1919 2782/1918 3089/1920
f 451/1921 3089/1920 2895/1922
f 5339/1924 5350/1923 1525/1925
f 1634/1853 1156/1910 1157/1852
f 2134/1927 934/1891 1880/1926
f 1278/1618 1151/1620 1153/1617
f 3601/1906 1158/1928 1920/1929
f 5579/1933 278/1930 5495/1932
f 1597/1935 1593/1934 3615/1936
f 2789/1938 5927/1937 1597/1935
f 5949/1942 5076/1939 3638/1941
f 3638/1899 5076/1693 1109/1692
f 3518/1943 2437/1796 2905/1944
f 2167/205 935/1946 326/206
f 1724/1649 1229/1650 2437/1796
f 5218/22 34/1947 5284/1948
f 1229/1650 1179/1949 1140/1795
f 5916/1835 5385/1833 4477/1789
f 1592/1954 5716/1951 6095/1953
f 5579/1931 3696/1955 5764/1637
f 2447/1957 2336/1956 2855/1958
f 1713/1961 1714/1960 5279/1962
f 1666/1965 1607/1963 2659/1964
f 1472/1723 1181/1966 3182/1967
f 1150/1904 1166/1907 3601/1903
f 1628/1969 1686/107 5013/108
f 1638/1971 3072/1970 1639/1972
f 278/1974 5579/1931 5490/1973
f 1649/1976 3177/1975 4569/1977
f 6058/1983 6062/1979 6005/1981
f 2336/1985 1174/1984 2726/1986
f 2116/1989 1192/1988 3206/1990
f 1268/1993 5342/1991 5541/1992
f 408/1994 1189/1919 1190/1995
f 408/1994 1190/1995 426/1996
f 3536/1998 2488/1997 2169/1999
f 1499/2001 5264/2000 1653/2002
f 5402/2004 5350/1923 1698/2005
f 1699/659 5158/617 2331/683
f 5286/2009 5503/2006 5046/2008
f 3063/1656 3421/1825 2202/2010
f 1197/2012 4709/2011 5526/438
f 1173/1882 1484/2013 1452/1884
f 1197/2012 4427/788 4709/2011
f 2784/2017 5990/2014 5991/2016
f 4427/788 1197/2012 4623/2019
f 5027/2021 59/2020 5506/2022
f 5117/1913 6112/2023 5225/2024
f 1220/2027 1532/2026 1640/2028
f 5761/2030 4784/2029 4940/2031
f 3972/2035 5809/2032 5787/2034
f 5203/2038 5532/2037 4957/2039
f 348/2044 2976/2040 1351/2042
f 5704/2046 2790/2045 5087/2047
f 5215/2050 4671/2049 4568/2051
f 2016/2053 5389/2052 5001/2054
f 3285/2056 2606/2055 1462/2057
f 3981/2059 3684/2058 1709/2060
f 5933/2062 5893/2061 1943/2063
f 5541/1992 5342/1991 4499/2064
f 5522/2067 5595/2066 4853/2068
f 1718/1756 4301/1755 4551/2071
f 1709/2060 3684/2058 4386/2072
f 1207/2074 688/2073 2676/2075
f 6062/2077 6058/1980 4748/2076
f 172/2079 2696/2078 2118/2080
f 4804/2083 5642/2082 5224/2084
f 4648/1764 5548/1713 1363/704
f 5039/2086 5382/2085 5384/2087
f 2101/2088 2118/2080 6100/2089
f 1220/2027 4556/2090 1532/2026
f 3952/2095 5088/2091 3667/2093
f 3667/2093 1222/2096 3952/2095
f 3183/2101 4857/2097 3627/2099
f 3171/2103 3495/2102 3126/2104
f 405/1858 2617/2105 1625/2106
f 3683/2108 4350/2107 2765/2109
f 911/1583 937/2110 2199/1582
f 2777/2112 82/2111 2778/2113
f 1099/1652 3063/1657 3622/1862
f 2339/2115 1570/2114 2340/2116
f 3512/2118 2000/726 5639/725
f 5762/2121 1382/2120 4850/2122
f 2171/2124 2383/2123 2378/2125
f 2118/2080 2101/2088 172/2079
f 2779/2127 3710/2126 2778/2113
f 3981/2059 3085/2128 2777/2112
f 5191/2130 5496/2129 5209/2131
f 3171/2103 2779/2127 3476/2133
f 1616/2134 5703/1666 2494/1667
f 3677/603 1233/385 4633/956
f 5987/1276 1234/1531 5699/1532
f 2115/2136 2011/2135 2138/2137
f 5428/2139 1236/2138 6114/2140
f 1237/2143 6096/2142 1256/2144
f 6096/2142 5250/2145 1256/2144
f 2767/2147 5800/2146 5809/2148
f 1507/1295 6043/2149 5812/380
f 5812/380 6017/381 1507/1295
f 2324/2152 39/2151 2467/2153
f 2487/2155 107/2154 2523/2156
f 2629/2158 2677/2157 2635/2159
f 2635/2159 2592/2160 2629/2158
f 5477/2162 5750/2161 6015/2163
f 1242/1716 2677/2157 2680/2166
f 5314/2168 5085/2167 5329/2169
f 2778/2113 82/2111 4537/2170
f 3569/2171 1237/2143 5540/2172
f 1307/2174 2634/2173 4780/2175
f 1335/35 1392/150 6092/2177
f 95/2179 3090/2178 2647/2180
f 1243/2182 1105/2181 5812/2183
f 1128/2187 5422/2186 1411/1681
f 1128/2187 1411/1681 1194/1682
f 2958/2189 5016/2188 1569/2190
f 5540/2172 4806/2191 3569/2171
f 1250/2195 4754/2192 1283/2194
f 266/1834 5024/2196 5105/2197
f 85/2199 5637/2198 5650/2200
f 2770/2203 2772/2202 1232/2204
f 5987/1276 1254/2205 1234/1531
f 1234/1531 1254/2205 3726/2206
f 2199/1582 937/2110 1942/2208
f 6116/2210 1255/2209 6115/2211
f 2319/2213 3662/2212 1483/2214
f 3164/2216 3701/2215 3650/2217
f 3347/162 940/164 939/2218
f 5812/2185 6043/2150 5250/2219
f 2000/726 2808/2221 2822/2222
f 269/567 942/2223 3355/2224
f 1256/2144 5502/2225 1237/2143
f 5502/2225 1256/2144 6044/2226
f 2594/2230 480/2227 261/2229
f 1257/2232 5852/2231 4754/2192
f 3355/2224 942/2223 941/2233
f 5852/2231 1257/2232 5414/2234
f 1276/9 1260/10 1374/2235
f 2678/1580 943/1581 944/1467
f 1260/821 4892/820 1374/2236
f 4566/2237 5039/2086 5041/2238
f 1211/2240 5208/2239 3400/2241
f 1211/2240 2878/2243 5208/2239
f 3171/2103 3315/1867 3394/2245
f 938/2248 945/2246 3366/2247
f 1294/608 5721/383 5845/384
f 5189/2249 5719/1645 630/1712
f 1392/150 1335/35 6091/149
f 5717/517 3525/2250 5517/519
f 2319/2213 1483/2214 3173/2251
f 1292/2253 3527/2252 2895/1922
f 3650/2217 3662/2212 3171/2103
f 3680/2256 3308/2255 4283/2257
f 3239/2261 4978/2258 4981/2260
f 1168/1683 1411/1681 5200/2262
f 1128/2187 1194/1682 2934/2263
f 5384/2266 1270/2264 5476/2265
f 3366/2247 945/2246 946/2268
f 5039/2086 5476/2267 5041/2238
f 1168/1683 2934/2263 1194/1682
f 276/2270 334/2269 4807/2271
f 2796/2275 3681/2272 3400/2274
f 2231/2278 3719/2277 3653/2279
f 3653/2281 3428/2282 2231/2283
f 5150/2286 2919/2284 2647/2180
f 5645/2288 5780/2287 2936/2289
f 4344/2291 1274/2290 5474/2292
f 4518/2294 4685/2293 5789/2295
f 1030/2299 947/2297 2507/2298
f 1302/2301 42/2300 3453/2302
f 5077/2307 2287/2304 5607/2306
f 2989/2310 2990/2309 3319/2311
f 5892/2312 1276/9 1236/2141
f 2507/2298 947/2297 948/2313
f 1276/9 1374/2235 6114/2314
f 2861/2316 4947/2315 3053/2317
f 1302/2319 4977/2318 5899/2320
f 5870/2321 5933/2062 5952/2322
f 4775/2323 1105/2181 1243/2182
f 3417/1585 949/2324 889/1586
f 6027/2325 1321/1775 2715/2326
f 5124/1838 253/1821 584/2327
f 5124/1838 3168/1669 1393/1837
f 6097/2328 1359/1759 5213/2329
f 1283/2194 5882/365 1250/2195
f 5200/2262 2748/2331 1168/1683
f 3010/2333 3154/2332 3352/2334
f 3352/2334 3028/2335 3010/2333
f 1192/1988 3536/1998 3206/1990
f 85/2336 5504/611 5738/1112
f 3221/2338 2394/2337 2710/2339
f 5111/2341 3223/2340 3589/2342
f 1431/2344 2967/2343 4974/2345
f 1393/1837 3168/1669 5204/1660
f 3156/2347 5328/2346 2497/2348
f 2659/1964 2493/2349 4648/1764
f 6087/2351 1470/1383 2742/2350
f 5244/2353 5241/2352 3480/2354
f 5566/2356 5564/2355 2556/2357
f 5548/1713 5201/165 1363/704
f 1398/2359 1294/2358 5473/2360
f 5893/2061 5933/2062 5913/2361
f 3339/2363 1451/2362 1342/2364
f 5353/2366 5468/2365 5788/2367
f 1122/1748 1125/1749 6097/2328
f 3390/2369 5797/2368 2813/2370
f 655/2372 4899/2371 3305/2373
f 1336/235 3408/236 3345/2374
f 1625/2106 584/2327 405/1858
f 3604/2376 1303/2375 1338/2377
f 5163/2379 4810/2378 4415/2380
f 5178/2384 5102/2381 2338/2383
f 1368/2387 1491/2386 3215/2388
f 1361/2390 6021/2389 6022/2391
f 1377/2393 3216/2392 5715/1762
f 3370/2394 2686/1869 3029/2395
f 6094/2397 1404/2396 5892/2398
f 1310/2400 1298/2399 1328/2401
f 1298/2399 1310/2400 1102/1771
f 319/2403 3529/2402 1591/2404
f 2730/2406 3682/2405 2668/2407
f 2860/2409 6065/2408 2161/1912
f 2161/1912 6065/2408 5727/2410
f 3775/2411 2860/2409 5949/1940
f 2813/2370 5795/2412 3390/2369
f 2415/2416 6079/2413 5222/2415
f 5172/2418 5682/2417 3644/2419
f 6039/2421 5662/2420 2668/2407
f 3237/1875 1311/2422 5226/2423
f 5314/2168 3316/2424 5089/2425
f 5187/2427 5601/2426 5877/2428
f 5244/2353 1116/1724 5269/2429
f 3549/2431 2575/2430 2685/2432
f 3148/2435 1386/2434 3262/2436
f 2668/2407 5662/2420 3619/2437
f 1313/2439 1591/2404 3529/2402
f 5314/2168 5329/2169 3316/2424
f 5884/2440 6092/2177 5563/2441
f 1254/2207 5987/1275 5963/1273
f 5784/2443 1317/2442 1466/2444
f 3411/1450 950/2445 3519/2446
f 5426/1673 3648/15 3651/13
f 3519/2448 950/2447 949/2324
f 1466/2444 1317/2442 5776/2449
f 638/2451 2735/2450 1600/2452
f 5004/2454 5242/2453 723/2455
f 2716/2456 1563/1697 1105/2184
f 2732/2457 3156/2347 2497/2348
f 5267/2459 4565/2458 3515/2460
f 6094/2397 1372/2461 5414/2462
f 6094/2397 1322/2464 1410/2465
f 1327/2468 1309/2467 4985/2469
f 5826/2470 1328/2401 5103/2471
f 4565/2458 4257/2472 3504/2473
f 97/2474 3515/2460 655/2372
f 1273/2479 3163/2475 5354/2477
f 4997/2481 1331/2480 57/2482
f 57/2482 1331/2480 1319/2483
f 6032/2484 2575/2430 3549/2431
f 5240/2488 4610/2485 1162/2487
f 4413/2490 4426/2489 453/2491
f 5998/2493 5997/2492 1384/2494
f 1333/2496 1381/2495 3237/1875
f 2575/2430 6032/2484 6031/2497
f 1943/2063 5893/2061 1422/2499
f 4486/1732 3600/2500 1231/2501
f 4684/2504 1295/1320 6003/1277
f 1335/35 6092/2177 1370/2505
f 319/2403 2634/2173 1270/2506
f 5950/2508 5809/2148 5800/2146
f 2698/2509 6031/2498 3547/2510
f 2746/190 2427/2511 2831/2512
f 4550/2517 1499/2514 1696/2516
f 3549/2518 3547/2510 6031/2498
f 6031/2497 6032/2484 3549/2431
f 2698/2509 3547/2510 3549/2518
f 4730/2520 4731/2519 5248/2521
f 5088/2522 3952/2092 5087/2047
f 1338/2377 3607/2524 3224/2525
f 3337/2529 3327/2526 3357/2528
f 1339/2531 5345/2530 1381/2495
f 5345/2530 1339/2531 1989/2532
f 4676/2534 4667/2533 2631/2535
f 4695/2537 4696/2536 3233/2538
f 2309/281 3188/547 3192/534
f 1406/2544 5549/2541 1137/2543
f 2466/1761 3640/2545 5035/2546
f 1251/2548 4712/2547 4727/2549
f 3585/2552 2730/2406 2668/2407
f 1236/2141 1276/9 6114/2314
f 2497/2348 2730/2553 3585/2551
f 1337/2554 4762/324 4783/355
f 3390/2369 3720/2555 5797/2368
f 5472/269 4670/337 3307/353
f 3390/2369 5795/2412 3274/2556
f 319/2403 1591/2404 2634/2173
f 1328/2401 5826/2470 5994/2558
f 2990/2309 1341/2559 3319/2311
f 3581/2561 4855/2560 5521/2562
f 1567/2564 5259/1857 2683/1855
f 5345/2530 1989/2532 1311/2422
f 4945/2565 1193/915 4941/2566
f 13/266 4783/357 4762/323
f 5445/2568 5341/2567 5683/2569
f 5161/1178 5740/1387 3580/1134
f 2640/301 5662/2420 2689/300
f 561/2571 2373/2570 562/2572
f 3562/2574 3614/2573 3619/2437
f 1344/1209 3959/2575 5/1249
f 5631/750 5134/423 1045/697
f 3168/1669 5124/1838 2494/2576
f 1353/1750 2025/1696 1165/1694
f 2025/1696 1353/1750 1139/1769
f 4059/2577 5737/1534 94/1051
f 2640/301 3619/2437 5662/2420
f 4736/196 2311/2578 1127/198
f 1367/2582 5234/1727 1296/2581
f 2697/2583 5737/1534 5167/668
f 3533/2585 2671/2584 2679/2586
f 4685/2296 4540/1138 5789/2587
f 5221/2589 6099/2588 6098/2590
f 4375/2592 952/2591 2157/2593
f 5158/617 5606/1236 5156/619
f 1232/2204 3364/2594 4945/2565
f 2668/2407 3682/2405 6039/2421
f 3774/178 5633/720 5649/430
f 4945/2565 3364/2594 11/2595
f 2359/2597 3641/2596 4677/2598
f 2663/2599 2698/2509 3549/2518
f 2697/2601 3169/2600 5120/2602
f 2665/2603 721/89 2824/2604
f 19/993 653/2605 22/2606
f 1243/2608 5812/2185 2660/2607
f 2660/2607 5812/2185 5250/2219
f 1359/1759 1291/2610 5213/2329
f 5992/2612 5266/2611 4237/2613
f 1361/2390 3720/2555 3390/2369
f 3720/2555 1361/2390 6022/2391
f 4877/2614 5235/1025 4472/2615
f 5975/2617 3592/2616 6004/2618
f 3376/2620 3358/2619 3262/2621
f 2661/2623 2660/2609 6096/2142
f 5171/1644 5499/675 5170/2624
f 3586/1735 1266/2625 3375/2626
f 2329/2630 1367/2627 5231/2629
f 2479/2631 2372/941 4966/2632
f 1368/2387 5330/2633 2518/2634
f 1368/2387 2540/2635 5322/2636
f 3682/2405 2730/2406 2712/575
f 1434/2638 299/2637 3344/1687
f 1369/2642 3442/2639 1119/2641
f 73/1061 4039/2644 15/738
f 5414/2234 1372/2463 5852/2231
f 5850/363 1372/2645 5428/2646
f 6049/2647 1302/2319 2861/2316
f 1205/2649 47/2648 87/2650
f 93/759 4039/2644 94/1051
f 1330/2653 1496/2652 3092/2654
f 6075/2656 1619/2655 5763/2657
f 3237/1875 5998/2493 1333/2496
f 2487/2155 6011/1459 108/894
f 2681/2659 1178/2658 109/2660
f 5650/2661 5612/688 5243/1152
f 3245/548 1272/2663 5861/2664
f 1382/2120 6021/2389 1361/2390
f 4566/2237 5382/2085 5039/2086
f 4517/2668 4686/2665 5372/2667
f 38/2671 2118/2669 2696/2081
f 2846/2672 6027/2325 2033/2673
f 545/2675 3895/2674 558/2676
f 3081/2679 123/2678 2896/2680
f 109/2660 1178/2658 6085/2681
f 1384/2494 1333/2496 5998/2493
f 2407/2682 2680/2166 2677/2157
f 2663/2599 3549/2518 2685/2433
f 2594/2228 5144/2683 480/2684
f 2713/2686 1285/2685 1284/2687
f 1688/1142 1357/1804 136/2688
f 2610/2689 1466/2444 5776/2449
f 5784/2443 1520/2690 1317/2442
f 141/2694 5135/2691 142/2693
f 1455/2696 2510/2695 1435/2697
f 261/2229 480/2227 1488/2698
f 5228/2702 2404/2699 2099/2701
f 6030/32 6092/2177 1392/150
f 1422/2499 5893/2061 5866/2704
f 1382/2120 4514/2705 1484/2013
f 2696/2078 172/2079 1240/1715
f 5789/2587 4540/1138 4856/2706
f 1152/1621 2089/1616 1153/1617
f 2242/2708 1239/1714 1240/1715
f 3502/2710 3499/2709 3329/2711
f 176/2713 4701/2712 5174/2714
f 5437/2716 5450/2715 3369/275
f 3369/275 5450/2715 4344/2291
f 5170/2624 5499/675 5026/2717
f 1395/2718 5103/2471 1328/2401
f 5103/2471 1395/2718 5826/2470
f 2809/2720 5034/2719 4968/2721
f 201/2722 5001/2054 5389/2052
f 5043/2723 3529/2402 5384/2087
f 218/2725 1223/2724 5690/2726
f 5832/1738 1119/2643 1141/2727
f 5832/1737 1138/1689 2161/1912
f 2641/2729 1528/2728 3506/2730
f 197/2731 5514/564 1481/2732
f 1600/2452 5797/2368 6022/2391
f 5670/2737 212/2734 2099/2701
f 4637/2739 5603/2738 1398/2359
f 5328/2742 5959/2740 2712/575
f 4540/1138 4685/2296 3702/1137
f 3507/2745 3513/2744 2701/2746
f 1652/2749 1175/2748 5519/2750
f 1185/2754 218/2753 1186/2755
f 5234/1727 1111/2756 1296/2581
f 222/2758 6111/2757 5912/2759
f 171/2761 4665/2760 2133/2762
f 2161/1912 5076/1693 2860/2409
f 2713/2686 1213/1237 6011/1459
f 1221/1706 1918/1707 1940/1140
f 1581/2764 4861/2763 5643/2765
f 5996/2767 153/2766 5835/2768
f 5835/2768 181/2769 5996/2767
f 1410/2465 1404/2396 6094/2397
f 244/1141 1285/2685 2713/2686
f 1175/2751 4687/2770 5519/2772
f 4664/2774 4534/2773 5817/2775
f 4725/2779 158/2776 4877/2614
f 250/1718 4665/2760 1244/2780
f 1404/2396 4782/2781 6116/2210
f 4626/2782 5835/2768 153/2766
f 4782/2781 1404/2396 1410/2465
f 2117/2783 5817/2775 1213/1237
f 144/2785 2396/2784 5174/2714
f 5324/2788 227/2787 4839/2789
f 255/2792 5324/2791 4839/2790
f 5403/2793 1322/2466 5414/2794
f 5217/1726 4816/2795 5321/2796
f 4246/2800 4304/2797 4554/2799
f 147/2802 5953/2801 221/2803
f 3386/2805 3409/2804 3427/2806
f 5176/2807 1528/2728 4799/2808
f 1426/2810 1487/2809 2529/2811
f 1313/2439 656/2812 4333/2813
f 2853/2815 1386/2434 1434/2638
f 4566/2237 6064/2816 5434/2817
f 1413/2819 2459/2818 1480/2820
f 2140/2822 1427/2821 3718/2823
f 311/2826 5736/2825 4671/2049
f 5774/2830 318/2827 296/2829
f 5131/2832 1596/2831 5159/2833
f 1297/2834 3264/1792 3299/1752
f 59/2835 278/1974 5490/1973
f 5883/2837 4688/2836 4497/686
f 2695/2842 1560/2839 680/2841
f 408/1994 1290/2843 433/1740
f 692/2845 2375/2844 3633/2846
f 479/2848 1418/2847 3631/2849
f 3262/2621 1564/2850 3376/2620
f 1585/2852 5556/2851 5861/2664
f 1300/2854 2527/2853 406/2855
f 3081/2679 412/1783 413/2856
f 6119/2858 3158/2857 5484/2859
f 6013/2861 2842/2860 2345/2862
f 5484/2859 3158/2857 5294/2863
f 1357/1804 1940/1140 1918/1707
f 5866/2704 5893/2061 5951/2864
f 2498/2866 4594/2865 420/2867
f 1421/2868 3245/548 5556/2851
f 4603/2869 1300/2854 406/2855
f 1417/2870 1671/1872 2723/1873
f 1733/2871 2228/1813 1166/1907
f 2714/2873 4614/2872 3621/1662
f 2157/2593 952/2591 951/2874
f 39/2151 2324/2152 494/2875
f 3718/2823 1427/2821 2501/2876
f 3186/2877 1279/1739 56/2878
f 2987/1828 2082/1826 4884/2879
f 2137/1798 501/2880 1352/1800
f 1279/1739 3186/2877 3231/2881
f 509/2883 315/2882 3555/2884
f 514/2885 3535/1280 81/1191
f 2921/2887 3012/2886 2953/2888
f 3148/2435 1434/2638 1386/2434
f 2853/2815 1434/2638 3337/2529
f 519/650 5687/685 4760/424
f 2454/682 5687/685 519/650
f 1377/2393 5684/1728 1115/1725
f 1115/1725 5217/1726 1377/2393
f 5693/2890 4399/2889 5408/7
f 537/2892 2270/2891 1290/2843
f 348/2044 1351/2042 1315/2893
f 1210/2896 1146/2894 5422/2186
f 294/2898 2659/1964 5229/1765
f 1435/2697 2510/2695 1557/2899
f 3037/2902 570/2901 571/2903
f 2566/2904 426/1996 510/2905
f 574/2906 3037/2902 571/2903
f 4811/2907 5848/583 5500/2908
f 1393/1837 5204/1660 4636/1820
f 1299/2911 616/2910 3422/2912
f 1352/1800 188/2913 616/2910
f 5371/2915 5466/2914 6000/2916
f 81/1191 2812/2917 5918/2918
f 2705/2921 637/2919 5521/2562
f 5392/2922 4517/2666 1271/2923
f 5211/2926 5044/2925 1522/2927
f 2231/2278 2039/2928 3719/2277
f 1535/2931 4969/2930 2342/2932
f 704/2933 1052/596 1914/594
f 673/2935 674/2934 3282/2936
f 674/2934 673/2935 1200/2937
f 5904/2939 1089/2938 711/2940
f 1200/2937 1199/2941 674/2934
f 1684/2943 36/2942 1199/2941
f 3377/1568 954/2944 4785/2945
f 5115/2947 1711/2946 1710/2948
f 4947/1647 1145/1555 1146/1553
f 1445/2951 1999/2950 472/2952
f 1999/2950 1445/2951 2004/2953
f 2501/2876 3278/2954 3718/2823
f 4821/2956 1417/2870 2828/2957
f 4648/1764 5229/1765 2659/1964
f 1464/2959 1448/2958 2994/2960
f 1318/2962 3507/2961 2701/2747
f 4785/2945 954/2944 3366/2247
f 957/2965 955/2963 2128/2964
f 5961/2968 1704/2967 4821/2956
f 692/2845 3094/2969 2375/2844
f 3215/2388 1989/2532 1339/2531
f 5726/1449 5165/1448 5646/757
f 2128/2964 955/2963 956/1615
f 533/2973 959/2971 2310/1548
f 2310/2975 959/2972 960/2974
f 2310/2975 960/2974 4434/2976
f 3633/2846 3685/2978 692/2845
f 2536/2979 3633/2846 2375/2844
f 4434/2976 960/2974 961/2980
f 712/2982 722/2981 3404/2983
f 4434/2976 961/2980 1934/2984
f 1934/2988 961/2985 964/2987
f 5711/1088 651/1475 5629/1473
f 5909/2990 309/2989 4497/762
f 4115/2992 3193/1560 1092/1561
f 1934/2988 964/2987 3161/2993
f 682/2995 965/2994 3161/2993
f 3633/2846 2536/2979 2503/2996
f 4728/2998 3688/2997 1079/2999
f 5177/331 4799/2808 2641/2729
f 5951/2864 5858/3000 5896/3001
f 5201/165 5665/166 1363/704
f 3324/3002 711/2940 722/2981
f 1306/3004 1199/2941 1293/3005
f 712/2982 3334/3006 722/2981
f 1252/1917 2456/3008 5889/3009
f 3912/3010 2553/1916 1252/1917
f 1697/127 4238/3011 1084/3012
f 2248/684 5729/1231 243/1179
f 2503/2996 2536/2979 3359/3013
f 5234/3015 2329/2628 4815/3016
f 1455/2696 3465/3018 3480/2354
f 3480/2354 5241/2352 4731/2519
f 3359/3013 2536/2979 2375/2844
f 4847/3020 3543/3019 3545/3021
f 3639/3023 2344/3022 1601/3024
f 1601/3024 3645/3025 3639/3023
f 2805/3027 5936/3026 1446/3028
f 1446/3028 5936/3026 5917/3029
f 208/3031 516/326 576/3032
f 2461/3034 5054/3033 2501/2876
f 1251/2548 677/3035 1412/3036
f 5189/2249 5207/3037 1962/3038
f 3161/2993 965/2994 966/3039
f 6117/584 5500/2908 5848/583
f 3161/2993 966/3039 967/3040
f 1413/2819 5038/3041 2459/2818
f 1421/2868 5951/2864 3245/548
f 674/2934 1199/2941 1306/3004
f 3645/3025 3910/3042 1702/3043
f 3421/1825 1517/3044 2455/3045
f 4884/2879 453/2491 2256/3047
f 2529/2811 1487/2809 2344/3022
f 967/3040 968/3048 1930/3049
f 675/3051 1428/3050 678/3052
f 687/3054 691/3053 2612/3055
f 1930/3049 968/3048 969/3056
f 691/3053 2830/3057 2612/3055
f 1251/2548 625/3058 2120/1827
f 2120/1827 1157/1852 1251/2548
f 4908/3060 563/3059 653/2605
f 625/3058 1251/2548 4728/2998
f 15/738 4039/2644 93/759
f 453/2491 4884/2879 488/3061
f 1535/2931 1541/3062 4969/2930
f 696/3064 4890/3063 2820/3065
f 5940/3067 263/3066 639/3068
f 4039/2644 73/1061 4059/2577
f 3362/3069 3359/3013 2375/2844
f 752/3070 675/3051 678/3052
f 2583/3071 2364/104 1019/3072
f 2344/3022 3639/3023 2529/2811
f 1930/3049 969/3056 1925/3073
f 5167/668 4059/2577 624/425
f 1925/3073 969/3056 971/3074
f 15/738 76/721 73/1061
f 1925/3073 971/3074 972/3075
f 1480/2820 1648/3076 1413/2819
f 5069/3078 3976/3077 3259/3079
f 6119/2858 5484/2859 5608/3081
f 2830/3057 198/3082 2612/3055
f 5322/2636 5330/2633 1368/2387
f 1546/3084 1587/3083 2322/3085
f 2350/3087 2457/3086 2342/2932
f 1079/2999 3454/3088 4728/2998
f 1084/3012 3454/3088 1079/2999
f 2625/3090 1469/3089 645/3091
f 4708/477 6076/612 5934/476
f 1412/3036 4728/2998 1251/2548
f 5581/3092 5509/446 5718/444
f 5165/1448 4979/1446 651/1475
f 5272/1671 2923/1672 4828/3094
f 1487/2809 1426/2810 2455/3095
f 1234/1531 5545/3096 5707/1530
f 3438/3098 3091/3097 14/3099
f 1679/3101 685/3100 2653/3102
f 4838/3104 1107/3103 1679/3101
f 3831/3105 972/3075 970/3106
f 1350/719 3877/3107 1349/3108
f 4970/3111 1517/3044 1724/1649
f 2679/2586 1468/3112 3533/2585
f 1635/3114 2795/3113 922/1192
f 1951/3116 1959/3115 1428/3050
f 1502/3118 2701/2746 3513/2744
f 472/2952 1471/3119 5889/3009
f 5889/3009 1471/3119 3912/3010
f 2248/684 5631/750 1045/697
f 3831/3105 973/3120 2491/3121
f 3193/1560 4115/2992 4657/3122
f 1472/1723 3182/1967 5269/2429
f 73/1061 624/425 4059/2577
f 3959/2575 1344/1209 5158/617
f 3427/2806 3409/2804 2529/2811
f 2727/3124 3422/2912 3470/3125
f 451/1921 2727/3124 3470/3125
f 3529/2402 5043/2723 1313/2439
f 2787/3127 1474/3126 3528/3128
f 3173/2251 3359/3013 3362/3069
f 3058/3130 6020/3129 4333/3131
f 1435/2697 3465/3018 1455/2696
f 5667/3135 4819/3134 4909/3136
f 2493/2349 5451/3137 5547/3138
f 3550/3140 1576/3139 1654/3141
f 3959/2575 5158/617 4939/618
f 1433/3144 697/3143 2595/681
f 1426/2810 2529/2811 3409/2804
f 1122/1748 1111/2756 1694/3145
f 1517/3046 6073/3146 1487/2809
f 4613/1124 2145/3147 473/3148
f 3407/3151 2952/3150 2183/3152
f 5551/3153 5142/255 2463/256
f 1480/2820 1427/2821 2039/3154
f 5035/2546 2795/3113 2801/3155
f 3637/3156 3173/2251 1483/2214
f 2350/3087 2344/3022 1487/2809
f 4964/3158 3657/3157 214/3159
f 2501/2876 5054/3033 3278/2954
f 2202/2010 3421/1825 2455/3045
f 2461/3034 2501/2876 1427/2821
f 630/1712 5548/1713 2493/2349
f 1471/3119 472/2952 1999/2950
f 1485/3164 2868/3161 3482/3163
f 2322/3085 2326/3165 704/2933
f 3440/3166 1386/2434 3196/3167
f 3196/3167 1386/2434 2853/2815
f 4712/2550 5521/2562 2639/3169
f 3017/3173 4624/3170 3971/3172
f 3971/3172 5604/3174 3017/3173
f 922/1192 2833/3176 3671/3177
f 2561/3179 1096/3178 1316/1279
f 5414/2234 1257/2232 5403/3180
f 2775/3181 5978/1254 1282/3182
f 2370/3184 1100/3183 2385/3185
f 3050/3187 602/3186 615/3188
f 459/3190 602/3186 3050/3187
f 2039/3193 2231/2929 3910/3192
f 2459/2818 1427/2821 1480/2820
f 2459/2818 2461/3034 1427/2821
f 2350/3087 1487/2809 6073/3146
f 1135/1787 1990/3194 1132/1786
f 2350/3087 6073/3146 2457/3086
f 1426/2810 3646/3195 2202/1864
f 1096/3178 2561/3179 648/3196
f 3645/3025 3427/2806 3639/3023
f 3646/3195 1426/2810 3410/3197
f 6082/3199 5307/3198 3717/3200
f 5361/3202 2046/3201 2593/3203
f 5337/3207 3382/3204 5460/3206
f 3701/2215 3685/2978 2503/2996
f 2805/3027 1446/3028 5836/3210
f 3171/2103 3662/2212 3647/3211
f 3271/3213 6057/3212 2906/3214
f 3410/3197 3409/2804 3386/2805
f 2824/2604 697/3143 1433/3144
f 687/3054 1469/3089 691/3053
f 3394/2245 3495/2102 3171/2103
f 3680/2256 4283/2257 3431/3216
f 2131/3218 6037/3217 179/3219
f 4792/3220 6037/3217 2131/3218
f 3581/3222 3469/3221 1546/3084
f 3450/3226 2158/3223 5255/3225
f 3431/3216 3402/3227 3680/2256
f 1729/3229 3433/3228 3431/3216
f 5465/3231 5586/3230 5466/2914
f 1518/3232 198/3082 291/3233
f 1729/3229 3646/3195 3410/3197
f 3281/3235 2554/3234 4820/225
f 3662/2212 2319/2213 498/3236
f 1671/1872 1417/2870 1704/2967
f 3210/3237 1302/2319 3453/2303
f 3402/3227 3653/2281 3680/2256
f 3431/3216 3388/3239 3402/3227
f 17/1474 651/1475 106/3240
f 5588/280 5511/185 5577/1677
f 2320/3242 1496/2652 521/3243
f 521/3243 1496/2652 3323/3244
f 2231/2283 3428/2282 1630/3245
f 1630/3246 3910/3192 2231/2929
f 2326/3165 4808/3247 704/2933
f 5477/2162 1287/285 5417/1636
f 1962/3038 5171/1644 5189/2249
f 5566/2356 4808/3247 2326/3165
f 2326/3165 332/3248 5566/2356
f 2491/3121 973/3120 974/3249
f 3813/3251 3744/3250 1740/3252
f 1740/3252 3812/1057 3813/3251
f 1740/3252 4870/3253 3812/1057
f 1740/3252 4076/3255 4870/3253
f 4076/3255 1740/3252 3739/3256
f 3744/3250 3739/3256 1740/3252
f 3739/3256 3835/3257 4076/3255
f 3188/547 2309/281 4835/492
f 4870/3254 4066/3258 3812/1060
f 4066/3258 4080/3260 3812/1060
f 3739/3256 3819/3262 3835/3257
f 4108/1240 3973/1242 3790/1234
f 3973/1242 4131/3263 3790/1234
f 1741/3265 4516/3264 3199/1336
f 1741/3265 4292/3267 4516/3264
f 3199/3266 3523/1374 1741/3268
f 4292/3267 1741/3265 3393/3269
f 3523/1374 3393/3270 1741/3268
f 3523/3271 2836/1379 3393/3272
f 2836/1379 3704/3273 3393/3272
f 4340/3276 1938/3275 1937/3277
f 2331/683 4907/230 1699/659
f 12/268 2332/231 5597/232
f 1468/3278 1502/3118 3513/2744
f 2341/282 4835/492 2309/281
f 3910/3042 3645/3025 1648/3076
f 5730/1232 2248/684 5158/617
f 1937/3277 3479/3280 4340/3276
f 5056/3283 3518/3282 5227/1831
f 5084/1745 1432/1746 5997/2492
f 1432/1746 1334/1747 1298/2399
f 3431/3216 3433/3228 3388/3239
f 5623/3284 3640/2545 2466/1761
f 3650/2217 3701/2215 3637/3156
f 2415/2416 5222/2415 5227/1831
f 5135/2691 1196/3285 2338/3287
f 624/425 5134/423 635/669
f 2727/3124 451/1921 3534/3288
f 1112/3289 3469/3221 687/3054
f 1710/2948 1541/3062 5056/3283
f 1623/3290 1518/3232 3631/2849
f 2235/1850 2591/1848 2593/3203
f 3760/3292 4937/3291 4319/3293
f 2722/500 2982/3294 2912/502
f 3314/3298 3391/3295 3394/3297
f 3637/3156 1483/2214 3650/2217
f 974/3249 975/3300 2491/3121
f 5715/1762 1120/1742 1584/1729
f 2412/3304 2413/3301 2418/3303
f 2819/3309 5061/3306 3076/3308
f 3028/2335 5141/3310 2686/1869
f 3256/3312 2432/3311 2422/3313
f 4283/2257 1729/3229 3431/3216
f 5997/2492 1432/1746 1384/2494
f 3357/2528 2853/2815 3337/2529
f 5860/1721 4708/477 5560/475
f 3327/3317 3105/3316 2402/3318
f 5303/3320 3437/3319 4517/2666
f 2491/3121 975/3300 976/1155
f 874/3322 978/3321 3366/2247
f 3103/3323 2402/3318 3105/3316
f 3366/2247 978/3321 4785/2945
f 178/3325 665/3324 70/3326
f 941/2233 980/3327 3355/2224
f 3277/1685 3098/3328 3327/3317
f 5227/1831 1529/1829 2963/3329
f 3337/2527 3277/1685 3327/3317
f 3513/2744 3507/2745 5658/3330
f 5936/3026 1637/3333 5915/3334
f 3355/2224 980/3327 3354/3335
f 4298/3337 4364/1499 3458/3338
f 4050/3340 3936/3339 3784/3341
f 3784/3341 3899/3343 4050/3340
f 3784/3341 3765/3344 3899/3343
f 5043/2723 656/2812 1313/2439
f 2717/3347 3485/3346 1932/3348
f 979/3350 982/3349 3354/3335
f 5020/3352 5019/3351 1346/3353
f 3354/3335 982/3349 2109/752
f 2399/3357 983/876 986/3356
f 2414/3359 985/3358 984/3360
f 8/3363 2489/3362 2485/3364
f 2399/3357 986/3356 1870/3365
f 2475/3368 2471/3367 1712/3369
f 1541/3062 1535/2931 2457/3086
f 2004/2953 291/3233 1454/3370
f 5056/3283 5115/2947 1710/2948
f 1541/3062 2457/3086 6073/3146
f 374/325 4009/348 4007/327
f 1643/1849 1543/3371 5238/3372
f 1543/3371 5310/3373 5238/3372
f 2375/2844 5061/3374 3362/3069
f 2484/3375 2485/3364 2489/3362
f 3132/3377 3249/3376 1564/2850
f 4348/3379 4429/3378 3841/3380
f 2499/3382 2495/3381 2539/3383
f 2614/3385 1548/1911 1469/3089
f 4333/3133 5109/3386 3058/3387
f 3841/3380 4363/3388 4348/3379
f 4819/3134 4898/3389 5578/3390
f 4205/3392 4124/3391 4123/3393
f 4123/3393 4198/3394 4205/3392
f 3928/118 4937/3291 534/3395
f 4144/3397 4154/3396 4225/3398
f 4225/3398 4412/626 4144/3397
f 4154/3396 4164/3399 4225/3398
f 4154/3396 4145/3400 4164/3399
f 4412/626 4356/3401 4144/3397
f 1870/3403 986/3366 1860/3402
f 3002/1564 989/3404 573/1565
f 1960/3406 3463/3405 2397/3407
f 198/3082 1454/3370 291/3233
f 3108/1078 990/1080 4013/3408
f 2549/3410 1549/3409 2734/3411
f 2319/2213 3173/2251 3649/3412
f 2694/3416 2791/3413 2900/3415
f 4013/3408 990/1080 3918/3417
f 811/3420 991/3418 3333/3419
f 2319/2213 3649/3412 3374/3422
f 3333/3419 991/3418 995/3424
f 3804/3425 3807/358 2530/359
f 3108/1078 993/3426 992/3427
f 1911/3429 2739/3428 2667/3430
f 2739/3428 1908/3431 1907/3432
f 3917/3434 1086/3433 4011/3435
f 391/3438 994/3436 2786/3437
f 5967/3439 5858/3000 5870/2321
f 1557/2900 5044/2925 1435/3440
f 678/3052 1560/2839 752/3070
f 1140/3441 3442/2639 2750/3442
f 2786/3437 994/3436 1801/3444
f 2531/1810 2550/3446 2563/3447
f 3333/3419 995/3424 1802/3448
f 1802/3452 995/3449 996/3451
f 1802/3452 996/3451 1799/3453
f 2027/3455 5195/3454 6082/3199
f 5061/3306 3365/3456 3425/3457
f 1799/3453 996/3451 999/3458
f 2792/466 1906/3459 1905/3460
f 2544/3462 4781/3461 662/3463
f 5061/3374 2375/2844 3094/2969
f 2786/3466 998/3465 997/3467
f 1799/3453 999/3458 1797/3469
f 708/1160 1000/3470 2816/3471
f 4143/3473 1901/3472 1900/3474
f 4057/3476 4435/3475 3987/730
f 4435/3475 4407/3477 3987/730
f 4057/3476 3992/3478 4435/3475
f 3992/3478 4152/3479 4435/3475
f 4152/3479 4065/3480 4435/3475
f 2816/3471 1000/3470 1001/3481
f 2544/3462 1225/3482 1117/3483
f 2495/3381 2499/3382 2482/3485
f 1564/2850 3249/3376 3248/3486
f 5944/3488 1571/3487 5962/3489
f 569/3490 2550/3446 622/3491
f 2816/3471 1001/3481 1794/3492
f 4214/3494 3859/3493 1899/3495
f 4214/3494 4242/3496 3859/3493
f 1794/3492 1001/3481 2316/3497
f 4342/801 1002/800 1003/3498
f 4342/801 1003/3498 1791/3499
f 1791/3499 1003/3498 1006/3500
f 3248/3486 5061/3306 3094/3464
f 2615/3502 1005/3501 1004/3503
f 3204/3505 3209/3504 698/3506
f 1791/3499 1006/3500 1790/3507
f 1993/1121 1008/3508 2216/3509
f 2216/3509 1008/3508 1007/1413
f 2387/1544 1892/3510 1891/844
f 3002/1564 1009/1566 1010/3511
f 3911/918 1010/3511 23/919
f 3005/209 1011/3512 416/210
f 2278/1218 1012/1219 4038/3513
f 2360/930 1013/933 2276/3514
f 2276/3514 1013/933 1014/3515
f 2094/3519 1751/3516 1887/3518
f 1749/3521 3559/1466 3608/3522
f 3559/1466 1749/3521 1750/3524
f 1751/3525 1750/3524 1749/3521
f 1750/3524 2678/1580 3559/1466
f 1750/3524 1753/3527 2678/1580
f 1753/3527 1750/3524 1752/3528
f 1751/3525 1752/3528 1750/3524
f 1752/3528 1751/3525 4273/3529
f 2276/3514 1014/3515 4138/3530
f 1753/3527 1752/3528 4503/3531
f 4273/3529 4503/3531 1752/3528
f 2678/1580 1753/3527 2559/1287
f 4503/3531 2559/1287 1753/3527
f 4138/3530 1014/3515 1015/3532
f 2337/3534 251/3533 3365/3456
f 4138/3530 1015/3532 1787/3535
f 1787/3535 1015/3532 1016/3536
f 1787/3535 1016/3536 1017/3537
f 1787/3535 1017/3537 4241/3538
f 2094/3517 4273/3529 1751/3525
f 1890/3540 1751/3516 1749/3526
f 4241/3538 1017/3537 1018/3541
f 2046/3201 5361/3202 5604/3175
f 5354/3542 3437/3319 5303/3320
f 3556/3544 2971/3543 5266/2611
f 5231/2629 5044/2925 5211/2926
f 1887/3520 2128/2966 2094/3517
f 5211/2926 4507/3545 5231/2629
f 4241/3538 1018/3541 1020/3546
f 4241/3538 1020/3546 1022/3547
f 3365/3456 5147/3548 2337/3534
f 3245/548 5861/2664 5556/2851
f 5016/2188 1608/3549 4694/3550
f 3362/3069 3649/3412 3173/2251
f 2342/2932 1601/3024 2350/3087
f 5147/3548 3248/3486 2337/3534
f 4241/3538 1022/3547 3883/3551
f 1422/2499 1585/2852 1943/2063
f 3883/3554 1022/3552 4239/1506
f 3144/1422 1024/3555 1023/3556
f 4097/3558 1025/3557 1024/3555
f 1083/3561 1026/3559 1784/3560
f 1784/3560 1026/3559 1785/3562
f 1943/2063 1585/2852 5934/476
f 4757/3563 1619/2655 5824/3564
f 2135/3565 1593/1934 5989/3566
f 2949/1154 1027/1156 1028/3567
f 3785/3569 1028/3568 103/220
f 4545/1510 1029/1512 4311/3570
f 3440/3166 3262/2436 1386/2434
f 4311/3570 1029/1512 1031/3572
f 3979/3574 1879/3573 1878/3575
f 1878/3576 3625/3577 3979/3578
f 3979/3574 3840/3579 3620/3580
f 3625/3577 3787/3582 3979/3578
f 1757/3584 3996/3583 4409/3585
f 4409/3585 2739/3428 1757/3584
f 3996/3583 1757/3584 2792/466
f 2739/3428 2792/466 1757/3584
f 4311/3570 1031/3572 1783/3586
f 1783/3586 1031/3572 2507/2298
f 5989/3566 1593/1934 1597/1935
f 5989/3566 1597/1935 2872/3587
f 251/3533 700/3588 3365/3456
f 128/3590 1371/3589 709/3591
f 2276/3514 1032/3592 2360/930
f 2360/930 1032/3592 1033/931
f 1983/1085 1034/3593 2060/3594
f 2060/3594 1034/3593 1036/3595
f 2119/3597 1875/3596 1805/3598
f 2119/3600 1805/3599 1796/975
f 2060/3594 1036/3595 1782/3601
f 1782/3601 1036/3595 2815/1158
f 3328/1408 1037/3602 89/1409
f 2333/3604 1041/3603 1039/3605
f 79/203 1042/3606 3758/3607
f 1759/3609 4349/3608 3458/3338
f 3758/3607 1042/3606 1780/3610
f 1759/3609 1760/3611 4329/3612
f 3458/3338 1760/3611 1759/3609
f 2670/489 1044/3613 1043/3614
f 3458/3338 2134/1890 1760/3611
f 4329/3612 4349/3608 1759/3609
f 3159/3617 1249/3616 1615/3618
f 3376/2620 1564/2850 3248/3486
f 4329/3612 1760/3611 4312/3620
f 2134/1890 4312/3620 1760/3611
f 1758/3624 1046/3622 2406/3623
f 1249/3616 4560/3626 1615/3618
f 3196/3167 3357/2528 700/3627
f 2406/3623 1046/3622 1044/3613
f 4017/3629 4313/3628 4447/3630
f 2119/3600 1795/3632 1779/3633
f 2836/1378 1048/1380 3704/3635
f 3704/3274 1048/3636 3393/3269
f 3218/1363 1049/3637 2417/3638
f 2417/3638 1049/3637 1050/3639
f 2417/3638 1050/3639 1051/1197
f 2496/678 1054/3640 1053/679
f 4343/1463 1055/1464 4334/3641
f 2974/3643 1056/1036 1058/3642
f 2974/3643 1058/3642 4002/3644
f 4002/3644 1058/3642 2892/1211
f 3899/3343 1061/3645 2293/904
f 3506/2730 2018/3647 3505/3648
f 2293/906 1061/3646 1060/3649
f 2293/904 1062/907 3234/3650
f 3645/3025 1601/3024 4969/2930
f 2929/3652 3561/3651 432/3653
f 3234/3650 1062/907 1064/3654
f 2406/3625 1761/869 1758/3655
f 3235/661 1063/3656 640/662
f 3234/3650 1064/3654 1063/3656
f 2157/2593 1065/3657 2729/3658
f 2729/3661 1065/3659 1066/3660
f 4058/3665 4102/3662 4130/3664
f 4130/3664 3815/950 4058/3665
f 2141/968 1066/3660 958/3666
f 3178/1104 1755/3667 1754/1106
f 3417/1585 1067/1587 3488/3668
f 3488/3668 1067/1587 1068/3670
f 2508/642 1070/644 4359/3671
f 4359/3673 1070/3672 4411/1456
f 4608/3676 1071/3675 668/3677
f 1718/1756 4551/2071 4194/3679
f 2780/606 1073/620 3302/3680
f 3302/3683 1073/3681 4643/3682
f 1762/3685 1748/3684 1747/3686
f 2165/3688 1074/3687 2840/3689
f 1764/3692 1762/3685 1763/3693
f 3566/3694 1763/3693 1762/3685
f 3566/3694 1767/3695 1763/3693
f 1764/3692 1763/3693 1765/3696
f 1763/3693 1767/3695 4243/1367
f 1765/3696 1766/3697 1764/3692
f 1766/3697 4056/3698 1764/3692
f 1747/3686 3566/3694 1762/3685
f 2840/3691 1074/3690 1075/3699
f 4243/1367 1765/3696 1763/3693
f 1766/3697 1765/3696 4371/3700
f 4243/1367 4371/3700 1765/3696
f 4056/3698 1766/3697 4055/3701
f 4371/3700 4055/3701 1766/3697
f 2840/3691 1075/3699 1076/655
f 4969/2930 1601/3024 2342/2932
f 2582/490 1080/511 2162/3702
f 2578/1808 2759/3703 2531/1810
f 4243/1367 1744/3704 1743/1368
f 2162/3702 1080/511 1081/3705
f 2673/3706 1081/3705 1078/528
f 2769/986 1082/987 1083/3561
f 3794/3708 1085/3707 4655/3709
f 4655/3709 1085/3707 1110/3710
f 692/2970 2320/3242 3094/3464
f 2320/3242 3477/3711 3094/3464
f 4655/3709 1110/3710 1121/3712
f 4655/3709 1121/3712 1143/3713
f 4091/1165 1130/3714 314/1166
f 4655/3709 1143/3713 3265/3715
f 3265/3715 1143/3713 3797/3716
f 4991/774 1603/3717 5772/773
f 5477/3718 5780/2287 6074/3719
f 3954/3722 1553/3721 1547/3723
f 3954/3722 4030/3724 2450/790
f 1547/3723 3896/3725 3954/3722
f 2090/1614 1144/1633 1534/3726
f 4023/3729 1768/3728 2811/3730
f 1768/3728 2090/3731 2811/3730
f 2090/3731 1537/3732 2811/3730
f 1768/3728 1769/3733 2090/3731
f 1769/3733 1768/3728 4490/3734
f 4023/3729 4490/3734 1768/3728
f 2811/3730 1537/3732 1540/3735
f 3341/1094 1542/3736 329/1095
f 1769/3733 2128/2966 2090/3731
f 3896/3725 1547/3723 1542/3736
f 4490/3734 2128/2966 1769/3733
f 2320/3242 692/2970 3092/2654
f 2550/3446 2512/3737 534/3395
f 3268/3739 1605/3738 3624/3740
f 3093/3741 2811/3730 1540/3735
f 389/3743 1553/3721 2450/790
f 2450/790 1553/3721 3954/3722
f 2509/3746 3024/1325 3866/3744
f 3866/3744 2419/3747 2509/3746
f 4587/3750 2349/3749 4618/3751
f 3624/3740 1605/3738 1629/3752
f 399/3756 1586/3753 3566/3754
f 3566/3694 1586/3755 1742/3757
f 2926/638 4036/3758 4046/3759
f 4036/3758 4424/3760 4046/3759
f 4424/3760 4177/3761 4046/3759
f 4046/3759 3086/3762 2926/638
f 5133/3763 5658/3332 5536/3764
f 1770/3766 1771/3765 3265/3715
f 1770/3766 1772/3767 1771/3765
f 1772/3767 1770/3766 4208/3768
f 3797/3716 4208/3768 1770/3766
f 3265/3715 3797/3716 1770/3766
f 1771/3765 3794/3708 3265/3715
f 3794/3708 1771/3765 4126/1476
f 1772/3767 4126/1476 1771/3765
f 3797/3716 1143/3713 1130/3714
f 3566/3694 1742/3757 1744/3704
f 3566/3694 1744/3704 1767/3695
f 5713/3770 2271/3769 2542/3771
f 1767/3695 1744/3704 4243/1367
f 2108/985 1745/984 4056/3698
f 198/3082 2256/3047 4426/2489
f 4056/3698 1745/984 1748/3684
f 3566/3694 1747/3686 1746/3772
f 4056/3698 1748/3684 1764/3692
f 5345/2530 1311/2422 3237/1875
f 1772/3767 4207/3774 4126/1476
f 4207/3774 1772/3767 4206/3775
f 4208/3768 4206/3775 1772/3767
f 1764/3692 1748/3684 1762/3685
f 1311/2422 1989/2532 1491/2386
f 4148/3777 1756/3776 3178/3778
f 5825/3780 1334/1747 5084/1745
f 2627/3782 1612/3781 1454/3370
f 2514/3786 2513/3783 414/3785
f 3781/3788 3849/3787 4218/3789
f 3781/3788 4111/3790 3849/3787
f 3781/3788 4134/3791 4111/3790
f 3781/3788 4118/3792 4134/3791
f 1312/3794 3088/3793 3961/3795
f 32/3798 5973/3797 179/3219
f 5854/3799 1405/1081 2405/3800
f 3178/1104 1756/3779 1755/3667
f 2506/863 1761/869 2406/3625
f 679/3802 1773/3801 2108/978
f 2108/978 1773/3801 1776/980
f 2141/972 1778/971 4014/3803
f 4014/3803 1778/971 1795/3632
f 4014/3803 1795/3632 4384/974
f 1081/3705 2673/3706 2162/3702
f 1936/3805 2780/606 3479/3806
f 4384/974 1795/3632 2119/3600
f 1779/3634 1876/3808 2119/3597
f 2140/2822 2039/3154 1427/2821
f 2119/3597 1876/3808 1875/3596
f 1983/1085 1877/3810 609/3811
f 3625/3577 1878/3576 1877/3810
f 606/1520 1879/3812 3620/1519
f 5887/3814 5948/3813 1571/3487
f 1090/3815 3717/3200 5307/3198
f 3620/3580 1879/3573 3979/3574
f 1112/3289 2612/3055 1518/3232
f 1181/1966 1472/1723 2962/3816
f 3501/3818 4720/3817 4847/3020
f 2134/1927 1880/1926 1881/1111
f 844/3821 1884/3819 3608/3820
f 1774/3823 1775/3822 2780/606
f 2780/606 3302/3680 1774/3823
f 3302/3683 4643/3682 4296/3824
f 4296/3824 1774/3825 3302/3683
f 3608/3820 1884/3819 1883/3826
f 4296/3824 4515/3828 1774/3825
f 1775/3822 4411/3674 2780/606
f 4515/3829 1775/3822 1774/3823
f 4411/3674 1775/3822 4370/3831
f 4515/3829 4370/3831 1775/3822
f 4515/3829 4083/3832 4370/3831
f 4370/3831 4359/3671 4411/3674
f 4643/3682 1073/3681 1071/3675
f 4411/3830 4096/3833 2780/3834
f 4411/1456 1070/3672 1069/1457
f 251/3533 504/3836 700/3588
f 700/3627 3357/2528 3327/2526
f 1890/3540 1885/3837 1751/3516
f 4669/3839 3256/3838 1347/3840
f 5226/2423 2518/2634 2415/2414
f 5196/3842 1692/3841 5036/3843
f 612/3844 1629/3752 4603/2869
f 1629/3752 2568/3845 1300/2854
f 1751/3516 1885/3837 1886/3846
f 1751/3516 1886/3846 1887/3518
f 2128/2966 1887/3520 1882/3847
f 2525/3848 1630/3245 3428/2282
f 1630/3245 1702/3043 3910/3042
f 1883/3827 1888/3849 3608/3523
f 504/3836 251/3533 2337/3534
f 5159/2833 1269/3850 4259/3851
f 1269/3850 1545/3852 4259/3851
f 3332/3854 695/3853 3376/2620
f 3608/3523 1888/3849 1889/3855
f 3608/3523 1889/3855 1749/3526
f 3332/3854 3477/3711 3288/3856
f 2344/3022 2350/3087 1601/3024
f 4211/3858 4233/3857 4109/3859
f 4109/3859 4227/3860 4211/3858
f 5384/2087 5476/2267 5039/2086
f 1749/3526 1889/3855 1890/3540
f 1496/2652 2320/3242 3092/2654
f 3248/3486 3249/3376 504/3836
f 3094/3464 3477/3711 2335/3861
f 2387/1544 1893/1545 1892/3510
f 3884/3863 1894/3862 3449/1090
f 3449/1090 1894/3862 1895/1091
f 2507/2298 1897/3864 2519/3865
f 2519/3865 1897/3864 1896/3866
f 793/1352 1898/3867 3859/3493
f 3859/3493 1898/3867 1899/3495
f 1634/1853 2987/1828 4884/2879
f 2108/978 1900/3474 679/3802
f 4214/3494 1901/3472 4113/3868
f 1344/1209 5730/1232 5158/617
f 4113/3868 1901/3472 4143/3473
f 2293/906 1060/3649 1059/3869
f 2783/1594 1902/3870 727/64
f 4334/3641 3892/3871 1777/3872
f 1777/3872 2892/1211 4334/3641
f 2892/1211 1777/3872 4002/3644
f 3892/3871 4002/3644 1777/3872
f 2131/3218 2445/3873 47/2648
f 2892/1211 1058/3642 1057/3874
f 890/1597 1904/3875 2066/1596
f 4002/3644 3761/3876 2974/3643
f 2892/1211 4343/1463 4334/3641
f 4002/3644 3913/335 3761/3876
f 4334/3641 1055/1464 1054/3640
f 1054/3640 2496/678 4334/3641
f 2496/678 3977/1469 4334/3641
f 2987/1828 1634/1853 1176/1851
f 4426/2489 2256/3047 453/2491
f 2066/1596 1904/3875 1902/3870
f 267/3882 3312/3880 5212/191
f 714/3884 1636/3883 1323/3885
f 1324/1782 1636/1778 2374/3886
f 1907/3432 1906/3459 2739/3428
f 1574/3888 3141/3887 2651/3889
f 2739/3428 1906/3459 2792/466
f 1950/3891 1909/3890 2667/3430
f 2667/3430 1909/3890 1911/3429
f 2739/3428 1911/3429 1908/3431
f 2674/1283 1913/1290 1926/3892
f 2591/1848 1643/1849 5238/3372
f 2674/1283 1926/3892 1927/3893
f 1543/3371 1643/1849 1733/2871
f 3376/2620 2335/3861 3332/3854
f 2674/1283 1927/3893 3485/3346
f 3485/3346 1927/3893 1928/3894
f 3485/3346 1928/3894 1931/3895
f 3485/3346 1931/3895 1932/3348
f 4019/1348 1933/3896 2096/3897
f 2096/999 1933/3898 1935/1589
f 2780/606 1936/3805 1077/607
f 500/3900 1646/3899 2542/3771
f 3479/3280 1937/3277 1936/3901
f 918/1593 1938/3902 2034/3903
f 1648/3076 4969/2930 1413/2819
f 4969/2930 1648/3076 3645/3025
f 3961/3795 3088/3793 3291/3904
f 2034/3906 1938/3275 4340/3276
f 3134/3908 1659/3907 4560/3626
f 2197/183 1939/3909 936/184
f 3393/3269 1048/3636 1047/1284
f 2199/1582 1942/2208 1939/3909
f 1659/3907 3170/3910 3080/3911
f 863/1502 1948/3912 3458/3338
f 3687/3913 5229/1765 4476/1763
f 4135/3915 4095/3914 4874/3916
f 4095/1480 4179/3917 4874/3918
f 4652/3920 4898/3389 4819/3134
f 4874/3916 3854/3921 4135/3915
f 3854/3921 4155/1269 4135/3915
f 3854/3923 4185/3924 4155/1266
f 4216/3926 4223/3925 4176/3927
f 4176/3927 2321/881 4216/3926
f 3323/3929 3236/3928 3297/3930
f 3458/3338 1948/3912 1954/3932
f 1044/3613 2670/489 2406/3623
f 3937/3935 3957/3934 4051/3936
f 3957/3934 4028/3938 4051/3936
f 4075/3941 4079/3940 3984/3942
f 3984/3942 3980/3944 4075/3941
f 4079/3943 2433/3945 3984/837
f 5932/1893 2435/1894 5863/3946
f 4079/3940 2408/1533 2433/1536
f 1932/3348 1949/3947 2717/3347
f 2717/3347 1949/3947 1950/3891
f 3458/3338 1954/3932 1958/1892
f 4004/1308 1964/1311 2692/3948
f 3322/3950 3323/3244 3297/3931
f 2274/829 2440/810 4121/3951
f 1245/3952 4665/2760 240/3953
f 5266/2611 2971/3543 1158/1928
f 1780/3610 3837/3954 3758/3607
f 1780/3610 1042/3606 1041/3603
f 2111/3955 2635/2159 1241/1717
f 3837/3954 1780/3610 2333/3604
f 1041/3603 2333/3604 1780/3610
f 2333/3604 1039/3605 1038/3957
f 3440/3571 3196/3168 3132/3377
f 2333/3604 1038/3957 1037/3602
f 3298/3958 3297/3930 3236/3928
f 2692/615 1964/3949 1965/614
f 2048/3961 1967/3959 4421/3960
f 4421/3960 1967/3959 1968/3962
f 4122/3963 1968/3962 1966/3964
f 2407/2682 2133/2762 2680/2166
f 2815/1158 3982/3965 1781/3966
f 2815/1158 1781/3966 1782/3601
f 2815/1158 1036/3595 1035/3967
f 3982/3965 1782/3601 1781/3966
f 4679/3969 1971/3968 4538/3970
f 2060/3594 1782/3601 4398/3971
f 3982/3965 4398/3971 1782/3601
f 4398/3971 3925/3972 2060/3594
f 4538/3970 1971/3968 1972/3973
f 2680/2166 2133/2762 4665/2760
f 2019/3976 1974/3974 4010/3975
f 1603/3717 5863/3946 2435/1894
f 4010/3975 1974/3974 1975/3977
f 1312/3980 4191/3978 3298/3958
f 3852/3981 1975/3977 1973/3982
f 1973/3982 1976/3983 3852/3981
f 5229/1765 3687/3913 1545/3852
f 572/3984 2566/2904 501/2880
f 3852/3981 1976/3983 1977/3985
f 4679/3969 1977/3985 1970/3986
f 1972/3973 1978/3987 4539/3988
f 4825/597 4197/3989 4163/3990
f 4022/3991 2519/3865 2167/205
f 2167/205 4483/3992 4022/3991
f 4539/3988 1978/3987 1979/3993
f 4022/3991 2507/2298 2519/3865
f 4022/3991 1783/3586 2507/2298
f 4022/3991 4311/3570 1783/3586
f 4591/3995 4902/3994 4199/3996
f 3929/487 5068/485 666/120
f 3875/3997 4545/1510 4311/3570
f 3875/3997 3885/3998 4545/1510
f 3875/3997 4663/3999 3885/3998
f 2507/2298 1031/3572 1030/2299
f 3929/487 4008/4000 4446/486
f 2412/3302 3935/4002 664/4003
f 1979/3993 1980/4004 4570/4005
f 666/120 3928/118 3929/487
f 2167/205 4503/3531 4483/3992
f 2167/205 2559/1287 4503/3531
f 4663/3999 3836/4006 3885/3998
f 3836/4006 3888/4007 3885/3998
f 3836/4006 3876/4008 3888/4007
f 2611/4012 3779/4010 3770/4011
f 4922/4015 4923/4014 4231/4016
f 4570/4005 1980/4004 1985/4017
f 5334/706 4196/4018 4923/4014
f 1785/3562 4153/4019 1784/3560
f 1785/3562 1026/3559 1025/3557
f 3974/4021 2821/4020 145/4022
f 4542/4025 4918/4024 4246/2798
f 1025/3557 4097/3558 1785/3562
f 4153/4019 1785/3562 3880/4026
f 4097/3558 3880/4026 1785/3562
f 2105/4028 3788/4027 4280/4029
f 1024/3555 3144/1422 4097/3558
f 4570/4005 1985/4017 4150/4030
f 572/3984 1673/4032 537/2892
f 4150/4034 1985/4031 1998/4033
f 4038/3513 4419/4035 1786/4036
f 1786/4036 3123/1217 4038/3513
f 1786/4037 4239/1506 3123/4038
f 4239/1506 1786/4037 3883/3554
f 4419/4035 3883/3553 1786/4036
f 4239/1506 1022/3552 1021/4039
f 4558/4041 2012/4040 2006/4042
f 1966/3964 2013/4043 4122/3963
f 4122/3963 2013/4043 2019/3976
f 2030/4046 2022/4044 4110/4045
f 4110/4045 2022/4044 2023/4047
f 4241/3539 4878/4048 1787/4050
f 4878/4048 4114/4051 1787/4050
f 4114/4053 4138/3530 1787/3535
f 4110/4045 2023/4047 4361/4055
f 4361/4055 2023/4047 2029/4056
f 2002/4058 2031/4057 4558/4041
f 4138/3530 4106/4059 2276/3514
f 3123/1217 2278/1218 4038/3513
f 4038/3513 1012/1219 1011/3512
f 3883/3553 3953/4061 4241/4062
f 4548/4063 3170/3910 1396/1846
f 4558/4041 2031/4057 2036/4064
f 2038/4067 2032/4065 4189/4066
f 3619/2437 2640/301 3562/2574
f 4189/4066 2032/4065 2035/4068
f 4558/4041 2036/4064 4258/4069
f 4258/4069 2036/4064 2038/4067
f 6123/1008 4909/3136 5903/4070
f 2035/4068 2043/4071 3751/4072
f 3347/4075 3346/4073 4432/4074
f 3346/4073 3988/4077 4432/4074
f 3323/3244 1496/2652 1330/2653
f 4432/4076 3749/4079 3347/163
f 3749/4079 2252/4080 3347/163
f 3751/4072 2043/4071 2044/4082
f 3961/3796 3332/3854 3322/3950
f 3236/3928 895/4083 3298/3958
f 3751/4072 2044/4082 4284/4084
f 4284/4084 2044/4082 2048/3961
f 4551/2071 2050/4085 4110/4045
f 2053/4088 2051/4086 3736/4087
f 3736/4087 2051/4086 2052/4089
f 5556/2851 1422/2499 5866/2704
f 2191/4092 2056/4090 4297/4091
f 4297/4091 2056/4090 2057/4094
f 4297/4091 2057/4094 4496/4095
f 4272/4097 3974/4021 4406/4098
f 2004/2953 3426/4100 2616/4101
f 4828/3094 2923/1672 1443/4102
f 1467/4104 1730/1860 5839/1861
f 4496/4095 2057/4094 2058/4105
f 3297/3931 4191/4106 3961/3796
f 4505/4108 2061/4107 2059/4109
f 2203/4113 2063/4111 4255/4112
f 4255/4112 2063/4111 2064/4114
f 3730/4116 2067/4115 2065/4117
f 2085/4120 2068/4118 3829/4119
f 3829/4119 2068/4118 2070/4121
f 3829/4119 2070/4121 4352/4122
f 4352/4122 2070/4121 2071/4123
f 2209/4126 2072/4124 4330/4125
f 4330/4125 2072/4124 2073/4127
f 4122/3963 4231/4016 4175/4129
f 4175/4129 4443/4130 4122/3963
f 2059/4110 2074/4131 4505/4132
f 2306/4134 4592/4133 4160/4135
f 4505/4132 2074/4131 2243/4136
f 2305/4139 4462/4138 4592/4140
f 2071/4123 2075/4141 4365/4142
f 4462/4138 4252/4143 4592/4140
f 4365/4142 2075/4141 2077/4144
f 4462/4138 4463/4145 4252/4143
f 4462/4146 4466/4147 4463/4148
f 5667/3135 4652/3920 4819/3134
f 4592/4133 4449/4149 4160/4135
f 2136/4152 2079/4150 4169/4151
f 4449/4149 4307/4153 4160/4135
f 4466/4147 2302/4156 2301/4157
f 173/1208 17/1474 16/328
f 1403/4158 6003/1277 2390/1253
f 4598/4160 4464/4159 4400/4161
f 4400/4161 4195/839 4598/4160
f 4598/4160 4590/4162 4464/4159
f 4598/4160 4250/4163 4590/4162
f 4169/4151 2079/4150 2080/4164
f 1509/4166 2398/4165 1508/1144
f 5970/4168 2773/4167 5583/4169
f 1788/4174 4128/4170 4173/4172
f 4173/4172 1789/4175 1788/4174
f 4128/4173 1788/4171 2615/3502
f 1788/4174 1789/4175 1790/3507
f 1788/4171 1790/4176 2615/3502
f 4173/4172 4018/4177 1789/4175
f 1790/3507 1789/4175 1792/4178
f 4018/4177 1792/4178 1789/4175
f 1792/4178 1791/3499 1790/3507
f 2240/4181 2083/4179 4316/4180
f 1790/3507 1006/3500 1005/4182
f 1005/3501 2615/3502 1790/4176
f 1791/3499 1792/4178 4342/801
f 4316/4180 2083/4179 2238/4184
f 2065/4117 2091/4185 3730/4116
f 3730/4116 2091/4185 2093/4186
f 4018/4177 4015/4187 1792/4178
f 4738/4190 2092/4189 2088/4191
f 4015/4188 4342/4192 1792/4183
f 4173/4172 3832/4193 4018/4177
f 4173/4194 4879/4195 3832/4196
f 3832/4196 4879/4195 4228/4197
f 1793/4199 2164/823 3832/4196
f 3730/4116 2093/4186 2095/4201
f 4173/4194 3743/4202 4879/4195
f 4228/4198 1793/4203 3832/4200
f 2164/823 1793/4199 3783/4204
f 4228/4198 3783/4205 1793/4203
f 4285/4206 2095/4201 2092/4189
f 3280/4207 3298/3958 895/4083
f 2217/4210 2097/4208 4293/4209
f 1794/3492 2316/3497 2300/4211
f 1794/3492 2300/4211 2298/4212
f 2298/4212 3945/4213 1794/3492
f 4293/4209 2097/4208 2100/4214
f 3945/4213 2816/3471 1794/3492
f 3945/4213 2297/4215 2296/4216
f 2088/4191 2102/4217 4738/4190
f 4738/4190 2102/4217 2189/4218
f 2110/4222 2106/4220 4732/4221
f 4732/4221 2106/4220 2150/4223
f 4478/4225 2113/4224 2110/4222
f 4475/4227 2124/4226 2121/4228
f 4336/4230 2127/4229 2126/4231
f 1190/1995 1189/1919 1680/4232
f 252/4234 6104/4233 6106/4235
f 4571/4237 4381/4236 3996/3583
f 3996/3583 4263/4238 4571/4237
f 2154/4242 2129/4239 4465/4240
f 83/4243 179/3219 5973/3797
f 4465/4245 2129/4241 2132/4244
f 5014/4246 5839/1861 1715/4247
f 2301/4157 2143/4248 4466/4147
f 4466/4147 2143/4248 2192/4249
f 4732/4221 2150/4223 2153/4250
f 4732/4252 2153/4251 2154/4242
f 4430/4254 3940/4253 4309/4255
f 4309/4256 4034/4257 4430/4258
f 4309/4256 4369/4260 4034/4257
f 4309/4261 4382/4263 4369/4264
f 4309/4261 4033/4265 4382/4263
f 4033/4265 4527/4266 4382/4263
f 4033/4265 4317/4267 4527/4266
f 4309/4261 4104/4268 4033/4265
f 4104/4268 3921/4269 4033/4265
f 1797/3469 1798/4270 1800/4271
f 1800/4271 4674/4272 1797/3469
f 1797/3469 4674/4272 1803/4274
f 1803/4274 1799/3453 1797/3469
f 1803/4274 1802/3452 1799/3453
f 1797/3469 999/3458 998/3465
f 998/3465 2786/3466 1797/3469
f 5839/1861 5014/4246 1467/4104
f 1800/4273 4272/4097 4674/4275
f 2786/3466 1798/4270 1797/3469
f 3961/3796 3322/3950 3297/3931
f 4291/4277 2170/4276 2168/4278
f 2104/4281 2172/4279 4487/4280
f 4487/4280 2172/4279 2173/4282
f 1798/4270 2786/3466 1801/3445
f 1801/3445 1800/4271 1798/4270
f 4272/4097 1800/4273 4880/4284
f 1801/4283 4880/4284 1800/4273
f 1801/3444 994/3436 993/3426
f 993/3426 3108/1078 1801/3444
f 3108/1078 4013/3408 1801/3444
f 4880/4284 1801/4283 1804/4285
f 4013/3408 1804/4286 1801/3444
f 1803/4274 4324/4287 1802/3452
f 4741/4290 2176/4289 2174/4291
f 3333/3421 1802/3450 4303/4292
f 4324/4288 4303/4294 1802/4293
f 5036/3843 2439/4295 5196/3842
f 4324/4287 1803/4274 3906/4296
f 4674/4272 3906/4296 1803/4274
f 1804/4285 4328/4297 4880/4284
f 4328/4299 1804/4286 4408/4298
f 4013/3408 4408/4298 1804/4286
f 4013/3408 3918/3417 4408/4298
f 3918/3417 990/1080 989/3404
f 5417/1636 5245/4300 5407/1643
f 3108/1078 992/3427 988/4301
f 2950/4303 2687/4302 3167/4304
f 1694/3145 1477/1743 1122/1748
f 3108/1078 988/4301 987/1079
f 2055/4306 2177/4305 4741/4290
f 4741/4290 2177/4305 2178/4307
f 4741/4290 2178/4307 4345/4308
f 4345/4308 2178/4307 2180/4309
f 5871/4310 2537/1626 5683/4311
f 656/2812 5043/2723 5382/2085
f 1806/4314 1815/4313 1818/4315
f 1806/4314 1812/4316 1814/4317
f 1817/4319 1807/4318 1806/4314
f 1812/4316 1806/4314 1809/4320
f 1807/4318 1809/4320 1806/4314
f 1817/4319 1816/4321 1807/4318
f 1809/4320 1807/4318 1808/4322
f 1807/4318 1816/4321 1861/4323
f 1861/4323 1808/4322 1807/4318
f 1808/4322 1861/4323 1873/4324
f 1809/4320 1808/4322 1810/4325
f 3889/4326 1810/4325 1808/4322
f 1812/4316 1809/4320 1811/4327
f 1810/4325 1811/4327 1809/4320
f 1811/4327 1810/4325 1862/4328
f 1810/4325 3889/4326 4360/4329
f 1812/4316 1811/4327 1813/4330
f 1862/4328 1813/4330 1811/4327
f 1814/4317 1815/4313 1806/4314
f 1812/4316 1813/4330 1826/4331
f 1862/4328 3924/4332 1813/4330
f 1826/4331 1814/4317 1812/4316
f 3924/4332 1826/4331 1813/4330
f 1815/4313 1814/4317 1827/4333
f 1826/4331 1827/4333 1814/4317
f 1827/4333 1825/4334 1815/4313
f 1818/4315 1817/4319 1806/4314
f 1825/4334 1818/4315 1815/4313
f 1816/4321 1821/4335 1861/4323
f 1821/4335 1816/4321 1819/4337
f 1817/4319 1819/4337 1816/4321
f 1819/4337 1817/4319 1820/4338
f 1818/4315 1820/4338 1817/4319
f 1820/4338 1818/4315 1824/4339
f 1818/4315 1825/4334 1832/4340
f 1819/4337 1822/4341 1828/4342
f 1820/4338 1822/4341 1819/4337
f 1822/4341 1820/4338 1823/4343
f 1824/4339 1823/4343 1820/4338
f 1821/4336 1864/4344 1865/4345
f 1864/4344 1821/4336 1828/4346
f 1828/4342 1821/4335 1819/4337
f 1828/4342 1822/4341 1829/4347
f 1823/4343 1829/4347 1822/4341
f 1823/4343 1830/4348 1839/4349
f 1830/4348 1823/4343 1831/4350
f 1824/4339 1831/4350 1823/4343
f 1824/4339 1832/4340 1834/4351
f 1832/4340 1824/4339 1818/4315
f 1832/4340 1825/4334 1833/4352
f 1827/4333 1833/4352 1825/4334
f 1827/4333 1826/4331 4405/4353
f 3924/4332 4405/4353 1826/4331
f 1833/4352 1827/4333 3997/4354
f 4405/4353 3997/4354 1827/4333
f 1828/4346 1863/4356 2478/747
f 1863/4359 1828/4357 1838/4358
f 1829/4347 1838/4360 1828/4342
f 1829/4347 1839/4349 1840/4361
f 1839/4349 1829/4347 1823/4343
f 1830/4348 1837/4362 1845/4363
f 1831/4350 1837/4362 1830/4348
f 1837/4362 1831/4350 1834/4351
f 1834/4351 1831/4350 1824/4339
f 1834/4351 1832/4340 1835/4364
f 1833/4352 1835/4364 1832/4340
f 1833/4352 1854/4365 1855/4366
f 3997/4354 1854/4365 1833/4352
f 1834/4351 1836/4367 1846/4368
f 1835/4364 1836/4367 1834/4351
f 1835/4364 1855/4366 1842/4369
f 1855/4366 1835/4364 1833/4352
f 1842/4369 1836/4367 1835/4364
f 1843/4370 1837/4362 1834/4351
f 1836/4367 1842/4369 1846/4368
f 1841/4371 1839/4349 1830/4348
f 1837/4362 1843/4370 1845/4363
f 1838/4360 3354/3336 2109/3355
f 3358/2619 695/3853 3291/3905
f 1840/4361 1838/4360 1829/4347
f 1838/4360 1840/4361 3355/4373
f 1839/4349 1841/4371 1844/4374
f 3355/4373 3354/3336 1838/4360
f 2077/4144 2186/4375 4433/4376
f 1840/4361 1844/4374 3355/4373
f 1844/4374 1840/4361 1839/4349
f 1844/4374 1841/4371 1845/4363
f 1845/4363 1841/4371 1830/4348
f 1855/4366 1849/4378 1842/4369
f 1846/4368 1843/4370 1834/4351
f 1849/4378 1846/4368 1842/4369
f 1845/4363 1843/4370 1847/4379
f 1846/4368 1847/4379 1843/4370
f 5382/2085 5043/2723 5384/2087
f 4433/4381 2186/4377 2187/4380
f 244/1141 1688/1142 2465/4382
f 3355/4373 1844/4374 2155/4383
f 1844/4374 1845/4363 1851/4384
f 1844/4374 1851/4384 1859/4385
f 1845/4363 1847/4379 1852/4386
f 1847/4379 1846/4368 1848/4387
f 1846/4368 1849/4378 1856/4388
f 1852/4386 1851/4384 1845/4363
f 1847/4379 1848/4387 1853/4390
f 1853/4390 1852/4386 1847/4379
f 1848/4387 1850/4391 1858/4392
f 1850/4391 1848/4387 1846/4368
f 1856/4388 1850/4391 1846/4368
f 1849/4378 1855/4366 4264/4393
f 1856/4388 1857/4395 1850/4391
f 1858/4392 1853/4390 1848/4387
f 1857/4395 1858/4392 1850/4391
f 1859/4385 2155/4383 1844/4374
f 1851/4384 1860/3402 2403/4396
f 1852/4386 1860/3402 1851/4384
f 1860/3402 1852/4386 1867/4397
f 1853/4390 1867/4397 1852/4386
f 1867/4397 1853/4390 1869/4398
f 1858/4392 1869/4398 1853/4390
f 1855/4366 1854/4365 4264/4393
f 3997/4354 4264/4393 1854/4365
f 1866/4401 1856/4400 1849/4389
f 4264/4394 1866/4401 1849/4389
f 1857/4395 1856/4388 1871/4402
f 1866/4401 1871/4403 1856/4400
f 1858/4392 1857/4395 4702/4404
f 1871/4402 4702/4404 1857/4395
f 1869/4398 1858/4392 4489/4406
f 4702/4404 4489/4406 1858/4392
f 1859/4385 2392/1578 2155/4383
f 2392/1578 1859/4385 2403/4396
f 1859/4385 1851/4384 2403/4396
f 4389/4408 2187/4380 2185/4409
f 1860/3402 1867/4397 1870/3403
f 3916/4411 1861/4410 1821/4336
f 1873/4324 3889/4326 1808/4322
f 1861/4410 3916/4411 3946/4412
f 1862/4328 4360/4329 3924/4332
f 2080/4416 2188/4414 4469/4415
f 4360/4329 1862/4328 1810/4325
f 2109/4372 1863/4359 1838/4358
f 4469/4415 2188/4414 2222/4418
f 2109/752 2478/747 1863/4356
f 1865/4345 3916/4411 1821/4336
f 2387/1544 1864/4344 1828/4346
f 1828/4346 2478/747 2387/1544
f 1865/4419 1868/4420 3867/4421
f 2410/843 1865/4345 1864/4344
f 1864/4344 2387/1544 2410/843
f 1871/4403 1866/4401 1872/4423
f 4264/4394 1872/4423 1866/4401
f 1869/4398 1870/3403 1867/4397
f 2414/3359 2403/4396 1860/3402
f 1860/3402 986/3366 985/3358
f 2410/4422 1868/4420 1865/4419
f 3867/4421 3916/4427 1865/4419
f 3867/4421 1868/4420 2506/863
f 2410/4422 2506/863 1868/4420
f 1870/3403 1869/4398 3891/4428
f 1869/4398 4489/4406 4357/4430
f 985/3358 2414/3359 1860/3402
f 4738/4433 2189/4219 2190/4432
f 3891/4429 2399/3357 1870/3365
f 4702/4436 1871/4405 4322/4435
f 1872/4424 4322/4435 1871/4405
f 2109/752 982/3349 981/753
f 4322/4440 1872/4438 4306/4439
f 4264/4425 4306/4439 1872/4438
f 3946/4413 1873/4324 1861/4323
f 3889/4326 1873/4324 4418/4441
f 3946/4413 4418/4441 1873/4324
f 4360/4329 4528/4442 3924/4332
f 3891/4434 2351/922 2399/343
f 4738/4433 2190/4432 4297/4093
f 4297/4093 2190/4432 2191/4444
f 3354/3335 980/3327 979/3350
f 4785/2945 978/3321 977/1574
f 4466/4147 2192/4249 2194/4445
f 4466/4147 2194/4445 4488/4446
f 521/3243 3323/3244 3288/3856
f 4488/4449 2194/4447 2195/4448
f 2058/4105 2198/4450 4549/4451
f 4549/4454 2198/4452 2200/4453
f 4160/4456 2200/4455 2148/4457
f 2052/4089 2205/4458 3807/361
f 4194/3679 4558/4041 4258/4069
f 3807/361 2205/4458 2206/4459
f 2126/4231 2207/4460 4336/4230
f 2295/4462 4245/4461 4326/4463
f 4336/4230 2207/4460 2209/4126
f 2173/4282 2210/4465 4494/4466
f 4494/4466 2210/4465 2211/4467
f 4169/4151 2211/4467 2136/4152
f 2292/4469 4379/4468 4245/4461
f 2121/4228 2212/4470 4475/4227
f 4475/4227 2212/4470 2213/4471
f 2196/4474 2214/4472 4400/4161
f 4400/4476 2214/4473 2288/4475
f 2220/4479 2219/4477 4498/4478
f 4498/4478 2219/4477 4293/4209
f 4469/4415 2222/4418 4290/4480
f 2149/4483 2223/4481 4052/4482
f 4052/4482 2223/4481 2224/4484
f 4248/4487 4469/4415 1874/4486
f 1874/4486 4543/4488 4248/4487
f 4543/4488 1874/4486 4345/4308
f 4469/4415 4345/4308 1874/4486
f 4345/4308 4299/4490 4543/4488
f 4299/4490 4904/4491 4543/4488
f 4487/4280 2225/4492 2104/4281
f 3828/4494 2227/4493 2225/4492
f 2004/2953 1454/3370 3426/4100
f 4316/4180 2238/4184 4552/4495
f 4552/4495 2238/4184 2239/4496
f 4454/4498 2241/4497 2220/4479
f 4505/4500 2243/4137 2244/4499
f 2258/4504 2247/4502 4524/4503
f 4524/4503 2247/4502 2249/4505
f 4588/4507 2250/4506 4249/4508
f 4249/4508 2250/4506 2251/4509
f 2251/4509 2253/4510 4249/4508
f 4249/4508 2253/4510 2254/4511
f 4249/4508 2254/4511 2268/4512
f 2262/4515 2255/4513 4431/4514
f 4431/4514 2255/4513 2258/4516
f 2264/4519 2259/4517 4509/4518
f 3426/4100 1454/3370 1612/3781
f 4509/4518 2259/4517 2260/4520
f 4509/4518 2260/4520 4933/4521
f 4933/4521 2260/4520 2262/4522
f 5941/4523 1467/4104 3077/1871
f 4249/4508 2268/4512 2272/4524
f 4249/4508 2272/4524 1945/4525
f 1945/4525 2272/4524 2273/4526
f 1945/4525 2273/4526 1941/4527
f 1941/4527 2273/4526 2312/4528
f 2313/4530 2275/4529 2929/3652
f 2929/3652 2275/4529 2277/4531
f 2929/3652 2277/4531 1957/4532
f 1957/4532 2277/4531 2279/4533
f 1957/4532 2280/4534 1952/4535
f 1952/4535 2280/4534 2281/4536
f 1952/4535 2281/4536 2282/4537
f 1955/4538 2282/4537 2266/4539
f 727/64 2283/63 2783/1594
f 2783/1594 2283/63 2284/66
f 4400/4476 2288/4475 4326/4464
f 4326/4464 2288/4475 2290/4540
f 4326/4464 2290/4540 2294/4541
f 4379/4468 2292/4469 2291/4542
f 4326/4464 2294/4541 2295/4543
f 4245/4461 2295/4462 2292/4469
f 3829/4119 2296/4216 2086/4544
f 3945/4213 2298/4212 2297/4215
f 2304/4546 2302/4545 4462/4138
f 4462/4146 2302/4156 4466/4147
f 4462/4138 2305/4139 2304/4546
f 5310/3373 1733/2871 1154/4547
f 4592/4133 2306/4134 2305/4548
f 2148/4457 2307/4549 4160/4456
f 4160/4135 2307/4550 2306/4134
f 1941/4527 2312/4528 2313/4530
f 1178/2658 442/4551 4812/4552
f 1106/4553 1262/1305 62/892
f 1092/1561 3138/1562 4260/4554
f 120/846 1262/1305 5921/4555
f 6105/4556 2465/4382 1688/1142
f 5699/1532 5707/1530 5545/3096
f 1702/3043 3427/2806 3645/3025
f 3259/4558 2409/4557 3177/1978
f 1436/4560 3384/4559 2980/4561
f 2908/4563 368/4562 5535/4564
f 2933/4565 2226/1622 3059/4566
f 3068/4568 3521/265 3378/4567
f 2980/4561 3040/4569 2933/4565
f 5571/4571 6001/4570 5894/4572
f 3424/4575 1707/4574 1633/4576
f 2265/4578 2733/4577 2401/4579
f 2265/4578 2401/4579 1134/4580
f 1704/2967 5948/3813 5887/3814
f 1536/4583 2745/4582 3877/3109
f 3382/3204 5464/4584 5460/3206
f 3613/4587 3674/4586 3066/58
f 442/4551 3398/4588 4776/4589
f 5310/3373 1154/4547 5424/4590
f 5464/4584 5354/2477 5460/3206
f 1155/4591 1715/4247 5839/1861
f 1715/4247 2789/1938 5014/4246
f 3083/1631 3174/4592 3056/1630
f 442/4551 4744/847 3398/4588
f 1174/1984 2336/1985 2743/4594
f 5802/4598 5822/4595 5827/4597
f 6078/845 120/846 5921/4555
f 6078/845 3398/4588 4744/847
f 2156/4601 2420/4599 2427/2511
f 442/4551 1178/2658 2681/2659
f 3877/3107 3714/4602 1536/4603
f 94/1051 4039/2644 4059/2577
f 4812/4552 442/4551 4776/4589
f 2107/4606 4713/4605 5271/4607
f 2447/1957 2855/1958 2865/4608
f 1456/4610 2913/4609 3396/4611
f 972/3075 3831/3105 1925/3073
f 970/3106 973/3120 3831/3105
f 5839/1861 3263/1859 5926/4612
f 5153/4614 5782/4613 5776/2449
f 2335/3861 3376/2620 3094/3464
f 5271/4607 4713/4605 2171/2124
f 2156/4600 2416/1040 2420/4615
f 3425/3457 3076/3308 5061/3306
f 3327/3317 3209/3504 700/3588
f 3961/3796 4191/4106 1312/3979
f 3376/2620 3248/3486 3094/3464
f 4713/4605 2107/4606 227/2787
f 5167/668 5614/714 2838/912
f 4774/4617 5454/4616 5193/4618
f 1278/4622 1468/4619 1996/4621
f 2436/4624 3148/2435 3262/2436
f 1724/1649 1517/3044 3421/1825
f 5826/2470 6080/4625 5994/2558
f 2747/4626 451/1921 1680/4232
f 2146/4627 3077/1871 1467/4104
f 426/1996 2566/2904 572/3984
f 702/4629 2648/4628 705/4630
f 2714/2873 3120/4632 3142/4633
f 3646/3195 1729/3229 4283/2257
f 2389/4635 2856/4634 2858/4636
f 2423/4638 6054/4637 1672/4639
f 434/4641 1289/4640 448/4642
f 2370/3184 1731/4643 2368/4644
f 5758/4645 5683/2569 2537/1628
f 1731/4643 2374/3886 3165/4646
f 2436/4624 683/4648 1434/2638
f 1158/1928 1484/2013 1173/1882
f 1733/2871 1166/1907 1425/4649
f 1732/4650 1508/1144 2699/1145
f 1508/1144 1732/4650 3505/3648
f 299/2637 1434/2638 683/4648
f 2151/4652 1671/1872 1704/2967
f 299/2637 681/4653 3344/1687
f 1434/2638 3148/2435 2436/4624
f 1347/3840 3256/3838 2422/3315
f 3283/4656 1910/4655 5878/4657
f 3831/3105 1929/4658 1925/3073
f 1550/804 1583/4659 1716/4661
f 1925/3073 1929/4658 1930/3049
f 1910/4655 2270/2891 537/2892
f 6089/4663 4791/4662 2383/2123
f 171/2761 6089/4663 4692/4664
f 4658/4666 1912/4665 3134/3908
f 5271/4607 286/4667 2107/4606
f 3344/1687 1390/4668 3277/4669
f 1930/3049 3161/2993 967/3040
f 3525/2250 5717/517 5697/1310
f 1930/3049 1929/4658 4659/4670
f 3831/3105 4659/4670 1929/4658
f 3018/4673 3879/1043 2940/4672
f 4659/4670 3161/2993 1930/3049
f 5517/519 3525/2250 5529/4674
f 5530/4676 5785/4675 5697/1310
f 4920/4678 4621/4677 4681/4679
f 4920/4678 6100/2089 2118/2080
f 3378/4567 3521/265 4678/4682
f 2365/4686 1734/4683 3464/4685
f 172/2079 2242/2708 1240/1715
f 5783/4688 5697/4687 4867/1251
f 4659/4670 1934/2988 3161/2993
f 4659/4689 4434/2977 1934/2986
f 1920/1929 3397/4690 3601/1906
f 3161/2993 964/2987 963/4691
f 3161/2993 963/4691 962/4692
f 1246/962 5705/4693 3726/2206
f 5535/4564 2638/4695 2908/4563
f 2745/4582 1924/4697 2401/4581
f 1606/473 323/4698 5952/2322
f 1240/1715 1227/1710 2696/2078
f 3724/1097 5864/561 5834/520
f 5718/447 5533/445 4623/4699
f 1960/3406 2397/3407 4771/4701
f 1943/2063 5934/476 5933/2062
f 5386/374 3250/322 3517/376
f 5273/4703 2396/2784 144/2785
f 5273/4703 144/2785 286/4667
f 3291/3905 3332/3854 3961/3796
f 5082/4706 5091/4704 5309/144
f 1923/4708 2441/4707 2915/4709
f 678/3052 680/2841 1560/2839
f 3624/3740 1629/3752 612/3844
f 4720/3817 3543/3019 4847/3020
f 2592/2160 2111/3955 4764/4712
f 4764/4712 2681/2659 2592/2160
f 5718/444 5785/4675 5530/4676
f 2362/4715 3018/4714 1734/4716
f 1716/4717 2365/4686 3473/803
f 3760/3292 3829/4119 4352/4122
f 4352/4122 3970/4718 3760/3292
f 2750/3443 1947/1794 1140/1795
f 3807/358 3804/3425 3799/4719
f 3722/4720 1350/717 1349/3110
f 5533/4700 5578/3390 4898/3389
f 4875/4724 4159/4721 4373/4723
f 4373/4723 4294/4725 4875/4724
f 4294/4725 4285/4206 4875/4724
f 4285/4726 4297/4093 4875/4722
f 4297/4093 4595/4727 4875/4722
f 4595/4727 3825/4729 4875/4722
f 4202/4732 4201/4731 3894/4733
f 4201/4731 3893/4734 3894/4733
f 5749/456 3726/4694 1254/2207
f 5167/668 5737/1534 4059/2577
f 1694/3145 1111/2756 5234/1727
f 5629/1473 4993/792 5711/1088
f 1339/2531 1384/2494 3215/2388
f 6085/2681 4790/4735 109/2660
f 4623/2019 5533/4700 4898/3389
f 4790/4735 2677/2157 2629/2158
f 2940/4672 3879/1043 2380/4736
f 1242/1716 4665/2760 250/1718
f 2680/2166 4665/2760 1242/1716
f 2279/4533 2280/4534 1957/4532
f 4689/4740 2785/4737 4846/4739
f 1197/2012 5808/436 4623/2019
f 5718/444 5791/4741 5581/3092
f 1180/4743 181/2769 2696/2078
f 2313/4530 2929/3652 1941/4527
f 1227/1710 146/1711 1662/4745
f 1941/4527 1946/4746 4894/4747
f 1323/3885 2123/1780 2434/4748
f 710/4749 1628/1968 3380/4750
f 5973/3797 5966/4751 83/4243
f 5624/705 3238/4752 3697/4753
f 2793/4754 2785/4737 4885/4755
f 2593/3203 1142/1812 2235/1850
f 3912/3010 1471/3119 2553/1916
f 5629/1473 17/1474 173/1208
f 3017/3171 3006/4756 4624/4757
f 4249/4508 1945/4525 4894/4747
f 4894/4747 1945/4525 1941/4527
f 4894/4747 1946/4746 2929/3652
f 2929/3652 1946/4746 1941/4527
f 5698/4758 4819/3134 5578/3390
f 106/3240 16/328 17/1474
f 1186/2755 1238/4759 4832/4760
f 1227/1710 1180/4743 2696/2078
f 5978/1254 48/4761 1282/3182
f 5307/3198 6082/3199 5195/3454
f 2282/4537 1955/4538 1952/4535
f 1955/4538 2266/4539 2264/4519
f 1915/4763 1521/4762 1513/4764
f 2696/2081 181/4744 38/2671
f 1180/4743 5996/2767 181/2769
f 2004/2953 2616/4101 5888/4765
f 1957/4532 1952/4535 1956/4766
f 1955/4538 1956/4766 1952/4535
f 5791/4741 5530/4676 5697/1310
f 5509/446 5581/3092 5578/3390
f 2829/4767 1185/2754 4832/4760
f 2635/2159 2677/2157 1241/1717
f 2264/4519 4509/4518 1955/4538
f 1956/4766 1955/4538 4948/4768
f 4509/4518 4948/4768 1955/4538
f 1957/4532 1956/4766 4948/4768
f 1307/2174 1270/2506 2634/2173
f 2929/3652 1957/4532 5232/4769
f 4948/4768 5232/4769 1957/4532
f 1416/755 2328/758 94/1051
f 1242/1716 1241/1717 2677/2157
f 601/4771 2009/4770 5644/4772
f 234/4775 110/4773 3511/4774
f 2629/2158 2592/2160 109/2660
f 1554/4778 1583/4776 1550/4660
f 4715/4780 4764/4779 2111/4713
f 4756/4781 4715/4780 1241/3956
f 4715/4780 4756/4781 4744/4782
f 2948/4785 1583/4784 1554/4777
f 136/2688 4756/4783 2444/4786
f 1570/2117 2955/4787 5924/4788
f 2389/4635 4599/4790 2856/4634
f 4790/4735 2629/2158 109/2660
f 5834/520 5581/4791 5791/4742
f 3077/1871 2146/4627 3628/1815
f 5783/4688 5724/1096 5791/4742
f 2262/4515 4431/4514 4933/4792
f 5578/3390 5533/4700 5509/446
f 5718/444 5530/4676 5791/4741
f 5507/4794 3510/4793 3447/4795
f 5617/955 4934/139 5872/775
f 4505/4797 2244/4501 2241/4497
f 4431/4514 2928/4798 4933/4792
f 2258/4504 4524/4503 4431/4799
f 1579/4800 1521/4762 1566/4801
f 1923/4805 2429/4802 1164/4804
f 4524/4503 2249/4505 2240/4181
f 5498/1235 5591/4806 5900/585
f 5806/4808 5872/775 5605/776
f 4552/4495 2239/4496 2232/4810
f 5582/4811 3565/1002 5617/955
f 4552/4495 2232/4810 2229/4812
f 4552/4495 2229/4812 2227/4493
f 4524/4503 4170/4813 4431/4799
f 4881/4817 5129/4814 5738/4816
f 2505/1866 2602/4818 6081/4819
f 3291/3904 3088/3793 3358/2622
f 3464/4685 3473/803 2365/4686
f 5617/955 5900/585 5582/4811
f 2574/4820 1581/2764 5643/2765
f 2389/4635 3030/4821 3138/1562
f 3447/4795 6086/4822 5507/4794
f 5582/4811 5900/585 5907/1007
f 3460/4823 3317/1653 3560/1654
f 5903/4070 5907/1007 6123/1008
f 5591/4806 6117/584 5900/585
f 2753/4826 1349/4824 3877/3109
f 1566/4801 1521/4762 1915/4763
f 2227/4493 3828/4494 4552/4495
f 2929/3652 432/3653 4894/4747
f 1924/4697 3221/2338 2915/4827
f 2992/4829 5197/4828 3694/4830
f 5608/3081 5986/4832 6119/2858
f 3972/2033 5787/2036 2720/4833
f 2441/4707 1923/4708 1717/4835
f 5907/1007 5903/4070 5582/4811
f 1174/1984 2743/4594 2733/4577
f 4706/4837 5366/4836 5146/4838
f 2831/4840 2914/4839 3715/260
f 2821/4020 3974/4021 4272/4097
f 4652/3920 5667/3135 5811/4841
f 576/3032 143/1900 208/3031
f 3828/4494 4385/4842 4552/4495
f 4385/4842 4335/4843 4552/4495
f 5293/4845 4729/4844 5420/4846
f 2821/4020 4272/4097 4328/4297
f 5483/4848 5805/4847 4344/2291
f 4344/2291 5450/2715 4686/2665
f 5628/4849 1373/172 4826/4850
f 4710/4852 2024/4851 5079/4853
f 1571/3487 5943/4854 5960/4855
f 2773/4167 2033/2673 179/3219
f 4510/4856 2348/1908 5302/4857
f 4895/4860 4589/4859 4249/4508
f 2448/718 2914/4839 3714/4602
f 5765/4861 1273/2476 3462/4862
f 3462/4862 5483/4848 5765/4861
f 6111/2757 222/2758 4823/4863
f 3689/4867 1164/4864 1583/4784
f 5926/4612 4982/4868 5974/4869
f 4513/4871 4871/4870 4737/4872
f 1236/2138 5428/2139 6094/2397
f 5569/378 5467/4873 4891/4874
f 1227/1710 1239/1714 1228/1709
f 1375/379 5569/378 5256/4875
f 4959/4877 5128/4876 5026/4878
f 3315/1867 3171/2103 2505/1866
f 3037/2902 2714/2873 3142/4633
f 254/4883 5184/4880 185/4882
f 5522/2067 5482/4884 5260/4885
f 2618/4888 5332/4887 5544/73
f 3689/4867 1566/4801 1602/4889
f 528/4891 6014/4890 542/4892
f 2948/4785 1554/4777 686/4893
f 1527/4895 1526/698 6087/1381
f 1164/4898 3689/4865 2424/4897
f 4818/609 5473/2360 1294/2358
f 5242/2453 201/2722 4470/4899
f 3003/4901 4900/4900 1514/4902
f 1662/4745 1180/4743 1227/1710
f 2039/3154 1648/3076 1480/2820
f 139/4903 146/1711 1228/1709
f 139/4903 4871/4870 1662/4745
f 1662/4745 146/1711 139/4903
f 4957/2039 5576/4904 5538/4905
f 2829/4767 2236/4906 1185/2754
f 2915/4711 2429/4907 1923/4803
f 2021/4909 4973/4908 5912/4910
f 1648/3076 2039/3154 3910/3042
f 3011/407 2028/4911 1594/4912
f 1228/1709 1239/1714 2242/2708
f 1555/1885 2046/1886 3971/3172
f 1579/4800 1566/4801 2948/4785
f 5699/1274 5561/4914 5527/786
f 5527/786 4157/4915 5699/1274
f 5527/786 1981/4916 4157/4915
f 1981/4916 4192/4917 4157/4915
f 1981/4916 4261/4918 4192/4917
f 5527/786 5747/787 1981/4916
f 4261/4918 1981/4916 4070/4919
f 5747/787 4070/4919 1981/4916
f 4157/4915 5963/1273 5699/1274
f 249/4921 159/4920 155/4922
f 613/112 3770/4013 4228/4197
f 1687/4925 3791/4924 866/4926
f 4417/4928 4391/4927 3719/2280
f 145/4931 866/4926 3791/4924
f 5334/706 4175/4129 4196/4018
f 4154/3396 1996/4621 4145/3400
f 4202/4732 4159/4721 3825/4935
f 5133/4939 3853/4937 4136/4938
f 4154/3396 5256/4875 4891/4874
f 4154/3396 4891/4874 5357/4940
f 4127/4941 4145/3400 1996/4621
f 5630/4942 4136/4938 4127/4941
f 4616/4944 5133/4939 4136/4938
f 2875/4946 2502/4945 4049/4947
f 4616/4944 4136/4938 5630/4942
f 5590/4948 4154/3396 4226/4949
f 4799/2808 5177/331 3843/4950
f 2018/3647 3506/2730 3821/4951
f 5228/2700 4159/4721 2404/4952
f 3585/2552 3995/4953 3989/4954
f 5590/4948 5256/4875 4154/3396
f 3843/4950 3838/4956 5176/2807
f 3810/4958 3811/4957 1687/4925
f 3791/4924 1687/4925 3811/4957
f 3810/4958 3897/4959 3811/4957
f 5015/577 4165/4960 4955/4962
f 3810/4958 3735/4963 3897/4959
f 2662/4965 3786/4964 1687/4925
f 3810/4958 3786/4964 3837/3954
f 4182/4968 4102/4966 3006/4756
f 4234/4969 5036/3843 1692/3841
f 4401/4971 4308/4970 6040/4972
f 2920/4973 6040/4972 4213/4974
f 4211/3858 4210/4975 4232/4976
f 3017/3171 4208/3768 4166/4977
f 3006/4756 3017/3171 4166/4977
f 4129/4978 5196/3842 2439/4295
f 4094/4979 5036/3843 4223/3925
f 3907/4980 2662/4965 4724/4981
f 4234/4969 1692/3841 3772/4982
f 3907/4980 4724/4981 3747/4983
f 4129/4978 4178/4985 5196/3842
f 3849/3787 2175/4986 3182/1967
f 2027/3455 6082/3199 4094/4979
f 2439/4295 5036/3843 4094/4979
f 4515/3828 4132/4987 4083/4988
f 4215/4989 4731/2519 4730/2520
f 4215/4989 4054/4990 1557/2899
f 1557/2900 4054/4991 3805/4992
f 3805/4992 5044/2925 1557/2900
f 4468/4994 4058/3665 4129/4978
f 4252/4143 209/4995 3893/4734
f 3140/1224 4174/4996 3882/4997
f 4232/4976 2027/3455 4094/4979
f 672/5000 3187/4999 3954/3722
f 5508/5002 4171/5001 4229/5003
f 4441/5005 4042/5004 5508/5002
f 4241/4049 4043/5006 4133/5007
f 4241/4062 3953/4061 3950/5009
f 4229/5003 5025/5011 5508/5002
f 4994/5012 4229/5003 4044/5013
f 4994/5012 5025/5011 4229/5003
f 4044/5013 3211/5014 4994/5012
f 4133/5007 4138/5015 4241/4049
f 4372/5017 4371/3700 3938/5018
f 4025/5020 4024/5019 3880/4026
f 4241/4049 4138/5015 4878/4052
f 4114/4054 4878/4052 4138/5015
f 4240/5022 4055/5021 4041/5023
f 3184/5025 3949/5024 4041/5026
f 4543/4489 4910/5028 4248/5029
f 5508/5002 4042/5004 4172/5030
f 5508/5002 4172/5030 4171/5001
f 4042/5004 4441/5005 3217/5031
f 2438/899 3788/4027 2940/5032
f 4234/4969 4223/3925 5036/3843
f 2489/3362 3892/3871 2484/3375
f 4049/4947 432/3653 3561/3651
f 5044/2925 3805/4992 1522/2927
f 4194/3679 5751/5033 5432/5034
f 4231/4016 5335/5035 4922/4015
f 4171/5001 4247/5036 4229/5003
f 3776/5037 3843/4950 5627/329
f 5176/2807 4799/2808 3843/4950
f 4627/5038 4124/3391 5180/5039
f 4205/3392 5180/5039 4124/3391
f 4627/5038 5885/180 4123/3393
f 3795/5041 4221/5040 4754/5042
f 4222/5043 4123/3393 5885/180
f 5180/5039 4071/5044 4814/5045
f 4205/3392 4071/5044 5180/5039
f 4226/4949 5885/180 5911/181
f 5628/4849 5590/4948 4226/4949
f 4206/3775 4141/5046 4207/3774
f 4206/3775 4458/5047 4631/5048
f 4754/5042 4221/5040 4204/5049
f 4222/5043 5885/180 4226/4949
f 4204/5049 4631/5050 4754/5042
f 3817/5052 1522/2927 4131/3263
f 4111/3790 4134/3791 4215/4989
f 3930/5053 3880/4026 4024/5019
f 5248/2521 2175/4986 4111/3790
f 4215/4989 4730/2520 5248/2521
f 5248/2521 4111/3790 4215/4989
f 4789/5054 4208/3768 3017/3171
f 1996/4621 5396/5055 4127/4941
f 4244/1315 4190/5056 4254/5057
f 4070/4919 5747/787 3330/5060
f 3893/4734 209/4995 4973/4908
f 4631/5048 4204/5051 4141/5046
f 4195/839 5761/2030 4250/4163
f 4631/5048 4141/5046 4206/3775
f 4818/609 4186/5061 4162/5062
f 1510/5063 4814/5045 4071/5044
f 5911/181 5628/4849 4226/4949
f 4137/840 4772/5064 4195/839
f 3595/171 3795/5041 1250/2193
f 3894/4733 2021/4909 4202/4732
f 4973/4908 2021/4909 3894/4733
f 3893/4734 4973/4908 3894/4733
f 4174/4996 5455/5065 5210/5066
f 3825/4729 4159/4936 4875/4722
f 1718/1756 4194/3679 5432/5034
f 4129/4978 2439/4295 5272/1671
f 1164/4866 1716/4661 1583/4659
f 6040/4972 4308/4970 4213/4974
f 4129/4978 5272/1671 4468/4994
f 3140/1224 3882/4997 3923/5068
f 3153/5069 2858/4636 3878/5070
f 2858/4636 2856/4634 3874/5071
f 2969/5076 4525/5072 3871/5074
f 4190/5056 4244/1315 2675/5077
f 3788/4027 2552/188 4022/3991
f 5177/331 5627/329 3843/4950
f 4127/4941 5396/5055 5630/4942
f 5864/562 4197/3989 5617/955
f 3788/4027 2438/899 2552/188
f 5617/955 4197/3989 4633/956
f 2552/188 2534/259 3871/5078
f 4163/3990 4187/5079 4186/5080
f 3871/5074 2534/745 2969/5076
f 4186/5080 4825/597 4163/3990
f 2940/5032 3788/4027 2105/4028
f 4197/3989 3677/603 4633/956
f 5864/562 5749/456 4383/5081
f 2856/4634 4599/4790 4224/5083
f 4224/5083 3874/5071 2856/4634
f 1254/2207 4179/5084 5749/456
f 3864/5086 4224/5085 4611/1483
f 3854/3923 4179/3919 4188/5087
f 4188/5090 5963/5089 4146/5091
f 4146/5091 5963/5089 4180/5092
f 4444/5093 4177/3761 2676/2075
f 5605/4809 5603/2738 5806/5094
f 4147/5096 4188/5090 4146/5091
f 3854/3923 4188/5087 4184/5097
f 5749/5082 4179/3917 4095/1480
f 4323/153 3887/5098 3876/4008
f 4323/197 3876/5099 4736/2579
f 3886/5100 3875/3997 4525/5075
f 4525/5101 4745/134 3886/5102
f 5963/5089 4188/5090 4179/5088
f 4525/5075 3875/3997 3871/5078
f 4184/5097 4188/5087 3771/5103
f 4825/597 4186/5080 4818/598
f 4825/597 3677/603 4197/3989
f 4346/151 3887/5098 4323/153
f 4346/151 3878/5070 3887/5098
f 3878/5070 4346/151 1129/152
f 3836/4009 2311/5104 4736/2579
f 4159/4721 4202/4732 5670/2735
f 6040/4972 4175/4129 4401/4971
f 3882/5108 4174/4998 4377/5107
f 4858/216 3878/5070 1129/152
f 3153/5069 3878/5070 4858/216
f 5963/1273 4179/5084 1254/2207
f 2505/1866 3171/2103 3647/3211
f 4562/5110 3748/5109 2105/4028
f 2105/805 3748/5111 1500/5112
f 2858/4636 3874/5071 3878/5070
f 4374/5113 2676/2075 600/5114
f 4174/4996 4942/5115 4893/5116
f 4029/5117 1390/4668 3344/1687
f 4902/3994 4911/5118 4199/3996
f 4174/4996 3140/1224 2817/5119
f 5320/5121 5335/5035 4231/4016
f 5677/5123 4132/4987 4251/5124
f 3834/5126 4862/5125 4929/5127
f 4335/4843 4862/5125 3834/5126
f 2560/728 3254/5128 3111/727
f 4206/3775 4208/3768 4789/5054
f 3901/5130 4927/5129 4904/4491
f 3901/5130 4373/4723 4927/5129
f 5670/2735 2404/4952 4159/4721
f 3176/5131 3913/335 527/336
f 6047/5132 4458/5047 4206/3775
f 2021/4909 5670/2735 4202/4732
f 3187/4999 3931/5133 3954/3722
f 4231/5122 4196/5134 5320/5135
f 5677/5123 4070/4919 3457/5137
f 4471/360 3763/5139 2530/359
f 406/2855 414/5141 3232/5142
f 4895/4860 432/3653 4049/4947
f 5473/2360 3776/5037 4637/2739
f 5627/329 4637/2739 3776/5037
f 1207/2074 2676/2075 3872/5143
f 4382/4263 4528/5144 3686/5145
f 3666/5147 1094/5146 5622/5148
f 3686/5145 4369/4264 4382/4263
f 3821/4951 3739/3256 2018/3647
f 3882/5108 4021/5151 3109/5152
f 3109/5152 4657/3123 3882/5108
f 5705/4693 5545/3096 3726/2206
f 4073/5154 1620/5153 4865/5155
f 2755/469 2688/470 2791/3413
f 3946/4412 4537/2170 82/2111
f 5185/5157 3004/93 1072/1371
f 3923/5068 3882/4997 4657/3122
f 1500/5112 3748/5111 3747/5159
f 5963/1273 3868/5160 4180/5161
f 4157/4915 3868/5160 5963/1273
f 1509/4166 3505/3648 3861/5162
f 4286/5163 4175/4129 1620/5153
f 3286/5165 4037/5164 3881/5166
f 3678/1490 3864/5086 4611/1483
f 4024/5019 4025/5020 556/5167
f 3864/5086 3678/1490 3109/5152
f 4050/3340 3757/5169 299/4654
f 3746/5171 3839/5170 3741/5172
f 3105/3316 3931/5133 4924/5173
f 3931/5133 3105/3316 4032/5174
f 3857/5178 3106/5175 3942/5177
f 3936/3339 4050/3340 299/4654
f 3088/3793 3767/5179 3936/5180
f 3184/5025 4041/5026 4932/5182
f 4154/4934 5357/1836 1151/1620
f 4093/5185 3978/5184 4085/5186
f 3155/5187 3857/5176 4037/5164
f 4162/5062 5473/2360 4818/609
f 3776/5037 5473/2360 4162/5062
f 3872/5143 449/5188 1207/2074
f 3098/3328 4032/5174 3105/3316
f 3595/171 1510/5063 3795/5041
f 4418/5190 3946/4412 2777/2112
f 4519/5192 4310/5191 4084/5193
f 4627/5038 4123/3393 4124/3391
f 3861/5162 3853/5194 1509/4166
f 3857/5176 3155/5187 3106/5196
f 3155/5187 4037/5164 3286/5165
f 3845/5198 3582/5197 3585/2551
f 3989/4955 3845/5198 3585/2551
f 449/5199 3942/5177 3106/5175
f 3872/5189 3942/5177 449/5199
f 3006/4756 4074/5200 4182/4968
f 4024/5019 556/5167 3930/5053
f 4350/2107 4105/5201 3978/5184
f 299/4654 683/4651 3936/3339
f 4060/5202 4350/2107 4093/5185
f 4179/3919 3854/3923 4874/3922
f 3184/5025 556/5203 4025/5168
f 4419/4035 4374/5113 600/5114
f 3954/3722 4042/5004 672/5000
f 4081/5204 3619/2437 3614/2573
f 4025/5168 3949/5024 3184/5025
f 4057/5205 2685/2432 2575/2430
f 2663/2599 2685/2433 3823/5207
f 600/5114 3883/3553 4419/4035
f 1620/5153 4073/5154 4286/5163
f 2666/5208 3746/5171 3741/5172
f 3741/5172 2732/2457 2666/5208
f 4066/3261 4870/3259 3798/5209
f 3593/5210 4057/3476 2575/5206
f 3836/4006 4020/5211 3886/5100
f 1424/5213 3817/5052 3278/2954
f 3006/4756 4058/3663 4468/4993
f 3853/5194 2398/4165 1509/4166
f 1151/1620 1996/4623 4154/4934
f 2398/4165 3853/5194 5133/3763
f 3950/5010 4043/5006 4241/4049
f 3767/5181 3280/4207 3764/5215
f 3718/2824 3278/2955 3833/5216
f 4244/5218 4254/5059 4315/5217
f 3006/4756 4102/4966 4058/3663
f 2666/5208 4078/5219 3746/5171
f 3582/5197 4078/5219 2666/5208
f 4044/5013 3950/5009 3211/5014
f 3211/5014 3950/5009 3953/4061
f 585/5220 672/5000 4042/5004
f 4007/327 3176/5131 516/326
f 4042/5004 3217/5031 585/5220
f 3098/3328 4027/5221 4032/5174
f 4027/5222 1390/4668 4029/5117
f 5195/3454 2027/3455 4210/4975
f 3786/4964 2662/4965 3908/5224
f 3505/3648 2018/3647 3739/3256
f 3777/5225 5176/2807 3838/4956
f 3953/4061 3883/3553 600/5114
f 4057/3476 3823/5207 2685/2433
f 4370/3831 4083/3832 3823/5207
f 3767/5181 1312/3980 3298/3958
f 1312/3794 3767/5179 3088/3793
f 3764/5215 895/4083 3236/3928
f 3936/5180 2436/4624 3262/2436
f 4131/3263 1522/2927 3805/4992
f 4094/4979 3717/3200 2439/4295
f 3936/5180 3262/2436 3088/3793
f 4074/5200 3006/4756 4166/4977
f 683/4648 2436/4624 3936/5180
f 4007/327 4009/348 3753/349
f 4028/3938 3255/5226 3323/3929
f 4206/3775 4789/5054 6047/5132
f 3957/3934 3236/3928 3255/5226
f 4210/4975 2027/3455 4232/4976
f 3092/2654 4053/5227 1330/2653
f 5196/3842 4178/4985 3772/4982
f 3298/3958 3280/4207 3767/5181
f 4028/3938 3957/3934 3255/5226
f 3323/3244 1330/2653 4028/3939
f 5195/3454 4210/4975 4156/5228
f 3849/3787 4111/3790 2175/4986
f 3236/3928 3957/3934 3764/5215
f 1528/2728 5176/2807 3777/5225
f 3830/111 3779/5229 2611/110
f 3798/5209 4870/3259 4068/5230
f 3506/2730 3777/5225 3821/4951
f 3777/5225 3506/2730 1528/2728
f 2510/2695 4731/2519 4215/4989
f 3964/5231 3685/2978 4537/2170
f 692/2970 4053/5227 3092/2654
f 3833/5216 3719/4929 3718/2824
f 3719/4929 3833/5216 4417/5232
f 3767/5181 3784/3345 3936/3342
f 1424/5213 1522/2927 3817/5052
f 3685/2978 3964/5231 692/2845
f 4053/5227 692/2970 3964/5233
f 3717/3200 4094/4979 6082/3199
f 55/5235 2462/5234 5975/2617
f 3798/5209 3809/5236 4066/3261
f 4068/5237 4870/3253 4076/3255
f 3772/4982 1692/3841 5196/3842
f 4147/5095 3771/5103 4188/5087
f 4195/839 4772/5064 5761/2030
f 4027/5221 3098/3328 3277/1685
f 3277/4669 1390/4668 4027/5222
f 4215/4989 1557/2899 2510/2695
f 4087/5239 3503/5238 4358/5240
f 3562/2574 4087/5239 3614/2573
f 3503/5238 4087/5239 4597/5241
f 3562/2574 4597/5241 4087/5239
f 4068/5237 4076/3255 4075/3941
f 3798/5209 4068/5230 3809/5236
f 3927/350 4009/348 3917/5244
f 4078/5219 3582/5197 3845/5198
f 3593/5210 3992/3478 4057/3476
f 4081/5204 3614/2573 4087/5239
f 3578/5245 3156/2347 4152/3479
f 4736/2579 3876/5099 3836/4009
f 3741/5172 4152/3479 2732/2457
f 4152/3479 2605/5246 3578/5245
f 3599/5247 3995/4953 3585/2552
f 3992/3478 3593/5210 2605/5246
f 4083/4988 4132/4987 5677/5123
f 681/5249 299/4654 3757/5169
f 2668/2407 3619/2437 4081/5204
f 3995/4953 4081/5204 3856/5250
f 4081/5204 3995/4953 3599/5247
f 2605/5246 4152/3479 3992/3478
f 4083/3832 2698/2509 2663/2599
f 4228/4197 3743/4202 613/112
f 3156/2347 2732/2457 4152/3479
f 2663/2599 3823/5207 4083/3832
f 3599/5247 2668/2407 4081/5204
f 4029/5223 681/5249 3757/5169
f 3344/1687 681/4653 4029/5117
f 3391/5251 4105/5201 4350/2107
f 3684/2058 2765/2109 4060/5202
f 895/4083 3764/5215 3280/4207
f 2777/2112 3085/2128 4418/5190
f 4754/5042 1250/2193 3795/5041
f 2765/2109 4350/2107 4060/5202
f 3946/4412 82/2111 2777/2112
f 4537/2170 3946/4412 3964/5231
f 4341/5254 4105/5253 3391/333
f 3978/5184 4093/5185 4350/2107
f 4523/334 4341/5254 3391/333
f 3747/5159 4724/4984 1500/5112
f 3505/3648 3737/5255 3861/5162
f 3744/3250 3737/5255 3505/3648
f 3795/5041 1510/5063 4071/5044
f 3833/5216 3278/2955 3817/5214
f 4156/5228 1181/1966 5195/3454
f 3849/3787 1181/1966 4156/5228
f 4599/4790 1442/5257 4224/5083
f 3182/1967 1181/1966 3849/3787
f 4918/1313 4230/5258 4244/1315
f 5334/706 1620/5153 4175/4129
f 1330/2653 3729/5259 4028/3939
f 4053/5227 3729/5259 1330/2653
f 3969/5260 1549/3409 2549/3410
f 3505/3648 3739/3256 3744/3250
f 3653/5262 4414/5261 4425/5263
f 3033/5266 3023/5265 3474/5267
f 5872/775 5806/4808 5498/1235
f 1419/5270 3290/5269 2751/5271
f 2942/5274 1188/5273 2944/514
f 1092/1561 3066/58 3674/4586
f 298/5278 3660/5275 200/5277
f 5118/5279 1307/2174 4780/2175
f 1732/4650 3506/2730 3505/3648
f 5229/1765 1269/3850 294/2898
f 1646/3899 5713/3770 2542/3771
f 3058/3387 1098/5281 3055/5282
f 2831/2512 3715/189 2746/190
f 2111/4713 1241/3956 4715/4780
f 2635/2159 2111/3955 2592/2160
f 4720/3817 2112/5284 2837/5285
f 2112/5284 3501/3818 2382/5286
f 5005/5290 3009/5287 5018/5289
f 5294/5294 5365/5291 3706/5292
f 3032/5299 3532/5295 3443/5297
f 3512/2118 3532/5298 3456/5301
f 4811/5303 5500/2909 3692/5302
f 1154/4547 1733/2871 1493/5304
f 2016/2053 5001/2054 5514/564
f 2747/4626 1189/1919 3089/1920
f 2242/2708 2236/4906 1228/1709
f 6117/584 5591/4806 5500/2908
f 5560/475 5861/2664 1272/2663
f 6002/5307 207/5306 2021/4909
f 1353/1750 1165/1694 1122/1748
f 688/2073 3152/5309 3151/5310
f 3110/5312 1349/3110 2753/4825
f 1550/804 1716/4661 3473/806
f 528/4891 542/4892 150/5313
f 5885/180 1510/5063 3595/171
f 2424/5315 3689/4867 1430/5314
f 2120/1827 625/3058 631/5316
f 2123/1780 1323/3885 1636/3883
f 1623/3290 2125/5317 4872/5318
f 5739/1174 158/2778 4725/2777
f 4863/12 5895/5319 5840/814
f 2733/4577 2265/4578 1174/1984
f 1375/379 4892/820 4863/12
f 4872/5318 2125/5317 4866/5320
f 171/2761 2133/2762 2407/2682
f 1530/5324 2343/5321 2047/5323
f 5690/2726 5849/5325 221/5326
f 3462/4862 5805/4847 5483/4848
f 1224/5329 6002/5307 1982/5330
f 1593/1934 2135/3565 2146/4627
f 6002/5307 1224/5329 207/5306
f 2135/3565 5319/5332 3628/1815
f 1982/5330 3693/5333 1224/5329
f 5977/5336 5968/5335 2426/5337
f 207/5306 1224/5329 3693/5333
f 5157/254 3/5339 2463/256
f 4344/2291 5474/2292 5483/4848
f 4976/44 2992/4829 3694/4830
f 1486/5343 3213/5340 5098/5342
f 4701/2712 1223/2724 218/2725
f 5526/438 5561/4914 5615/518
f 3/5339 5157/254 5653/1360
f 2976/2043 2137/1798 1351/1799
f 1349/3110 3110/5312 3722/4720
f 4647/5346 5393/5345 6051/5347
f 2518/2634 1491/2386 1368/2387
f 1066/3660 2141/968 2729/3661
f 5290/5350 5254/1675 5300/5351
f 4811/2907 3445/5352 5688/5353
f 5431/5355 6101/5354 5439/5356
f 5431/5355 6102/5357 6101/5354
f 1545/3852 3238/4752 5216/5359
f 1717/4835 1133/5360 1134/5362
f 2996/5364 3571/1676 1440/1655
f 6049/2647 2405/866 4859/867
f 5892/2398 1236/2138 6094/2397
f 4518/2294 2936/2289 5032/5366
f 6067/5367 5784/2443 5828/5368
f 5437/2716 5372/2667 5450/2715
f 1286/5369 5827/4597 343/982
f 4896/794 5603/2738 5605/4809
f 5912/2759 158/5370 222/2758
f 3498/274 6107/5371 5425/276
f 4892/820 1375/379 1373/172
f 1375/379 4826/4850 1373/172
f 3635/5373 3642/5372 2807/5374
f 5805/4847 3498/274 3369/275
f 5779/5377 186/5376 195/5378
f 300/5379 1914/594 637/5380
f 3135/5382 1441/5381 3613/4587
f 3642/5372 3635/5373 3460/4823
f 2039/2928 2140/3809 3719/2277
f 1380/1225 3460/4823 3140/1224
f 31/5385 2142/5384 3206/1990
f 3206/1990 2142/5384 2116/1989
f 2017/5389 5836/5386 5837/5388
f 6109/1874 2151/4652 5291/5391
f 1441/5381 3135/5382 1440/1655
f 4705/472 1606/473 5952/2322
f 3151/5310 3130/5392 688/2073
f 3705/5398 6093/5394 5000/5396
f 1441/5381 3674/4586 3613/4587
f 1593/1934 2146/4627 5014/4246
f 1671/1872 2151/4652 6109/1874
f 4896/140 5721/383 1294/608
f 5882/362 5850/363 5428/2646
f 2842/2860 2152/5399 2345/2862
f 2432/3314 3336/5400 4439/19
f 2574/4820 5332/4887 2618/4888
f 6116/2210 5895/5319 1404/2396
f 3164/2216 3476/2133 2778/2113
f 3650/2217 3476/2133 3164/2216
f 3723/5401 2602/4818 2505/1866
f 2158/5403 3450/3224 4445/5402
f 3308/2255 2202/1864 3646/3195
f 5416/5407 2521/5404 411/5406
f 2142/5384 2704/5408 2269/5409
f 5518/5411 3276/5410 3181/5412
f 1996/4621 1468/4619 4765/5413
f 2128/2966 1882/3847 957/5415
f 1440/1655 3135/5382 2751/5271
f 4765/5413 5396/5055 1996/4621
f 5131/2832 5159/2833 3605/5416
f 2521/5418 5423/1115 3522/1116
f 4666/5420 201/2722 5242/2453
f 4705/472 5952/2322 5933/2062
f 6051/5422 5436/5421 4786/5423
f 3219/5425 5377/1369 3725/5426
f 3371/5430 4995/5427 5370/5429
f 3182/1967 2175/4986 5269/2429
f 2348/1908 1443/4103 5302/4857
f 3366/2247 954/2944 953/5431
f 1510/5063 5885/180 4814/5045
f 2751/5271 3290/5269 1440/1655
f 1447/5433 2182/5432 2183/3152
f 1441/5381 1440/1655 1414/5434
f 3215/2388 3216/2392 2540/2635
f 2183/3152 6/5435 1447/5433
f 6/5435 2183/3152 4951/5436
f 1175/2748 1652/2749 1703/5438
f 2599/5442 3673/5441 2619/5443
f 6073/3146 1517/3046 3225/5444
f 1714/1960 1713/1961 6081/4819
f 2202/1864 2455/3095 1426/2810
f 1552/5446 5546/5445 5418/5447
f 5145/5451 1598/5449 2751/5272
f 6006/5453 6083/5452 1590/5454
f 1598/5449 1419/5455 2751/5272
f 672/5000 3303/5457 3228/5458
f 1398/2359 5603/2738 4896/794
f 3626/5460 3309/5459 5145/5450
f 1598/5456 5145/5450 2931/5461
f 1712/3369 2470/5462 2672/5463
f 4682/75 3309/5464 3606/5466
f 1643/1849 2235/1850 2228/1813
f 4992/5469 2972/5467 3247/5468
f 1108/5471 3036/5470 3674/4586
f 5407/1643 5245/4300 4750/5472
f 1294/2358 1398/2359 4896/794
f 5205/5473 2152/5399 320/5474
f 4989/5475 201/2722 4666/5420
f 1598/5456 1450/5476 2996/5364
f 1399/1698 1354/1699 6090/5477
f 5001/2054 201/2722 4989/5475
f 3674/4586 1414/5434 1379/1817
f 1598/5456 2996/5364 1419/5270
f 5461/5478 343/982 5827/4597
f 1440/1655 3290/5269 1419/5270
f 2580/5480 1209/5479 5116/5481
f 1511/5482 5715/1762 3215/2388
f 3255/5226 3236/3928 3323/3929
f 4868/5483 3724/1097 4867/1251
f 4770/5485 5439/5356 5436/5421
f 5811/4841 5575/5486 4652/3920
f 5698/4758 3491/5487 4819/3134
f 1450/5476 1598/5456 2931/5461
f 1404/2396 5895/5319 5892/2398
f 2256/3047 198/3082 2830/3057
f 72/5488 4259/3851 1545/3852
f 205/5489 201/2722 5389/2052
f 5361/3202 5393/5345 5604/3175
f 3250/322 5386/374 2939/5490
f 1440/1655 1419/5270 2996/5364
f 1501/5491 5663/154 2376/5492
f 1372/2461 6094/2397 5428/2139
f 5851/5495 6002/5493 2021/5308
f 6086/1341 4984/5496 3413/5497
f 5412/5499 2377/5498 3401/5500
f 3296/5501 585/5220 5092/5502
f 5436/5421 6051/5422 5393/5348
f 5854/3799 4684/2504 6003/1277
f 2269/5409 2970/5503 2142/5384
f 2269/5409 476/5504 199/5505
f 3192/534 5594/590 2309/281
f 696/5506 4696/2536 4695/2537
f 1410/5508 5403/2793 6102/5509
f 4723/5511 1401/5510 5520/1790
f 5850/363 5852/5512 1372/2645
f 6008/5514 4767/5513 5849/5327
f 5059/5516 1473/5515 2424/5517
f 3401/5500 5116/5481 5412/5499
f 6086/4822 2818/1343 5507/4794
f 5737/1534 5066/1349 1416/755
f 3571/1676 2996/5364 1450/5476
f 3419/5519 3459/5518 3509/5520
f 3595/171 5882/2330 5428/2139
f 4045/5524 4836/5521 497/5523
f 2424/5315 1430/5314 5059/5525
f 110/4773 3561/3651 3511/4774
f 5257/5529 5000/5526 5481/5528
f 5851/5495 6111/2757 4823/4863
f 5790/5532 3544/5531 4842/5533
f 3472/5534 3509/5520 3459/5518
f 3292/5537 4845/5535 5318/5536
f 1590/5454 6007/5538 6006/5453
f 101/1801 98/1193 277/5539
f 5414/2462 1322/2464 6094/2397
f 4973/4908 4823/5530 5912/4910
f 3076/3308 3425/3457 2397/3407
f 2465/4382 4751/5540 1285/2685
f 3509/5541 3032/5299 3443/5297
f 5037/5546 1401/5543 5045/5545
f 209/4995 4844/5547 5851/5548
f 5912/4910 4877/5549 158/2778
f 1735/5551 6012/5550 6099/2588
f 1116/1724 1472/1723 5269/2429
f 3532/5552 1923/4805 1164/4804
f 1472/1723 1124/1695 2962/3816
f 1283/364 5852/5512 5850/363
f 5428/2139 5421/5553 3595/171
f 5421/5553 5428/2139 5394/173
f 3532/5298 3032/5296 3456/5301
f 1127/198 2311/2578 4482/5554
f 2923/1672 2922/1670 1090/3815
f 3315/1867 4609/1865 3394/2245
f 1443/4103 2348/1908 1166/1907
f 4767/5513 6008/5514 4725/2777
f 3509/5520 3472/5534 3300/5557
f 4725/2777 6008/5514 5739/1174
f 3209/3504 3103/3323 698/3506
f 6114/2140 5394/173 5428/2139
f 1276/9 5892/2312 4863/11
f 3344/1687 3337/2529 1434/2638
f 3392/5559 3349/5558 4583/5560
f 5892/2398 5895/5319 4863/12
f 3344/1686 3335/1684 3337/2527
f 3425/3457 3365/3456 700/3588
f 1953/5562 1987/5561 1986/5563
f 4767/5513 221/2803 5849/5327
f 5519/2772 5685/5564 5607/5565
f 5465/3231 4703/5567 5586/3230
f 5986/4832 1191/5569 5985/5570
f 5619/5574 6101/5571 4758/5573
f 5985/5570 1191/5569 5304/5576
f 6102/5358 4758/5573 6101/5571
f 3693/123 5664/124 5235/1025
f 1986/5563 3300/5557 1953/5562
f 209/4995 5851/5548 4823/5530
f 1473/5515 5059/5516 3459/5518
f 2361/5579 3583/5578 4746/5580
f 5026/5582 6015/5581 5750/2164
f 1238/4759 221/2803 5953/2801
f 1577/5584 5348/5583 1574/3888
f 1584/1729 1694/3145 5234/1727
f 6090/5477 1658/382 1399/1698
f 5324/2791 2630/5585 149/5586
f 5522/2067 2626/5589 5781/5590
f 5860/1721 5632/1722 5504/613
f 6115/5594 5387/5593 5392/2922
f 5404/5598 5247/5596 5032/5366
f 5012/5599 2723/1873 5931/5600
f 1688/1142 136/2688 2444/4786
f 3443/5542 3532/5298 1473/5515
f 5748/5604 3481/5601 1995/5603
f 3015/5605 1995/5603 3481/5601
f 4587/3750 4618/3751 383/5606
f 4786/5424 4458/5047 4647/5346
f 3015/5605 5028/5607 2916/5608
f 5403/2793 1410/5508 1322/2466
f 5269/2429 2175/4986 5248/2521
f 4686/2665 4926/5609 5479/5611
f 147/2802 4767/5513 4726/5612
f 3335/1684 3277/1685 3337/2527
f 4805/5613 4583/5560 3349/5558
f 3386/2805 3388/3239 3433/3228
f 700/3588 3204/3505 3425/3457
f 3376/2620 695/3853 3358/2619
f 2746/190 2380/898 2156/4601
f 1340/5617 5058/5615 1995/5603
f 2156/4601 2380/898 2416/5618
f 2525/3848 3402/3227 3388/3239
f 3394/3297 3391/3295 3710/5620
f 3409/2804 3410/3197 1426/2810
f 6116/2210 5448/5621 6107/5371
f 149/5588 4692/4664 5324/2788
f 5941/4523 5291/5391 5887/3814
f 3626/5460 2986/5622 3606/5623
f 3120/4632 2857/1664 1912/4665
f 5425/276 6107/5371 5448/5621
f 5387/5593 5303/3320 5392/2922
f 5819/5626 5305/5625 6095/1953
f 5600/5627 1620/5153 1618/778
f 1332/5632 402/5628 2979/5630
f 3098/3328 3105/3316 3327/3317
f 5437/2716 5425/276 5448/5621
f 6107/5371 5895/5319 6116/2210
f 1630/3245 3386/2805 1702/3043
f 2525/3848 3386/2805 1630/3245
f 3445/5634 4811/5303 3446/5633
f 3209/3504 3204/3505 700/3588
f 5291/5391 2453/1816 6109/1874
f 6100/5636 6045/5635 255/2792
f 4782/2781 6102/5357 5431/5355
f 5257/5527 5732/109 5052/5637
f 2963/3329 2415/2416 5227/1831
f 153/2766 1662/4745 4871/4870
f 194/5643 5342/5639 5381/5641
f 5772/773 1603/3717 2435/1894
f 2579/1895 5772/773 2435/1894
f 3204/3505 698/3506 3303/5457
f 5958/5645 5129/5644 4881/4815
f 1244/2780 252/4234 250/1718
f 2525/3848 3388/3239 3386/2805
f 143/1900 621/5646 2421/1902
f 235/5648 4638/5647 2465/4382
f 3491/5487 4909/3136 4819/3134
f 2881/5650 5395/5649 3415/5651
f 2437/1796 3518/1943 1724/1649
f 600/5114 5262/5653 1921/5654
f 5836/3210 1446/3028 5917/3029
f 1250/2193 5882/2330 3595/171
f 3532/5657 3512/5300 1717/5656
f 5439/5356 4786/5423 5436/5421
f 4770/5484 4773/5659 5439/5660
f 2671/2584 3533/2585 1278/4620
f 1274/2290 4686/2665 5479/5611
f 1274/2290 5479/5611 5474/2292
f 5291/5391 2151/4652 5887/3814
f 250/1718 4718/5661 1241/1717
f 1241/1717 2444/4786 4756/4783
f 5926/4612 3263/1859 5838/5662
f 2336/1956 2447/1957 2745/4582
f 6116/2210 5392/5595 5448/5621
f 1576/3139 3550/3140 5020/5663
f 5116/5481 5513/5664 5412/5499
f 4770/5484 4768/5665 4773/5659
f 2103/5667 3630/5666 5304/5668
f 3459/5518 3419/5519 3443/5542
f 2380/898 2438/899 2940/5032
f 2438/899 2746/190 2552/188
f 6106/4235 6105/4556 4716/5670
f 1962/3038 5207/3037 5538/4905
f 5991/2018 4729/4844 2784/5672
f 5431/5355 5439/5356 6115/2211
f 472/2952 2456/3008 2125/5317
f 6114/2140 1374/2236 4892/820
f 1140/3441 1141/1705 1119/2641
f 1119/2641 3442/2639 1140/3441
f 3365/3456 5061/3306 5147/3548
f 6104/4233 240/3953 4664/2774
f 1602/4889 1430/5314 3689/4867
f 2915/4711 2362/4715 2365/4684
f 5502/5674 3444/5673 5540/5675
f 240/3953 6104/4233 1245/3952
f 3345/2374 2463/256 3/5339
f 1244/2780 4665/2760 1245/3952
f 6023/5677 5800/2146 2813/2370
f 4694/3550 1569/2190 5016/2188
f 240/3953 4665/2760 149/5588
f 4522/5678 5553/515 5557/516
f 5425/276 5437/2716 3369/275
f 6105/4556 235/5648 2465/4382
f 4694/3550 2957/5679 1430/5314
f 5019/3351 5020/3352 1644/5680
f 4694/3550 1602/4889 1569/2190
f 3366/2247 953/5431 938/2248
f 4751/5540 2117/2783 1284/2687
f 3550/3140 1645/5681 5020/5663
f 4751/5540 2465/4382 4638/5647
f 3653/2281 2525/3848 3428/2282
f 250/1718 4716/5670 4718/5661
f 5917/5683 2526/5682 5946/5684
f 2526/5686 5961/2968 4821/2956
f 501/2880 5878/4657 1910/4655
f 1300/2854 4603/2869 1629/3752
f 3585/2551 3582/5197 2497/2348
f 6106/4235 6104/4233 4664/2774
f 5865/5691 4836/5688 5190/5690
f 1608/3549 2957/5679 4694/3550
f 2610/2689 6007/5538 1590/5454
f 1244/2780 1245/3952 252/4234
f 3593/5210 2575/5206 2605/5246
f 1338/2377 3224/2525 1604/5693
f 556/5167 610/5694 3286/5165
f 1120/1742 5715/1762 1131/1744
f 3622/1862 5801/5696 1099/1652
f 610/5697 556/5203 3184/5025
f 5624/705 4267/284 3238/4752
f 3628/1815 2009/4770 1148/1814
f 3629/5699 3630/5666 2103/5667
f 3550/3140 2744/5700 3542/5702
f 2677/2157 4790/4735 2407/2682
f 5439/5356 6101/5354 5619/5572
f 5439/5356 5619/5572 4786/5423
f 2372/941 2386/5704 427/940
f 3198/5705 2568/3845 3267/1632
f 3169/2600 2697/2601 3389/5706
f 3237/1875 6038/5707 5997/2492
f 6095/1953 114/5708 5294/5294
f 3433/3228 3410/3197 3386/2805
f 3433/3228 1729/3229 3410/3197
f 3389/913 2697/2583 2838/912
f 2479/5710 2703/1496 1163/5709
f 1556/5712 385/5711 2925/701
f 4790/4735 171/2761 2407/2682
f 3617/5714 2473/5713 2891/5715
f 6085/2681 4812/4552 4755/5716
f 5723/1376 3652/468 5749/456
f 2525/3848 3653/2281 3402/3227
f 562/2572 2573/5718 561/2571
f 5392/5595 1271/2924 5372/2667
f 637/5380 2705/2920 300/5379
f 2009/4770 601/4771 1148/1814
f 3171/2103 3476/2133 3650/2217
f 3395/5719 1567/2564 3295/5720
f 3017/3171 5604/3175 4789/5054
f 3575/5721 5187/2427 4967/5722
f 5478/5726 5223/5723 5752/5725
f 625/3058 4238/3011 631/5316
f 2402/3318 3209/3504 3327/3317
f 1984/5728 3395/5719 3295/5720
f 32/5732 6052/5729 6063/5731
f 2715/5734 1282/3182 2451/5733
f 3710/2126 3126/2104 3394/2245
f 2723/1873 2828/2957 1417/2870
f 3039/5735 1984/5728 3295/5720
f 1359/1759 1125/1749 2724/1754
f 5372/2667 4686/2665 5450/2715
f 1961/5736 3575/5721 4967/5722
f 2725/90 2590/5738 697/3143
f 1656/5740 5261/5739 5198/5741
f 1191/5569 5986/4832 5608/3081
f 2535/5745 447/5742 342/5744
f 1191/5569 2045/5746 2103/601
f 1545/3852 3712/5747 5155/5748
f 149/5588 4665/2760 171/2761
f 5371/2915 5468/2365 5353/2366
f 4759/5749 4758/5575 4632/5750
f 5019/3351 1588/5752 1346/3353
f 585/5220 3296/5501 3303/5457
f 5387/5593 4640/5753 5424/4590
f 3075/1785 3046/5754 2894/5755
f 308/5756 372/480 304/125
f 3544/5531 5790/5532 5008/944
f 1468/3112 1278/4620 3533/2585
f 2402/3318 3103/3323 3209/3504
f 3103/3323 3228/5458 3303/5457
f 4898/3389 4652/3920 5575/5486
f 5210/5066 4942/5115 4174/4996
f 6089/4663 2383/2123 4713/4605
f 6089/4663 227/2787 4692/4664
f 1939/3909 2197/183 2199/1582
f 3542/5702 2957/5757 3550/3140
f 1212/5758 5877/2428 1495/5759
f 6047/5132 5393/5345 4647/5346
f 5020/3352 1608/3549 5016/2188
f 3427/2806 1702/3043 3386/2805
f 2519/3865 1896/3866 935/1946
f 3132/3377 1564/2850 3262/2621
f 3088/3793 3262/2436 3358/2622
f 1443/4103 2228/1813 4828/1811
f 3652/468 5697/1310 5717/517
f 5016/2188 1644/5680 5020/3352
f 4649/5760 1186/2755 218/2753
f 5690/2726 221/5326 4649/5761
f 2912/502 48/4761 2390/1253
f 2427/2511 2746/190 2156/4601
f 2529/2811 3639/3023 3427/2806
f 3718/2824 3719/4929 2140/5383
f 5439/5660 4773/5659 6115/5594
f 4605/5762 4614/2872 2714/2873
f 2960/5764 3490/5763 3542/5702
f 1529/1877 2750/1830 3442/1876
f 4721/5766 6120/5765 1238/4759
f 3629/5768 5338/5767 5305/5625
f 3561/3651 110/4773 5072/5770
f 1186/2755 4649/5760 1238/4759
f 2853/2815 3357/2528 3196/3167
f 4862/5125 4271/5771 176/2713
f 1238/4759 4649/5760 221/2803
f 4328/4299 3905/5772 2821/5773
f 176/2713 4271/5771 4495/5774
f 4832/4760 6120/5765 4721/5766
f 4368/5775 4942/5115 3904/5776
f 2675/5077 2920/5778 4190/5056
f 6115/5594 4773/5659 5387/5593
f 5020/5663 1645/5681 1608/5692
f 5387/5593 4773/5659 4640/5753
f 3373/513 5553/515 1182/493
f 6120/5765 4832/4760 1238/4759
f 6115/2211 1255/2209 5431/5355
f 3453/2302 651/3241 4979/3093
f 1103/5780 3056/1630 3174/4592
f 1216/5783 5869/5782 2477/5784
f 488/3061 2601/549 4413/2490
f 5953/2801 4721/5766 1238/4759
f 2829/4767 4641/5786 5953/2801
f 5953/2801 4641/5786 4832/4760
f 2829/4767 4832/4760 4641/5786
f 5448/5621 5372/2667 5437/2716
f 2957/5757 3542/5702 5065/5787
f 4832/4760 4721/5766 5953/2801
f 2957/5757 5065/5787 5059/5516
f 1688/1142 4718/5661 4716/5670
f 3542/5702 3490/5763 5065/5787
f 5020/5663 1346/3354 1576/3139
f 5392/5595 5372/2667 5448/5621
f 4664/2774 2117/2783 4638/5647
f 235/5648 6105/4556 6106/4235
f 498/3236 2319/2213 3374/3422
f 236/5788 4638/5647 235/5648
f 5710/939 5978/1254 2372/941
f 3703/5790 1555/1888 4468/4994
f 5952/2322 323/4698 4535/5791
f 5305/5769 1669/5793 5986/4832
f 5284/1948 34/1947 5430/5794
f 5927/1937 2789/1938 1715/4247
f 2665/2603 3676/5795 3049/5796
f 602/3186 2806/5797 3895/2677
f 4484/5800 4582/5799 1345/5801
f 4582/5799 4484/5800 5218/22
f 3542/5702 2744/5700 2960/5764
f 5800/2146 6023/5677 5950/2508
f 3033/5266 3032/5296 1986/5563
f 5357/4940 5452/5802 6067/5803
f 931/1658 2515/1150 3214/1110
f 3259/3079 3475/5804 3657/3157
f 4617/5806 110/5805 234/893
f 1150/1904 3397/1905 5358/5807
f 5213/2329 4680/5808 6097/2328
f 5354/3542 5303/3320 5460/3208
f 5030/5809 2377/5498 5412/5499
f 2017/5387 5945/5810 1637/3333
f 1127/195 1129/152 4323/153
f 1438/691 4993/792 5629/1473
f 1583/4784 2948/4785 3689/4867
f 3550/3140 2957/5757 1645/5681
f 4891/4874 5256/4875 5569/378
f 6106/4235 236/5788 235/5648
f 459/3190 2806/5797 602/3186
f 717/5813 443/5812 5901/5814
f 54/1909 2830/3057 691/3053
f 3456/5301 3455/5816 2808/2221
f 213/5818 5484/2859 5294/2863
f 4664/2774 236/5788 6106/4235
f 2125/5317 1418/2847 472/2952
f 4617/5806 4578/5819 6010/5820
f 2720/5822 4795/5821 3183/2101
f 6010/5824 4618/3751 6004/2618
f 110/5805 4617/5806 6010/5820
f 4350/2107 3683/2108 3391/5251
f 1364/5827 5050/5825 5732/109
f 25/5829 3289/5828 3167/5830
f 3347/162 939/2218 926/1611
f 6010/5824 6004/2618 110/5831
f 1602/4889 2958/2189 1569/2190
f 3015/5605 1340/5617 1995/5603
f 2914/4839 2831/4840 3714/4602
f 3456/5301 2000/726 3512/2118
f 3714/4602 2831/4840 2427/2513
f 1396/1846 3157/1847 4548/4063
f 4686/2665 1274/2290 4344/2291
f 2980/4561 1113/5833 3040/4569
f 1285/2685 244/1141 2465/4382
f 3195/5835 3219/5834 2818/1342
f 2818/1342 3219/5834 3318/5836
f 2917/5837 3396/4611 3029/5838
f 3271/5840 2983/5839 1348/5841
f 4751/5540 4638/5647 2117/2783
f 240/3953 149/5588 2630/5587
f 5372/2667 1271/2924 4517/2668
f 3237/1875 1381/2495 5345/2530
f 3195/5835 2818/1342 5033/1340
f 2287/5843 5738/5842 5082/4706
f 3582/5197 2666/5208 2732/2457
f 2697/2583 5066/1349 5737/1534
f 5295/5844 2618/4888 5073/5845
f 2826/5847 4797/5846 5788/2367
f 4238/3011 1697/127 372/480
f 3512/5300 5639/2119 1717/5656
f 1502/3117 1468/3112 2679/2586
f 5643/2765 5332/4887 2574/4820
f 153/2766 5999/5848 4626/2782
f 3474/5267 3456/5301 3032/5296
f 5629/1473 173/1208 1438/691
f 2345/2862 500/3900 6013/2861
f 5337/3205 5460/3208 5303/3320
f 5701/5851 4620/5850 4621/4677
f 5835/2768 38/5852 181/2769
f 1614/5855 5680/5854 5341/1843
f 3424/4575 3212/5856 1532/2026
f 1163/5709 5856/1404 1170/865
f 6041/5858 4620/5850 5701/5851
f 5999/5848 6041/5858 5701/5851
f 3382/5860 5337/3205 5312/5859
f 3291/3905 695/3853 3332/3854
f 2361/5579 3205/5862 1192/1988
f 2852/1898 1458/1896 2835/5863
f 532/5864 3605/5416 1385/5865
f 3406/1897 2852/1898 2913/4609
f 3430/5866 3637/3156 3701/2215
f 1459/5869 3084/5868 2001/5870
f 3023/5265 2001/5870 3084/5868
f 2657/5872 2652/5871 3540/5873
f 2353/5875 2354/5874 3668/5876
f 3298/3958 4191/3978 3297/3930
f 2865/4608 2745/4582 2447/1957
f 2865/4608 2855/1958 2752/5877
f 4626/2782 5999/5848 5701/5851
f 2857/1664 3621/1662 455/5878
f 3490/5763 1953/5562 3300/5557
f 2701/2747 4806/2191 5540/2172
f 5697/4687 5783/4688 5791/4742
f 3701/5867 2503/3209 3359/3014
f 11/2595 3389/5706 4945/2565
f 3650/2217 1483/2214 3662/2212
f 3059/4566 2226/1622 3698/5879
f 6065/2408 2860/2409 2024/4851
f 2024/4851 2860/2409 3775/2411
f 2439/4295 3717/3200 2922/1670
f 2228/1813 2235/1850 1142/1812
f 4987/5880 3211/5014 600/5114
f 5059/5525 1430/5314 2957/5679
f 5218/22 368/4562 4582/5799
f 5625/5881 1272/2663 5550/400
f 1622/5882 1459/5869 2001/5870
f 3305/2373 5355/1136 4600/5883
f 2781/674 276/2270 1482/5884
f 4638/5647 236/5788 4664/2774
f 1164/4898 2424/4897 3532/5886
f 5989/3566 2872/3587 5194/5887
f 1944/1258 3020/1256 3617/5888
f 2103/5667 5304/5668 1191/5577
f 3540/5873 699/5889 2657/5872
f 5697/1310 5529/4674 3525/2250
f 334/2269 4691/5890 4807/2271
f 449/5188 3152/5309 1207/2074
f 3032/5299 3509/5541 1986/5891
f 3509/5520 3300/5557 1986/5563
f 5321/2796 5322/2636 2540/2635
f 3151/5393 3152/5311 869/5892
f 869/5892 3130/5893 3151/5393
f 2784/2015 3975/1331 5990/5895
f 2932/5897 2951/5896 2947/5898
f 2951/5896 545/2675 2947/5898
f 6010/5824 383/5606 4618/3751
f 3437/3319 4686/5610 4517/2666
f 4629/483 4681/481 3119/5899
f 3404/2983 722/2981 711/2940
f 4587/3750 5954/5900 4594/2865
f 4605/5762 420/2867 121/5901
f 2958/2189 1588/5752 5019/3351
f 5954/5900 4584/5902 524/5903
f 449/5188 3106/5196 3152/5309
f 5464/4584 3462/5904 1273/2479
f 1576/5906 1346/3353 1588/5752
f 4686/5610 3437/3319 4926/5907
f 4587/3750 383/5606 4630/5908
f 4575/5909 1615/3619 3136/5910
f 1576/5906 1588/5752 1610/5911
f 6010/5824 4630/5908 383/5606
f 1693/5913 5295/5844 5073/5845
f 4965/1702 1217/1700 514/2885
f 1654/5914 5028/5607 3222/5915
f 1363/704 3697/4753 4476/1763
f 4578/5819 4584/5917 6010/5820
f 2561/3179 3535/1280 514/2885
f 2905/1944 2437/1796 1947/1794
f 6080/4625 5826/2470 5825/3780
f 1947/1839 5227/1831 2905/1945
f 6033/5919 2886/5918 2889/5920
f 3550/5701 1654/3142 2744/5921
f 1295/1321 279/5922 1201/501
f 4630/5908 4584/5902 5954/5900
f 5483/4848 5474/2292 5479/5611
f 1915/4763 1602/4889 1566/4801
f 5954/5900 4587/3750 4630/5908
f 4270/5925 3131/5924 440/5926
f 445/5928 4555/5927 3075/1785
f 4581/5929 443/5815 3152/5309
f 4344/2291 5805/4847 3369/275
f 4852/5932 3130/5930 869/5894
f 651/1475 5711/1088 5165/1448
f 1270/2506 5384/2087 319/2403
f 4926/5907 3437/3319 3163/2478
f 524/5903 4602/5934 1396/1846
f 4517/2666 5392/2922 5303/3320
f 5358/5936 6050/5935 5312/5937
f 524/5903 4584/5902 4602/5934
f 5464/5905 5569/5939 5805/5941
f 5467/4873 5569/378 5464/5940
f 4584/5917 4578/5819 4602/5942
f 5805/5941 3462/5328 5464/5905
f 5835/2768 4626/2782 5701/5851
f 5640/5947 2764/5944 1479/5946
f 443/5812 869/5892 3152/5311
f 2362/4715 2915/4711 3220/5948
f 446/5949 440/5926 4852/5931
f 49/5951 6016/5950 5981/5952
f 1460/5953 1459/5869 1622/5882
f 1953/5562 3490/5763 2001/5870
f 4594/2865 2318/5954 2353/5875
f 5337/3205 1154/4547 1493/5304
f 2318/5954 2354/5874 2353/5875
f 1249/3616 1248/5955 1667/5956
f 121/5901 4594/2865 5954/5900
f 5200/2262 2338/3287 3429/5957
f 2686/1869 2917/5958 3029/2395
f 420/2867 4594/2865 121/5901
f 524/5903 121/5901 5954/5900
f 4975/1024 3246/1173 2099/2703
f 3152/5309 688/2073 1207/2074
f 2001/5870 3023/5265 3033/5266
f 2976/2043 3283/4656 5878/4657
f 1716/5959 1164/4804 2429/4802
f 4801/5961 5982/556 237/5962
f 5742/24 5600/5627 5995/128
f 5624/705 3697/4753 1363/704
f 4536/5964 4681/5963 2257/5965
f 1502/3117 2679/2586 4806/2191
f 3193/1560 2389/4635 3138/1562
f 3455/5816 3474/5267 3023/5265
f 372/480 1697/127 304/125
f 1724/1649 3518/1943 4970/3111
f 5118/5966 4780/5280 5640/5945
f 2808/2221 3455/5816 3084/5868
f 3349/5614 3396/4611 4805/5967
f 3046/5754 3075/1785 2896/2680
f 2226/1622 2933/4565 3128/1624
f 5464/5968 3382/4585 5312/5861
f 2933/4565 3059/4566 2980/4561
f 6003/1277 1405/1081 5854/3799
f 4891/4874 6050/5935 1682/5969
f 5497/5970 5703/1666 4518/2294
f 2807/5971 3642/5375 5285/76
f 5455/5065 2817/5119 2807/5374
f 2808/2221 2000/726 3456/5301
f 5212/191 1674/5973 3567/5974
f 3505/3648 1509/4166 1508/1144
f 1493/5304 5312/5859 5337/3205
f 5975/2617 49/5951 55/5235
f 3163/5933 1273/2476 5765/4861
f 2001/5870 3490/5763 1622/5882
f 3035/5977 3078/5976 2498/2866
f 2808/2221 3084/5868 5017/5978
f 6048/5980 1660/5979 1626/5981
f 4536/5983 4664/2774 240/3953
f 3700/5984 4810/2378 1169/5985
f 47/2651 2722/5986 6052/5987
f 2415/2414 2963/5638 5226/2423
f 3033/5266 1987/5561 2001/5870
f 202/1337 3253/5989 5007/942
f 240/3953 2630/5587 4536/5983
f 5722/5993 1654/3141 1576/3139
f 3516/5994 3012/2886 3531/5995
f 4680/5808 1367/2582 1296/2581
f 185/4882 4275/5996 4620/5850
f 2916/5608 5028/5607 5722/5992
f 3008/6000 5028/5997 3481/5999
f 5302/4858 4237/2613 4510/6001
f 3237/1875 5997/2492 5998/2493
f 2257/5965 4681/5963 5879/482
f 5075/6002 5748/5604 1995/5603
f 5185/6003 3195/5835 446/6004
f 1304/6005 443/5812 717/5813
f 1414/5434 1440/1655 3317/1653
f 1359/1759 6097/2328 1125/1749
f 869/5894 1304/6006 4852/5932
f 869/5892 443/5812 1304/6005
f 3655/6009 26/6008 3564/6010
f 4683/6012 3769/6011 3130/5392
f 3699/6015 390/6013 3133/367
f 2034/3903 2692/615 918/1593
f 5834/520 5791/4742 5724/1096
f 4620/5850 6041/5858 4513/4871
f 3481/5601 5028/5607 3015/5605
f 4737/4872 5953/2801 147/2802
f 5632/5592 529/1114 5504/611
f 5953/2801 4871/4870 2054/6016
f 2598/6017 2785/4737 5774/6018
f 3245/548 5610/479 1272/2663
f 4737/4872 147/2802 254/4883
f 5748/5602 5168/6020 3481/6022
f 1179/1797 5801/5696 1136/1703
f 5900/585 5848/583 5907/1007
f 4885/4755 2598/6017 4689/4740
f 390/6024 3699/6014 5455/5067
f 5238/3372 5424/4590 5361/3202
f 3481/6022 5168/6020 2000/724
f 4726/5612 1281/6025 147/2802
f 443/5815 3155/5187 3286/5165
f 147/2802 1281/6025 254/4883
f 3687/3913 4476/1763 3697/4753
f 1326/1784 413/2856 412/1783
f 443/5815 4581/5929 3155/5187
f 254/4883 185/4882 4737/4872
f 5238/3372 5310/3373 5424/4590
f 5817/2775 2257/6028 3185/6029
f 5075/6002 1594/4913 5748/5604
f 2540/2635 3216/2392 1377/2393
f 5210/6031 610/5695 4944/6032
f 3283/4656 2976/2043 348/2041
f 2363/6036 2760/6035 2355/6037
f 6074/3720 5641/6038 1287/285
f 4581/5929 3152/5309 3106/5196
f 387/6042 2979/6040 402/5631
f 4623/2019 5808/436 5718/444
f 1924/4697 2441/4710 1134/6043
f 4815/3017 5280/6044 5277/6045
f 4816/2795 4815/3017 5277/6045
f 5075/6002 1995/5603 5058/5615
f 5748/6021 1594/6030 3027/6046
f 1555/5789 4624/4757 3006/4756
f 4852/5931 3131/5924 4683/6012
f 5040/6048 5075/6002 5058/5615
f 1436/4560 2980/4561 3059/4566
f 2838/912 2697/2583 5167/668
f 343/982 3483/983 1286/5369
f 5642/2082 4747/6050 3576/6051
f 5311/6052 4885/4755 2607/6053
f 4885/4755 5311/6052 2793/4754
f 1407/1883 3274/2556 5800/2146
f 1739/6055 5075/6054 4805/5613
f 5312/5859 1493/5304 1425/4649
f 2355/6037 2760/6035 49/5951
f 440/5926 446/5949 4270/5925
f 5430/5794 3305/2373 4899/2371
f 5354/2477 5464/4584 1273/2479
f 1116/1724 5244/2353 1126/1758
f 5337/3205 5303/3320 1154/4547
f 2120/1827 2987/1828 1157/1852
f 5284/1948 5430/5794 655/2372
f 1133/5363 2975/6056 2973/6057
f 2712/575 2730/2406 5328/2742
f 272/6060 3312/6058 267/3881
f 2201/6062 3396/4611 2913/4609
f 4805/5967 3396/4611 2201/6062
f 6047/5132 4647/5346 4458/5047
f 5159/2833 1385/5865 3605/5416
f 2982/3294 48/4761 2912/502
f 2962/3816 1990/3194 1181/1966
f 1548/1911 54/1909 691/3053
f 691/3053 1469/3089 1548/1911
f 5953/2801 2054/6016 2829/4767
f 2924/6066 3435/6063 4563/6065
f 1139/1769 1132/1786 2025/1696
f 2932/5897 2947/5898 588/6067
f 4796/6071 3279/6068 289/6070
f 5040/6047 4583/5560 4805/5613
f 5224/2084 5642/2082 3576/6051
f 3330/5060 5356/6072 5308/6073
f 3308/2255 3646/3195 4283/2257
f 4631/5050 4759/5749 4632/5750
f 5851/5494 2520/6075 6002/5331
f 1283/2194 4754/2192 5852/2231
f 3524/437 5529/4674 5785/4675
f 4633/956 5876/141 4934/139
f 4805/5613 2946/6076 1739/6055
f 5242/2453 3250/6077 723/2455
f 2897/6079 3073/6078 2381/6080
f 3703/6081 4828/1811 1142/1812
f 5164/6083 4481/6082 3250/322
f 2593/3203 3703/6081 1142/1812
f 2937/6086 1728/6085 1226/6087
f 5186/6088 4706/4837 5146/4838
f 5424/4590 5303/3320 5387/5593
f 5393/5345 5424/4590 4640/5753
f 5303/3320 5424/4590 1154/4547
f 3472/5534 3459/5518 5059/5516
f 3576/6051 4747/6050 4472/2615
f 254/4881 4747/6050 5642/2082
f 2945/6089 3384/4559 3340/6090
f 4737/4872 4620/5850 4513/4871
f 2553/1916 5616/6092 5555/6093
f 3139/6095 6072/6094 5031/6096
f 3045/6097 5031/6096 3372/6098
f 3384/4559 1436/4560 3340/6090
f 2779/2127 2778/2113 3476/2133
f 5389/2052 4772/5064 205/5489
f 5315/6100 5844/6099 2017/5387
f 5546/5445 3293/6101 3380/4750
f 1256/2144 5250/2145 6043/2220
f 3443/5542 3419/5519 3509/5520
f 5555/6093 2547/1915 2553/1916
f 2910/6104 673/6102 14/3099
f 488/3061 5610/479 2601/549
f 5075/6054 5040/6047 4805/5613
f 6043/2220 6044/2226 1256/2144
f 3189/6106 3056/6105 1103/5779
f 5045/5545 5050/6107 5037/5546
f 3029/2395 3349/5558 3392/5559
f 3287/6109 3522/1116 5270/6110
f 3705/5395 5283/6111 4723/5511
f 5403/2793 4758/5751 6102/5509
f 34/1947 5355/1136 3305/2373
f 173/1208 4991/774 1438/691
f 1099/1652 5801/5696 1229/1950
f 5999/5848 4513/4871 6041/5858
f 2766/6115 3360/6112 4268/6114
f 2152/5399 2842/2860 320/5474
f 3443/5542 1473/5515 3459/5518
f 5953/2801 4737/4872 4871/4870
f 6102/5357 4782/2781 1410/2465
f 320/5474 2842/2860 5434/6116
f 1487/2809 2455/3095 1517/3046
f 446/6004 3195/5835 3769/6117
f 5436/5421 5393/5348 4770/5485
f 5092/5502 3071/6118 5063/6119
f 3071/6121 3207/6120 3439/6122
f 2751/5271 5053/6124 3384/4559
f 1638/1971 5919/6125 1097/6126
f 4481/6082 3517/376 3250/322
f 1639/1972 3588/6127 9/6128
f 4768/5665 5393/5345 4640/5753
f 5927/1937 1155/4591 5926/4612
f 5361/3202 5424/4590 5393/5345
f 1989/2532 3215/2388 1491/2386
f 2580/5480 2683/1855 1209/5479
f 1425/4649 1150/1904 5358/5807
f 2895/1922 3089/1920 2782/1918
f 5393/5345 6047/5132 5604/3175
f 3091/3097 3438/3098 2866/6130
f 4657/3123 3109/5152 3042/1484
f 5604/3175 6047/5132 4789/5054
f 3042/1484 3109/5152 3678/1490
f 5927/1937 5974/4869 4779/6132
f 3412/6133 5040/6047 2956/6134
f 1597/1935 3615/1936 2789/1938
f 3309/5459 3626/5460 3606/5623
f 2779/2127 3126/2104 3710/2126
f 5604/3174 3971/3172 2046/1886
f 3372/6098 3127/6135 3045/6097
f 2354/5874 233/6136 3668/5876
f 5355/1136 4856/2706 4540/1138
f 6098/2590 5025/5011 4994/5012
f 153/2766 4871/4870 4513/4871
f 3703/5790 4468/4994 5272/1671
f 431/6139 1641/6137 5636/760
f 139/4903 2054/6016 4871/4870
f 5803/6141 5919/6125 5457/6142
f 4513/4871 5999/5848 153/2766
f 5025/5011 6098/2590 3257/6143
f 3239/2259 3169/2600 11/2595
f 5616/6092 5611/6144 5555/6093
f 2046/1886 3703/1887 2593/6084
f 1124/1695 2025/1696 2962/3816
f 237/6146 200/5277 289/6145
f 3396/4611 2917/5837 3698/5879
f 5269/2429 5248/2521 5241/2352
f 2182/5432 1447/5433 1449/1880
f 2980/4561 3208/6147 3031/6148
f 384/6150 5938/6149 480/2684
f 5996/2767 1180/4743 1662/4745
f 1449/1880 1447/5433 3343/6151
f 3447/4795 3009/6152 6086/4822
f 2944/514 3320/6153 4827/6154
f 5195/3454 1181/1966 1990/3194
f 1565/307 2900/3415 2325/6155
f 431/6157 5636/6140 5315/6156
f 4731/2519 2510/2695 3480/2354
f 3118/6159 3563/6158 4881/6160
f 1369/6162 1119/2643 5832/1738
f 2712/575 5662/2420 6039/2421
f 4881/4815 3563/6161 5958/5645
f 5397/192 267/3882 5212/191
f 686/4893 1579/4800 2948/4785
f 2720/5822 3183/2101 4788/6165
f 2141/968 958/3666 908/970
f 4599/4790 2389/4635 3193/1560
f 3029/2395 3392/5559 3370/2394
f 2424/5517 1473/5515 3532/5298
f 1640/6168 3212/6167 9/6128
f 9/6128 3212/6167 1533/1229
f 2510/2695 1455/2696 3480/2354
f 6026/6169 6083/5452 6006/5453
f 5310/3373 1543/3371 1733/2871
f 2918/6170 3407/3151 2183/3152
f 3627/6171 3360/6112 4788/6166
f 2409/4557 3181/5412 3276/5410
f 5182/6172 3642/5375 2931/6173
f 1288/1708 6011/1459 2487/2155
f 5053/6124 1568/56 3384/4559
f 5397/192 4803/193 4707/565
f 5236/6174 5038/3041 4972/6175
f 3566/3754 1746/3773 907/6176
f 3330/5060 5747/787 2721/6177
f 2523/2156 107/2154 1358/1304
f 1381/2495 1333/2496 1384/2494
f 2365/4686 1716/4717 2429/5960
f 1272/2663 5610/479 5550/400
f 1340/5616 3223/2340 5058/6049
f 5933/2062 5934/476 4705/472
f 5926/4612 1155/4591 5839/1861
f 4537/2170 3685/2978 3701/2215
f 2777/2112 2778/2113 3710/2126
f 6123/1008 5688/5353 5598/6178
f 5224/2084 4457/6179 4804/2083
f 2962/3816 2025/1696 1132/1786
f 3303/5457 3296/5501 3204/3505
f 4460/6181 5401/6180 5846/6182
f 5088/2094 4236/6183 3667/6184
f 3126/2104 2779/2127 3171/2103
f 5400/6186 5373/6185 5846/6187
f 3713/6188 5401/6180 4460/6181
f 1649/1976 4569/1977 3673/6189
f 3342/6191 1456/4610 3698/5879
f 5226/2423 1529/1877 3237/1875
f 5575/5486 5811/4841 5596/6192
f 3308/2255 3622/6193 2202/1864
f 1491/2386 5226/2423 1311/2422
f 5226/2423 1491/2386 2518/2634
f 5399/6194 3713/6188 194/5643
f 5399/6194 5400/6195 5401/6180
f 3248/3486 5147/3548 5061/3306
f 3373/513 1182/493 5567/512
f 5884/2440 1383/497 1370/2505
f 1531/1757 5743/6196 1161/6197
f 1990/3194 5307/3198 5195/3454
f 1529/1877 5226/2423 2963/5638
f 4788/6166 3360/6112 6025/6198
f 3392/5559 3014/1879 3306/6200
f 4876/6202 2325/6155 2900/3415
f 2183/3152 2182/5432 2918/6170
f 1424/5213 5054/3033 5211/2926
f 5383/6203 5373/6185 5378/6204
f 613/112 3743/4202 3830/111
f 3412/6133 2956/6134 3407/3151
f 3407/3151 2918/6170 3057/1881
f 5846/6182 5401/6180 5400/6195
f 3014/1879 3343/6151 3306/6200
f 4733/6205 2641/2729 5694/1143
f 3303/5457 698/3506 3103/3323
f 5625/6206 5906/399 308/6207
f 2686/1869 5160/1870 2917/5958
f 3613/4587 3066/58 3135/5382
f 5496/2129 5191/2130 5199/6208
f 3135/5382 3066/58 1568/56
f 6014/4890 3405/6209 4801/5961
f 4620/5850 4737/4872 185/4882
f 5560/475 5625/5881 5647/6210
f 4801/5961 3405/6209 542/4892
f 1580/6214 3708/6211 138/6213
f 1660/5979 4743/6216 1626/5981
f 3555/2884 3577/6217 408/1994
f 6020/3132 5186/6088 5731/6218
f 4353/6219 5846/6182 1265/6220
f 5560/475 5647/6210 5632/1722
f 3406/1897 1456/4610 3342/6191
f 444/6221 384/6150 5144/2683
f 3212/6167 3424/5857 1533/1229
f 426/1996 1290/2843 408/1994
f 426/1996 2139/6222 510/2905
f 3439/6123 5063/6119 3071/6118
f 5400/6186 5381/6223 5378/6204
f 4555/5927 481/6224 67/6225
f 3439/6123 3204/3505 3296/5501
f 5346/6228 5879/484 3727/6227
f 4621/4677 4620/5850 4275/5996
f 5571/4571 5449/6229 4693/6230
f 1280/1741 1279/1739 3244/6232
f 3028/2335 3306/6200 3270/6233
f 3345/2374 5121/6234 5100/6236
f 5827/4597 5822/4595 4752/6237
f 509/2883 3594/6238 2693/6239
f 1247/6240 5042/1635 5170/2624
f 5272/1671 4828/3094 3703/5790
f 3685/2978 3633/2846 2503/2996
f 532/5864 1385/5865 5193/4618
f 1632/6241 3039/5735 3295/5720
f 3370/2394 3392/5559 3306/6200
f 2952/3150 1420/6242 5108/6243
f 5846/6187 3375/2626 1265/6244
f 4831/6245 5879/482 5346/6226
f 4355/6247 2308/6246 3716/6248
f 7/6250 1703/6249 1652/5439
f 2572/6254 2800/6251 1512/6253
f 1504/6256 3285/2056 1462/2057
f 5346/6228 3727/6227 4321/6258
f 372/480 308/5756 5906/529
f 5846/6187 5383/6203 5376/6259
f 5211/2926 1522/2927 1424/5213
f 4809/981 343/982 5461/5478
f 1420/6242 2952/3150 5112/6260
f 3223/2340 2956/6134 5040/6047
f 3384/4559 1568/56 3208/6147
f 5392/5595 6116/2210 6115/2211
f 3287/6109 5270/6110 3399/6261
f 5409/6263 5897/6262 4532/6264
f 3446/5633 3444/6266 3445/5634
f 5996/2767 1662/4745 153/2766
f 3105/3316 3228/5458 3103/3323
f 4924/5173 3228/5458 3105/3316
f 2714/2873 3037/2902 4605/5762
f 3664/6269 5363/6268 3711/6270
f 5121/6234 5126/6271 5100/6236
f 672/5000 3228/5458 3187/4999
f 3588/6127 1640/6168 9/6128
f 5325/6274 529/6272 304/125
f 5433/6275 3711/6270 1184/1674
f 1184/1674 1261/1730 5433/6275
f 3193/1560 4611/1486 4599/4790
f 4700/6276 3952/2095 1222/2096
f 5886/41 5822/695 5802/4596
f 1686/107 2560/728 5732/109
f 5179/6277 3487/1554 142/2693
f 5990/5895 3975/1331 5792/6278
f 3368/6280 3116/6279 3191/6281
f 3191/6281 3116/6279 3319/2311
f 4867/1215 4714/1162 4868/6282
f 1157/1852 2614/3385 2632/6283
f 5814/6284 4809/981 5367/6285
f 2614/3385 1157/1852 1156/1910
f 2619/5443 3673/5441 4569/6190
f 1135/1787 1131/1744 5715/1762
f 5263/54 5443/20 4653/53
f 3368/6280 3191/6281 2945/6287
f 1581/2764 6064/2816 5823/6289
f 3340/6091 2989/2310 3368/6280
f 2777/2112 3684/2058 3981/2059
f 3518/3282 2905/1945 5227/1831
f 1532/2026 1707/4574 3424/4575
f 2564/6291 231/6290 3230/6292
f 3368/6280 2989/2310 3116/6279
f 3311/6295 3356/6294 5325/6273
f 3520/1678 4651/859 1196/6296
f 4629/483 3727/6227 5879/484
f 4277/6297 5846/6182 4353/6219
f 45/6298 2781/674 5499/675
f 5292/6299 3648/15 4606/6300
f 3378/4567 5187/2427 3575/5721
f 5495/1932 5128/6301 3675/6302
f 2686/1869 5141/3310 3052/1868
f 5160/1870 3698/6303 2917/5958
f 4909/3136 6123/1008 5598/6178
f 3029/5838 3396/4611 3349/5614
f 2686/1869 3370/2394 3028/2335
f 5022/1026 4975/1024 2099/2703
f 4544/6304 5370/5429 4995/5427
f 3158/2857 6119/2858 1669/5793
f 3133/369 3004/93 5185/5157
f 1255/2209 6116/2210 4782/2781
f 2895/1922 3527/2252 451/1921
f 3270/6233 3306/6200 3343/6151
f 688/2073 3130/5392 3769/6011
f 1584/1729 1477/1743 1694/3145
f 3802/6309 1258/6306 5237/6308
f 3711/6270 5433/6275 3664/6269
f 1382/2120 1484/2013 2971/3543
f 2941/292 3343/6151 2966/243
f 5281/6314 6121/6310 3383/6312
f 4567/95 3548/6315 3654/6316
f 3093/1205 1540/3742 900/1206
f 5212/191 3312/3880 1674/5973
f 5306/6319 353/6318 5777/6320
f 5393/5345 4768/5665 4770/5484
f 298/5276 4796/6071 3660/6321
f 1556/5712 5788/2367 385/5711
f 4458/5047 4759/6322 4631/5048
f 5774/2828 4455/6323 318/6324
f 4782/2781 5431/5355 1255/2209
f 5479/5611 4926/5609 5765/4861
f 6103/6327 3160/6325 2687/4302
f 5884/715 6090/5477 1383/499
f 1184/1674 1258/6328 4606/6300
f 1258/6328 1184/1674 3711/6270
f 5363/6268 3664/6269 1674/6329
f 248/6333 231/6290 203/6332
f 2964/6335 1202/6334 1411/1681
f 6087/1381 1526/698 5735/699
f 1380/1225 1379/1817 3317/1653
f 5363/6268 3707/6336 1258/6328
f 3342/6191 3698/5879 1457/6338
f 5828/5368 6084/6339 6083/5452
f 1411/1681 1202/6334 1203/6340
f 3437/3319 5354/3542 3163/2478
f 4791/4662 6089/4663 4834/6341
f 5777/6342 5370/5429 4544/6304
f 3004/93 3133/369 3304/368
f 3342/6191 1457/6338 3406/1897
f 6079/6344 2415/2414 2518/2634
f 5837/5390 4817/6345 1641/6346
f 2201/6062 2234/6347 3361/6348
f 3309/5459 2931/5461 5145/5450
f 3306/6200 3028/2335 3370/2394
f 3361/6348 2234/6347 2263/6350
f 5353/2366 1556/5712 4253/6351
f 3225/5444 4970/6352 5056/3283
f 2263/6350 2234/6347 2903/6354
f 6095/1953 5305/5625 5338/5767
f 2903/6354 2234/6347 2201/6062
f 5698/4758 5578/3390 5581/3092
f 360/6357 5543/6355 358/6356
f 5435/6358 1596/2831 5131/2832
f 3309/6349 4682/5465 2931/6173
f 1709/2060 3085/2128 3981/2059
f 3312/6317 3707/6336 5363/6268
f 5433/6275 4532/6265 3664/6269
f 5091/4704 2565/6360 5309/144
f 1182/493 5553/515 5525/339
f 3254/5128 5493/6362 3522/6363
f 2263/6350 2706/6364 2726/1987
f 174/6366 3253/6365 4749/6367
f 3588/6127 1639/1972 5775/6368
f 5111/2341 3589/2342 5136/6369
f 5136/6371 3589/6370 2772/2202
f 6055/6372 6090/5477 1354/1699
f 2728/6373 2201/6062 2913/4609
f 3340/6091 3339/2363 1366/6374
f 3319/2311 3116/6279 2989/2310
f 344/6375 1591/2557 2764/6376
f 2201/6062 3242/6378 2903/6354
f 3658/6380 4353/6379 4321/6381
f 3460/4823 1450/5476 3642/5372
f 4743/6385 5343/6382 3554/6383
f 4777/6386 5183/1306 5411/6387
f 3522/6363 5493/6362 411/6389
f 4951/5436 5108/6243 5126/6271
f 5897/6262 3713/6188 4532/6264
f 4563/6065 2986/5624 2945/6390
f 3031/6148 1113/5833 2980/4561
f 3031/6148 3208/6147 1408/57
f 6014/4890 237/5962 219/6391
f 35/6393 3603/6392 4532/6359
f 6050/5935 4891/4874 5467/4873
f 3769/6011 4683/6012 4270/5925
f 144/6394 255/2792 4839/2790
f 5626/26 10/27 3774/178
f 4537/2170 3701/2215 3164/2216
f 6044/2226 6043/2220 6042/6395
f 1450/5476 3460/4823 3560/1654
f 2707/6397 169/6396 86/6398
f 86/6398 169/6396 3147/6399
f 1436/4560 3070/6400 3052/6401
f 4277/6297 4644/6403 4485/6404
f 5731/6218 2764/6406 6020/3132
f 5846/6182 4277/6297 4460/6181
f 4485/6407 35/6393 4532/6359
f 4275/5996 4681/4679 4621/4677
f 3632/6409 5959/6408 5328/2741
f 5301/6411 5279/6410 2557/6412
f 5346/6226 1265/6414 4831/6245
f 2752/5877 2835/5863 2893/6415
f 1633/4576 6035/6416 3424/4575
f 5104/508 3563/6418 411/6389
f 2752/5877 2893/6415 2898/6420
f 612/3844 448/4642 3624/3740
f 6031/2498 3156/2347 2575/5206
f 6026/6169 5828/5368 6083/5452
f 3040/4569 3128/1624 2933/4565
f 3727/6227 4629/483 3119/5899
f 5403/2793 4632/6421 4758/5751
f 185/4882 4546/6422 4275/5996
f 1265/6220 4321/6258 4353/6219
f 5014/4246 3615/1936 1593/1934
f 2398/4165 5694/1143 1508/1144
f 2893/6415 1458/1896 1457/6338
f 4485/6404 4532/6264 3713/6188
f 43/6425 3230/6423 169/6396
f 1453/6427 3617/5888 3020/1256
f 1345/5801 34/1947 4484/5800
f 5180/5039 4814/5045 4627/5038
f 1408/57 3208/6147 1568/56
f 4472/2615 4747/6050 4725/2779
f 1457/6338 2226/1622 2893/6415
f 6095/1953 5294/5294 5819/5626
f 1453/6426 2585/6428 2357/6429
f 289/6070 3660/6321 4796/6071
f 3698/5879 2226/1622 1457/6338
f 2122/1182 896/1558 894/6430
f 2564/6291 203/6332 231/6290
f 3664/6431 4532/6359 3603/6392
f 3360/6112 3627/6171 4857/2100
f 6023/5677 6024/896 5950/2508
f 6024/896 6023/5677 69/6433
f 2980/4561 3384/4559 3208/6147
f 1458/1896 3406/1897 1457/6338
f 4282/6435 3636/6434 3567/6436
f 5716/6439 1592/1952 6053/6438
f 3567/6436 3603/6392 35/6393
f 4804/2083 4457/6179 3636/6437
f 5534/6441 3636/6437 4457/6179
f 4814/5045 5885/180 4627/5038
f 35/6393 4282/6435 3567/6436
f 3567/5974 5534/6441 5212/191
f 4754/6442 4632/6421 5403/2793
f 4795/5821 5792/6278 3975/1331
f 5801/5696 5949/1942 3638/1941
f 4754/5042 4631/5050 4632/5750
f 3567/5974 3636/6437 5534/6441
f 3262/2621 3440/3571 3132/3377
f 3030/4821 4260/4554 3138/1562
f 3446/6267 5173/6443 1318/6444
f 4804/6446 4485/6407 3112/6447
f 1136/1703 5801/5696 3638/1941
f 3446/6267 3692/6448 5173/6443
f 3257/6143 116/6450 3372/6098
f 1318/2962 5173/6445 3507/2961
f 4804/6446 35/6393 4485/6407
f 5526/438 5808/436 1197/2012
f 1414/5434 3674/4586 1441/5381
f 6119/2858 5986/4832 1669/5793
f 3654/6452 390/6024 5455/5067
f 4485/6404 3713/6188 4460/6181
f 6095/1953 5716/1951 113/6453
f 5632/1722 5647/6210 529/6272
f 4485/6404 4460/6181 4277/6297
f 5582/4811 5903/4070 3491/5487
f 2742/6454 5596/6192 3445/5352
f 1674/5975 3664/6330 3603/6432
f 200/5277 3660/5275 289/6145
f 3445/6455 6087/2351 2742/2350
f 1328/2401 5994/2558 5220/6456
f 3622/1862 5991/6457 1919/6458
f 5986/4832 5985/5570 5305/5769
f 283/6460 5475/6459 384/6150
f 5886/41 5380/42 5831/923
f 4754/2192 5403/3180 1257/2232
f 3622/6193 4729/6461 5991/5671
f 335/49 5979/6462 4289/6463
f 4353/6219 4644/6403 4277/6297
f 3247/5468 342/5744 447/5742
f 214/3160 3673/5441 2599/5442
f 1318/6444 5540/6464 3444/5676
f 1373/172 5911/181 3595/171
f 1721/6465 5751/5033 1538/1355
f 1567/2564 2683/1855 2580/5480
f 5444/6467 1573/6466 1903/6468
f 308/5756 304/125 529/6272
f 5858/3000 5913/2361 5870/2321
f 5957/6470 5023/6469 5965/6471
f 5955/6473 2694/6472 1208/6474
f 1462/2057 2606/2055 2972/5467
f 2939/5490 4995/6305 3250/322
f 3595/171 5421/5553 5394/173
f 3577/6477 3555/1753 3553/1751
f 3568/6480 1297/6478 3555/2884
f 1373/172 5628/4849 5911/181
f 3128/1624 3040/4569 1113/5833
f 3568/6479 3251/6481 1297/6482
f 2782/6129 3526/6483 2895/2254
f 3592/2616 2462/5234 5634/6484
f 5962/3489 5961/2968 2526/5686
f 3205/5862 3536/1998 1192/1988
f 5988/6485 1428/3050 392/6486
f 4822/1223 3923/5068 4657/3122
f 5940/3067 4580/6487 5939/6488
f 6028/6489 1220/2027 5775/6490
f 5861/2664 5934/476 1585/2852
f 4657/3123 3042/1484 3193/1485
f 6006/5453 1383/499 6055/6372
f 5394/173 6114/2140 1373/172
f 4847/3020 3551/1793 3496/1791
f 5738/1112 5057/1113 5190/5690
f 6076/612 4705/472 5934/476
f 1639/1972 4268/6114 4857/2100
f 5909/2990 5908/6491 309/2989
f 5989/3566 5319/5332 2135/3565
f 1301/6492 1097/6126 2882/6493
f 3635/5373 2817/5119 3460/4823
f 291/3233 2004/2953 1445/2951
f 2898/6420 2893/6415 1095/1623
f 3059/4566 3698/5879 3070/6400
f 5891/6495 5890/6494 1252/1917
f 1198/6497 5251/6496 3181/5412
f 1680/4232 2139/6222 1190/1995
f 3242/6500 2728/6498 2179/6499
f 5775/6490 1220/2027 1640/2028
f 2526/5682 5917/5683 5936/3030
f 5014/4246 2146/4627 1467/4104
f 5883/6501 4497/2838 309/2991
f 5688/5353 5596/6192 5811/4841
f 5875/6503 5874/6502 5873/6504
f 5943/4854 5944/3488 5915/3334
f 5908/6491 1562/6505 309/2989
f 73/1061 3774/178 10/27
f 3407/3151 2956/6134 5111/2341
f 4497/686 4580/6487 157/1327
f 5351/6508 6061/6507 5391/6509
f 1084/3012 625/3058 3454/3088
f 5182/6172 2931/6173 4682/5465
f 5893/2061 5913/2361 5858/3000
f 5951/2864 1421/2868 5866/2704
f 2308/6246 4355/6247 3197/6510
f 3197/6510 4355/6247 3659/6511
f 446/6004 3133/6512 5185/6003
f 2707/6397 86/6398 4787/6513
f 384/6150 444/6221 283/6460
f 2913/4609 2179/6515 2728/6373
f 2893/6415 2226/1622 1095/1623
f 3541/6517 2504/6516 3539/6518
f 3687/3913 3238/4752 1545/3852
f 1526/6520 1527/4894 5502/2225
f 4826/4850 1375/379 5590/4948
f 5627/6521 3692/5302 5500/2909
f 2615/3502 1004/3503 891/1547
f 3513/3279 4765/6522 1468/5414
f 1408/57 4260/4554 3031/6148
f 4497/762 5636/760 5909/2990
f 705/4630 2636/126 6110/6523
f 1234/1531 3726/2206 5545/3096
f 3534/3288 1299/2911 2727/3124
f 3879/1042 2416/1040 2380/5619
f 1652/5439 4473/6524 7/6250
f 7/6250 5669/6526 6059/6527
f 2017/5387 431/6138 5315/6100
f 3698/5879 1456/4610 3396/4611
f 5046/2008 5366/4836 5281/6314
f 3577/6477 3545/3021 2837/5285
f 616/2910 188/2913 3422/2912
f 5160/1870 3070/6402 3698/6303
f 3070/6400 1436/4560 3059/4566
f 3531/5995 2895/2254 3526/6483
f 3667/6184 2555/6528 4700/6529
f 4805/5967 3361/6348 1988/6530
f 3516/5994 3531/5995 3526/6483
f 3526/6483 2837/5285 2382/5286
f 920/1595 2066/1596 2783/1594
f 5837/5390 1641/6346 431/6138
f 5836/3210 2017/5387 2805/3027
f 3675/6302 3696/6531 5495/1932
f 3432/858 4651/859 3520/1678
f 2382/5286 3501/3818 3516/5994
f 1152/1621 2716/2456 4775/6532
f 3674/4586 1379/1817 1108/5471
f 2913/4609 1456/4610 3406/1897
f 2434/6534 2426/5337 5968/5335
f 1444/6536 5154/6535 5153/6537
f 5833/6539 5832/1737 6080/6540
f 4427/788 5656/6541 2721/6177
f 6027/2325 545/2675 558/2676
f 6030/32 5563/2441 6092/2177
f 5825/3780 5833/6542 6080/4625
f 3680/6544 3653/3238 3780/6543
f 3242/6378 2201/6062 2728/6373
f 3153/5069 2898/6420 1095/1623
f 898/1570 954/2944 3377/1568
f 5153/6537 1520/6546 1444/6536
f 3361/6348 4805/5967 2201/6062
f 5361/3202 2591/1848 5238/3372
f 2179/6515 2913/4609 2852/1898
f 2747/4626 1680/4232 1189/1919
f 1527/6519 3444/5673 5502/5674
f 949/2324 3417/1585 3519/2448
f 6050/5935 5358/5936 4763/6548
f 5787/2034 5809/2032 5950/2507
f 3133/367 4852/6550 3699/6015
f 3501/3818 4847/3020 3932/6552
f 6063/5731 6052/5729 279/5922
f 4852/5931 3133/6551 446/5949
f 4537/2170 3164/2216 2778/2113
f 1519/148 6030/32 1392/150
f 2716/2456 1152/1621 1563/1697
f 3501/3818 3932/6552 3466/6554
f 5256/4875 5590/4948 1375/379
f 6024/896 69/6433 5797/2368
f 6030/29 5922/6555 5563/700
f 5563/700 6017/381 5884/715
f 1625/2106 2617/2105 5137/6556
f 5627/329 1505/330 5657/6557
f 5540/2172 1237/2143 5502/2225
f 2946/6559 4805/5967 1988/6530
f 3205/5862 2488/1997 3536/1998
f 2437/1796 1229/1650 1140/1795
f 3495/2102 3394/2245 3126/2104
f 2021/5308 6111/2757 5851/5495
f 2852/1898 2835/5863 2179/6515
f 1466/2444 5828/5368 5784/2443
f 2792/466 1905/3460 888/467
f 1102/1771 5824/3564 6075/2656
f 4609/5556 3314/6560 3394/3299
f 1633/4576 1707/4574 1708/6561
f 5333/6562 5432/5034 5751/5033
f 2855/6563 2336/1959 2179/6499
f 3242/6500 2179/6499 2336/1959
f 5175/70 5638/6564 1204/6565
f 3326/6566 1436/4560 3052/6401
f 3155/5187 4581/5929 3106/5196
f 446/5949 3769/6011 4270/5925
f 2257/5965 1286/5369 164/6567
f 5627/6521 5138/6568 3692/5302
f 5502/2225 6042/6395 1526/6520
f 3692/5302 3446/5633 4811/5303
f 2835/5863 2855/1958 2179/6515
f 2874/780 4916/1487 5995/130
f 5325/6273 5523/6570 529/1114
f 3692/5302 5138/6568 5657/6558
f 2751/5271 3384/4559 2986/5622
f 4569/6573 5983/6572 4954/6574
f 1095/1623 3128/1624 3153/5069
f 1105/2184 1563/1697 1399/1698
f 5280/6576 1710/2948 1711/2946
f 5006/6577 6012/5550 116/6450
f 2069/6579 3468/6578 428/6580
f 5493/6362 2560/728 5453/510
f 5217/1726 5321/2796 2540/2635
f 5115/6581 5321/2796 4816/2795
f 3722/4720 3110/5312 2969/5073
f 5115/2947 5222/2415 6079/2413
f 5038/3041 2461/3034 2459/2818
f 5800/2146 5795/2412 2813/2370
f 5693/2890 5408/7 1917/6582
f 5894/4572 4622/702 5571/4571
f 5825/3780 5826/2470 1395/2718
f 2726/1987 2706/6364 2336/1956
f 2706/6364 3242/6378 2336/1956
f 447/833 5295/5844 1693/5913
f 3257/6143 5031/6096 6072/6094
f 1209/5479 5204/1660 5494/1661
f 4287/6583 1199/2941 36/2942
f 2752/5877 2855/1958 2835/5863
f 1520/6546 5769/6584 1444/6536
f 4441/5005 6072/6094 5085/2167
f 5220/6456 1310/2400 1328/2401
f 5251/6496 2609/6585 3181/5412
f 2287/6587 5637/6586 1652/6588
f 5539/1357 1620/5153 5600/5627
f 5972/6590 3331/6589 157/6591
f 3466/6554 3493/6593 3501/3818
f 5785/4675 5718/444 3524/437
f 2416/1040 2343/6594 2420/4615
f 400/6597 27/6596 5268/6598
f 5083/6601 5113/6600 5081/6602
f 5225/6605 5938/6149 384/6150
f 1384/2494 1511/5482 3215/2388
f 5814/6284 4889/6606 428/6607
f 5367/6285 46/6608 5814/6284
f 5523/6570 5325/6273 3356/6294
f 5363/6268 1674/6329 3312/6317
f 3877/3109 2745/4582 2865/4608
f 3420/6610 3483/983 3414/6611
f 5315/6100 5650/2661 3179/6612
f 4497/686 5917/3029 5946/5685
f 2564/6291 3230/6292 43/6424
f 585/5220 3217/5031 5092/5502
f 5765/4861 5483/4848 5479/5611
f 3603/6432 3567/6440 1674/5975
f 1450/5476 2931/5461 3642/5372
f 4977/2318 92/6613 5899/2320
f 2914/4839 2448/718 2534/745
f 3691/6614 5000/5526 6093/5397
f 6073/3146 5056/3283 1541/3062
f 1682/5969 5457/6142 5452/5802
f 2263/6350 2903/6354 2706/6364
f 2898/6420 1387/258 2752/5877
f 5763/2657 5762/2121 6075/2656
f 3201/6619 5757/6616 2528/6617
f 5542/6620 4236/6183 5088/2094
f 3052/1868 3070/6402 5160/1870
f 5280/6044 4815/3017 5287/6622
f 2893/6415 2835/5863 1458/1896
f 5055/6625 4971/6624 5289/6626
f 4963/6628 1604/6627 3143/6629
f 5753/6631 1721/6465 5700/1356
f 4889/6606 4742/6632 428/6607
f 1604/5693 3604/2376 1338/2377
f 2733/4577 2743/4594 2401/4579
f 5099/272 2700/6635 3043/271
f 2540/2635 1368/2387 3215/2388
f 4441/5005 3257/6143 6072/6094
f 2745/4582 2401/4581 2743/6634
f 5115/6581 5277/6045 5280/6044
f 5289/6626 1710/2948 5280/6576
f 2230/6636 2265/4578 3013/6637
f 1708/6561 1707/4574 4556/2090
f 3301/6639 428/6580 3468/6578
f 2837/5285 3526/6483 2782/6129
f 428/6607 3414/6611 5814/6284
f 5419/6640 5391/6509 5671/6641
f 2452/6642 2011/2135 2265/4578
f 2859/1332 43/6643 2707/6644
f 2722/500 1216/6645 2982/3294
f 227/2787 5324/2788 4692/4664
f 5321/2796 5115/6581 5330/2633
f 5625/6206 5125/398 5905/6647
f 3468/6578 3493/6593 3301/6639
f 6040/6649 2719/6648 5320/5120
f 3493/6593 3403/6651 4287/6583
f 2452/6642 2138/2137 2011/2135
f 5277/6045 5115/6581 4816/2795
f 2069/6579 3403/6651 3468/6578
f 3468/6578 3403/6651 3493/6593
f 6079/6344 5330/2633 5115/6581
f 2069/6579 4287/6583 3403/6651
f 3466/6554 3420/6652 3301/6639
f 3708/6653 1580/6212 4706/4837
f 6031/2498 5328/2346 3156/2347
f 318/6324 5601/6654 4778/6655
f 3496/1791 3932/6552 4847/3020
f 2518/2634 5330/2633 6079/6344
f 3079/6658 5423/1115 1657/6659
f 5871/1841 5683/4312 5341/1840
f 1377/2393 5217/1726 2540/2635
f 3385/6662 4742/6633 699/5889
f 5321/2796 5330/2633 5322/2636
f 1701/6663 5494/1661 278/1930
f 2336/1956 2745/4582 2743/6634
f 2263/6350 2726/1987 2230/6664
f 5284/1948 5282/21 5218/22
f 1196/6296 5135/3286 1104/6665
f 2230/6664 1463/6666 2263/6350
f 5904/2939 711/2940 2763/6667
f 2218/6668 2946/6076 1463/6669
f 5060/6671 3497/6670 2555/6672
f 5499/675 1675/6673 45/6298
f 3013/6637 2265/4578 2218/6668
f 5289/6626 5287/6623 2329/2630
f 59/2020 5976/6675 5506/2022
f 1158/1928 1173/1882 4763/6548
f 1196/6296 4651/859 2968/860
f 5556/2851 1585/2852 1422/2499
f 4959/4877 1595/6677 5128/4876
f 3351/6679 4889/6606 3353/6680
f 31/5385 2169/1999 1916/6681
f 3311/6682 5325/6274 304/125
f 4753/6683 5432/5034 5333/6562
f 4709/2011 5527/786 5526/438
f 2766/6115 4268/6114 1301/6492
f 5236/6174 5054/3033 2461/3034
f 1984/5728 2617/2105 3508/6684
f 5543/6355 365/6685 358/6356
f 5280/6576 5287/6623 5289/6626
f 5983/6572 3659/6511 4954/6574
f 3334/3006 712/2982 4742/6633
f 5329/2169 6072/6094 3139/6095
f 5089/2425 5092/5502 5314/2168
f 3493/6593 3466/6554 3301/6639
f 2881/5650 3530/6686 5395/5649
f 4815/3017 5217/1726 5234/1727
f 3013/6637 1463/6669 2230/6636
f 2658/6688 2643/6687 2657/5872
f 5117/1913 5110/1914 6112/2023
f 705/6691 3348/6690 3311/6295
f 4600/6694 3702/6692 97/6693
f 3404/2983 2658/6688 699/5889
f 2955/4789 2339/6695 5924/6696
f 3548/6315 390/366 3654/6316
f 2339/6695 2955/4789 1215/6697
f 2265/4578 2011/2135 2218/6668
f 2230/6636 1174/1984 2265/4578
f 5753/6631 5333/6562 1721/6465
f 5407/1643 5042/1635 5417/1636
f 5969/6700 5119/6699 3752/6701
f 1134/5362 2441/4707 1717/4835
f 3212/5856 1640/2028 1532/2026
f 5217/1726 4815/3017 4816/2795
f 5219/6703 6009/6702 5446/6704
f 1924/4697 2745/4582 1536/4583
f 5432/5034 5743/6196 1718/1756
f 3385/6662 3313/6705 4838/3104
f 5333/6562 5753/6631 1582/6706
f 4612/77 4682/75 3606/5466
f 2973/6057 1475/6708 1134/6709
f 1133/6712 1717/5361 3573/6711
f 1710/2948 5289/6626 4969/2930
f 5639/725 3738/6714 1717/5361
f 3738/6714 5639/725 1922/6715
f 4753/6683 5743/6196 5432/5034
f 1723/6717 2864/6716 1661/6718
f 5299/6719 3497/6670 5060/6671
f 2537/1626 5871/4310 6048/6720
f 1134/6709 1133/5363 2973/6057
f 1134/6043 2401/4581 1924/4697
f 712/2982 3404/2983 699/5889
f 5245/4300 5417/1636 5665/166
f 5280/6576 1711/2946 5115/2947
f 5248/2521 4731/2519 5241/2352
f 4685/2743 5225/6605 3702/6692
f 428/6580 3385/6662 2650/6723
f 3385/6662 428/6580 4742/6633
f 2915/4711 2365/4684 2429/4907
f 2420/4599 2343/6595 2427/2511
f 5712/6725 2709/6724 2271/3769
f 2710/2339 3572/6726 3220/6727
f 2650/6723 2069/6579 428/6580
f 2710/2339 3220/6727 3221/2338
f 5211/2926 5054/3033 5055/6625
f 1642/6730 1592/1954 6095/1953
f 166/6731 164/6567 315/6732
f 2362/4715 3220/5948 3572/6728
f 2329/2628 5287/6674 4815/3016
f 5231/6733 5213/2329 3465/3018
f 1642/6735 3383/6734 6121/6313
f 3420/6652 3466/6554 3932/6552
f 3448/6737 3299/1752 3264/1792
f 3573/6711 1717/5361 3738/6714
f 1536/4583 2427/2511 1530/5322
f 2940/5032 3464/4685 1734/4683
f 3553/1751 3448/6737 3577/6477
f 3516/5994 3526/6483 2382/5286
f 496/6740 3963/507 3960/6739
f 5358/5807 5312/5859 1425/4649
f 5289/6626 2329/2630 4507/3545
f 5289/6626 4507/3545 5211/2926
f 3288/3856 3323/3244 3322/3950
f 4270/5925 4683/6012 3131/5924
f 3018/1041 2343/6594 2416/1040
f 5231/6733 1367/2582 4680/5808
f 4683/6012 3130/5392 4852/5931
f 3545/3021 3551/1793 4847/3020
f 1614/6742 5341/2567 5445/2568
f 2382/5286 2837/5285 2112/5284
f 3545/3021 3448/6737 3551/1793
f 2683/1855 2541/1819 1209/5479
f 2976/2043 501/2880 2137/1798
f 1299/2911 3422/2912 2727/3124
f 4700/6276 1222/2096 3667/2093
f 4623/2019 4898/3389 5575/5486
f 5542/6744 5362/6743 4586/6745
f 5174/2714 218/2725 2242/6748
f 3317/1653 3460/4823 1380/1225
f 3534/3288 451/1921 3527/2252
f 2826/5847 5788/2367 6000/2916
f 2969/5073 3038/135 4525/133
f 2537/1628 5675/6749 3499/2709
f 3710/2126 3684/2058 2777/2112
f 5655/6751 5440/6750 5587/6752
f 1299/2911 3527/2252 599/1299
f 6090/5477 5884/715 1658/382
f 510/2905 2139/6222 3470/3125
f 2837/5285 2782/6129 3577/6477
f 879/1526 2041/1525 2442/1529
f 3551/1793 3448/6737 3264/1792
f 509/2883 166/6753 315/2882
f 2343/6595 1530/5322 2427/2511
f 2568/3845 3268/3739 3267/1632
f 4822/1223 3962/6754 1378/1818
f 3923/5068 4822/1223 3140/1224
f 4265/6755 3594/6238 265/6756
f 6028/6489 4556/2090 1220/2027
f 2837/5285 3545/3021 3543/3019
f 1190/1995 2139/6222 426/1996
f 5417/1636 5709/1634 5477/2162
f 594/6758 5672/6757 5558/6759
f 1470/1382 5735/699 3175/6760
f 4810/2378 72/5488 4415/2380
f 3448/6737 3545/3021 3577/6477
f 1545/3852 4415/2380 72/5488
f 2047/5323 2343/5321 1992/6761
f 3572/6728 3018/4714 2362/4715
f 2362/4715 1734/4716 2365/4684
f 2047/5323 1536/6763 1530/5324
f 3260/6765 3264/1792 1297/2834
f 5671/6641 3596/6766 5453/6767
f 1626/5982 2577/1627 6048/1625
f 3555/2884 408/1994 265/6756
f 5824/3564 5818/1772 4710/6768
f 1992/6761 3018/4714 3572/6728
f 43/6643 2859/1332 5704/6769
f 414/5141 3261/6770 3232/5142
f 3264/1792 3260/6765 3496/1791
f 1992/6762 3572/6726 2047/6764
f 3377/1568 904/1575 875/1569
f 5443/20 3648/15 5292/6299
f 3301/6638 3420/6610 3414/6611
f 2394/2337 1924/4697 1536/4583
f 3555/2884 315/2882 3568/6480
f 3301/6638 3414/6611 428/6607
f 3555/1753 1297/2834 3299/1752
f 2343/5321 3018/4714 1992/6761
f 2103/601 2045/5746 5793/600
f 3260/6765 3420/6652 3932/6552
f 3260/6765 3932/6552 3496/1791
f 3448/6737 3553/1751 3299/1752
f 2710/2339 2394/2337 2047/6764
f 2047/6764 3572/6726 2710/2339
f 68/6773 3146/6772 2486/6774
f 2693/6239 3594/6238 4265/6755
f 164/6567 1286/5369 3251/6481
f 3483/983 3251/6481 1286/5369
f 5567/512 1182/493 4835/492
f 3497/6670 231/6775 2555/6672
f 5357/1836 6026/6169 1563/1697
f 203/6332 2564/6291 3952/2095
f 4473/6524 5935/6776 5669/6526
f 3131/5924 4852/5931 440/5926
f 5339/1924 5445/2568 5655/6751
f 5575/5486 4427/788 4623/2019
f 406/2855 3232/5142 434/4641
f 1297/6482 3251/6481 3483/983
f 3483/983 3260/6771 1297/6482
f 3420/6610 3260/6771 3483/983
f 385/5711 5788/2367 4797/5846
f 3568/6479 315/6732 3251/6481
f 2693/6239 2504/6516 3541/6517
f 3418/406 1739/6055 2218/6668
f 4265/6755 3244/6232 5841/6777
f 663/6779 800/6778 1195/6780
f 166/6753 2693/6239 3541/6517
f 166/6753 4999/6782 2693/6239
f 1265/6244 1266/2625 5802/4596
f 164/6567 3240/6783 2257/5965
f 2946/6076 2218/6668 1739/6055
f 4688/2836 4817/6345 5837/5390
f 353/6318 3695/318 3371/319
f 4877/5549 5912/4910 4823/5530
f 2912/502 2390/1253 1201/503
f 3573/6711 2081/6784 2014/6785
f 6100/5636 255/2792 144/6394
f 5391/6509 1613/6786 5680/5854
f 4778/6655 4455/6323 4802/6787
f 4802/6787 4455/6323 5774/2828
f 166/6731 3541/6781 164/6567
f 3573/6711 2014/6785 2975/6789
f 5527/786 5561/4914 5526/438
f 5484/2859 3721/6790 5608/3081
f 2693/6239 5841/6777 550/6791
f 2486/6774 570/2901 3142/4633
f 2693/6239 4999/6782 509/2883
f 5695/6792 4861/2763 1581/2764
f 1463/6666 2946/6559 1988/6530
f 3522/5419 411/5406 2521/5404
f 1463/6666 3361/6348 2263/6350
f 3555/2884 265/6756 509/2883
f 3654/6452 5455/5067 2807/5972
f 3142/4633 3082/6793 2486/6774
f 509/2883 265/6756 3594/6238
f 4817/6345 1562/6794 1641/6346
f 1430/5314 1602/4889 4694/3550
f 3700/5984 72/5488 4810/2378
f 2726/1986 1174/1984 2230/6636
f 5575/5486 5656/6541 4427/788
f 2486/6774 3146/6772 570/2901
f 3232/5142 3261/6770 3226/6795
f 1463/6669 3013/6637 2218/6668
f 2513/6797 3541/6517 3539/6518
f 3539/6518 3226/6795 2513/6797
f 1475/6708 2973/6057 2975/6056
f 3366/2247 946/2268 874/3322
f 2115/2136 3418/406 2218/6668
f 2527/6798 2514/3786 414/3785
f 3541/6781 2513/6796 2514/3784
f 1219/6800 6077/6799 2490/6801
f 2975/6789 3019/6803 1475/6710
f 3198/5705 3056/6105 3189/6106
f 3952/2095 4700/6276 203/6332
f 203/6332 4700/6276 248/6333
f 4726/6026 4747/6050 1281/6027
f 3019/6803 2115/2136 1475/6710
f 5458/6807 5453/6767 5390/6806
f 550/6791 2504/6516 2693/6239
f 529/6272 5647/6210 308/5756
f 5969/6700 4968/2721 5971/6809
f 5714/6813 5641/6810 5645/6812
f 1717/5658 1923/4805 3532/5552
f 3075/1785 4601/6814 4619/6815
f 2514/6817 2527/2853 3240/6816
f 6076/612 4708/477 5504/613
f 1988/6530 3361/6348 1463/6666
f 5645/2288 2936/2289 5714/6818
f 2338/3287 5200/2262 1203/6340
f 169/6396 3230/6423 3147/6399
f 2014/6785 1994/6819 2087/6820
f 2807/5374 2817/5119 3635/5373
f 5972/6590 323/5792 3331/6589
f 1994/6819 2014/6785 2081/6784
f 5422/2186 1146/2894 3487/1554
f 3162/6823 4575/6821 1213/1237
f 2742/6454 5656/6541 5596/6192
f 1994/6819 2081/6784 1088/6824
f 3348/6690 3356/6294 3311/6295
f 3679/81 5485/115 5469/100
f 1277/6825 283/6460 444/6221
f 3573/6713 2975/6056 1133/5363
f 1596/2831 1666/1965 294/2898
f 1169/5985 1545/3852 5216/5359
f 5560/475 1272/2663 5625/5881
f 1536/4583 2047/6764 2394/2337
f 4705/472 5243/1152 5612/688
f 5901/6828 601/6827 5319/6829
f 4575/6821 4617/5806 1213/1237
f 5880/6830 5967/3439 5870/2321
f 2807/5971 5285/76 3654/6316
f 3194/6832 3240/6816 2527/2853
f 1661/6718 1915/4763 1723/6717
f 5860/1721 5504/613 4708/477
f 6062/2077 4748/2076 5714/6811
f 1709/2060 3686/5150 3085/2128
f 4788/6165 3183/2101 3627/2099
f 688/2073 3769/6011 5093/6834
f 3769/6117 3195/5835 5033/1340
f 2543/6838 684/6835 4585/6837
f 5928/6842 5192/6839 4800/6841
f 1613/6786 5341/1843 5680/5854
f 4954/6575 3203/6844 3546/6845
f 3329/2711 5675/6749 4833/6846
f 5894/4572 1556/5712 4622/702
f 1365/6847 3546/6845 3203/6844
f 3203/6844 2902/6848 1365/6847
f 2902/6848 4289/6463 1365/6847
f 5193/4618 1385/5865 72/5488
f 5281/6314 5366/4836 1580/6212
f 3194/6832 2527/2853 3189/6106
f 3044/6851 6015/5581 5026/5582
f 5806/5094 5603/2738 4637/2739
f 4637/2739 5627/329 5806/5094
f 1398/2359 5473/2360 4637/2739
f 3194/6831 3185/6853 3240/6783
f 5430/5794 4899/2371 655/2372
f 5969/6700 5570/6854 2637/6855
f 5806/5268 5627/6521 5498/4807
f 85/2199 5077/6856 5637/2198
f 372/480 5610/479 4238/3011
f 5560/475 5934/476 5861/2664
f 138/6857 5775/6490 6053/6438
f 2574/6858 5558/6759 5316/6859
f 5489/6864 5441/6860 5620/6862
f 1918/1707 2523/2156 1358/1304
f 5796/6866 5344/6865 4625/6867
f 5657/6571 5658/6868 3507/3331
f 5498/4807 5627/6521 5500/2909
f 4717/147 5920/6869 6046/6870
f 5822/695 1091/159 4752/6872
f 4996/6873 195/5378 186/5376
f 6046/6870 338/6874 4717/147
f 2371/6877 1172/6876 2469/6878
f 4717/147 2565/6879 5920/6869
f 3602/6881 3640/2545 5623/3284
f 338/52 6046/6875 5106/6882
f 1399/1698 1658/382 5812/380
f 5012/5599 5940/3067 5939/6488
f 4230/5258 4519/5192 2675/5077
f 5816/6883 5820/1228 6035/6417
f 1337/2554 4501/6884 5531/6885
f 5884/2440 1370/2505 6092/2177
f 5418/6886 5419/6640 1726/6887
f 1726/6888 1552/5446 5418/5447
f 4616/4943 3513/3279 5658/3332
f 3681/6890 2796/2273 1147/6889
f 2904/6891 1147/6889 2796/2273
f 3213/6893 1486/5341 5331/6892
f 5976/6675 5444/6467 6034/6894
f 4888/6898 3632/6896 447/5742
f 3556/3544 1102/1771 6075/2656
f 6098/2590 5006/6577 3257/6143
f 3159/3617 3162/6899 3166/6901
f 5702/6903 3102/6902 1614/6742
f 219/6904 237/6146 289/6145
f 385/5711 2700/6635 2925/701
f 5468/2365 6000/2916 5788/2367
f 3026/6909 2076/6905 1118/6907
f 5659/6910 5341/1843 1613/6786
f 3026/6906 2010/6911 2076/6908
f 3563/6419 4045/6913 411/5406
f 5025/5011 3257/6143 4441/5005
f 1450/5476 3560/1654 3571/1676
f 5753/6631 5754/6914 5488/6915
f 5671/6641 1726/6887 5419/6640
f 4237/2613 5302/4858 1443/4102
f 2735/2450 3669/6916 1736/897
f 2138/2137 1475/6710 2115/2136
f 5022/1026 2099/2703 212/2736
f 3185/6917 1103/5779 3174/5781
f 5050/6107 1364/5826 2377/6918
f 4958/1264 5942/1398 4991/774
f 3174/5781 3162/6899 3185/6917
f 2758/119 496/505 3960/6741
f 1652/6525 5685/5566 4473/6920
f 5772/773 2449/6921 5660/784
f 5294/5294 114/5708 213/6922
f 5753/6631 5700/1356 5754/6914
f 5765/4861 4926/5609 3163/5933
f 138/6857 6053/6438 1642/6729
f 5575/5486 5596/6192 5656/6541
f 213/6922 114/5708 86/6398
f 1103/5779 3185/6917 3194/6832
f 4840/5 190/6924 3554/6925
f 106/3240 42/6926 16/328
f 4851/6928 42/2300 1302/2301
f 5489/6864 5620/6862 5475/6459
f 4536/5964 2257/5965 4534/6929
f 3162/6822 1615/3619 4575/5909
f 1667/5956 4658/4666 4560/3626
f 3122/6930 4548/4063 3124/6931
f 3114/1845 4548/4063 3157/1847
f 2081/6784 2076/6908 2010/6911
f 3928/118 4319/3293 4937/3291
f 5339/1924 5406/6933 1698/2005
f 5440/6750 5655/6751 5683/2569
f 2081/6784 2010/6911 1088/6824
f 3185/6853 2257/5965 3240/6783
f 4724/4981 1087/6935 1500/6936
f 3457/5138 3247/5468 3632/6896
f 2377/5498 1364/6919 3500/6937
f 1523/6939 1544/6938 1498/6940
f 1613/6786 5419/6640 5418/6886
f 2675/5077 4519/5192 4165/6941
f 5796/6866 3644/6942 5206/6943
f 1903/6468 1573/6466 3227/6944
f 3530/6946 5666/6945 5398/6947
f 4753/6683 1161/6197 5743/6196
f 1093/6950 1490/6949 1523/6939
f 4725/2779 4747/6050 4726/6026
f 4314/6951 4319/3293 3928/118
f 4647/5346 6051/5347 4786/5424
f 3979/3578 2758/119 3960/6741
f 5184/4880 4276/6952 4546/6422
f 2555/6672 231/6775 248/6331
f 113/6453 114/5708 6095/1953
f 1108/5471 1379/1817 1378/1818
f 4994/5012 57/2482 1319/2483
f 4536/5964 2630/5991 4681/5963
f 5733/961 5705/4693 1246/962
f 594/6758 5080/1806 1676/1807
f 5405/6957 5930/6956 5410/6958
f 5221/2589 1319/2483 6099/2588
f 3928/118 2512/3737 4339/6959
f 534/3395 2512/3737 3928/118
f 4568/2051 5318/5536 4845/5535
f 365/6685 321/6961 3605/5416
f 5006/6577 116/6450 3257/6143
f 5046/2008 5146/4838 5366/4836
f 5350/1923 5402/2004 5405/6957
f 4275/5996 4546/6422 3107/6962
f 1568/56 5053/6124 3135/5382
f 5686/6965 3530/6686 6066/6964
f 1526/698 1507/1295 5152/1296
f 4269/6967 3998/6966 2084/6968
f 5092/5502 3217/5031 5314/2168
f 3115/6971 4628/6970 3136/5910
f 3114/1845 3115/6972 3124/6931
f 4617/6973 4628/6970 3115/6971
f 1396/1846 3170/3910 524/5903
f 5257/5529 2476/6974 5013/768
f 5563/700 5922/6555 5735/699
f 1317/2442 5153/4614 5776/2449
f 6093/6975 5105/2197 5024/2196
f 6035/6417 1533/1229 3424/5857
f 1093/6950 1523/6939 1498/6940
f 3114/1845 3113/6978 4617/6979
f 5308/6073 5755/6981 1708/6561
f 5754/6914 5427/155 5488/6915
f 2084/6968 3998/6966 2062/6983
f 5842/6986 1149/6985 6068/6987
f 43/6425 169/6396 2707/6397
f 4769/6988 2826/5847 6000/2916
f 6000/2916 5466/2914 5296/6989
f 5659/6910 1613/6786 5418/6886
f 5744/72 5364/6991 5427/155
f 3330/6992 5308/6074 5186/6088
f 1319/2483 5221/2589 4994/5012
f 2087/6820 3019/6803 2014/6785
f 5923/6993 4550/2515 5253/6994
f 5015/4961 2675/5077 4165/6941
f 3019/6803 2087/6820 3418/406
f 5642/2082 5184/6953 254/4881
f 4900/4900 3003/4901 2446/6996
f 4987/5880 57/2482 4994/5012
f 3378/4567 3575/5721 518/6997
f 5232/4769 3511/4774 3561/3651
f 5493/6362 5104/508 411/6389
f 5074/646 1944/647 2891/5715
f 3158/2857 5365/5293 5294/2863
f 45/6298 1675/6673 5122/6998
f 4615/6999 5744/72 5544/73
f 3360/6112 4857/2100 4268/6114
f 4616/4944 5630/4942 4765/5413
f 5785/4675 5529/4674 5697/1310
f 5759/60 16/328 42/6926
f 6022/2391 6021/2389 638/2451
f 2995/7000 4957/2039 5532/2037
f 3353/7004 4220/7001 5865/7003
f 3808/7005 649/722 5489/6861
f 5950/6549 1159/7006 5787/4834
f 5304/5576 3630/5669 5985/5570
f 1443/4102 2923/1672 4237/2613
f 1281/6027 4747/6050 254/4881
f 5545/3096 5561/959 5699/1532
f 3423/7007 2087/6820 1994/6819
f 5465/3231 5371/2915 5353/2366
f 5283/6111 1401/5510 4723/5511
f 5966/7009 32/5732 6063/5731
f 5725/457 3726/4694 5749/456
f 3680/7010 3780/6545 3314/3296
f 4987/5880 1921/5654 57/2482
f 4465/4245 4590/4162 4250/4163
f 4919/7011 4258/4069 4189/4066
f 4464/4159 4590/4162 4475/4227
f 4463/4148 4466/4147 4488/4446
f 5362/7013 5301/6411 2557/6412
f 5276/289 262/7015 50/7016
f 4591/3995 4478/4225 4465/4245
f 2689/300 5662/2420 2712/575
f 4588/4507 4249/4508 4589/4859
f 5608/3081 2045/5746 1191/5569
f 3405/6209 150/5313 542/4892
f 5338/599 3629/5698 2103/601
f 4400/4161 4464/4159 4475/4227
f 4380/7018 4541/7017 4388/7019
f 4837/7021 5966/7009 6063/5731
f 5268/6599 5676/7022 400/7023
f 4354/1006 4404/1019 4368/7025
f 4339/6959 4541/7017 4380/7018
f 4339/6959 4375/2592 4541/7017
f 4536/5983 4534/2773 4664/2774
f 276/2270 2781/674 45/6298
f 4330/4125 4479/7027 4336/4230
f 4698/7029 4869/7028 1167/7030
f 4022/3991 4483/3992 4503/3531
f 4318/7033 4416/7032 4366/7034
f 4316/4180 4552/4495 4335/4843
f 4316/4180 4331/7035 4524/4503
f 4313/7036 4702/4407 4322/4437
f 4313/7036 4489/7038 4702/4407
f 4313/3628 4322/7037 4447/3630
f 1247/6240 5750/2161 5042/1635
f 4305/7039 4400/4161 4326/4463
f 4300/7041 4480/7040 4508/7042
f 4550/2517 1696/2516 4459/7043
f 4297/4728 4496/4096 4595/4730
f 4290/4480 2222/4418 2221/7045
f 4290/4480 4345/4308 4469/4415
f 4697/7047 4526/7046 4564/7048
f 4288/7050 4574/7049 4697/7047
f 4288/7050 4564/7048 4573/7051
f 4288/7050 4697/7047 4564/7048
f 4348/3379 3941/504 4008/4000
f 4284/4084 4337/7052 4073/5154
f 5676/7022 5268/6599 394/7053
f 2062/7054 3998/6984 1088/6824
f 2105/4028 4490/3734 4562/5110
f 4281/7058 4500/7055 4561/7057
f 5981/5952 6016/5950 5980/7059
f 4280/4029 4490/3734 2105/4028
f 3147/7060 5299/6719 213/7061
f 4279/7063 4554/2799 4304/2797
f 4279/7063 4553/7064 4526/7046
f 4279/7063 4526/7046 4697/7047
f 4279/7063 4697/7047 4554/2799
f 4505/7066 4547/7065 4520/7067
f 46/6608 3353/6680 4889/6606
f 3211/5014 4987/5880 4994/5012
f 3418/406 1437/7069 1739/6055
f 4539/3988 4467/7071 4538/3970
f 4273/3529 3788/4027 4503/3531
f 4273/3529 4280/4029 3788/4027
f 1149/6985 5842/6986 5340/7072
f 4271/5771 4531/7073 4487/4280
f 4528/5144 4527/4266 4317/4267
f 2241/4497 4454/4498 4505/4797
f 5045/5545 1401/5543 5283/7008
f 4515/3828 4516/3264 4292/3267
f 4515/3828 4296/3824 4516/3264
f 4266/7075 4494/4466 4512/7076
f 6034/6894 5506/2022 5976/6675
f 4504/7077 4547/7065 4505/7066
f 4504/7078 4505/4797 4454/4498
f 5340/7072 5842/6986 5130/7079
f 542/4892 6014/4890 219/6391
f 4264/4425 4502/7082 4306/4439
f 1639/1972 4857/2100 5775/6368
f 4263/4238 4292/3267 4571/4237
f 4262/7085 4500/7084 4281/7056
f 5243/2662 85/2199 5650/2200
f 4293/4209 2219/4477 2217/4210
f 5709/1634 5042/1635 5750/2161
f 4495/5774 4487/4280 4494/4466
f 1921/5654 4997/2481 57/2482
f 3611/874 5379/7086 5010/7088
f 5168/7089 3027/6046 1997/7090
f 4495/5774 4494/4466 4266/7075
f 4495/5774 4271/5771 4487/4280
f 4258/4069 4919/7011 4194/3679
f 3253/6365 174/6366 3544/7091
f 1253/113 2366/114 5475/7092
f 5214/7093 4625/6867 4778/7094
f 4255/4112 4471/7097 4256/7099
f 4254/7101 4467/7071 4539/3988
f 1595/7105 4807/7102 5480/7104
f 3195/5835 1072/5158 3219/5834
f 3351/6679 5523/6570 3356/6294
f 4807/7102 5764/1637 3696/1955
f 5538/4905 5203/2038 4957/2039
f 42/6926 80/7107 5759/60
f 5538/4905 5576/4904 2524/7109
f 4250/4163 4591/3995 4465/4245
f 4650/7113 5197/7110 3557/7112
f 5267/2459 3579/7114 3492/55
f 4248/4485 4480/7040 4300/7041
f 5778/7115 5751/5033 4194/3679
f 4248/4485 4300/7041 4469/4417
f 4245/4461 4379/4468 4336/4230
f 4245/4461 4305/7039 4326/4463
f 4905/7117 4320/7116 4930/7118
f 4243/1367 4396/1395 4387/7119
f 4225/3398 4436/1514 4412/626
f 3229/7120 4320/7116 4905/7117
f 3905/5772 4011/3435 1086/3433
f 4217/1517 4364/1499 4298/3337
f 4216/3926 4233/3857 4232/4976
f 4214/3494 4240/5022 4242/3496
f 4213/4974 4318/7033 4366/7034
f 4213/4974 4308/4970 4318/7033
f 4211/3858 4232/4976 4233/3857
f 4209/7121 4211/3858 4227/3860
f 4209/7121 4210/4975 4211/3858
f 4201/4731 4595/4730 4496/4096
f 4201/4731 4549/4454 4307/7122
f 4201/4731 4496/4096 4549/4454
f 4201/4731 4307/7122 4449/4154
f 4200/332 4447/3631 4322/4440
f 4200/332 4322/4440 4306/4439
f 4199/3996 4491/7123 4478/4225
f 4199/3996 4488/4449 4491/7123
f 3502/2710 5695/6792 5823/6289
f 4199/3996 4478/4225 4591/3995
f 4199/3996 4463/4145 4488/4449
f 4195/839 4400/4161 4305/7039
f 1723/6717 1915/4763 1513/4764
f 4194/3679 4559/7125 4558/4041
f 3026/6912 2040/7126 2010/6934
f 4194/3679 4361/4055 4559/7125
f 4193/7128 4397/7127 4393/1196
f 4192/4917 4261/4918 3996/3583
f 4192/4917 4440/7129 4393/1196
f 4192/4917 3996/3583 4440/7129
f 3423/7007 3418/406 2087/6820
f 2076/6908 3573/6711 3738/6714
f 2969/5073 3110/5312 3038/135
f 1088/7130 2040/7126 3865/7131
f 1118/6907 5635/7133 1997/7134
f 4189/4066 4073/5154 4943/7136
f 6028/6489 5775/6490 138/6857
f 4181/7137 4197/3989 4338/7138
f 4176/3927 4223/3925 4234/4969
f 4170/4813 4524/4503 4331/7035
f 4170/4813 4331/7035 4320/7116
f 4170/4813 4320/7116 4431/4799
f 5495/1932 5574/1659 5128/6301
f 4169/4151 4512/7076 4494/4466
f 4169/4151 4508/7042 4512/7076
f 3107/6962 4681/4679 4275/5996
f 4169/4151 4469/4417 4300/7041
f 4169/4151 4300/7041 4508/7042
f 4167/7139 4176/3927 4234/4969
f 4165/7140 4312/3621 4362/7141
f 4164/3399 4436/1514 4225/3398
f 4163/3990 4197/3989 4181/7137
f 3905/5772 1402/7143 2979/5630
f 4157/4915 4397/7127 4193/7128
f 4157/4915 4393/1196 4397/7127
f 4157/4915 4192/4917 4393/1196
f 4156/5228 4210/4975 4218/3789
f 4151/7145 4186/5080 4187/5079
f 4151/7144 4162/5062 4186/5061
f 5199/6208 5191/2130 4800/6843
f 4150/4030 4539/3988 4570/4005
f 4150/7147 4315/5217 4254/5059
f 4150/7146 4295/7148 4315/7149
f 4150/4030 4254/7101 4539/3988
f 4149/7150 4436/1514 4164/3399
f 4146/5091 4183/7151 4158/7152
f 4146/5091 4180/5092 4183/7151
f 4146/5091 4158/7152 4147/5096
f 5331/7154 411/5406 4045/6913
f 4145/3400 4149/7150 4164/3399
f 4144/3397 4356/3401 4378/7155
f 4144/3397 4226/4949 4154/3396
f 4921/7156 4320/7116 3229/7120
f 4139/7159 4204/5049 4221/5040
f 4139/7158 4141/5046 4204/5051
f 4137/840 4336/4230 4479/7027
f 4137/840 4245/4461 4336/4230
f 4135/3915 4155/1269 4148/7160
f 4132/4987 4292/3267 4263/4238
f 4132/4987 4515/3828 4292/3267
f 4128/7161 4434/2977 4422/7162
f 4127/4941 4149/7150 4145/3400
f 4127/4941 4136/4938 4149/7150
f 4126/1476 4207/3774 4141/5046
f 4126/1476 4141/5046 4139/7158
f 4122/4128 4212/7163 4196/5134
f 4122/4128 4196/5134 4231/5122
f 4121/7165 4183/7151 4180/5092
f 4118/3792 4215/4989 4134/3791
f 4113/3868 4143/3473 4214/3494
f 1086/3433 1402/7143 3905/5772
f 4110/4045 2050/4085 2049/7166
f 4110/4045 4361/4055 4551/2071
f 4106/7167 4138/4060 4133/5016
f 3786/4964 3810/4958 1687/4925
f 4103/417 4182/7168 4219/7169
f 4103/925 4130/3664 4182/4967
f 4102/3662 4182/4967 4130/3664
f 4049/4947 2571/7170 2875/4946
f 4096/3835 4340/7171 4428/7172
f 3811/4957 3897/4959 3791/4924
f 2377/6918 5037/5546 5050/6107
f 4095/1480 4338/7173 4383/7174
f 4095/3914 4135/3915 4148/7160
f 4094/4979 4223/3925 4216/3926
f 4094/4979 4216/3926 4232/4976
f 4092/7175 4187/5079 4163/3990
f 4092/7175 4163/3990 4181/7137
f 4092/7175 4151/7145 4187/5079
f 4090/7178 4450/7177 4386/2072
f 4090/7178 4386/2072 4117/7179
f 4090/7178 4369/4262 4450/7177
f 4088/7180 4411/1456 4089/1435
f 4084/7182 4349/7181 4329/3615
f 4084/7182 4329/3615 4312/3621
f 4084/7182 4312/3621 4165/7140
f 4084/5193 4310/5191 4217/1517
f 4084/7182 4298/7183 4349/7181
f 4084/5193 4217/1517 4298/3337
f 1086/3433 3917/3434 377/7184
f 3917/5244 4009/348 374/325
f 4081/5204 4087/5239 4098/7185
f 4077/7187 4572/7186 4337/7052
f 4077/7187 4443/4130 4175/4129
f 4077/7187 4421/3960 4443/4130
f 4077/7187 4337/7052 4284/4084
f 4077/7187 4284/4084 4421/3960
f 4077/7187 4175/4129 4572/7186
f 4074/5200 4219/7188 4182/4968
f 4074/5200 4166/4977 4091/1165
f 4074/5200 4112/7189 4219/7188
f 4074/5200 4091/1165 4112/7189
f 4072/7190 4362/7141 4312/3621
f 4072/7190 4358/7191 4362/7141
f 4072/7192 4098/7185 4087/5239
f 4072/7192 4087/5239 4358/5240
f 4071/5044 4205/3392 4203/7194
f 4071/5044 4203/7194 4139/7159
f 4067/7196 4411/1456 4088/7180
f 4067/7195 4096/3833 4411/3830
f 4065/3480 4407/3477 4435/3475
f 4064/7199 4093/5185 4085/5186
f 4064/7201 4086/7200 4405/4355
f 4064/7199 4085/5186 4086/7202
f 4062/7203 4226/4949 4144/3397
f 4062/7203 4222/5043 4226/4949
f 4062/7203 4198/3394 4123/3393
f 4062/7203 4168/1401 4198/3394
f 4062/7203 4144/3397 4378/7155
f 4062/7203 4123/3393 4222/5043
f 4061/1610 4247/5036 4171/5001
f 4061/1610 4171/5001 4172/5030
f 4061/1610 4107/7204 4247/5036
f 4060/5202 4093/5185 4064/7199
f 4060/5202 4064/7199 4117/7179
f 4119/7205 4056/3698 4055/3701
f 4055/5021 4240/5022 4214/3494
f 4055/5021 4214/3494 4143/3473
f 4055/5021 4143/3473 4119/7206
f 4054/4990 4215/4989 4118/3792
f 4661/7208 4128/7161 4422/7162
f 4049/4947 4588/4507 4589/4859
f 4049/4947 4498/4478 4293/4209
f 4049/4947 4293/4209 4588/4507
f 4046/3759 4177/3761 4125/7210
f 374/325 377/7211 3917/5244
f 4043/5008 4106/7167 4133/5016
f 4042/5004 4061/1610 4172/5030
f 4041/5023 4242/3496 4240/5022
f 4038/3513 4374/5113 4419/4035
f 4038/3513 4046/3759 4125/7210
f 4034/7212 4369/4262 4090/7178
f 3636/6434 4282/6435 4804/6446
f 4034/7215 4090/7213 4403/7214
f 4033/4265 4430/7217 4034/4259
f 4033/4265 4403/7216 4317/4267
f 4033/4265 4035/7219 4430/7217
f 4033/4265 4034/4259 4403/7216
f 4028/3939 4048/7221 4051/7222
f 4027/5221 4082/7224 4032/5174
f 4027/5221 4029/5223 4082/7224
f 4026/1260 4032/5174 4082/7224
f 4023/3729 4562/5110 4490/3734
f 4804/6446 4282/6435 35/6393
f 4023/3729 4452/7225 4562/5110
f 4860/7227 2981/7226 5463/7228
f 4022/3991 3875/3997 4311/3570
f 5671/7229 2560/728 1686/107
f 4017/3629 4489/4431 4313/3628
f 4017/7232 4447/3631 4367/7231
f 4017/3629 4425/5263 4414/5261
f 4017/3629 4414/5261 4391/4927
f 4017/3629 4391/4927 4357/7233
f 4017/7232 4367/7231 4425/5264
f 4017/3629 4357/7233 4489/4431
f 4016/7235 4451/7234 4422/7209
f 4014/3803 4384/974 4438/7236
f 493/299 3935/4002 2412/3302
f 4012/1011 4368/7237 4404/1017
f 4012/1011 4529/7238 4368/7237
f 4678/4682 5009/7240 3378/4567
f 4012/1011 4327/1591 4302/7242
f 4012/1011 4302/7242 4529/7238
f 4010/3975 4416/7032 4318/7033
f 4010/3975 4318/7033 4308/4970
f 4010/3975 4308/4970 4231/4016
f 4010/3975 4231/4016 4212/7164
f 4010/3975 4212/7164 4122/3963
f 4008/7244 4438/7236 4384/974
f 4006/7245 4341/5254 4306/4439
f 4006/7245 4306/4439 4502/7082
f 4006/7245 4105/5253 4341/5254
f 4003/7246 4374/5113 4038/3513
f 4003/7246 4125/7210 4177/3761
f 4003/7246 4038/3513 4125/7210
f 664/4003 3935/4002 3965/7247
f 4000/7248 4173/4194 4128/4173
f 3999/7250 4105/5253 4006/7245
f 3999/7249 4086/7202 4085/5186
f 3999/7250 4006/7245 4502/7082
f 3897/4959 4325/7251 3791/4924
f 3997/4399 4502/7082 4264/4425
f 3997/7252 4405/4355 4086/7200
f 3515/2460 4565/2458 3504/2473
f 3997/7253 4086/7202 3999/7249
f 3997/4399 3999/7250 4502/7082
f 2560/728 5493/6362 3254/5128
f 2040/7126 1594/6030 3865/7131
f 3112/6447 4485/6407 4644/6405
f 4644/6405 4276/7254 3112/6447
f 3996/3583 4381/4236 4409/3585
f 3990/7257 4340/7171 4096/3835
f 3990/7257 4096/3835 4067/7198
f 3990/7259 4067/7258 4088/7197
f 3990/7259 4004/1308 4005/7260
f 3989/4955 4120/7261 4116/890
f 1991/7264 3616/7263 3611/7087
f 3986/7266 4088/7180 4089/1435
f 3986/7265 4004/1308 3990/7259
f 3986/7265 3990/7259 4088/7197
f 3982/3965 4347/7267 4398/3971
f 3980/3944 4068/5237 4075/3941
f 3978/5184 4105/5201 3999/7249
f 3978/5184 3999/7249 4085/5186
f 3977/1469 3993/7269 4334/3641
f 3977/7270 3991/7271 3993/7272
f 4518/2294 5703/1666 1616/2134
f 3974/7273 4324/4288 4351/7274
f 3974/7273 4303/4294 4324/4288
f 3970/4718 4433/4376 4390/7276
f 3970/4718 4365/4142 4433/4376
f 3970/4718 4352/4122 4365/4142
f 3969/5260 4390/7276 4389/7277
f 3969/5260 3970/4718 4390/7276
f 3968/7280 4432/7279 3988/4078
f 3960/6739 3963/507 3983/7281
f 4660/7283 4451/7234 4886/7284
f 3865/7132 3801/7286 1088/7287
f 4660/7283 4422/7209 4451/7234
f 4660/7283 4661/7289 4422/7209
f 3922/298 3935/4002 493/299
f 3955/7290 4247/5036 4107/7204
f 3955/7290 4229/5003 4247/5036
f 3955/7290 4107/7204 4235/1250
f 3955/7290 4106/7167 4043/5008
f 3955/7290 4044/5013 4229/5003
f 3950/5009 4044/5013 3955/7290
f 3950/5009 3955/7290 4043/5008
f 3949/5027 4242/3496 4041/5023
f 3949/5027 4025/5020 3951/7291
f 3949/5027 3951/7291 4242/3496
f 3948/7292 4661/7289 4660/7283
f 3947/991 4429/3378 4348/3379
f 3947/991 4348/3379 4008/4000
f 3947/991 4019/1345 4429/3378
f 3947/988 4008/7244 4384/974
f 3945/4213 4347/7267 3982/3965
f 3945/4213 4314/6951 4347/7267
f 3944/1188 4402/7293 4387/7119
f 1594/4912 2028/4911 3865/7132
f 3944/1188 4387/7119 4396/1395
f 3944/1188 4354/657 4402/7293
f 3940/4253 4104/7294 4309/4255
f 3938/5018 4371/3700 4243/1367
f 3938/5018 4243/1367 4387/7119
f 3935/4002 4002/3644 3965/7247
f 3934/1607 4061/1610 4042/5004
f 3934/1607 4042/5004 3954/3722
f 3933/7295 3983/7282 3963/506
f 3933/7295 3963/506 3941/504
f 3933/7295 3941/504 3841/3380
f 3931/5133 4032/5174 4026/1260
f 3931/5133 4030/3724 3954/3722
f 3931/5133 4026/1260 4030/3724
f 3929/487 4388/7019 4014/3804
f 3929/487 4380/7018 4388/7019
f 3929/4001 4014/3803 4438/7236
f 3928/118 4380/7018 3929/487
f 3928/118 4339/6959 4380/7018
f 3926/7297 4104/7294 3940/4253
f 3926/7297 3940/4253 4035/7220
f 3925/3972 4398/3971 3928/118
f 3213/5340 400/7298 5676/7024
f 3924/7299 4317/7074 4403/7218
f 3924/7299 4528/4443 4317/7074
f 3922/298 4002/3644 3935/4002
f 3892/3871 4334/3641 3993/7269
f 3921/4269 4104/4268 3926/7296
f 3921/4269 4035/7219 4033/4265
f 4073/5154 4337/7052 4286/5163
f 3921/4269 3926/7296 4035/7219
f 3920/7300 3925/3972 3928/118
f 3919/7301 4424/3760 4036/3758
f 3019/6803 2975/6789 2014/6785
f 3919/7301 4036/3758 3943/7302
f 3965/7247 709/3591 657/7303
f 3916/4411 3964/5231 3946/4412
f 3915/7305 4406/7304 3974/4099
f 3915/7305 3974/4099 4351/7275
f 3914/7306 4479/7027 4330/4125
f 3914/7306 4330/4125 4493/7307
f 3914/7306 4137/840 4479/7027
f 3913/335 4007/327 4001/7308
f 3913/296 4002/3878 3922/295
f 1405/1081 6003/1277 1403/4158
f 3909/7311 3968/7280 3988/4078
f 3909/7310 3966/7312 3939/7313
f 3909/7310 3939/7313 3968/7314
f 3906/7316 4674/4275 4406/4098
f 3906/7317 4406/7304 3915/7305
f 3906/4296 4351/7318 4324/4287
f 55/5235 5968/5335 6019/7319
f 3906/7317 3915/7305 4351/7275
f 3905/5772 4408/4298 3918/3417
f 3905/5772 3918/3417 4011/3435
f 3904/5777 4402/7293 4354/657
f 3904/5777 4354/657 4368/7026
f 4862/5125 2396/2784 6056/7320
f 3901/5130 4904/4491 4299/4490
f 3901/5130 4299/4490 4291/4277
f 3900/7323 4521/7321 4420/7322
f 3900/7323 4420/7322 4901/7324
f 3900/7323 4901/7324 4376/7326
f 3899/3343 4082/7224 4050/3340
f 3898/7327 3908/5224 3907/4980
f 3896/3725 3934/1607 3954/3722
f 3893/4734 4201/4731 4449/4154
f 5561/4914 5725/457 5615/518
f 5489/6864 283/6460 1277/6825
f 3892/3871 3965/7247 4002/3644
f 4357/4430 3891/4428 1869/4398
f 3891/7329 4391/4927 4417/4928
f 3891/7329 4357/7233 4391/4927
f 3796/7330 4339/6959 2512/3737
f 3889/4326 4418/4441 4360/4329
f 4459/7044 5253/6994 4550/2515
f 3885/3998 3888/4007 4394/7333
f 4663/3999 3886/5100 4020/5211
f 3882/5108 4377/5107 3884/3863
f 3882/5108 3884/3863 4021/5151
f 3881/5166 4037/5164 3943/7302
f 3881/5166 3943/7302 3930/5053
f 3938/5018 4932/7334 4372/5017
f 4935/7336 4932/7334 3938/5018
f 3880/4026 3951/7291 4025/5020
f 3880/4026 3930/5053 4153/4019
f 5260/4885 5595/2066 5522/2067
f 3876/4008 3887/5098 3888/4007
f 4733/6205 5694/1143 2398/4165
f 3875/3997 3886/5100 4663/3999
f 3874/5071 4224/5083 3890/7338
f 3873/7339 4021/5151 3884/3863
f 3873/7340 3890/7338 4224/5083
f 3872/5143 4424/3760 3919/7301
f 3872/5189 3919/7341 3942/5177
f 3871/5078 3875/3997 4022/3991
f 3871/5078 4022/3991 2552/188
f 3870/7342 4153/4019 3930/5053
f 3870/7342 4036/3758 3902/7343
f 3870/7342 3943/7302 4036/3758
f 3870/7342 3930/5053 3943/7302
f 3870/7342 3902/7343 4153/4019
f 3869/7344 4162/5062 4151/7144
f 3869/7344 4151/7144 4092/7176
f 3869/7344 4092/7176 4161/7345
f 3867/4421 4063/7346 4053/5227
f 3867/4421 4053/5227 3964/5233
f 3867/4421 3964/5233 3916/4427
f 3866/3744 4452/7225 4023/3729
f 4492/841 4245/4461 4137/840
f 3864/5086 4021/5151 3873/7339
f 3864/5086 3873/7339 4224/5085
f 3863/7347 4366/7034 4416/7032
f 3863/7347 4213/4974 4366/7034
f 3863/7347 4190/7348 4213/4974
f 3859/3493 4242/3496 3951/7291
f 3859/3493 3951/7291 3880/4026
f 3859/3493 3880/4026 4097/3558
f 3858/1339 4377/5107 4174/4998
f 3858/1339 4302/7242 4327/1591
f 3858/1339 4174/4998 4302/7242
f 3858/1339 3884/3863 4377/5107
f 3857/5176 3943/7302 4037/5164
f 3857/5178 3942/5177 3919/7341
f 3857/5176 3919/7301 3943/7302
f 3856/5250 4081/5204 4098/7185
f 3855/7350 4405/4353 3924/4332
f 3855/7352 4403/7214 4090/7213
f 3855/7353 4117/7179 4064/7199
f 3855/7353 4090/7178 4117/7179
f 3855/7349 4064/7201 4405/4355
f 3855/7351 3924/7299 4403/7218
f 3854/3923 4184/5097 4185/3924
f 3853/4937 4149/7150 4136/4938
f 3852/3981 3863/7347 4416/7032
f 3850/7354 4410/1214 4121/3951
f 3850/7354 4193/7128 4410/1214
f 3850/7354 4180/5161 3868/5160
f 3850/7354 4157/4915 4193/7128
f 3850/7355 4121/7165 4180/5092
f 3850/7354 3868/5160 4157/4915
f 3849/3787 4156/5228 4218/3789
f 613/112 2611/110 3770/4013
f 6019/7319 2462/5234 55/5235
f 3847/7358 4120/7356 3989/4954
f 3847/7358 3995/4953 3856/5250
f 3847/7358 3989/4954 3995/4953
f 3846/7359 4098/7185 4072/7192
f 3846/7359 3856/5250 4098/7185
f 3846/7359 3847/7358 3856/5250
f 3845/5198 3989/4955 4116/890
f 6052/5987 87/7360 47/2651
f 3841/3380 4429/3378 4019/1345
f 4321/6381 4644/7255 3658/6380
f 3840/3581 3979/3578 3960/6741
f 3840/3581 3960/6741 3983/7282
f 3838/4956 3843/4950 3851/7361
f 3675/6302 5128/6301 5480/7106
f 3836/4006 4663/3999 4020/5211
f 3835/3257 4079/3940 4075/3941
f 3835/3257 4075/3941 4076/3255
f 3834/5126 4331/7035 4316/4180
f 3834/5126 4316/4180 4335/4843
f 3833/5216 3891/4434 4417/5232
f 3832/4193 4015/4187 4018/4177
f 3831/3105 4000/7248 4128/4173
f 3829/4119 4314/6951 3945/4213
f 3828/4494 4531/7073 4385/4842
f 3828/4494 4487/4280 4531/7073
f 3827/7362 4218/3789 4210/4975
f 3827/7362 4210/4975 4209/7121
f 3827/7362 4209/7121 4218/3789
f 3825/4935 4595/4730 4201/4731
f 3825/4935 4201/4731 4202/4732
f 3824/7363 3838/4956 3851/7361
f 3823/5207 3987/730 4395/7364
f 3823/5207 4395/7364 4359/3671
f 3823/5207 4359/3671 4370/3831
f 3822/1074 4065/3480 3839/5170
f 3822/1074 3839/5170 4069/7365
f 3820/1185 3851/7361 3843/4950
f 3820/1185 3843/4950 4161/7345
f 3819/3262 3821/4951 3985/7366
f 3817/5052 4131/3263 3973/1242
f 3817/5214 3891/4434 3833/5216
f 3816/7369 4579/7368 4190/5058
f 3816/7370 4538/3970 4467/7071
f 3816/7369 4467/7371 4579/7368
f 3816/7370 4190/7348 3863/7347
f 3816/7370 3863/7347 3852/3981
f 3815/950 4129/4978 4058/3665
f 3814/7373 4080/7372 4066/3261
f 3814/7373 4066/3261 3967/7374
f 3812/1063 4423/1419 3813/7376
f 3810/4958 3837/3954 4332/7377
f 3809/7378 4068/5243 3980/7268
f 3809/7378 3980/7268 3826/7379
f 3809/5236 3967/7374 4066/3261
f 3809/5236 3826/7380 3967/7374
f 5905/6647 5906/399 5625/6206
f 3806/7382 3845/5198 4116/890
f 3800/7383 4078/5219 3845/5198
f 3800/7383 3845/5198 3806/7382
f 3799/4719 3860/7384 3807/358
f 3797/3716 4166/4977 4208/3768
f 3797/3716 4091/1165 4166/4977
f 3796/7330 4392/7385 4375/2592
f 5513/5664 5127/7386 1503/7387
f 3796/7330 4375/2592 4339/6959
f 3796/7330 3966/7312 3909/7310
f 3796/7330 3909/7310 4392/7385
f 3795/5041 4139/7159 4221/5040
f 3795/5041 4071/5044 4139/7159
f 3793/1365 3810/4958 4332/7377
f 3792/7388 3891/4434 3817/5214
f 3792/7388 3817/5214 3973/7367
f 3791/4924 4325/7251 4303/4292
f 3791/4932 4303/4294 3974/7273
f 3790/1234 4131/3263 3805/4992
f 3790/1234 4118/7207 4047/1226
f 3790/1234 4054/4991 4118/7207
f 3790/1234 3805/4992 4054/4991
f 3789/1605 4436/1514 4149/7150
f 3789/1605 4149/7150 3853/4937
f 3789/1605 3853/4937 3861/5195
f 4954/6574 3659/6511 3202/7389
f 3788/4027 4022/3991 4503/3531
f 3787/3582 3925/3972 3920/7300
f 3787/3582 3920/7300 3979/3578
f 3786/4964 3908/5224 3837/3954
f 1594/6030 2040/7126 3027/6046
f 3785/3569 3958/7391 3842/7392
f 3785/3569 3842/7392 3844/7393
f 3784/3345 3937/3935 4031/953
f 3782/7396 3844/7394 3830/111
f 3782/7395 3785/3569 3844/7393
f 3781/3788 4047/1227 4118/3792
f 3779/5229 3830/111 3844/7394
f 3778/7400 3958/7397 3783/7399
f 3778/7398 3844/7393 3842/7392
f 3778/7398 3842/7392 3958/7391
f 3778/7401 3783/4204 3779/5229
f 3778/7401 3779/5229 3844/7394
f 3777/5225 4099/7402 3818/965
f 3777/5225 3985/7366 3821/4951
f 3777/5225 3838/4956 3824/7363
f 3777/5225 3824/7363 4099/7402
f 3777/5225 3818/965 3985/7366
f 3776/5037 4162/5062 3869/7344
f 3776/5037 4161/7345 3843/4950
f 3776/5037 3869/7344 4161/7345
f 3644/2419 5682/2417 5288/7403
f 4532/6265 5433/6275 5409/1731
f 4606/6300 3648/15 1184/1674
f 4662/7406 4660/7405 4886/7285
f 3548/6315 3304/368 390/366
f 3770/4011 3783/4205 4228/4198
f 3770/4011 3779/4010 3783/4205
f 3353/6680 5190/5690 5057/1113
f 5080/1806 594/6758 5295/7407
f 5306/6319 5298/7409 353/6318
f 3768/7411 4016/7410 4660/7405
f 3768/7411 4660/7405 4662/7406
f 3768/7411 4662/7406 4016/7410
f 3767/5181 3937/3935 3784/3345
f 3766/7412 4011/3435 3918/3417
f 3766/7413 3927/350 3917/5244
f 3766/7412 3917/3434 4011/3435
f 3765/3344 4031/958 3899/3343
f 3765/7414 3784/3345 4031/953
f 3764/5215 3957/3934 3937/3935
f 3764/5215 3937/3935 3767/5181
f 5128/6301 1595/6678 5480/7106
f 210/7415 4795/5823 3975/1333
f 3763/7416 4520/7067 4547/7065
f 3763/5139 4471/360 4255/7098
f 3763/7416 4255/7417 4520/7067
f 3762/7418 4000/7248 3831/3105
f 3762/7418 3782/7396 3830/111
f 3761/3877 3913/3879 4001/7309
f 3760/3292 4314/6951 3829/4119
f 3759/740 3908/7419 3898/1433
f 3759/740 3773/7420 3908/7419
f 3758/3607 3908/5224 3773/7421
f 3758/3607 3837/3954 3908/5224
f 3757/5169 4082/7224 4029/5223
f 3757/5169 4050/3340 4082/7224
f 3756/7423 4178/4985 4129/4978
f 3756/7423 4129/4978 3815/950
f 3756/7423 4101/7424 4178/4985
f 3755/7425 4185/3924 4184/5097
f 3755/7425 4184/5097 3771/5103
f 3754/7426 4234/4969 3772/4982
f 3754/7426 4178/4985 4101/7424
f 3754/7426 4167/7139 4234/4969
f 3754/7429 4101/7427 4100/7428
f 3754/7426 3772/4982 4178/4985
f 3753/349 4001/7308 4007/327
f 3753/349 3927/350 3766/7413
f 3753/349 3911/7430 4001/7308
f 3753/349 3766/7413 3911/7430
f 5117/1913 2494/2576 5124/1838
f 3751/4072 4073/5154 4189/4066
f 3751/4072 4284/4084 4073/5154
f 42/2300 106/6927 651/3241
f 3750/7431 4205/3392 4198/3394
f 3750/7431 4203/7194 4205/3392
f 3750/7431 4198/3394 4168/1401
f 3750/7431 4168/1401 4203/7194
f 3749/4079 4432/4076 3993/7432
f 3749/7433 3993/7272 3991/7271
f 3748/5109 4452/7225 3866/3744
f 3748/5111 3866/7434 3903/7435
f 3747/4983 3898/7327 3907/4980
f 3747/5159 3748/5111 3903/7435
f 3746/5171 4078/5219 3862/7438
f 3746/5171 4069/7365 3839/5170
f 3746/5171 3862/7438 4069/7365
f 3745/7439 4078/5219 3800/7383
f 3745/7439 3862/7438 4078/5219
f 3965/7247 657/7303 664/4003
f 3743/4202 4173/4194 4000/7248
f 3743/4202 4000/7248 3762/7418
f 3743/4202 3762/7418 3830/111
f 3742/7441 4422/7162 4434/2977
f 3742/7441 4128/7161 4661/7208
f 3742/7440 4661/7289 3948/7292
f 3742/7440 4016/7235 4422/7209
f 3742/7440 4660/7283 4016/7235
f 3742/7440 3948/7292 4660/7283
f 3742/7441 3831/4671 4128/7161
f 3741/5172 4065/3480 4152/3479
f 3741/5172 3839/5170 4065/3480
f 3740/221 3958/7391 3785/3569
f 3740/911 3783/7399 3958/7397
f 3739/3256 3821/4951 3819/3262
f 3737/5256 3813/7442 3789/1605
f 3737/5256 3789/1605 3861/5195
f 3737/5255 3744/3250 3813/3251
f 3736/7443 3969/5260 4389/7277
f 3736/7443 3860/7384 3969/5260
f 3736/7443 3807/358 3860/7384
f 3735/4963 3810/4958 3793/1365
f 3735/4963 3793/1365 3897/4959
f 3734/7444 3890/7338 4453/7445
f 3734/7444 3878/5070 3874/5071
f 3734/7444 3874/5071 3890/7338
f 3733/1412 4325/7251 3897/4959
f 3733/1412 4303/4292 4325/7251
f 3733/1412 3897/4959 3793/1365
f 3732/7446 4453/7445 3888/4007
f 3732/7446 3888/4007 3887/5098
f 3732/7446 3887/5098 3878/5070
f 3732/7446 3878/5070 3734/7444
f 3732/7446 3734/7444 4453/7445
f 3731/7447 4147/5096 4158/7152
f 3731/1261 3771/5103 4147/5095
f 3731/1261 3755/7425 3771/5103
f 3730/4116 4373/4723 3901/5130
f 3730/4116 4294/4725 4373/4723
f 3730/4116 3901/5130 4291/4277
f 3729/5259 4063/7346 4048/7221
f 3729/5259 4053/5227 4063/7346
f 3729/5259 4048/7221 4028/3939
f 3728/1430 3898/1433 3747/7436
f 3728/1430 3747/7436 3903/7437
f 3834/5126 4930/7118 4331/7035
f 4929/5127 4930/7118 3834/5126
f 5864/562 4338/7138 4197/3989
f 4364/1499 4217/1517 871/1500
f 4383/5081 4338/7138 5864/562
f 709/3591 3965/7247 2431/7449
f 5323/7450 5254/1675 5426/1673
f 4165/7451 4358/7193 4925/7452
f 4362/7142 4358/7193 4165/7451
f 3199/1336 4516/3264 4296/3824
f 2729/3658 4388/7019 4541/7017
f 3587/7454 4092/7175 4181/7137
f 2844/1292 4181/7137 4338/7138
f 5293/4845 2784/5672 4729/4844
f 5107/7455 5672/6757 5347/7456
f 3686/6833 4360/7457 3085/5252
f 2157/2593 4541/7017 4375/2592
f 3552/1602 3813/7376 4423/1419
f 3552/1604 3789/1605 3813/7442
f 4644/7255 4546/6422 4276/6952
f 923/1603 3789/1605 3552/1604
f 5484/7459 213/5817 5299/7062
f 5086/7461 3117/7460 5118/5279
f 5484/7459 5301/7462 6081/7463
f 4528/4442 4360/4329 3686/7458
f 3417/6547 4394/7333 3888/4007
f 3519/2446 4453/7445 3890/7338
f 3107/6962 4546/6422 4321/6381
f 5484/7459 5299/7062 5301/7462
f 4361/4055 4194/3679 4551/2071
f 3488/3669 3885/3998 4394/7333
f 3479/3281 4428/7172 4340/7171
f 3479/3281 4096/3835 4428/7172
f 2841/1385 4378/7155 4356/3401
f 3471/623 4356/3401 4412/626
f 4861/7465 5695/524 2736/523
f 5283/7466 3705/5398 5000/5396
f 3458/3338 4349/3608 4298/3337
f 4353/6379 3658/6380 4644/7255
f 176/2713 4593/7468 4701/2712
f 59/7471 3610/7469 5071/7470
f 4348/3379 4363/3388 3941/504
f 3458/3338 4364/1499 863/1502
f 4425/5264 4367/7231 3653/3238
f 1118/6907 1997/7134 3026/6909
f 5027/2021 5506/2022 1701/6663
f 5741/7474 5369/7473 1501/5491
f 868/1513 4436/1514 3789/1605
f 2493/2349 5548/1713 4648/1764
f 400/7298 3272/7475 5937/7476
f 518/6997 3068/4568 3378/4567
f 5347/7456 3612/7478 5107/7455
f 4546/6422 4644/7255 4321/6381
f 3119/5899 4321/6258 3727/6227
f 5731/6218 5442/7480 2764/6406
f 5683/2569 5655/6751 5445/2568
f 4321/6381 3119/7479 3107/6962
f 3417/6547 3888/4007 4453/7445
f 3286/5165 5901/6828 443/5815
f 3498/274 5805/4847 5569/378
f 3411/1450 3890/7338 3873/7340
f 3411/1450 3873/7340 3467/7482
f 3411/1450 3519/2446 3890/7338
f 3498/274 5569/378 5840/814
f 3596/6766 5391/6509 6061/6507
f 3393/3269 4571/4237 4292/3267
f 4055/3701 4371/3700 4041/5183
f 200/554 237/5962 5982/556
f 5807/7483 5608/3081 3721/6790
f 2461/3034 5038/3041 5236/6174
f 2342/2932 2457/3086 1535/2931
f 5587/6752 6064/2816 5041/2238
f 3558/7485 145/4022 2821/4020
f 5346/6228 4321/6258 1265/6220
f 5257/5529 5481/5528 5375/7486
f 5840/814 6107/5371 3498/274
f 3011/7488 1594/4913 5075/6002
f 114/5708 4787/6513 86/6398
f 1525/1925 5471/7491 5339/1924
f 86/6398 3147/6399 213/6922
f 2775/3181 2372/941 5978/1254
f 3573/6711 2076/6908 2081/6784
f 3956/7493 3222/5915 5028/5607
f 3412/6133 4583/5560 5040/6047
f 5148/7498 3451/7495 5003/7497
f 4681/4679 3107/6962 3119/7479
f 5444/6467 5910/7500 5415/7501
f 1370/2505 230/34 1335/35
f 602/3189 3895/5798 617/7502
f 5895/5319 6107/5371 5840/814
f 5767/1318 2703/1319 5947/1494
f 4546/6422 185/4882 5184/4880
f 600/5114 3211/5014 3953/4061
f 4642/7504 3034/7503 4735/7505
f 5320/6650 4175/4933 6040/5106
f 121/5901 4614/2872 4605/5762
f 5663/154 5313/7506 2376/5492
f 3363/7507 3749/7433 3991/7271
f 3341/1094 3934/1607 3896/3725
f 4041/5183 4372/5017 4932/7334
f 3333/3421 4303/4292 3733/1412
f 3328/1408 4332/7377 3837/3954
f 3325/1148 4235/1250 4107/7204
f 3884/3863 3858/1339 859/1497
f 4619/6815 1326/1784 3075/1785
f 3266/1272 3902/7343 4036/3758
f 4332/7377 3328/1408 857/1491
f 5931/5600 5940/3067 5012/5599
f 412/1783 3081/2679 3096/7508
f 4371/3700 4372/5017 4041/5183
f 3841/3380 2998/1054 855/1046
f 3235/661 4026/1260 4082/7224
f 3218/1363 4393/1196 4440/7129
f 2744/5700 3222/7509 3956/7492
f 3214/1110 4072/7190 4312/3621
f 4338/7173 4095/1480 853/1482
f 4338/7138 853/7510 851/1479
f 2144/7511 3008/5998 5017/7512
f 2676/2075 4374/5113 4444/5093
f 4246/2798 4376/7326 4542/4025
f 3190/736 3988/4077 3346/4073
f 5374/7514 1489/7513 6118/7515
f 2144/7511 3956/7516 5028/7494
f 3178/3778 4095/1481 4148/3777
f 3865/7132 2028/4911 2084/6969
f 3794/3708 4126/1476 850/1477
f 2165/654 4354/657 3944/1188
f 4659/4689 3831/4671 3742/7441
f 4659/4689 3742/7441 4434/2977
f 3145/1065 3859/3493 4097/3558
f 3363/169 3991/1472 848/170
f 3991/1472 3977/1469 846/1470
f 4944/6032 4903/7517 3904/5777
f 3104/1075 4065/3480 3822/1074
f 3100/1608 4061/1610 3934/1607
f 1383/499 6006/5453 5768/7518
f 3093/3741 3866/3744 4023/3729
f 3086/3762 4046/3759 4038/3513
f 4095/1480 4383/7174 5749/5082
f 3608/3522 3559/1466 844/1468
f 2122/1182 3820/1185 4161/7345
f 6006/5453 6055/6372 6026/6169
f 1484/2013 4514/2705 1452/1884
f 2041/1525 3745/7439 3800/7383
f 2896/2680 2899/7519 3046/5754
f 3067/782 4030/3724 4026/1260
f 3065/1521 3840/3581 3983/7282
f 3321/7520 5940/3067 5931/5600
f 4356/3401 3471/623 841/1461
f 1501/5491 2376/5492 5741/7474
f 3051/7522 3800/7383 3806/7382
f 4089/1435 4411/1456 839/1458
f 4089/1435 839/1458 837/1436
f 4203/7194 4168/1401 836/1452
f 4159/4721 4927/5129 4373/4723
f 3332/3854 2335/3861 3477/3711
f 4437/33 230/34 5768/498
f 3189/6106 2527/2853 3198/5705
f 1520/2690 5153/4614 1317/2442
f 6118/7515 4642/7504 5374/7514
f 4946/7524 4927/5129 4159/4721
f 5027/2021 1701/6663 278/1930
f 4437/33 5769/6584 6091/149
f 4437/33 1444/6536 5769/6584
f 4801/5961 237/5962 6014/4890
f 2099/2701 2404/2699 5670/2737
f 3986/7266 4089/1435 832/1437
f 3759/740 3898/1433 830/742
f 6058/1980 4604/7525 4748/2076
f 1511/5482 3556/3544 5715/1762
f 3024/3745 3903/7435 3866/7434
f 4335/4843 4385/4842 4862/5125
f 3024/3745 3728/1431 3903/7435
f 6007/5538 5768/7518 6006/5453
f 1709/2060 4386/2072 3686/5150
f 5052/5637 5732/109 5050/5825
f 2821/5773 3905/5772 2979/5630
f 1326/1784 3101/7527 3172/7528
f 4097/3558 3144/1422 826/1424
f 3552/1602 4423/1419 824/1420
f 4080/7529 3814/403 822/1416
f 822/1417 3812/1060 4080/3260
f 3005/209 3086/3762 4038/3513
f 4821/5687 5946/5684 2526/5682
f 3002/1564 3911/918 3766/7412
f 6007/5538 5154/6538 5768/7518
f 4367/7231 4200/332 3780/6543
f 2997/1048 4407/3477 4065/3480
f 3333/3421 3733/1412 819/1414
f 3780/6543 3653/3238 4367/7231
f 1784/3560 4153/4019 2769/986
f 5803/6141 1682/5969 4763/6548
f 3490/5763 3300/5557 5065/5787
f 1462/6257 1944/647 1589/645
f 3288/3856 3322/3950 3332/3854
f 3907/4980 3908/5224 2662/4965
f 4495/5774 4266/7075 176/2713
f 2320/3242 3288/3856 3477/3711
f 4714/1163 3724/1097 4868/5483
f 5386/374 1177/7531 2939/5490
f 5752/5727 4642/7532 6118/7523
f 521/3243 3288/3856 2320/3242
f 1091/159 5821/946 5813/7533
f 1413/2819 4972/6175 5038/3041
f 3087/7534 413/2856 1326/1784
f 5940/3067 3321/7520 263/3066
f 5715/1762 3556/3544 5266/2611
f 2041/1525 3069/421 3745/7439
f 5883/6501 309/2991 1562/6506
f 4137/840 3914/7306 205/5489
f 2926/638 3350/1406 3266/1272
f 2926/638 3266/1272 4036/3758
f 3350/1406 816/640 815/7535
f 528/4891 150/5313 3405/6209
f 4615/7536 3201/6619 2528/6617
f 3201/6619 4615/7536 5756/7538
f 3087/7534 56/2878 3081/2679
f 3186/2877 1289/4640 434/4641
f 5056/3283 6073/3146 3225/5444
f 3333/3421 819/1414 811/7539
f 4117/7179 4386/2072 3684/2058
f 2885/1199 4069/7365 3862/7438
f 2885/1199 3862/7438 3069/421
f 2885/1199 3822/1074 4069/7365
f 2884/1069 3909/7311 3988/4078
f 2884/1069 3294/1133 3909/7311
f 2877/1353 2998/1054 3841/3380
f 2998/1170 810/1358 809/7540
f 3405/6209 6014/4890 528/4891
f 4268/6114 1639/1972 1301/6492
f 5055/6625 5289/6626 5211/2926
f 2948/4785 1566/4801 3689/4867
f 5236/6174 4971/6624 5055/6625
f 3399/6261 3039/5735 3287/6109
f 5055/6625 5054/3033 5236/6174
f 2568/3845 1629/3752 1605/3738
f 3624/3740 448/4642 3101/7527
f 5017/5978 3008/6000 2822/2222
f 612/3844 4603/2869 406/2855
f 4723/5511 5520/1790 3705/5395
f 2606/2055 3285/2056 1504/6256
f 1484/2013 1158/1928 2971/3543
f 1287/285 5665/166 5417/1636
f 612/3844 406/2855 434/4641
f 3069/421 3862/7438 3745/7439
f 14/3099 673/6102 3438/3098
f 723/2455 5397/7542 5004/2454
f 925/1609 4061/1610 3100/1608
f 2849/1050 3987/730 4407/3477
f 5222/2415 5115/2947 5056/3283
f 2845/996 4092/7175 3587/7454
f 851/1479 2844/1292 4338/7138
f 3624/3740 3101/7527 4619/6815
f 6074/3719 5780/2287 5645/2288
f 1689/7545 403/7544 5106/50
f 2841/1385 4168/1401 4062/7203
f 2841/1385 4062/7203 4378/7155
f 4928/1805 1462/6257 1589/645
f 5635/7135 5168/7089 1997/7090
f 1504/7541 5080/1806 2606/7547
f 3194/6832 3189/6106 1103/5779
f 3083/4593 3267/1632 2486/6774
f 3503/5238 4925/7548 4358/5240
f 3083/4593 2486/6774 3082/6793
f 1460/5953 5049/7550 1459/5869
f 3232/5142 3231/2881 3186/2877
f 4396/1395 4243/1367 799/1372
f 5017/5978 5049/7550 2744/5700
f 2780/3807 4096/3835 3479/3281
f 2945/6089 2986/5622 3384/4559
f 2816/3471 3945/4213 3982/3965
f 2815/1158 2816/3471 3982/3965
f 4332/7377 857/1491 797/1364
f 3218/1363 796/478 795/1542
f 4879/4195 3743/4202 4228/4197
f 166/6753 509/2883 4999/6782
f 2084/6969 2028/4911 4269/541
f 3928/118 4398/3971 4347/7267
f 4231/4016 4401/4971 4175/4129
f 3859/3493 3145/1065 793/1352
f 2792/466 3218/1363 4440/7129
f 3359/3013 3173/2251 3637/3156
f 4274/7551 5402/2004 5169/7552
f 1279/1739 3231/2881 3244/6232
f 5295/5844 2535/5743 2606/7553
f 1545/3852 1269/3850 5229/1765
f 4992/5469 3247/5468 6020/3132
f 56/2878 3087/7534 3172/7528
f 3294/1133 4392/1131 3909/7311
f 4073/5154 4865/5155 5778/7115
f 4200/332 3391/333 3780/6543
f 850/1477 1085/3707 3794/3708
f 4655/3709 3265/3715 3794/3708
f 5397/6164 723/7543 267/6061
f 3587/7454 4181/7137 2844/1292
f 448/4642 56/2878 3172/7528
f 1444/6536 5768/498 5154/6535
f 4734/7555 2446/6996 3003/4901
f 5004/7556 5397/192 4707/565
f 3084/5868 1459/5869 5049/7550
f 4308/4970 4401/4971 4231/4016
f 4903/7517 4402/7293 3904/5777
f 4328/4299 4408/4298 3905/5772
f 5534/6441 4803/193 5212/191
f 3637/3156 3430/5866 3359/3013
f 5937/7477 2823/7558 5708/7559
f 1068/1511 4545/1510 3488/3669
f 5710/939 1403/4158 2390/1253
f 2822/2222 3008/6000 3481/5999
f 5843/7561 561/2571 2573/5718
f 574/2906 571/2903 3146/6772
f 3187/4999 4924/5173 3931/5133
f 5285/7563 4612/79 1397/7562
f 4212/7164 4923/4014 4196/4018
f 3623/7564 445/5928 3022/7565
f 3623/7564 3022/7565 3035/5977
f 72/5488 5336/7566 5193/4618
f 4969/2930 5289/6626 4971/6624
f 2594/2230 2823/7560 444/6826
f 3591/7568 289/6070 3279/6068
f 1515/7570 4900/4900 2446/6996
f 5411/6387 3068/262 4777/6386
f 5837/5390 5917/3029 4688/2836
f 1982/5334 1481/122 3693/123
f 4969/2930 1541/3062 1710/2948
f 4703/5568 4253/7572 5458/6805
f 4777/6386 3611/872 5183/1306
f 4972/6175 4971/6624 5236/6174
f 571/2903 570/2901 3146/6772
f 2823/7560 5937/7476 444/6826
f 3316/2424 5132/7574 5089/2425
f 1288/1708 2523/2156 1918/1707
f 188/2913 1352/1800 510/2905
f 1384/2494 1432/1746 1511/5482
f 5670/2735 207/5306 212/7576
f 5465/3231 5466/2914 5371/2915
f 1910/4655 3283/4656 2270/2891
f 4231/4016 4923/4014 4212/7164
f 572/3984 537/2892 426/1996
f 2218/6668 2011/2135 2115/2136
f 3140/1224 3460/4823 2817/5119
f 1088/7130 2010/6934 2040/7126
f 3611/7087 4777/7573 1991/7264
f 3697/4753 3238/4752 3687/3913
f 4796/6071 298/5276 3510/4796
f 3537/7579 5205/5473 320/5474
f 1134/4580 1475/6710 2138/2137
f 3081/2679 413/2856 3087/7534
f 123/2678 3081/2679 1290/2843
f 5092/5502 5063/6119 3296/5501
f 2896/2680 123/2678 2270/2891
f 1413/2819 4969/2930 4971/6624
f 4971/6624 4972/6175 1413/2819
f 1388/7581 2584/7580 3055/5282
f 2790/7583 6081/7582 5362/7012
f 2739/3428 4409/3585 2667/3430
f 3510/4796 298/5276 553/347
f 2001/5870 1987/5561 1953/5562
f 3096/7508 3081/2679 2896/2680
f 2717/3347 4571/4237 3485/3346
f 2717/3347 4381/4236 4571/4237
f 4865/5155 1538/1355 5778/7115
f 2717/3347 2667/3430 4381/4236
f 4994/5012 5221/2589 6098/2590
f 3096/7508 3075/1785 412/1783
f 3518/3282 5056/3283 4970/6352
f 2617/2105 405/1858 3025/1856
f 2324/2152 3041/7585 2887/7586
f 808/1393 952/2591 4375/2592
f 5641/6038 5714/6811 4748/2076
f 5959/6408 3632/6409 4888/6897
f 2584/7580 2585/6428 3055/5282
f 1362/1809 3939/7313 3966/7312
f 2357/6429 2473/5713 3617/5714
f 4084/5193 4165/6941 4519/5192
f 655/2372 3305/2373 4600/5883
f 3055/5283 6020/3129 3058/3130
f 444/6826 5937/7476 1277/7588
f 3587/7454 2844/1292 783/1316
f 4650/7111 5638/6564 5175/70
f 5312/5861 6050/5938 5464/5968
f 4639/7590 1461/7589 5463/7228
f 3075/1785 4555/5927 4601/6814
f 5087/2047 3952/2092 5704/2046
f 2584/7580 1388/7581 5070/7592
f 5508/5002 5047/7593 4441/5005
f 4963/7595 5130/7594 4961/7596
f 4758/5575 4759/5749 5619/5572
f 3670/7600 1651/7597 5786/7599
f 3808/7005 5489/6861 1277/7328
f 5761/2030 4772/5064 5389/2052
f 286/4667 5271/4607 6056/7320
f 6100/2089 2242/2708 172/2079
f 4710/6768 3310/1770 5993/7602
f 4441/5005 5047/7593 5025/5011
f 5508/5002 5025/5011 5047/7593
f 1424/5213 3278/2954 5054/3033
f 4555/5927 445/5928 481/6224
f 3519/2446 3417/6547 4453/7445
f 5314/2168 3217/5031 5085/2167
f 4577/7604 2318/5954 6036/7605
f 5702/6903 5471/7491 3102/6902
f 3881/5166 556/5167 3286/5165
f 3113/6980 4602/5942 4578/5819
f 3719/2280 4414/5261 3653/5262
f 3217/5031 4441/5005 5085/2167
f 4605/5762 3037/2902 3035/5977
f 5113/6600 5083/6601 5078/7606
f 3113/6978 1396/1846 4602/5934
f 2709/6724 1388/7581 3055/5282
f 176/2713 5174/2714 2037/7609
f 5227/1831 5222/2415 5056/3283
f 5283/7008 5052/7610 5045/5545
f 2709/6724 5205/5473 5070/7592
f 4734/7555 1093/7611 1498/6977
f 3642/5375 5182/6172 5285/76
f 1515/7570 2446/6996 1498/6977
f 1223/2724 4593/7468 4953/7612
f 5089/7614 3207/6120 3071/6121
f 5132/7575 3207/7615 5089/7613
f 2692/3948 4005/7260 4004/1308
f 3439/6122 3207/6120 3204/7616
f 2692/3948 3990/7259 4005/7260
f 3035/5977 420/2867 4605/5762
f 5017/5978 2822/2222 2808/2221
f 3170/3910 4548/4063 3080/3911
f 5830/632 5813/7533 5486/631
f 3055/5283 4992/1257 6020/3129
f 3247/5468 5186/6088 6020/3132
f 5635/7546 2000/724 5168/6020
f 3124/6932 3136/5910 1615/3619
f 3136/5910 3124/6932 3115/6971
f 3616/7263 5379/7617 3611/7087
f 3246/1175 5849/5327 4913/7618
f 1223/2724 4701/2712 4593/7468
f 2744/5700 3956/7492 5017/5978
f 3115/6972 3114/1845 4617/6979
f 5991/2016 5990/2014 1376/7619
f 2585/6428 1574/3888 1575/7620
f 4832/4760 1185/2754 1186/2755
f 3717/3200 1090/3815 2922/1670
f 1498/6977 2446/6996 4734/7555
f 2037/7609 2396/2784 176/2713
f 6072/6094 5329/2169 5085/2167
f 3417/6547 3488/3669 4394/7333
f 4575/5909 3136/5910 4628/6970
f 4548/4063 3114/1845 3124/6931
f 5464/5940 6050/5935 5467/4873
f 4578/5819 4617/5806 3113/6980
f 5006/6577 6099/2588 6012/5550
f 834/1441 3411/1450 3467/7482
f 3114/1845 1396/1846 3113/6978
f 447/5742 3632/6896 3247/5468
f 3411/1450 779/1451 778/7621
f 4909/3136 3491/5487 5903/4070
f 5174/2714 2396/2784 2037/7609
f 1615/3619 3122/7622 3124/6932
f 4424/3760 2676/2075 4177/3761
f 3080/3911 3122/6930 1615/3618
f 3134/3908 4560/3626 4658/4666
f 6098/2590 6099/2588 5006/6577
f 455/5878 1912/4665 2857/1664
f 4391/4927 4414/5261 3719/2280
f 4230/5258 4420/7325 4561/7057
f 4901/7623 4420/7325 4230/5258
f 4614/2872 121/5901 524/5903
f 6099/2588 577/7624 1735/5551
f 3080/3911 4560/3626 1659/3907
f 1994/6819 3998/6984 3423/7007
f 2674/1283 3485/3346 4571/4237
f 2676/2075 4424/3760 3872/5143
f 956/1615 2090/1614 2128/2964
f 1618/778 1620/5153 4766/707
f 5434/2817 6064/2816 1581/2764
f 3170/3910 1659/3907 1912/4665
f 4953/7612 5849/5325 1223/2724
f 1223/2724 5849/5325 5690/2726
f 5092/5502 5089/2425 3071/6118
f 3621/1662 530/1663 2714/2873
f 2674/1283 4571/4237 3393/3269
f 1912/4665 455/5878 3170/3910
f 5645/6812 5641/6810 6074/6039
f 4853/2068 6001/4570 5571/4571
f 3139/6095 3045/6097 3127/6135
f 2667/3430 4409/3585 4381/4236
f 1615/3618 4560/3626 3080/3911
f 1950/3891 2667/3430 2717/3347
f 2580/5480 3500/6937 1632/6241
f 4654/7628 3120/4632 1912/4665
f 2396/2784 4862/5125 176/2713
f 5545/3096 5705/4693 5733/961
f 4617/6973 4575/5909 4628/6970
f 3162/6822 3159/6900 1615/3619
f 3159/3617 1248/5955 1249/3616
f 1248/5955 3159/3617 3166/6901
f 3139/6095 3127/6135 1305/7629
f 4548/4063 3122/6930 3080/3911
f 3464/4685 2940/5032 3473/803
f 3082/6793 3142/4633 3120/4632
f 1659/3907 3134/3908 1912/4665
f 4654/7628 4658/4666 1667/5956
f 1667/5956 1248/5955 4654/7628
f 3372/6098 5031/6096 3257/6143
f 5822/695 5815/694 5821/946
f 1432/1746 3556/3544 1511/5482
f 1986/5563 1987/5561 3033/5266
f 3225/6353 1517/3044 4970/3111
f 3940/4253 4430/4254 4035/7220
f 2928/7630 4431/4799 4320/7116
f 3993/7269 4432/7279 3968/7280
f 5976/6675 1573/6466 5444/6467
f 3623/7564 3037/2902 574/2906
f 444/6221 5144/2683 2594/2228
f 1091/159 5813/7533 5830/632
f 4320/7116 4921/7156 2928/7630
f 530/1663 3120/4632 2714/2873
f 4458/5047 4786/5424 5619/5703
f 1047/1284 2674/1283 3393/3269
f 3084/5868 3455/5816 3023/5265
f 574/2906 481/6224 3623/7564
f 481/6224 445/5928 3623/7564
f 3296/5501 5063/6119 3439/6123
f 3929/4001 4438/7236 4008/7244
f 4057/3476 3987/730 3823/5207
f 4003/7246 4444/5093 4374/5113
f 3038/135 3110/5312 4461/1878
f 5462/117 5470/121 5829/693
f 3068/4568 4672/7632 1991/7264
f 4177/3761 4444/5093 4003/7246
f 5075/7489 1437/7633 3011/409
f 2329/2628 5234/3015 1367/2580
f 3035/5977 3037/2902 3623/7564
f 1179/1797 1229/1950 5801/5696
f 5470/121 5830/632 5829/693
f 1605/3738 3268/3739 2568/3845
f 4961/7596 1183/7634 5078/7608
f 1924/4697 2394/2337 3221/2338
f 3085/5252 4360/7457 4418/7331
f 1910/4655 537/2892 1673/4032
f 3350/1406 815/7535 774/1271
f 774/1271 3266/1272 3350/1406
f 481/6224 574/2906 3146/6772
f 4267/284 1169/5985 5216/5359
f 5049/7550 5017/5978 3084/5868
f 4148/7160 4155/1269 772/1268
f 772/7635 1756/3776 4148/3777
f 2551/573 3835/3257 3819/3262
f 3755/7425 3731/1261 770/1262
f 2406/3625 4063/7346 3867/4421
f 3067/782 4026/1260 768/783
f 219/6904 289/6145 3591/7567
f 553/345 298/7584 3318/7637
f 3956/7516 2144/7511 5017/7512
f 2261/937 4130/3664 4103/925
f 2419/3747 3866/3744 3093/3741
f 3011/409 1437/7633 3418/7070
f 5162/157 3694/4830 3665/137
f 2393/7638 3792/7388 3973/7367
f 3955/7290 4235/1250 766/1252
f 3696/1955 5480/7104 4807/7102
f 1432/1746 1298/2399 3556/3544
f 2356/672 4126/1476 4139/7158
f 3268/3739 4601/6814 67/6225
f 2352/371 3819/3262 3985/7366
f 2352/371 2551/573 3819/3262
f 2347/1244 4092/7175 2845/996
f 2347/1244 763/1243 762/1552
f 1922/6715 5639/725 5635/723
f 2333/3604 3328/1408 3837/3954
f 5574/7640 5584/7639 5497/5970
f 761/1241 3973/1242 4108/1240
f 759/1239 2393/387 3973/1242
f 67/6225 68/6773 3268/3739
f 67/6225 4601/6814 4555/5927
f 4274/7551 5219/6703 5691/7641
f 2303/7642 4116/891 4120/7262
f 6053/6438 5775/6490 5716/6439
f 6081/4819 1713/1961 5484/7643
f 1425/4649 1166/1907 1150/1904
f 2310/7644 4434/2977 4128/7161
f 2310/1548 4128/4173 2615/3502
f 2594/2230 261/2229 5708/7645
f 5462/117 5829/693 5429/633
f 430/7647 5251/6496 1198/6497
f 891/1547 2310/1548 2615/3502
f 556/5167 3881/5166 3930/5053
f 2892/1211 1057/3874 754/1212
f 5194/5887 5319/5332 5989/3566
f 3941/504 4446/486 4008/4000
f 1453/6426 3055/5282 2585/6428
f 2303/7642 4120/7262 3847/7357
f 2303/247 3847/7649 3846/1151
f 5331/6892 497/5523 3213/6893
f 4112/7189 4091/1165 753/1220
f 2293/904 4082/7224 3899/3343
f 45/6298 334/2269 276/2270
f 2293/904 3234/3650 4082/7224
f 430/7647 1198/6497 3494/7650
f 6059/6527 5669/6526 5773/7651
f 570/2901 3037/2902 3142/4633
f 1577/5584 2473/5713 5348/5583
f 1363/704 4476/1763 4648/1764
f 1991/7264 4777/7573 3068/4568
f 2751/5271 2986/5622 5145/5450
f 2274/829 749/1194 748/7652
f 2274/829 4121/3951 4410/1214
f 1912/4665 4658/4666 4654/7628
f 1991/7264 373/7653 3616/7263
f 5145/5450 2986/5622 3626/5460
f 4237/2613 2923/1672 1090/3815
f 3166/6901 4654/7628 1248/5955
f 5876/141 4633/956 1233/385
f 2245/1202 4001/7309 3911/918
f 2245/1202 3761/3877 4001/7309
f 5068/485 4446/486 3941/504
f 2958/2189 1602/4889 1915/4763
f 5534/6441 4457/6179 4803/193
f 1718/1756 5743/6196 1531/1757
f 5486/631 5813/7533 5821/946
f 1118/6907 1922/7654 5635/7133
f 5591/5305 5498/4807 5500/2909
f 2857/1664 3120/4632 530/1663
f 1990/3194 1090/3815 5307/3198
f 2419/3748 3093/1205 746/1207
f 2492/732 4359/3671 4395/7364
f 448/4642 3172/7528 3101/7527
f 1575/7620 5348/5583 2473/5713
f 2414/4426 984/3361 744/7656
f 56/2878 1289/4640 3186/2877
f 2204/132 4040/7657 4015/4187
f 2758/119 3979/3578 3928/118
f 3761/3877 2245/1202 743/1203
f 5288/7404 5306/6319 3486/7659
f 4115/2992 1092/1561 1108/5471
f 1657/6661 1655/7660 394/7662
f 1653/2003 1696/2516 1499/2514
f 3330/6992 3247/5468 3457/5138
f 3082/6793 3120/4632 3166/6901
f 1296/2581 6097/2328 4680/5808
f 3822/1074 2885/1199 741/1200
f 2997/1048 4065/3480 3104/1075
f 612/3844 434/4641 448/4642
f 68/6773 67/6225 481/6224
f 481/6224 3146/6772 68/6773
f 1287/285 5641/6038 4267/284
f 2181/544 4410/1214 4193/7128
f 2181/544 739/1195 738/7664
f 2181/544 4193/7128 4393/1196
f 5700/1356 5663/154 5427/155
f 1654/3142 3222/5916 2744/5921
f 194/5643 3713/6188 5897/6262
f 2246/7665 4862/5125 6056/7320
f 2997/1048 3104/1075 736/1049
f 434/4641 3232/5142 3186/2877
f 5667/3135 4909/3136 5598/6178
f 4367/7231 4447/3631 4200/332
f 3913/335 3176/5131 4007/327
f 2165/654 734/1187 733/7666
f 3174/5781 3082/6793 3166/6901
f 2159/826 3832/4196 2164/823
f 3082/6793 3174/5781 3083/4593
f 2486/6774 3267/1632 68/6773
f 2157/2593 2729/3658 4541/7017
f 3226/6795 3539/6518 549/7668
f 1733/2871 1425/4649 1493/5304
f 68/6773 3267/1632 3268/3739
f 1007/1413 3733/1412 2216/3509
f 5251/6496 430/7647 4635/7669
f 4363/3388 3841/3380 3941/504
f 5716/6439 210/7670 4787/7671
f 4601/6814 3268/3739 3624/3740
f 3101/7527 1326/1784 4619/6815
f 3893/4734 4449/4154 4252/4143
f 2984/1701 2558/7672 648/3196
f 3851/7361 3820/1185 732/1186
f 5272/1671 2439/4295 2922/1670
f 3851/7361 732/1186 729/7673
f 2122/1182 4161/7345 4092/7176
f 2122/1182 4092/7176 2347/1559
f 56/2878 448/4642 1289/4640
f 2114/240 4106/7167 3955/7290
f 766/1252 2114/240 3955/7290
f 123/2678 1290/2843 2270/2891
f 1902/3870 2783/1594 2066/1596
f 4468/4993 1555/5789 3006/4756
f 5454/4616 5535/4564 1678/7674
f 5169/7552 5402/2004 3117/7460
f 5598/6178 5811/4841 5667/3135
f 3632/6896 5677/7675 3457/5138
f 1651/7677 400/7298 3213/5340
f 3181/5412 3494/7650 1198/6497
f 3988/4078 3190/735 726/1177
f 2962/3816 1132/1786 1990/3194
f 4900/7679 1668/7678 3000/7680
f 726/1177 2884/1069 3988/4078
f 3000/7680 1668/7678 2965/7682
f 2165/3688 733/7667 720/7683
f 4040/1053 2998/1054 719/1171
f 5051/7684 5992/2612 4237/2613
f 719/1171 4342/796 4040/1053
f 5154/6538 5782/4613 5153/4614
f 1647/7688 2965/7685 701/7687
f 2396/2784 5273/4703 6056/7320
f 1288/1708 2487/2155 2523/2156
f 5358/5936 3397/4690 1920/1929
f 2881/5650 5693/2890 3530/6686
f 3702/6692 5475/6459 97/6693
f 4900/4900 4873/7689 1524/7690
f 720/7683 1074/3687 2165/3688
f 2788/7692 1677/7691 1524/7690
f 550/6808 549/7693 2504/7694
f 4510/6001 1158/1928 3601/1906
f 2506/863 2406/3625 3867/4421
f 877/1527 3069/421 2041/1525
f 3198/5705 1300/2854 2568/3845
f 3267/1629 3056/1630 3198/6804
f 3261/7695 414/3785 2513/3783
f 2949/7696 3785/3569 3782/7395
f 2788/7692 3514/7697 1677/7691
f 1498/6940 1544/6938 1515/7569
f 2246/7665 6056/7320 2378/2125
f 5192/7699 5261/7698 5859/7700
f 1539/7703 1670/7702 1661/6718
f 3198/5705 2527/2853 1300/2854
f 1524/7690 1677/7691 1514/4902
f 3226/6795 3261/6770 2513/6797
f 549/7668 3539/6518 2504/6516
f 2816/3471 2815/1158 708/1160
f 414/5141 406/2855 2527/2853
f 4755/5716 171/2761 6085/2681
f 3229/7157 4933/4792 4921/7631
f 5271/4607 2171/2124 6056/7320
f 4568/7705 4845/6960 5188/7704
f 549/7668 3232/5142 3226/6795
f 5877/2428 5601/2426 3655/6009
f 6056/7320 5273/4703 286/4667
f 549/7668 3231/2881 3232/5142
f 3591/7636 5982/556 219/6391
f 4743/6216 1660/5979 5343/7706
f 1126/1758 5244/2353 1291/2610
f 4265/6755 5841/6777 2693/6239
f 4755/7708 4812/5717 129/7707
f 3234/3650 3235/661 4082/7224
f 4713/4605 2383/2123 2171/2124
f 171/2761 4834/6341 6089/4663
f 3231/2881 5841/6777 3244/6232
f 2114/240 728/1255 693/241
f 550/6791 5841/6777 3231/2881
f 2378/2125 2383/2123 4791/4662
f 1940/1140 244/1141 2713/2686
f 2303/247 3846/1151 690/248
f 1290/2843 3081/2679 56/2878
f 3161/2993 962/4692 682/2995
f 6069/7710 3229/7120 4905/7117
f 408/1994 1280/1741 265/6756
f 1359/1759 1126/1758 1291/2610
f 1899/3495 1901/3472 4214/3494
f 4896/140 5876/141 1233/385
f 1900/3474 2108/978 4143/3473
f 265/6756 1280/1741 4265/6755
f 1990/3194 1135/1787 5051/7684
f 2880/7711 1159/7006 3669/7712
f 3707/6336 3312/6317 5172/2418
f 5193/4618 5454/4616 5859/7713
f 171/2761 4755/5716 4690/7714
f 5738/1112 5504/611 529/1114
f 5028/7494 3008/5998 2144/7511
f 171/2761 4790/4735 6085/2681
f 2378/2125 112/7715 2246/7665
f 3244/6232 4265/6755 1280/1741
f 5405/6957 5402/2004 4274/7551
f 6056/7320 2171/2124 2378/2125
f 4791/4662 112/7715 2378/2125
f 4668/765 4235/1250 3325/1148
f 4668/765 676/1146 670/766
f 2000/726 2822/2222 3481/5999
f 4611/1486 4224/5083 1442/5257
f 3669/6916 1619/2655 2880/7716
f 4608/3676 4296/3824 4643/3682
f 4608/3676 3199/1336 4296/3824
f 5335/7717 5320/5120 2719/6648
f 1071/3675 4608/3676 4643/3682
f 5258/7719 5246/7718 3752/7720
f 668/3678 786/1334 4608/1335
f 4905/7117 2246/7665 112/7715
f 433/1740 1280/1741 408/1994
f 6069/7710 112/7715 4690/7714
f 5701/5851 4621/4677 5565/7723
f 5241/2352 5244/2353 5269/2429
f 4342/4192 4015/4188 4040/7658
f 2270/2891 611/7725 2896/2680
f 5776/2449 5782/4613 2610/2689
f 3465/3018 1435/2697 5231/6733
f 1381/2495 1384/2494 1339/2531
f 4142/1126 3065/1521 3983/7282
f 4823/4863 222/2758 4877/7727
f 2566/2904 510/2905 501/2880
f 1916/6681 1647/7688 701/7687
f 5051/7684 1090/3815 1990/3194
f 1296/2581 1111/2756 6097/2328
f 5912/2759 6111/2757 2021/5308
f 797/1364 3793/1365 4332/7377
f 3601/1903 2348/1908 4510/4856
f 652/1122 1993/1121 3793/1365
f 5744/72 5427/155 1160/74
f 673/2935 3282/2936 3438/6131
f 2559/1287 2167/205 643/1119
f 2559/1287 643/1119 641/1288
f 4812/5717 4776/4604 66/7729
f 66/7729 4755/7708 129/7707
f 1063/3656 3235/661 3234/3650
f 1091/159 3679/81 4752/6872
f 5488/6915 1582/6706 5753/6631
f 5188/7704 4967/5722 5877/2428
f 1199/2941 4287/6583 2069/6579
f 1199/2941 2147/7731 1684/2943
f 1915/4763 5720/7732 1123/7733
f 1083/3561 1784/3560 2769/986
f 5044/2925 5231/2629 1435/3440
f 1407/1883 2882/6493 5803/6141
f 1199/2941 1200/2937 2147/7731
f 6084/6339 5828/5368 1466/2444
f 1106/4553 4776/4589 5921/4555
f 5098/5342 3213/5340 340/7735
f 2541/1819 4636/1820 1209/5479
f 1940/1140 1357/1804 1688/1142
f 1209/5479 4636/1820 5204/1660
f 2719/6648 5334/709 5335/7717
f 1739/6055 1437/7069 5075/6054
f 1306/3004 685/3100 3282/2936
f 5922/6555 6030/29 5573/30
f 3229/7120 6069/7710 4690/7714
f 4237/2613 1090/3815 5051/7684
f 112/7715 6069/7710 4905/7117
f 5186/6088 3708/6653 4706/4837
f 145/7737 3558/7484 5924/6696
f 3282/2936 674/2934 1306/3004
f 400/7298 1651/7677 3670/7598
f 4812/4552 6085/2681 1178/2658
f 3516/5994 3501/3818 3493/6593
f 451/1921 2747/4626 3089/1920
f 585/5220 3303/5457 672/5000
f 1315/2893 1314/7738 348/2044
f 4778/6655 4625/7095 4455/6323
f 2814/7740 3001/7739 1685/7741
f 3434/7742 5720/7732 1343/7743
f 1106/7744 3511/4774 5232/4769
f 1915/4763 1343/7743 5720/7732
f 813/1399 3944/1188 4396/1395
f 5781/7746 2626/5591 4830/7745
f 3944/1188 632/1400 628/7747
f 1343/7743 3007/7748 3434/7742
f 5336/7566 3700/5984 5855/7749
f 3934/1607 3341/1094 627/1098
f 3434/7742 3007/7748 1738/7750
f 4744/4782 4764/4779 4715/4780
f 627/1098 924/1606 3934/1607
f 1219/819 6070/7751 6113/7752
f 36/2942 1685/7741 3001/7739
f 2766/6113 6025/7754 3360/6199
f 5444/6895 4642/7532 5752/5727
f 1135/1787 5266/2611 5051/7684
f 3484/7756 3661/7755 3461/7757
f 2571/7170 5072/5770 6113/7759
f 2444/4786 4718/5661 1688/1142
f 3001/7739 3516/5994 36/2942
f 3516/5994 3493/6593 36/2942
f 1701/6663 6118/7515 1489/7513
f 4287/6583 36/2942 3493/6593
f 3449/1090 3873/7339 3884/3863
f 3449/1090 3467/1439 3873/7339
f 2444/4786 1241/1717 4718/5661
f 1738/7750 3656/7760 3434/7742
f 620/1092 833/1438 3449/1090
f 2228/1813 1443/4103 1166/1907
f 3279/555 4796/6069 200/554
f 4756/4783 137/7761 4744/847
f 2858/4636 3153/5069 3128/1624
f 3527/2252 1299/2911 3534/3288
f 2147/7731 28/7762 1684/2943
f 5715/1762 5266/2611 1135/1787
f 3661/7755 3666/5147 4506/7763
f 4873/7689 1474/3126 2788/7692
f 5051/7684 5266/2611 5992/2612
f 3752/6701 5246/7721 5969/6700
f 66/7729 129/7707 4812/5717
f 1733/2871 1643/1849 2228/1813
f 1738/7750 3007/7748 1670/7702
f 2953/2888 2959/7764 1308/1281
f 5641/6038 4748/2076 4267/284
f 3413/5497 5033/1340 6086/1341
f 5232/4769 66/7765 1106/7744
f 107/2154 62/892 1262/1305
f 4802/7766 5774/6788 2785/6019
f 2972/6476 1944/1258 1462/7530
f 599/1299 616/2910 1299/2911
f 1983/1085 3787/3582 3625/3577
f 5258/7768 6086/7767 2924/7769
f 1290/2843 426/1996 537/2892
f 1877/3810 1983/1085 3625/3577
f 1582/6706 5352/7771 5333/6562
f 3620/1519 3840/3581 3065/1521
f 3808/7005 4976/44 649/722
f 4690/7714 4834/6341 171/2761
f 4690/7714 112/7715 4834/6341
f 4928/1805 5080/1806 1504/7541
f 872/1518 3620/1519 3065/1521
f 62/892 107/2154 108/894
f 3109/5152 4021/5151 3864/5086
f 5266/2611 1158/1928 4510/6001
f 3511/4774 1106/7744 234/4775
f 1910/4655 1673/4032 501/2880
f 501/2880 1673/4032 572/3984
f 18/7773 3436/7772 3338/7774
f 1351/1799 1352/1800 6057/3212
f 2943/7777 2911/7776 2921/2887
f 1298/2399 1102/1771 3556/3544
f 1106/7734 66/7729 4776/4604
f 6011/1459 1288/1708 1221/1706
f 501/2880 2976/2043 5878/4657
f 3093/3741 4023/3729 2811/3730
f 4719/7779 4699/7778 2756/7780
f 510/2905 1352/1800 501/2880
f 3007/7748 1722/7782 1661/6718
f 278/1930 5494/1661 5495/1932
f 2756/7781 4740/7783 4719/7784
f 2483/7786 3097/7785 1494/7787
f 4888/23 447/833 5745/25
f 1993/1121 3733/1412 3793/1365
f 1993/1121 2216/3509 3733/1412
f 6045/5635 2608/7788 5324/2791
f 4510/6001 4237/2613 5266/2611
f 3283/7578 348/6034 611/7789
f 3086/3762 3005/209 593/1072
f 4928/1805 1690/7790 1676/1807
f 1160/74 5073/5845 5544/73
f 3086/3762 593/1072 591/639
f 2839/7791 4719/7784 4740/7783
f 2122/1182 894/6430 590/1183
f 5948/3813 5961/2968 1571/3487
f 3215/2388 5715/1762 3216/2392
f 5296/6989 5349/7792 6000/2916
f 1308/1281 2959/7764 1259/7793
f 4711/7794 4719/7784 2839/7791
f 200/5277 2818/1342 298/5278
f 298/5278 2818/1342 3318/5836
f 1314/7738 611/7795 348/2044
f 841/1461 2841/1385 4356/3401
f 1519/31 5356/6072 5573/30
f 2841/1385 589/1462 587/1386
f 5715/1762 5684/1728 1377/2393
f 5062/7797 2826/5847 4769/6988
f 3050/3191 1315/1767 3048/1768
f 3294/1133 2884/1069 586/1071
f 1722/7782 1915/4763 1661/6718
f 1122/1748 6097/2328 1111/2756
f 836/1452 2005/1453 4203/7194
f 2005/1453 4139/7159 4203/7194
f 4769/6988 1664/273 5062/7797
f 2005/1453 582/1454 581/1067
f 1167/7798 4869/7031 2839/7791
f 2007/665 4139/7159 2005/1453
f 1944/1258 2972/6476 4992/1257
f 2007/671 2356/672 4139/7158
f 581/1067 2007/665 2005/1453
f 4698/7029 4711/7799 4869/7028
f 3774/178 73/1061 76/721
f 2756/7780 4699/7778 3061/7800
f 1292/7802 1214/7801 2999/1298
f 3596/6766 5390/6806 5453/6767
f 5231/2629 4507/3545 2329/2630
f 2749/7804 4711/7799 2904/6891
f 5786/7599 497/5523 4836/5521
f 4711/7794 2749/7803 4719/7784
f 2749/7806 4699/7778 4719/7779
f 497/5523 5786/7599 3213/6893
f 5786/7599 1651/7597 3213/6893
f 1915/4763 1722/7782 3007/7748
f 4097/3558 826/1424 579/1064
f 3095/7807 3061/7800 5722/5993
f 3095/7807 5722/5993 1610/5912
f 579/1064 3145/1065 4097/3558
f 5095/509 5894/7809 6001/4573
f 2138/2137 2452/6642 1134/4580
f 36/2942 1684/2943 1685/7741
f 3001/7739 2953/2888 3012/2886
f 3971/3172 4624/3170 1555/1885
f 3465/3018 1291/2610 3480/2354
f 5213/2329 1291/2610 3465/3018
f 2943/7777 2983/5839 1214/7801
f 4174/4996 2817/5119 5455/5065
f 989/3404 3002/1564 3918/3417
f 3002/1564 3766/7412 3918/3417
f 4787/7671 114/7490 113/6955
f 4259/3851 72/5488 1385/5865
f 2756/7781 3095/7810 4740/7783
f 3528/3128 3514/7697 2787/3127
f 599/1299 3527/2252 2999/1300
f 4823/5530 4973/4908 209/4995
f 2849/1050 4407/3477 2997/1048
f 599/1299 3074/1297 2993/7811
f 5786/45 3272/43 3670/7813
f 2849/1050 567/1047 566/7814
f 1167/7798 2839/7791 279/6553
f 1292/2253 2999/1300 3527/2252
f 2026/1038 3983/7282 3933/7295
f 2026/1038 3933/7295 3841/3380
f 3461/7757 1465/7815 1719/7816
f 599/1299 2906/3214 1352/1800
f 2026/1038 4142/1126 3983/7282
f 2787/3127 2788/7692 1474/3126
f 3095/7807 2756/7780 3061/7800
f 2907/7817 2895/2254 3531/5995
f 3461/7757 3656/7760 1663/7818
f 2832/7819 1485/3162 2827/7820
f 427/940 2386/5704 2405/3800
f 1650/7823 3060/453 4740/7783
f 3012/2886 3516/5994 3001/7739
f 3095/7825 1610/5911 1650/7824
f 5423/1115 3079/6658 5559/1117
f 5351/6508 5391/6509 5680/5854
f 3304/368 4567/95 3004/93
f 4613/1124 2839/7791 4740/7783
f 2839/7791 4613/1124 279/6553
f 5865/5691 5190/5690 3353/6680
f 4740/7783 3060/453 4613/1124
f 2386/5704 2372/941 2479/2631
f 542/4892 219/6391 4801/5961
f 1663/7818 1738/7750 1670/7702
f 5802/4596 5413/7826 5886/41
f 3656/7760 1738/7750 1663/7818
f 2034/3906 4340/3276 3990/7256
f 2034/3903 3990/7827 2692/615
f 3480/2354 1291/2610 5244/2353
f 3528/3128 1094/5149 3514/7697
f 4826/4850 5590/4948 5628/4849
f 5634/7829 5977/7828 4722/818
f 362/36 46/37 5367/6609
f 3484/7831 3514/7697 1094/5149
f 5052/5637 5000/7832 5257/5527
f 555/1032 784/1322 2509/1323
f 1170/865 80/7833 42/7108
f 3500/7627 3254/5128 1632/7834
f 6049/2647 4859/867 4851/1128
f 1429/7835 92/6613 4977/2318
f 279/5922 3090/2178 1167/7030
f 2105/4028 3473/803 2940/5032
f 3488/3669 4545/1510 3885/3998
f 1606/473 3331/474 323/4698
f 5910/7500 5444/6467 5692/7836
f 604/7837 2897/6079 2888/7838
f 5847/7841 4687/7839 5309/144
f 3050/3187 611/7842 1314/7796
f 5258/7845 5456/7844 3125/7846
f 1706/7848 4860/7227 1461/7589
f 5616/6092 5888/4765 5896/3001
f 6057/3212 1352/1800 2906/3214
f 279/5922 6052/5729 1201/501
f 108/894 107/2154 2487/2155
f 5257/5527 5013/108 5732/109
f 2041/1525 3800/7383 3051/7522
f 3514/7697 3484/7831 1677/7691
f 5767/1318 5947/1494 5942/1397
f 2904/6891 2977/7850 2749/7804
f 5224/2084 3576/6051 4472/2615
f 1728/6085 2937/6086 3034/7503
f 2041/1525 3051/7522 2442/1529
f 4821/5687 5939/7852 5946/5684
f 5545/3096 5733/961 5561/959
f 2042/1021 3858/1339 4327/1591
f 2940/4672 1734/6738 3018/4673
f 5318/5536 4671/2049 313/7853
f 1167/7030 3090/2178 4698/7029
f 313/7853 4671/2049 5736/2825
f 1550/7855 1500/6936 1087/6935
f 1916/6681 4639/7857 707/7858
f 4012/1011 4404/1017 551/1012
f 5859/7713 5454/4616 4557/7859
f 3022/7565 3078/5976 3035/5977
f 3046/5754 604/7837 2894/5755
f 2760/6035 125/7861 6016/5950
f 1102/1771 5818/1772 5824/3564
f 4327/1591 4012/1011 547/1015
f 1960/3406 3259/4558 3463/3405
f 279/5922 2647/2180 3090/2178
f 2607/6053 4846/4739 2785/4737
f 2785/4737 2793/4754 2607/6053
f 2849/1050 566/7814 544/1009
f 3367/7862 3061/7800 4699/7778
f 3400/2276 1423/7863 2796/2273
f 2896/2680 588/6067 2876/7865
f 2889/5920 4576/7866 6033/5919
f 2534/745 3722/716 2969/5076
f 1464/2959 2961/7867 1723/6717
f 445/5928 3075/1785 2894/5755
f 3022/7565 445/5928 2894/5755
f 2864/6716 1723/6717 2961/7867
f 3090/2178 2904/6891 4698/7029
f 1462/6257 4928/1805 1504/7541
f 2681/2659 109/2660 2592/2160
f 1246/960 5725/457 5561/4914
f 4404/1019 4354/1006 543/1005
f 3221/2338 3220/6727 2915/4827
f 3035/5977 2498/2866 420/2867
f 2888/7838 3022/7565 2894/5755
f 3078/5976 2890/7868 2498/2866
f 3598/7869 5461/5478 4752/6237
f 1397/7562 3435/6063 4567/7870
f 494/2875 3022/7565 2888/7838
f 179/3219 4792/3220 32/3798
f 3725/5426 3318/7637 3219/5425
f 494/2875 2897/6079 39/2151
f 5506/2022 6034/6894 1624/7872
f 1661/6718 1670/7702 3007/7748
f 5440/6750 5758/4645 6064/2816
f 3007/7748 1343/7743 1915/4763
f 2060/3594 3925/3972 3787/3582
f 2060/3594 3787/3582 1983/1085
f 5758/4645 5440/6750 5683/2569
f 618/1087 1034/3593 1983/1085
f 4707/565 4803/193 4457/6179
f 3073/6078 2897/6079 2901/7874
f 1295/1321 4684/2503 2647/2180
f 5461/69 1204/6565 4809/6286
f 5965/6471 5023/6469 5202/7875
f 2847/7876 3160/6325 2443/7877
f 2827/7821 2572/7880 2832/7881
f 4576/7866 3041/7585 6033/5919
f 3078/5976 3022/7565 2883/7882
f 2884/1069 724/1180 540/1070
f 1719/7816 1514/7883 3461/7757
f 2896/2680 611/7725 588/6067
f 2994/2960 1719/7816 1465/7815
f 4791/4662 4834/6341 112/7715
f 4533/7885 4634/7884 5668/7886
f 1589/645 1609/7887 1690/7790
f 2839/7791 4869/7031 4711/7794
f 4928/1805 1589/645 1690/7790
f 2888/7838 2897/6079 494/2875
f 5668/7886 4530/7888 4533/7885
f 710/4749 3380/4750 1631/7889
f 1719/7816 2994/2960 1490/6949
f 2888/7838 2894/5755 604/7837
f 671/7891 2443/7890 3160/7878
f 1538/1355 4865/5155 5539/1357
f 604/7837 3046/5754 2897/6079
f 3310/1770 4710/6768 5818/1772
f 5358/5936 1920/1929 1158/1928
f 2904/6891 4711/7799 4698/7029
f 2876/7865 2899/7519 2896/2680
f 710/4749 1631/7889 1628/1968
f 5202/7875 2443/7879 5965/6471
f 3587/7454 783/1316 538/995
f 538/995 2845/996 3587/7454
f 2876/7865 2901/7874 2899/7519
f 832/1309 4004/1308 3986/7265
f 2977/7850 2904/6891 2796/2273
f 2796/2273 1423/7863 3129/7892
f 4472/2615 5235/1025 5664/124
f 5477/2162 6074/3720 1287/285
f 1168/1683 2748/2331 2934/2263
f 3461/7757 1539/7703 1465/7815
f 3886/5102 4745/134 2988/7894
f 1094/5146 3666/5147 3484/7756
f 2287/5843 5077/2305 5738/5842
f 5011/1489 6040/4972 2920/4973
f 617/7502 615/7897 602/3189
f 1490/6949 1093/6950 1719/7816
f 802/1375 803/1377 3523/1373
f 3096/7508 2896/2680 3075/1785
f 3150/7900 5965/6471 2443/7879
f 2934/2263 1423/7893 1128/2187
f 1093/6950 1514/7883 1719/7816
f 1452/1884 4514/2705 3390/2369
f 3453/2302 4981/2260 4978/2258
f 615/3188 2954/7902 3050/3187
f 859/1497 1894/3862 3884/3863
f 4567/95 3654/6316 5285/76
f 1461/7589 1515/7569 1544/6938
f 2906/3215 2983/5839 3271/5840
f 3074/7812 1214/7801 2993/7903
f 2993/7811 2906/3214 599/1299
f 3027/6046 3026/6912 1997/7090
f 5899/2320 2861/2316 1302/2319
f 4947/2315 2861/2316 5899/2320
f 2906/3215 2993/7903 1214/7801
f 4959/4877 276/5885 1595/6677
f 4978/7901 3239/2259 2967/2343
f 2983/5839 2906/3215 1214/7801
f 3074/7812 2999/1298 1214/7801
f 2774/7905 614/7904 450/7906
f 5636/760 1641/6137 5909/2990
f 4680/5808 5213/2329 5231/6733
f 3129/7907 1423/7893 2934/2263
f 3886/5100 2988/7895 1439/257
f 3886/5212 1439/7908 4482/5554
f 5668/7886 5734/7909 4530/7888
f 3129/7892 2977/7850 2796/2273
f 2584/7580 1561/7911 2585/6428
f 944/1467 3559/1466 2678/1580
f 3027/6046 2040/7126 3026/6912
f 4699/7778 2977/7851 3129/7910
f 4567/95 3304/368 3548/6315
f 3053/2317 4947/2315 2919/7912
f 4639/7590 2965/7682 1461/7589
f 2094/3517 4280/4029 4273/3529
f 3686/5150 4450/7177 4369/4262
f 3836/5105 4482/5554 2311/2578
f 599/1299 1352/1800 616/2910
f 3886/5212 4482/5554 3836/5105
f 2910/6104 3482/3163 2868/3161
f 1214/7801 2911/7776 2943/7777
f 791/1347 1933/3896 4019/1348
f 2096/999 3841/3380 4019/1345
f 2096/999 2877/1353 3841/3380
f 2921/2887 1348/5841 2943/7777
f 2792/466 4440/7129 3996/3583
f 2943/7777 1348/5841 2983/5839
f 1494/7787 5351/7914 5275/7915
f 3400/7864 5208/2242 1128/2187
f 1292/7802 2895/2254 2907/7817
f 5691/7641 5930/6956 5405/6957
f 2911/7776 1214/7801 1292/7802
f 2907/7817 2921/2887 2911/7776
f 1286/5369 2257/5965 5879/482
f 2310/1548 755/1549 533/2973
f 2871/7916 1206/1642 1351/1799
f 5745/25 5700/1356 5539/1357
f 1292/7802 2907/7817 2911/7776
f 1461/7589 4724/4981 1706/7848
f 3802/6307 5674/7918 368/4562
f 2907/7817 3531/5995 3012/2886
f 2687/4302 3054/7919 6103/6327
f 4800/6841 5192/6839 4557/7860
f 3012/2886 2921/2887 2907/7817
f 3400/7864 1128/2187 1423/7893
f 1514/4902 4734/7555 3003/4901
f 5691/7641 5219/6703 5446/6704
f 2460/1641 1206/1642 2871/7916
f 2681/2659 4764/4712 4744/847
f 611/7789 2270/7726 3283/7578
f 2936/2289 4518/2294 6005/7920
f 1206/7917 1315/2893 1351/2042
f 5757/6618 5364/6991 5744/72
f 2647/2180 2919/2284 95/2179
f 547/1015 916/1590 4327/1591
f 5767/1318 4958/1396 5929/1317
f 3725/5426 5377/1369 5018/1370
f 4692/4664 149/5588 171/2761
f 6057/3212 2871/7916 1351/1799
f 1170/865 4960/315 80/7833
f 340/7735 4459/7922 5098/5342
f 2919/7912 4947/2315 2741/7923
f 1275/7925 2871/7916 6057/3212
f 2870/7927 2869/7926 3609/7928
f 2870/7927 2814/7740 2869/7926
f 2919/7912 5150/2285 3053/2317
f 2870/7927 3609/7928 2867/7929
f 2662/4965 1683/7930 6088/7931
f 5150/2285 6049/2647 3053/2317
f 6049/5365 5150/7932 4684/2504
f 4684/2503 5150/2286 2647/2180
f 1216/5783 2722/6646 47/2648
f 1577/5584 2891/5715 2473/5713
f 2108/978 4119/7206 4143/3473
f 2108/985 4056/3698 4119/7205
f 1489/7513 1727/7933 1701/6663
f 2869/7926 2814/7740 2754/7934
f 2147/7731 1200/2937 2910/6103
f 3269/7935 4977/2318 4962/7936
f 2564/6291 43/6424 3952/2095
f 1706/7848 4724/4981 6088/7931
f 92/6613 1429/7835 3269/7935
f 2921/2887 2953/2888 1308/1281
f 1259/7793 2867/7929 81/1191
f 28/7762 2147/7731 2910/6103
f 2572/7880 2827/7821 14/7937
f 2638/4696 6058/1983 6005/1981
f 1609/7887 5347/7456 5672/6757
f 2868/7913 28/7762 2910/6103
f 1302/2319 3210/3237 4977/2318
f 4965/1702 2479/2631 4966/2632
f 605/7940 2863/7939 2460/1641
f 5347/7456 1577/5584 1574/3888
f 1170/865 5856/1404 4960/315
f 3331/474 4705/472 5902/1326
f 1796/975 4384/974 2119/3600
f 4276/7254 4804/6446 3112/6447
f 5915/3334 1637/3333 5875/6503
f 3371/5430 5370/5429 5777/6342
f 279/5922 1295/1321 2647/2180
f 4947/2949 4974/7942 1145/7943
f 1308/1281 1259/7793 3535/1280
f 3694/4830 5162/157 4976/44
f 1683/7930 2662/4965 1687/4925
f 95/2179 1147/6889 2904/6891
f 2977/7851 4699/7778 2749/7806
f 977/1574 3377/1568 4785/2945
f 5446/6704 5410/6958 5930/6956
f 3048/1768 459/7944 3050/3191
f 2854/7947 558/7945 614/7904
f 4386/2072 4450/7177 3686/5150
f 2881/5650 4399/2889 5693/2890
f 4763/6548 1173/1882 5803/6141
f 92/6613 3269/7935 4974/2345
f 558/7945 3803/7949 450/7906
f 4049/4947 4589/4859 4895/4860
f 4706/4837 1580/6212 5366/4836
f 3367/7950 2748/2331 3258/7951
f 3090/2178 95/2179 2904/6891
f 5315/6100 5612/688 5650/2661
f 1682/5969 6050/5935 4763/6548
f 514/2885 1217/1700 2561/3179
f 2128/2966 4490/3734 4280/4029
f 2128/2966 4280/4029 2094/3517
f 2428/7953 2843/7952 2500/7954
f 2500/7954 2810/7955 2428/7953
f 4942/5115 4944/6033 3904/5776
f 4267/284 5624/705 5665/166
f 557/992 2369/7956 519/650
f 2766/6115 2882/6493 1407/1883
f 2500/7954 1356/1803 4914/7957
f 1485/3164 3482/3163 2827/7938
f 2801/3155 4854/7958 1512/6253
f 5202/7875 2847/7959 2443/7879
f 2801/3155 1635/3114 4854/7958
f 1984/5728 5137/6556 2617/2105
f 1574/3888 3612/7478 5347/7456
f 4049/4947 4454/4498 4498/4478
f 5186/6088 5146/4838 5731/6218
f 5093/6834 2676/2075 688/2073
f 3269/7935 4962/7936 1431/2344
f 2528/7537 5744/72 4615/6999
f 2134/1927 3214/1110 4312/3621
f 1881/1111 3214/1110 2134/1927
f 1958/1892 2134/1890 3458/3338
f 519/650 5609/651 557/992
f 1683/7930 1681/7960 4849/7961
f 3269/7935 1429/7835 4977/2318
f 5899/2320 92/6613 4947/2315
f 1355/1802 1356/1803 2511/7963
f 4978/7901 4962/7936 3210/3237
f 778/7621 950/2445 3411/1450
f 4979/3093 4980/7964 4981/2260
f 4977/2318 3210/3237 4962/7936
f 2797/7966 22/2606 653/2605
f 5487/7967 5738/1112 5190/5690
f 1431/2344 4978/7901 2967/2343
f 4509/4518 4931/7968 4938/7969
f 5698/4758 3565/1002 5582/4811
f 1357/1804 1358/1304 136/2688
f 1431/2344 4962/7936 4978/7901
f 5802/4598 5827/4597 1265/6414
f 3338/7974 4794/7971 3589/7973
f 3453/2303 4978/7901 3210/3237
f 2141/5349 4388/7019 2729/3658
f 2141/5349 4014/3804 4388/7019
f 4883/7976 2843/7952 2832/7819
f 5246/7718 5258/7719 4968/7977
f 2843/7952 4883/7976 4854/7958
f 3451/7495 4981/2260 5003/7497
f 1438/691 5678/689 5673/793
f 4456/7978 1387/6615 4461/1878
f 3453/2302 42/2300 651/3241
f 4998/1522 5003/7499 4980/1523
f 4940/2031 4591/3995 4250/4163
f 4980/1523 4979/7965 5726/1447
f 3446/6267 1318/6444 3444/5676
f 4974/2345 2967/2343 5810/7979
f 3001/7739 2870/7927 2953/2888
f 4724/4981 2662/4965 6088/7931
f 4750/5472 5094/167 5719/1645
f 1275/7925 2862/7981 2460/1641
f 3048/1768 513/1640 2863/7939
f 5800/2146 3274/2556 5795/2412
f 3247/5468 2606/2055 2535/5745
f 5862/7982 562/2572 2373/2570
f 2862/7984 1230/7983 2851/7985
f 5698/4758 5582/4811 3491/5487
f 4974/2345 3269/7935 1431/2344
f 5331/6892 4045/5524 497/5523
f 2160/415 4219/7188 4112/7189
f 753/1220 2160/415 4112/7189
f 2163/7986 4101/7424 3756/7423
f 2163/7986 3756/7423 3815/950
f 3985/7366 3818/965 512/966
f 2163/7986 3815/950 508/963
f 2193/234 4101/7424 2163/7986
f 3899/3343 4031/958 506/957
f 506/957 1061/3645 3899/3343
f 4853/2070 4693/6231 5522/7987
f 3671/3177 2812/2917 922/1192
f 2237/949 4031/953 3937/3935
f 5446/6704 6009/6702 5296/6989
f 5296/6989 5410/6958 5446/6704
f 3359/3014 3430/7557 3701/5867
f 2261/937 3815/950 4130/3664
f 2511/7963 1635/3114 1355/1802
f 2267/537 4047/1227 3781/3788
f 101/1801 1355/1802 922/1192
f 2414/4426 744/7656 491/7989
f 5293/4845 5704/7990 2784/5672
f 5503/7991 5807/7483 4448/7992
f 2285/219 2276/3514 4106/4059
f 2289/569 4099/7402 3824/7363
f 2289/569 3824/7363 3851/7361
f 2289/569 3818/965 4099/7402
f 1644/5680 5016/2188 2958/2189
f 2357/6429 2585/6428 1575/7620
f 2299/442 3967/7993 3826/7381
f 3676/5795 2797/7966 563/3059
f 1637/3333 5945/5810 5875/6503
f 2261/937 4103/925 489/928
f 5035/2546 2801/3155 4908/3060
f 272/7994 5298/7409 5288/7404
f 3640/2545 2833/3176 5035/2546
f 2346/884 4233/3857 4216/3926
f 2346/884 4109/3859 4233/3857
f 2351/922 3891/4434 3792/7388
f 2351/922 3792/7388 2393/7638
f 3061/7800 3367/7862 2916/7995
f 2351/921 485/389 484/7996
f 2351/921 484/7996 483/7997
f 906/1579 2155/558 2392/1577
f 2245/1202 3911/918 478/920
f 1306/3004 2653/3102 685/3100
f 3783/7399 3740/911 475/910
f 1177/943 2003/7999 5002/1338
f 475/916 2164/823 3783/4204
f 1706/7848 1683/7930 4849/7961
f 3129/7910 3367/7862 4699/7778
f 2801/3155 1512/6253 4908/3060
f 561/2571 5794/8000 2516/8001
f 5704/2046 4609/1865 2790/2045
f 2748/2331 3129/7907 2934/2263
f 3258/7951 5029/8002 3367/7950
f 4858/216 4813/217 3064/8003
f 2790/2045 4609/1865 2505/1866
f 3097/8005 5458/8004 6061/8006
f 2442/1529 4116/890 469/901
f 1635/3114 2511/7963 4854/7958
f 467/888 468/889 2303/247
f 1959/3115 2600/8007 1428/3050
f 3436/7772 3258/7951 5021/8008
f 2800/6251 4908/3060 1512/6253
f 3487/1554 5179/6277 5422/2186
f 5253/8011 4459/7332 1499/8010
f 3025/1856 3508/6684 2617/2105
f 5751/5033 1721/6465 5333/6562
f 653/2605 2466/1761 5035/2546
f 3031/6148 4260/4554 3030/4821
f 2391/882 4216/3926 2321/881
f 3258/7951 2748/2331 3429/5957
f 4752/6872 3679/81 3598/82
f 2391/882 2346/884 4216/3926
f 3061/7808 2916/5608 5722/5992
f 465/887 905/1576 2403/428
f 81/1191 3535/1280 1259/7793
f 2797/7966 1433/3144 2586/8012
f 2800/8014 2572/6252 2798/8013
f 2321/881 2644/320 460/879
f 460/879 461/880 2321/881
f 653/2605 563/3059 2797/7966
f 3367/7950 3129/7907 2748/2331
f 5029/8002 2916/8015 3367/7950
f 2956/6134 3223/2340 5111/2341
f 5283/7008 5000/7467 5052/7610
f 5172/2418 5199/6208 4800/6843
f 4230/5258 4918/1313 4901/7623
f 1356/1803 2500/7954 2511/7963
f 5035/2546 2833/3176 922/1192
f 5822/695 5821/946 1091/159
f 5035/2546 4908/3060 653/2605
f 4735/7505 2937/6086 4477/1789
f 4735/7505 3034/7503 2937/6086
f 563/3059 4908/3060 2800/6251
f 4995/6305 5306/8017 4544/8018
f 4806/2191 2679/2586 2671/2584
f 1461/7589 1087/6935 4724/4981
f 707/8019 5463/7228 3558/8020
f 1635/3114 922/1192 1355/1802
f 2274/829 748/7652 441/830
f 2408/1533 4079/3940 3835/3257
f 2408/1533 3835/3257 2551/573
f 5486/631 5821/946 5831/923
f 3418/406 2115/2136 3019/6803
f 1263/8021 3716/6248 2308/6246
f 4806/2191 2701/2747 1502/3117
f 2573/5718 5942/1398 5947/7849
f 4877/2614 4472/2615 4725/2779
f 437/853 452/861 2410/843
f 4355/6247 3716/6248 3659/6511
f 5936/3026 2805/3027 1637/3333
f 5133/3763 4616/4943 5658/3332
f 4836/5688 4045/5522 3118/6159
f 5030/5809 4477/1789 5037/5544
f 5532/2037 5451/3137 4843/8022
f 3242/6378 2706/6364 2903/6354
f 4106/7167 2114/240 425/849
f 3064/8003 1387/258 2898/6420
f 5059/5516 3300/5557 3472/5534
f 2863/7939 605/7940 459/7944
f 425/849 2285/213 4106/7167
f 459/7944 3048/1768 2863/7939
f 2870/7927 2959/7764 2953/2888
f 5775/8024 3183/2098 4795/5823
f 4787/7671 113/6955 5716/6439
f 1051/1197 4393/1196 2417/3638
f 1096/3178 2851/7985 2776/8025
f 4849/7961 4860/7227 1706/7848
f 1096/3178 2776/8025 1316/1279
f 3589/6370 1232/2204 2772/2202
f 1891/844 2410/843 2387/1544
f 5065/5787 3300/5557 5059/5516
f 3239/2259 3451/8026 4990/8027
f 4966/2632 2775/3181 2984/1701
f 368/4562 5292/6299 3802/6307
f 603/8029 2757/8028 2558/7672
f 4266/7075 4593/7468 176/2713
f 4251/5124 3996/3583 4261/4918
f 4597/5241 3562/2574 4596/302
f 4585/6837 3993/7269 3968/7280
f 1379/1817 1414/5434 3317/1653
f 4769/6988 5349/7792 5359/8032
f 4596/302 3562/2574 2640/301
f 4742/6632 4889/6606 3334/3007
f 1721/6465 1538/1355 5700/1356
f 5708/7645 2823/7560 2594/2230
f 3169/2600 3389/5706 11/2595
f 4998/1492 5726/1449 2328/758
f 4267/284 5216/5359 3238/4752
f 3057/1881 2182/5432 1449/1880
f 272/6059 5288/7403 5172/2418
f 3993/7269 2484/3375 3892/3871
f 4794/8034 5810/7979 2967/2343
f 2752/8035 1387/6615 4456/7978
f 2433/1536 882/1537 419/8036
f 3239/2259 11/2595 3364/2594
f 419/836 3984/837 2433/3945
f 3561/3651 2929/3652 5232/4769
f 4795/5823 210/7415 5775/8024
f 3118/6159 4881/6160 5487/7967
f 101/1801 2803/8037 1356/1803
f 1599/8039 1409/8038 2544/8040
f 3250/6077 4470/4899 5164/8043
f 5120/2602 5066/8044 2697/2601
f 5097/8045 4530/7888 5143/8046
f 4263/4238 3996/3583 4251/5124
f 5101/8048 5100/6236 5126/6271
f 3589/6370 3364/2594 1232/2204
f 5112/6260 2952/3150 3407/3151
f 1465/7815 1539/7703 1661/6718
f 1011/3512 3005/209 4038/3513
f 5491/8049 5538/4905 5122/6998
f 638/2451 1600/2452 6022/2391
f 2440/810 4183/7153 4121/3951
f 4252/4143 4917/8050 4956/8051
f 2761/8052 622/3491 608/8053
f 1409/8038 1599/8039 2738/8054
f 2440/810 2233/1539 4183/7153
f 5831/923 5429/633 5486/631
f 3014/1879 4583/5560 3057/1881
f 5235/1027 5022/1026 3693/5338
f 5532/2037 5203/2038 5451/3137
f 3506/2730 1732/4650 2699/1145
f 407/825 2159/826 2164/823
f 3566/3754 907/6176 399/3756
f 2442/1529 3806/7382 4116/890
f 2442/1529 3051/7522 3806/7382
f 2641/2729 4799/2808 1528/2728
f 5535/4564 5454/4616 4774/4617
f 5738/4816 5129/4814 5082/4705
f 1552/5446 1726/6888 3293/6101
f 3135/5382 5053/6124 2751/5271
f 2770/2203 4887/1362 5/1248
f 4858/216 3064/8003 3153/5069
f 2233/1539 2440/810 398/813
f 3506/2730 2699/1145 2641/2729
f 4040/1053 2204/131 396/808
f 5456/7844 5258/7845 2924/7770
f 396/808 568/1052 4040/1053
f 5094/167 5245/4300 5665/166
f 2867/7929 2959/7764 2870/7927
f 605/8057 2774/7905 450/7906
f 2851/7985 1096/3178 2927/8059
f 2774/7905 605/8057 2757/8060
f 3691/8062 266/1834 5916/1835
f 5/1248 5157/8063 2770/2203
f 5869/5782 2445/3873 6027/2325
f 2786/3437 997/3468 391/3438
f 2867/7929 1259/7793 2959/7764
f 2460/1641 2871/7916 1275/7925
f 5136/6369 5139/8064 1420/6242
f 2776/8025 3271/5840 1348/5841
f 1607/1963 4843/8022 2493/2349
f 2810/7955 4914/7957 3609/7928
f 2450/790 933/1781 389/3743
f 2675/5077 5015/4961 2920/5778
f 3500/6937 3401/5500 2377/5498
f 1308/1281 1348/5841 2921/2887
f 5097/8066 5143/8047 1406/2544
f 1684/2943 2814/7740 1685/7741
f 3326/8067 3052/1868 5141/3310
f 902/1572 1049/3637 3218/1363
f 4941/2566 4887/1362 1232/2204
f 3218/1363 2417/3638 4393/1196
f 2851/7985 1230/7983 2776/8025
f 5731/6218 5359/8033 5515/8068
f 5539/1357 4865/5155 1620/5153
f 5209/2131 5928/8069 5191/2130
f 5601/6656 4761/8071 4778/7096
f 3822/1074 741/1200 386/8072
f 2966/243 3345/2374 3408/236
f 386/8072 597/1073 3822/1074
f 5653/1360 5157/254 5/1249
f 5320/6650 4196/5136 4175/4933
f 4600/5883 97/2474 655/2372
f 5928/8073 5183/6388 5198/8074
f 2772/2202 2770/2203 5157/8063
f 85/610 5243/1152 6076/612
f 3387/8075 5157/8063 5734/7909
f 1232/2204 4887/1362 2770/2203
f 5026/2717 5750/2161 1247/6240
f 5334/706 4766/707 1620/5153
f 5/1249 3959/2575 5653/1360
f 3/5339 1336/235 3345/2374
f 1479/5946 2764/5944 5442/7481
f 6022/2391 5797/2368 3720/2555
f 3/5339 5156/619 4949/237
f 5121/8076 3345/6235 4951/5437
f 1336/235 3/5339 4949/237
f 5347/7456 1609/7887 5074/646
f 3692/6449 3507/3331 5173/6451
f 3453/2302 4979/3093 4981/2260
f 4030/3724 3067/782 382/789
f 6118/7515 1701/6663 5506/2022
f 5506/2022 1624/7872 5223/8077
f 382/789 2450/790 4030/3724
f 4887/1362 5728/1361 5/1248
f 5916/1835 4477/1789 2937/6086
f 6077/6799 2533/8079 1195/6780
f 4585/6837 2484/3375 3993/7269
f 3558/8020 2981/7226 1681/7960
f 2608/7788 6045/5635 4920/4681
f 4941/2566 1232/2204 4945/2565
f 2689/303 3503/8080 4596/8031
f 2317/8083 4864/8082 3044/6850
f 5779/5377 5002/1338 186/5376
f 5463/7228 1461/7589 4860/7227
f 4556/2090 6028/6489 1708/6561
f 2641/2729 5536/3764 1505/330
f 2981/7226 3558/8020 5463/7228
f 2981/7226 4860/7227 4849/7961
f 3513/3279 4616/4943 4765/6522
f 1683/7930 1687/4925 1681/7960
f 375/748 2478/747 2109/752
f 3773/7422 3759/744 369/743
f 2502/4945 1409/8086 2738/8056
f 5026/2717 1247/6240 5170/2624
f 4945/2565 3389/5706 1193/915
f 2988/8087 4745/136 1387/6615
f 4887/1362 4941/2566 1193/915
f 2502/4945 2875/4946 1409/8086
f 3773/7422 369/743 366/8088
f 2475/3368 1712/3369 2468/8089
f 5148/7496 5066/8044 5067/8090
f 1246/960 3726/4694 5725/457
f 2682/8091 1428/3050 5988/6485
f 4765/5413 5630/4942 5396/5055
f 5067/8090 3451/8026 5148/7496
f 2500/7954 4854/7958 2511/7963
f 5120/2602 4990/8027 5067/8090
f 3111/727 3254/5128 3500/7627
f 1633/4576 1708/6561 5755/6981
f 4990/8027 3451/8026 5067/8090
f 4914/7957 1356/1803 2803/8037
f 5258/7719 4779/8092 4968/7977
f 1235/8094 3618/8093 5570/6854
f 4990/8027 5120/2602 3169/2600
f 1151/1620 1278/1618 1996/4623
f 2593/3203 2591/1848 5361/3202
f 2916/5608 5029/8016 1340/5617
f 1340/5617 3015/5605 2916/5608
f 5148/932 4998/1492 2327/756
f 3169/2600 3239/2259 4990/8027
f 4914/7957 2810/7955 2500/7954
f 2803/8037 2867/7929 3609/7928
f 2101/2088 6100/2089 172/2079
f 1453/6426 2357/6429 3617/5714
f 4619/6815 4601/6814 3624/3740
f 2803/8037 101/1801 2867/7929
f 3609/7928 4914/7957 2803/8037
f 513/1640 2460/1641 2863/7939
f 2862/7981 605/7940 2460/1641
f 5657/6558 5138/6568 5627/6521
f 2491/3121 3782/7396 3762/7418
f 2491/3121 3762/7418 3831/3105
f 2491/3121 2949/1154 3782/7396
f 976/1155 2949/1154 2491/3121
f 5540/2172 1318/2962 2701/2747
f 2492/732 4395/7364 3987/730
f 2492/732 359/729 357/8096
f 2492/732 357/8096 356/649
f 2754/7934 3609/7928 2869/7926
f 5657/6571 3507/3331 3692/6449
f 1618/778 5995/128 5600/5627
f 1321/1775 603/1773 2715/2326
f 3761/3877 743/1203 355/711
f 355/711 2974/712 3761/3877
f 3271/5840 2776/8025 1230/7983
f 1628/1968 5546/5445 3380/4750
f 2651/3889 5558/6759 3612/7478
f 603/8029 1320/1774 2757/8028
f 5108/6243 4951/5436 2952/3150
f 2974/712 354/713 352/1034
f 2825/317 267/6061 3250/321
f 5717/517 5746/455 3652/468
f 3275/8100 3589/2342 3223/2340
f 2859/1332 4787/6514 210/7415
f 5674/8101 5237/6308 3707/6337
f 3271/5840 1230/7983 2862/7984
f 1275/7925 6057/3212 3271/3213
f 6091/149 5769/6584 1519/148
f 3497/6670 5299/6719 3147/7060
f 5652/8102 2089/1619 4775/2323
f 5688/5353 3445/5352 5596/6192
f 6087/8103 3445/5634 3444/6266
f 2814/7740 2870/7927 3001/7739
f 2868/7913 2754/7934 1684/2943
f 5265/8104 5106/6882 6046/6875
f 5848/583 4811/2907 6123/1008
f 4579/7368 4254/7100 4190/5058
f 2754/7934 2814/7740 1684/2943
f 4796/6069 3510/4793 5507/4794
f 139/4903 183/8105 2829/4767
f 5245/4300 5094/167 4750/5472
f 4775/2323 2716/6533 1105/2181
f 5502/2225 6044/2226 6042/6395
f 4988/754 5066/1349 5148/932
f 4882/88 2985/8106 3241/8107
f 1243/2182 2661/2623 4775/2323
f 3721/6790 4798/8108 5898/8109
f 5067/8090 5066/8044 5120/2602
f 3079/6658 261/2229 1488/2698
f 4026/1260 3235/661 346/663
f 1512/6253 4854/7958 4883/7976
f 1526/698 6042/6569 1507/1295
f 5148/8095 5003/7499 4998/1522
f 2428/7953 3609/7928 2754/7934
f 2428/7953 2810/7955 3609/7928
f 5123/8114 2520/8112 4784/2029
f 2967/2343 3239/2259 4794/8034
f 3118/6159 5190/5690 4836/5688
f 2843/7952 4854/7958 2500/7954
f 1076/655 2165/654 2840/3691
f 3239/2261 4981/2260 3451/7495
f 4980/7964 5003/7497 4981/2260
f 948/2313 1897/3864 2507/2298
f 3892/3871 2464/8115 2431/7449
f 1411/1681 5422/2186 2964/6335
f 2508/642 4359/3671 2492/732
f 28/7762 2868/7913 1684/2943
f 356/649 2508/642 2492/732
f 2795/3113 1635/3114 2801/3155
f 3049/5796 2798/8116 2702/8117
f 3581/3222 300/5379 2705/2920
f 5074/646 1609/7887 1589/645
f 3807/361 4256/7099 4471/7097
f 746/1207 2509/1029 2419/3748
f 5181/8120 5102/8118 3432/1720
f 2843/7952 2428/7953 2754/7934
f 2754/7934 2868/7913 2843/7952
f 5021/8009 5181/8119 3436/8121
f 5351/6508 5680/5854 1614/5855
f 5849/5327 5739/1174 6008/5514
f 3137/8123 3429/8122 2338/2383
f 600/5114 1921/5654 4987/5880
f 5090/8124 5983/6572 2008/8125
f 5178/8126 2338/2385 3452/1719
f 1542/3736 3341/1094 3896/3725
f 18/7773 3275/8099 5029/8002
f 18/7773 5029/8002 3258/7951
f 5332/4887 5512/8129 5544/73
f 5102/2381 3137/8123 2338/2383
f 2515/1150 4072/7190 3214/1110
f 2515/1150 3846/1151 4072/7190
f 4556/2090 1707/4574 1532/2026
f 5102/8118 5178/2382 3432/1720
f 3657/3157 1649/1976 3673/6189
f 2515/1150 929/1665 327/8131
f 327/8131 689/1149 2515/1150
f 1574/3888 2585/6428 1561/7911
f 2813/2370 69/6433 6023/5677
f 3657/3157 3475/5804 1649/1976
f 2537/1628 3499/2709 5823/6289
f 3275/8128 1340/5617 5029/8016
f 5657/6557 1505/330 5536/3764
f 5133/3763 5536/3764 4733/6205
f 4806/2191 2671/2584 5652/8102
f 4251/5124 4070/4919 5677/5123
f 4955/576 2689/8132 2712/578
f 5021/8133 3429/8122 3137/8123
f 5802/4596 1266/2625 5368/8135
f 5200/2262 3429/5957 2748/2331
f 935/1946 2167/205 2519/3865
f 2968/860 3452/1719 2338/2385
f 4771/4701 2409/4557 3259/4558
f 6087/4896 3444/5673 1527/6519
f 1202/6334 5135/2691 1203/6340
f 855/1046 2026/1038 3841/3380
f 2661/2623 6096/2142 3569/2171
f 1614/6742 3102/6902 5351/7914
f 5021/8009 3137/8134 5181/8119
f 5021/8008 3258/7951 3429/5957
f 4833/6846 2537/1628 2577/1627
f 2661/2623 3569/2171 5652/8102
f 4820/225 2554/3234 5562/224
f 5178/2382 3452/8127 3432/1720
f 5831/923 5380/42 5462/117
f 5070/7592 3537/7579 5316/6859
f 2713/2686 1221/1706 1940/1140
f 341/656 4354/657 2165/654
f 5070/7592 1561/7911 2584/7580
f 4676/2534 2633/8136 2628/8137
f 3177/1975 1649/1976 3475/5804
f 2660/2609 5250/2145 6096/2142
f 2791/5156 2694/3414 596/8138
f 3581/3222 1546/3084 300/5379
f 591/639 2926/638 3086/3762
f 4841/105 417/106 3281/3235
f 6043/2149 1507/1295 6042/6569
f 926/1611 3346/734 3347/162
f 4794/7971 3364/8139 3589/7973
f 322/1612 363/733 3346/734
f 4960/315 5856/1404 5770/62
f 5518/5411 2008/8125 3276/5410
f 660/1130 4392/1131 3294/1133
f 317/634 4375/635 4392/1131
f 4800/6843 4557/7859 1678/7674
f 4744/847 442/4551 2681/2659
f 6096/2142 1237/2143 3569/2171
f 3147/6399 3230/6423 231/6293
f 3364/2594 4794/8034 3239/2259
f 1678/7674 4557/7859 5454/4616
f 5518/5411 2609/6585 5090/8124
f 2660/2609 2661/2623 1243/2182
f 1130/3714 4091/1165 3797/3716
f 5804/8140 1638/1971 5798/8141
f 2935/8142 2364/104 2682/8091
f 3499/2709 5675/6749 3329/2711
f 2398/4165 5133/3763 4733/6205
f 4593/7468 4508/7042 4480/7040
f 392/6486 677/3035 5988/6485
f 675/3051 2664/8143 392/6486
f 5408/4 4840/5 1627/8144
f 4775/6532 2089/1616 1152/1621
f 2609/6585 5518/5411 3181/5412
f 5652/8102 4775/2323 2661/2623
f 1534/3727 1537/3732 2090/3731
f 5005/8147 2924/7769 6086/7767
f 5405/6957 4274/7551 5691/7641
f 4761/8148 5601/2426 5187/2427
f 5386/374 2003/8149 1177/7531
f 4809/981 3414/6611 3483/983
f 752/3070 2589/8150 675/3051
f 2682/8091 5988/6485 2935/8142
f 2340/8151 5924/4788 3558/7736
f 5129/4814 4830/8152 5082/4705
f 1513/4764 1464/2959 1723/6717
f 1195/6780 800/6778 6077/6799
f 400/6597 5937/7477 27/6596
f 5658/3332 5657/6557 5536/3764
f 3076/3308 3976/3080 2819/3309
f 5544/73 1114/8153 5438/8154
f 1561/7911 3141/3887 1574/3888
f 5071/7472 5976/6675 59/2020
f 5098/5344 5416/5405 1486/8156
f 680/2841 678/3052 1428/3050
f 3233/8159 4535/8158 5972/6590
f 1428/3050 2600/8007 680/2841
f 5008/945 2939/5490 1177/7531
f 3145/1065 578/1066 312/1351
f 4806/2191 5652/8102 3569/2171
f 5692/7836 1903/6468 6066/6964
f 3000/7681 4873/7689 4900/4900
f 5357/1836 5828/5368 6026/6169
f 1581/2764 2574/4820 5434/2817
f 3181/5412 2409/4557 4739/8161
f 5206/6943 3644/6942 3486/7659
f 2020/8162 675/3051 2589/8150
f 544/1009 3987/730 2849/1050
f 2008/8125 3177/1978 3276/5410
f 2665/2603 3049/5796 2702/8117
f 4725/2777 4726/5612 4767/5513
f 3554/6925 5343/6384 4840/5
f 2798/8116 2020/8162 2702/8117
f 701/7687 4639/7857 1916/6681
f 2546/628 4153/4019 3902/7343
f 2546/628 3902/7343 3266/1272
f 773/1270 2546/628 3266/1272
f 5828/5368 5357/1836 6067/5367
f 1302/2319 6049/2647 4851/1128
f 2671/2584 1278/4620 2089/1619
f 2546/628 2769/986 4153/4019
f 2020/8162 2798/8116 2596/8163
f 3644/6942 5796/6866 5496/2132
f 701/7687 2965/7685 4639/7857
f 2598/6017 4885/4755 2785/4737
f 2699/1145 5694/1143 2641/2729
f 638/2451 5762/2121 5763/2657
f 3282/2936 685/3100 2130/8164
f 1505/330 5177/331 2641/2729
f 5559/1117 5270/6110 3522/1116
f 5572/8165 2557/7014 5166/8166
f 4753/6683 5333/6562 5352/7771
f 4733/6205 5536/3764 2641/2729
f 1305/7629 4986/8168 3139/6095
f 5584/7639 3168/1668 5497/5970
f 321/6961 365/6685 5543/6355
f 2130/8164 3438/6131 3282/2936
f 1127/195 4482/5555 1439/257
f 3463/3405 3976/3080 3076/3308
f 2089/1619 5652/8102 2671/2584
f 4436/1514 861/1515 305/625
f 305/625 4412/626 4436/1514
f 2130/8164 685/3100 1679/3101
f 303/622 3471/623 4412/626
f 2653/3102 4838/3104 1679/3101
f 3570/8170 1495/5759 3655/6009
f 3141/3887 1561/7911 5316/6859
f 1668/7678 4900/7679 1515/7569
f 3156/2347 3578/5245 2575/5206
f 5558/6759 5107/7455 3612/7478
f 234/893 1213/1237 4617/5806
f 1354/1699 1563/1697 6026/6169
f 5152/1296 6017/381 5563/700
f 1268/40 3672/1736 5381/6223
f 5152/1296 5563/700 1526/698
f 1670/7702 1539/7703 1663/7818
f 392/6486 1428/3050 675/3051
f 5064/8171 4795/5821 2720/5822
f 2397/3407 3463/3405 3076/3308
f 6031/2498 5677/5248 5328/2346
f 2633/8136 4676/2534 4675/8172
f 3447/346 3510/4796 553/347
f 2130/8164 2866/8173 3438/6131
f 5807/7483 262/7015 4448/7992
f 5155/5748 4415/2380 1545/3852
f 47/2648 4792/3220 2131/3218
f 951/2874 1065/3657 2157/2593
f 514/2885 4983/8174 4965/1702
f 1354/1699 6026/6169 6055/6372
f 6090/5477 6055/6372 1383/499
f 3461/7757 1663/7818 1539/7703
f 711/2940 2658/6688 3404/2983
f 2626/5591 5091/6361 4830/7745
f 3141/3887 5316/6859 2651/3889
f 4864/8082 5404/5598 5032/5366
f 4246/2798 4918/4024 4304/1314
f 3892/3871 2431/7449 3965/7247
f 4930/7118 2246/7665 4905/7117
f 3629/5698 5305/5769 2771/8176
f 1677/7691 3484/7831 3461/7758
f 1665/8177 2652/5871 1107/3103
f 1104/6665 5135/3286 141/2692
f 2964/6335 5179/6277 142/2693
f 5475/6459 3702/6692 384/6150
f 1679/3101 1107/3103 2130/8164
f 1650/7824 1610/5911 2958/2189
f 5792/6278 5064/8171 1159/7006
f 26/6008 3655/6009 5601/2426
f 5348/5583 1575/7620 1574/3888
f 2658/6688 2664/8143 2643/6687
f 5008/945 3564/6010 26/6008
f 5163/2379 4415/2380 5155/5748
f 5447/8179 5349/7792 5296/6989
f 1146/8181 3400/2274 3681/2272
f 1562/6794 4688/2836 5883/2837
f 5208/2242 2878/2244 1128/2187
f 3177/1975 3475/5804 3259/3079
f 4437/33 6091/149 1335/35
f 2069/6579 1293/3005 1199/2941
f 262/7015 5099/272 4448/7992
f 2160/411 515/1222 292/413
f 1293/3005 4838/3104 2653/3102
f 1665/8177 3313/6705 2652/5871
f 1370/2505 1383/497 230/34
f 462/883 2346/884 2391/882
f 3147/7060 231/6775 3497/6670
f 2582/490 4051/3937 4048/7223
f 2582/490 2162/3702 4051/3937
f 3851/7361 729/7673 288/592
f 5763/2657 2735/2450 638/2451
f 142/2693 1202/6334 2964/6335
f 1293/3005 2653/3102 1306/3004
f 3659/6511 5983/6572 3197/6510
f 4798/8184 5279/6410 5301/6411
f 288/592 2289/569 3851/7361
f 4838/3104 1665/8177 1107/3103
f 2587/581 4185/3924 3755/7425
f 770/1262 2587/581 3755/7425
f 2587/581 282/1263 281/582
f 5901/6828 3125/7847 5505/8186
f 5901/6828 5505/8186 1304/8187
f 5279/1962 4798/8183 1713/1961
f 5294/5294 3706/5292 5819/5626
f 4838/3104 3313/6705 1665/8177
f 3818/965 2289/569 273/571
f 5347/7456 5074/646 1577/5584
f 3508/6684 5259/1857 1984/5728
f 1642/6730 6095/1953 5338/5767
f 4838/3104 2650/6723 3385/6662
f 4569/6573 2008/8125 5983/6572
f 5722/5992 5028/5607 1654/5914
f 3355/2224 2155/558 269/567
f 5792/6278 4795/5821 5064/8171
f 1293/3005 2069/6579 2650/6723
f 5457/6142 5804/8140 5816/6883
f 5719/1645 5407/1643 4750/5472
f 2650/6723 4838/3104 1293/3005
f 6021/2389 1382/2120 5762/2121
f 4850/2122 2971/3543 3556/3544
f 1588/5752 2958/2189 1610/5911
f 5512/8129 5332/4887 5643/2765
f 5656/6541 2718/8190 5356/6072
f 5809/2148 3972/2033 6025/6198
f 2181/544 738/7664 259/545
f 5471/7491 5702/6903 5339/1924
f 1158/1928 4763/6548 5358/5936
f 1460/5953 2744/5700 5049/7550
f 5820/1228 5816/6883 5804/8140
f 3385/6662 699/5889 3313/6705
f 5064/8171 2720/5822 5492/8191
f 4954/6575 2619/5443 4569/6190
f 699/5889 4742/6633 712/2982
f 3274/2556 1452/1884 3390/2369
f 5573/30 5356/6072 5735/699
f 3972/2033 4788/6166 6025/6198
f 5503/7991 4448/7992 5278/8192
f 5782/4613 5154/6538 6007/5538
f 3313/6705 699/5889 3540/5873
f 4506/7763 3656/7760 3661/7755
f 5492/8191 2720/5822 5787/4834
f 1399/1698 5812/380 1105/2184
f 1916/6681 2169/1999 3000/8194
f 142/2693 5135/2691 1202/6334
f 5926/4612 5874/6502 2458/8196
f 3590/8197 2718/8190 2742/6454
f 3590/8197 1470/1382 3175/6760
f 4792/3220 47/2648 1205/2649
f 3334/3007 3351/6679 3356/6294
f 6025/7754 2766/6113 2767/8198
f 1159/7006 2880/7711 4757/8199
f 3334/3007 3324/8200 722/3003
f 2964/6335 5422/2186 5179/6277
f 5452/5802 5357/4940 4891/4874
f 6110/6523 702/4629 705/4630
f 3622/6193 3308/2255 4729/6461
f 2613/1147 4107/7204 4061/1610
f 806/1389 2613/1147 4061/1610
f 2613/1147 3325/1148 4107/7204
f 2379/8205 3121/8201 5262/8203
f 2613/1147 242/1390 241/8206
f 5800/2146 2767/2147 1407/1883
f 241/8206 676/1146 2613/1147
f 4757/3563 5824/3564 4710/6768
f 6122/8208 5456/7844 2924/7770
f 6075/2656 5824/3564 1619/2655
f 1915/4763 1123/7733 2958/2189
f 1650/7823 4740/7783 3095/7810
f 4850/2122 6075/2656 5762/2121
f 711/2940 2664/8143 2658/6688
f 2261/937 489/928 238/938
f 5219/6703 5516/8210 5349/7792
f 5316/6859 5558/6759 2651/3889
f 1152/1621 5357/1836 1563/1697
f 5475/6459 283/6460 5489/6864
f 1682/5969 5452/5802 4891/4874
f 3612/7478 1574/3888 2651/3889
f 2621/462 4185/3924 2587/581
f 2621/462 4155/1266 4185/3924
f 2621/462 2570/588 4155/1266
f 1466/2444 2610/2689 6084/6339
f 2621/462 229/464 228/8211
f 228/8211 284/587 2621/462
f 275/463 2621/462 2587/581
f 5457/6142 5919/6125 1638/1971
f 5349/7792 5447/8179 5219/6703
f 2623/458 4209/7121 4227/3860
f 1460/5953 1622/5882 2960/5764
f 418/834 2624/451 3984/837
f 2624/451 3980/8212 3984/837
f 2624/8213 3826/7379 3980/7268
f 5671/6641 1686/7230 1726/6887
f 2624/8214 2299/442 3826/7381
f 2299/391 215/439 211/393
f 2960/5764 2744/5700 1460/5953
f 5219/6703 5447/8179 6009/6702
f 3985/7366 512/966 206/435
f 206/435 2352/371 3985/7366
f 2958/2189 5019/3351 1644/5680
f 6067/5803 5452/5802 5457/6142
f 2648/4628 2763/6667 3324/3002
f 5797/2368 69/6433 2813/2370
f 2763/6667 2648/4628 702/4629
f 1645/5681 2957/5757 1608/5692
f 3390/2369 4514/2705 1361/2390
f 2648/4631 3324/8200 3334/3007
f 2767/2147 5809/2148 6025/6198
f 5960/4855 5887/3814 1571/3487
f 2414/4426 491/7989 193/427
f 193/427 2403/428 2414/4426
f 711/2940 3324/3002 2763/6667
f 5252/8216 2609/6585 5251/6496
f 3379/895 2735/2450 1736/897
f 5735/699 5922/6555 5573/30
f 2637/6855 5119/6699 5969/6700
f 2885/1199 3069/421 189/426
f 358/6356 365/6685 629/8217
f 5803/6141 1173/1882 1407/1883
f 5797/2368 1600/2452 6024/896
f 4219/7188 2160/415 184/414
f 184/416 4103/417 4219/7169
f 3356/6294 2648/4631 3334/3007
f 5803/6141 5457/6142 1682/5969
f 3967/7375 2299/402 177/401
f 177/401 3814/403 3967/7375
f 5770/62 5929/1402 4958/7921
f 3348/6690 705/6691 2648/4631
f 2648/4631 3356/6294 3348/6690
f 5356/6072 3175/6760 5735/699
f 5802/4596 5368/8135 5413/7826
f 1407/1883 2767/2147 2766/6115
f 2636/126 705/4630 3311/6682
f 5637/6586 2287/6587 1175/8219
f 5873/6504 5874/6502 5960/4855
f 1638/1971 5804/8140 5457/6142
f 6110/6523 2636/126 4/8220
f 1660/5979 5871/6721 5343/7706
f 5904/2939 6110/6523 271/8222
f 2623/458 223/460 167/377
f 6121/8223 5281/6311 138/6215
f 2551/573 2352/371 165/373
f 3274/2556 1407/1883 1452/1884
f 1079/2999 4/8220 1084/3012
f 4426/2489 4413/2490 2627/3782
f 1298/2399 1334/1747 1395/2718
f 4103/925 180/419 162/926
f 3311/6682 304/125 2636/126
f 4757/8199 5792/6278 1159/7006
f 5904/2939 702/4629 6110/6523
f 702/4629 5904/2939 2763/6667
f 5492/8191 1159/7006 5064/8171
f 4607/8225 2602/4818 3723/5401
f 5077/6856 5956/8226 5637/2198
f 2351/341 483/7998 160/8227
f 160/8227 161/340 2351/341
f 2644/320 4176/3927 4167/7139
f 1627/8144 4840/5 5546/5448
f 2644/320 2321/881 4176/3927
f 2645/227 4167/7139 3754/7426
f 2645/227 4101/7424 2193/234
f 2645/8228 4100/7428 4101/7427
f 2645/8228 3754/7429 4100/7428
f 2644/320 156/316 154/878
f 3972/2033 2720/4833 4788/6166
f 2645/227 2644/320 4167/7139
f 2646/310 4227/3860 4109/3859
f 2646/310 4109/3859 2346/884
f 5857/8229 5356/6072 1519/31
f 290/593 2646/310 2346/884
f 2646/310 2623/458 4227/3860
f 1503/7387 1701/6663 1727/7933
f 5787/4834 1159/7006 5492/8191
f 3383/6312 3381/8230 5281/6314
f 1079/2999 3688/2997 271/8222
f 3399/6261 5137/6556 3039/5735
f 2654/287 4218/3789 4209/7121
f 2654/287 4209/7121 2623/458
f 2654/287 3781/3788 4218/3789
f 5879/482 4831/6245 5827/4597
f 2654/287 2267/537 3781/3788
f 4/8220 271/8222 6110/6523
f 167/377 2654/287 2623/458
f 271/8222 4/8220 1079/2999
f 2655/279 3731/1261 4158/7448
f 2655/279 2208/432 3731/1261
f 5700/1356 5313/7506 5663/154
f 122/283 196/431 2655/279
f 2656/253 4183/7153 2233/1539
f 2656/253 4158/8232 4183/7153
f 5239/14 5443/20 5263/54
f 398/813 883/1538 2233/1539
f 1697/127 1084/3012 4/8220
f 2656/251 2655/279 4158/7448
f 1114/8153 5544/73 5512/8129
f 5240/2486 1231/2501 1264/8233
f 2636/126 1697/127 4/8220
f 5267/2459 3515/2460 97/2474
f 4884/2879 54/1909 1156/1910
f 3383/8231 5338/599 3381/8234
f 5625/5881 308/5756 5647/6210
f 2960/5764 1622/5882 3490/5763
f 631/5316 4884/2879 2082/1826
f 5714/6818 2936/2289 6062/1982
f 1984/5728 3039/5735 5137/6556
f 5516/8210 5219/6703 5515/8235
f 473/3148 5977/8236 4613/1124
f 2642/8238 3688/2997 4728/2998
f 3688/2997 2642/8238 5904/2939
f 5904/2939 271/8222 3688/2997
f 6028/8085 3708/6653 5186/6088
f 2163/7986 508/963 115/233
f 5281/6314 3381/8230 5046/2008
f 115/233 2193/234 2163/7986
f 2719/708 6040/4972 5011/1489
f 3240/6783 164/6567 2514/3784
f 164/6567 3541/6781 2514/3784
f 111/228 2645/227 2193/234
f 2633/8136 2625/3090 2628/8137
f 3520/1444 1145/1679 5810/1445
f 2340/2116 145/8240 2339/2115
f 1215/8241 2955/4787 1570/2117
f 1089/2938 2642/8238 1412/3036
f 2670/3933 4063/7346 2406/3625
f 2670/3933 4048/7221 4063/7346
f 5209/8070 5411/8242 5183/6388
f 2670/489 1043/3614 104/8244
f 2670/489 2582/490 4048/7223
f 104/8244 245/488 2670/489
f 5904/2939 2642/8238 1089/2938
f 392/6486 2664/8143 711/2940
f 2642/8238 4728/2998 1412/3036
f 1693/5913 5369/7473 5741/7474
f 1412/3036 677/3035 392/6486
f 1412/3036 392/6486 1089/2938
f 2673/3706 4051/3937 2162/3702
f 2673/3706 3937/7988 4051/3937
f 1078/528 2237/527 2673/3706
f 2673/3706 2237/527 3937/7988
f 4310/5191 4519/5192 4230/5258
f 2489/3362 2464/8115 3892/3871
f 3966/7312 3796/7330 2759/3703
f 1028/3568 3785/3569 2949/7696
f 103/220 3740/221 3785/3569
f 3172/7528 3087/7534 1326/1784
f 3669/7712 1159/7006 5950/6549
f 2958/8178 1123/8209 1650/7823
f 3968/7280 2543/6838 4585/6837
f 2688/470 2799/8245 1101/8246
f 1592/1952 1642/6729 6053/6438
f 2276/3514 2285/219 100/218
f 100/218 1032/3592 2276/3514
f 625/3058 1084/3012 4238/3011
f 1612/3781 2601/549 2616/4101
f 2631/2535 4675/8172 4676/2534
f 3492/55 4565/2458 5267/2459
f 2614/3385 1469/3089 2625/3090
f 1642/6923 6121/6736 138/8224
f 1478/1823 1476/1854 1506/8247
f 631/5316 2082/1826 2120/1827
f 5060/8248 2555/6528 4236/6183
f 1609/7887 5672/6757 594/6758
f 5608/3081 5503/7991 5793/600
f 2864/6716 2961/7867 1465/7815
f 2628/8137 4667/2533 4676/2534
f 2935/8142 1251/2548 4727/2549
f 4413/2490 2601/549 2627/3782
f 4722/815 6113/816 5634/6484
f 4728/2998 3454/3088 625/3058
f 4486/1733 4499/8249 194/5640
f 3469/3221 4866/5320 1546/3084
f 1037/3602 3328/1408 2333/3604
f 2627/3782 2601/549 1612/3781
f 138/6213 3708/6211 6028/8239
f 686/4893 1551/8251 1579/4800
f 1156/1910 1634/1853 4884/2879
f 138/6215 5281/6311 1580/6849
f 4884/2879 631/5316 488/3061
f 1478/1823 686/4893 2991/1822
f 3773/7422 366/8088 84/200
f 84/200 3758/201 3773/7422
f 1551/8251 686/4893 1478/1823
f 5338/599 5793/600 3381/8234
f 5002/1338 2003/7999 186/5376
f 488/3061 631/5316 4238/3011
f 3474/5267 3032/5296 3033/5266
f 1476/1854 1400/1824 1448/2958
f 453/2491 488/3061 4413/2490
f 5670/2735 2021/4909 207/5306
f 6015/2165 5780/2287 5477/3718
f 5793/600 5286/2007 3381/8234
f 1400/1824 2991/1822 1559/8252
f 5074/646 2891/5715 1577/5584
f 4456/7978 4461/1878 3110/5312
f 5338/8189 3383/6734 1642/6735
f 1215/6698 1570/2114 2339/2115
f 145/4930 2340/8151 866/8253
f 4757/3563 2880/7716 1619/2655
f 198/3082 4426/2489 2627/3782
f 2815/1158 1035/3967 74/1159
f 1454/3370 198/3082 2627/3782
f 5928/8069 4800/6843 5191/2130
f 3749/4081 3363/169 71/174
f 2633/8136 1157/1852 2632/6283
f 5924/4788 2340/8151 1570/2117
f 71/174 2252/161 3749/4081
f 3500/7627 1364/5827 3111/727
f 63/175 64/160 2252/161
f 687/3054 2612/3055 1112/3289
f 3944/1188 628/7747 61/1189
f 4769/6988 5278/8192 1664/273
f 1554/4777 2991/1822 686/4893
f 2830/3057 54/1909 2256/3047
f 4675/8172 5521/2563 2633/8136
f 865/1507 3123/1217 4239/1504
f 4305/7039 4492/841 4195/839
f 3655/6009 1495/5759 5877/2428
f 2553/1916 1471/3119 5888/4765
f 3123/1217 60/1508 58/8255
f 58/8255 750/1216 3123/1217
f 26/6008 2939/5490 5008/945
f 4245/4461 4492/841 4305/7039
f 5796/6866 5206/6943 5344/6865
f 2632/6283 2625/3090 2633/8136
f 198/3082 1518/3232 2612/3055
f 417/106 2364/104 2935/8142
f 2125/5317 1587/3083 4866/5320
f 5503/7991 5286/2007 5793/600
f 5896/3001 5858/3000 5967/3439
f 3631/2849 291/3233 1445/2951
f 3631/2849 1518/3232 291/3233
f 2925/701 4622/702 1556/5712
f 1469/3089 687/3054 645/3091
f 1668/7678 1515/7569 1461/7589
f 4855/2560 2705/2921 5521/2562
f 4675/8172 2631/2535 3581/3222
f 2632/6283 2614/3385 2625/3090
f 1551/8251 1521/4762 1579/4800
f 3149/8256 4015/4187 3832/4193
f 3149/98 3832/4196 2159/826
f 3149/8256 2204/132 4015/4187
f 1914/594 2690/595 637/5380
f 107/2154 1262/1305 1358/1304
f 3469/3221 2631/2535 4667/2533
f 3469/3221 4667/2533 2628/8137
f 2159/826 401/827 44/99
f 2639/8258 3281/3235 417/106
f 44/99 3149/98 2159/826
f 2985/8106 1019/3072 3241/8107
f 1544/6938 1087/6935 1461/7589
f 1559/8252 2994/2960 1448/2958
f 4872/5318 3469/3221 1112/3289
f 1112/3289 1623/3290 4872/5318
f 1559/8252 1523/6939 1490/6949
f 3144/1422 1023/3556 37/1423
f 5521/2563 4675/8172 3581/3222
f 4713/4605 227/2787 6089/4663
f 3592/2616 5634/6484 6004/2618
f 1523/6939 1559/8252 2991/1822
f 1448/2958 1464/2959 1476/1854
f 1010/3511 3911/918 3002/1564
f 3381/8230 5286/2009 5046/2008
f 4727/2549 417/106 2935/8142
f 646/1123 1008/3508 1993/1121
f 1465/7815 1661/6718 2864/6716
f 1506/8247 1551/8251 1478/1823
f 2925/701 5618/8261 3252/703
f 5206/6943 3486/7659 5306/6319
f 1613/6786 5391/6509 5419/6640
f 5496/2132 4678/7241 5411/261
f 2771/8176 3630/5669 3629/5698
f 2633/8136 4712/2547 1251/2548
f 5411/261 4678/7241 3521/263
f 2309/281 5594/590 5511/185
f 697/3143 2824/2604 2725/90
f 1554/4777 1087/6935 2991/1822
f 2556/2357 5564/2355 5585/8262
f 3966/7312 2578/1808 1362/1809
f 5971/6809 5570/6854 5969/6700
f 3469/3221 3581/3222 2631/2535
f 3630/5669 2771/8176 5985/5570
f 2633/8136 5521/2563 4712/2547
f 2771/8176 5305/5769 5985/5570
f 2914/4839 2534/745 3715/260
f 5445/2568 5339/1924 5702/6903
f 3644/2419 5496/2129 5199/6208
f 4190/7348 2920/4973 4213/4974
f 1546/3084 4866/5320 1587/3083
f 3581/2561 2705/2921 4855/2560
f 1418/2847 2125/5317 1623/3290
f 4872/5318 4866/5320 3469/3221
f 5076/1693 5949/1940 2860/2409
f 3763/5140 1117/8263 2530/8264
f 472/2952 479/2848 1445/2951
f 1500/5112 1550/7854 2105/805
f 2738/8056 1117/8263 3763/5140
f 3791/4932 3974/7273 145/4023
f 5972/8160 639/8266 3233/2540
f 5214/8267 4778/7096 4761/8071
f 4995/6305 2939/5490 26/6008
f 2483/7786 5275/7915 1525/1925
f 4800/6843 1678/7674 5172/2418
f 5172/2418 3644/2419 5199/6208
f 5888/4765 1471/3119 1999/2950
f 4456/7978 2753/4825 2752/8035
f 2502/4945 2738/8056 3763/5140
f 4685/2293 1616/2134 2494/1667
f 3110/5312 2753/4825 4456/7978
f 2616/4101 3426/4100 1612/3781
f 5888/4765 5616/6092 2553/1916
f 5889/3009 3912/3010 1252/1917
f 5888/4765 1999/2950 2004/2953
f 5078/7608 1183/7634 2384/8269
f 353/6318 5298/7409 2825/317
f 1506/8247 1464/2959 1513/4764
f 5619/5703 4759/6322 4458/5047
f 3877/3109 2752/5877 2753/4826
f 5788/2367 1556/5712 5353/2366
f 1391/8271 5618/8261 5274/1478
f 5620/6862 5469/102 5475/6459
f 1087/7856 1554/4778 1550/4660
f 645/3091 687/3054 3469/3221
f 5718/444 5808/436 3524/437
f 1445/2951 479/2848 3631/2849
f 3168/1669 5584/8169 5204/1660
f 1163/5709 1170/865 2405/866
f 3669/6916 5950/2508 6024/896
f 5276/289 2474/290 2700/6635
f 4774/4617 5336/7566 5855/7749
f 4653/53 5443/20 4257/2472
f 5130/7081 4964/8272 5340/8273
f 2604/832 1693/5913 5741/7474
f 5362/7012 6081/7582 5301/7464
f 3537/7579 5070/7592 5205/5473
f 2456/3008 472/2952 5889/3009
f 4727/8260 2639/3169 417/8259
f 2598/6023 4778/6655 4802/6787
f 4802/6787 4689/8275 2598/6023
f 2915/4827 2441/4710 1924/4697
f 5775/8024 4857/7083 3183/2098
f 1465/7815 2961/7867 2994/2960
f 1251/2548 1157/1852 2633/8136
f 3099/8277 5360/8276 1391/8271
f 677/3035 2935/8142 5988/6485
f 1521/4762 1506/8247 1513/4764
f 677/3035 1251/2548 2935/8142
f 5721/383 4896/140 1233/385
f 5340/8273 2599/5442 361/8278
f 5475/6459 3579/48 97/6693
f 97/2474 3579/7114 5267/2459
f 1506/8247 1521/4762 1551/8251
f 5308/6073 5356/6072 5857/8229
f 2669/8281 2695/2842 2600/8007
f 2308/6246 3197/6510 5252/8216
f 1549/3409 3969/5260 3860/7384
f 4070/4919 3330/5060 3457/5137
f 5677/5248 2698/2509 4083/3832
f 4387/7119 4903/7517 3938/5018
f 1464/2959 2994/2960 2961/7867
f 2657/5872 699/5889 2658/6688
f 5360/8276 1149/8282 2517/8283
f 3579/48 5541/46 3492/8284
f 267/6061 2825/317 272/7994
f 4610/2485 3492/8286 1162/2487
f 5541/1992 4499/2064 1231/2502
f 5360/8276 3099/8277 50/7016
f 2664/8143 675/3051 2596/8163
f 1428/3050 2682/8091 1951/3116
f 1169/5985 4267/284 3700/5984
f 4961/7596 1714/1960 4607/8225
f 1219/6800 2533/8079 6077/6799
f 335/49 403/7544 4474/8290
f 2991/1822 1087/6935 1544/6938
f 1621/8291 2517/8283 5766/8292
f 4604/7525 5855/7749 4748/2076
f 2597/8293 1951/3116 2682/8091
f 3557/7112 5367/7830 4650/7113
f 5284/1948 3504/2473 4257/2472
f 2530/359 1611/8295 3804/3425
f 1219/819 3848/8297 6070/7751
f 3804/8300 1611/8296 1578/8299
f 5854/3799 2405/3800 6049/5365
f 34/1947 5218/22 4484/5800
f 1461/7589 2965/7682 1668/7678
f 2589/8150 752/3070 1560/2839
f 1567/2564 2580/5480 3295/5720
f 3295/5720 2580/5480 1632/6241
f 2583/3071 1019/3072 1040/8302
f 5374/7514 5030/5809 5412/5499
f 3661/7755 3484/7756 3666/5147
f 4257/2472 5282/21 5284/1948
f 3044/8084 5026/6852 2317/8303
f 3091/3097 2798/8013 2572/6252
f 2572/6252 14/3099 3091/3097
f 5282/21 4257/2472 5443/20
f 2596/8163 2798/8116 2866/8173
f 5072/5770 2571/7170 3561/3651
f 4565/2458 4653/53 4257/2472
f 6045/5635 5324/2791 255/2792
f 3492/55 5239/14 5263/54
f 2866/8173 2130/8164 2652/5871
f 5725/457 5746/455 5615/518
f 5510/291 50/7016 3099/8277
f 1600/2452 3379/895 6024/896
f 2652/5871 2643/6687 2596/8163
f 5581/4791 5964/521 5698/1278
f 1387/258 3064/8003 4813/217
f 5529/4674 3524/437 5517/519
f 2571/7170 4049/4947 3561/3651
f 1578/8299 1617/8304 3804/8300
f 5865/7003 4220/7001 2992/8307
f 5224/2084 4707/565 4457/6179
f 4610/8287 5239/14 3492/55
f 2664/8143 2596/8163 2643/6687
f 2652/5871 2596/8163 2866/8173
f 2652/5871 2130/8164 1107/3103
f 2657/5872 2643/6687 2652/5871
f 4864/8082 5780/2287 6015/2165
f 1391/8271 1621/8291 3252/703
f 3540/5873 2652/5871 3313/6705
f 2691/186 3281/3235 2690/595
f 3970/4718 2569/8308 3760/3292
f 2639/8258 2690/595 3281/3235
f 14/3099 2827/7938 3482/3163
f 3482/3163 2910/6104 14/3099
f 2759/3703 2578/1808 3966/7312
f 2759/3703 3796/7330 2512/3737
f 3928/118 3979/3578 3920/7300
f 4347/7267 4314/6951 3928/118
f 427/940 2405/3800 1405/1081
f 4653/53 4565/2458 3492/55
f 655/2372 3515/2460 3504/2473
f 3504/2473 5284/1948 655/2372
f 5674/8101 3802/6309 5237/6308
f 2752/5877 3877/3109 2865/4608
f 3969/5260 2549/3410 2569/8308
f 5770/62 4958/7921 5799/1265
f 3036/5470 1108/5471 1092/1561
f 34/1947 3305/2373 5430/5794
f 5274/1478 5618/8261 1725/8309
f 1520/2690 5784/2443 5857/8229
f 4798/8312 5301/8185 4586/8311
f 1690/7790 1609/7887 594/6758
f 1476/1854 1464/2959 1506/8247
f 4421/3960 4284/4084 2048/3961
f 1149/8282 5360/8276 50/7016
f 4189/4066 4258/4069 2038/4067
f 3751/4072 4189/4066 2035/4068
f 2866/6130 2798/8013 3091/3097
f 1490/6949 2994/2960 1559/8252
f 5618/8261 2925/701 1725/8309
f 3252/703 5618/8261 1391/8271
f 3499/2709 3502/2710 5823/6289
f 4734/7555 1514/4902 1093/7611
f 4937/3291 3760/3292 2569/8308
f 1358/1304 120/846 4744/847
f 4110/4045 2049/7166 2030/4046
f 4559/7125 4361/4055 2029/4056
f 5558/6759 2574/6858 594/6758
f 1621/8291 5760/8315 3252/703
f 4010/3975 4122/3963 2019/3976
f 4559/7125 2029/4056 2012/4040
f 2012/4040 4558/4041 4559/7125
f 5360/8276 1621/8291 1391/8271
f 4558/4041 2006/4042 2002/4058
f 2669/8280 2589/8316 1560/8301
f 4606/6300 3802/6307 5292/6299
f 2604/832 5741/7474 5745/25
f 5526/438 5517/519 3524/437
f 5469/100 3663/87 3665/80
f 4518/2294 5032/5366 5497/5970
f 1657/6661 5708/7559 3079/8111
f 5295/5844 447/833 2535/5743
f 4836/7805 5865/5689 5786/45
f 4295/8317 4150/4034 1998/4033
f 5484/7643 1713/1961 4798/8183
f 2812/2917 81/1191 922/1192
f 4570/4005 4539/3988 1979/3993
f 5768/498 1444/6536 4437/33
f 5742/24 4916/129 4888/23
f 3676/5795 1433/3144 2797/7966
f 1714/1960 5130/7594 5842/7080
f 2607/6053 2793/4754 5311/6052
f 381/28 4760/424 10/27
f 1590/5454 6084/6339 2610/2689
f 1313/2438 4333/2814 6020/3132
f 4625/7095 5601/6654 318/6324
f 2981/7226 4849/7961 1681/7960
f 4678/7241 5496/2132 5796/6866
f 1040/8302 2589/8150 2669/8281
f 1560/8301 2695/2840 2669/8280
f 3425/3457 3204/3505 2397/3407
f 4606/6300 1258/6328 3802/6307
f 5750/2161 5477/2162 5709/1634
f 5816/6883 6067/5803 5457/6142
f 3099/8277 1391/8271 5510/291
f 2665/2603 2702/8117 2020/8162
f 4963/7595 3143/6630 5130/7594
f 4607/8225 1183/7634 4961/7596
f 2784/1330 5704/6769 2859/1332
f 3558/8020 1681/7960 866/4926
f 4416/7032 4010/3975 1975/3977
f 5192/7699 5928/6840 5261/7698
f 1975/3977 3852/3981 4416/7032
f 3000/7680 2965/7682 1647/7686
f 2712/575 5326/8322 5015/8065
f 721/89 2985/8106 4882/88
f 5086/7461 1479/5946 5169/7552
f 1617/8306 2734/3411 3804/3425
f 394/7053 1655/7663 1653/2003
f 4319/3293 4314/6951 3760/3292
f 4539/3988 4538/3970 1972/3973
f 2020/8162 2589/8150 2588/8323
f 4679/3969 4538/3970 3816/7370
f 1977/3985 4679/3969 3852/3981
f 4679/3969 3816/7370 3852/3981
f 4679/3969 1970/3986 1969/8324
f 1969/8324 1971/3968 4679/3969
f 4443/4130 4421/3960 1968/3962
f 3564/8325 5790/5532 3570/8326
f 1968/3962 4122/3963 4443/4130
f 5340/8273 214/3160 2599/5442
f 3673/6189 214/3159 3657/3157
f 3143/6630 4964/3158 5130/7594
f 1590/5454 6083/5452 6084/6339
f 1019/3072 2985/8106 1040/8302
f 5098/5344 4459/7043 1657/7661
f 1559/8252 1448/2958 1400/1824
f 4400/4161 4475/4227 2213/4471
f 5098/5344 2521/5417 5416/5405
f 3030/4821 2389/4635 1113/5833
f 3030/4821 1113/5833 3031/6148
f 1113/5833 2389/4635 2858/4636
f 4547/7065 4504/7077 3763/7416
f 5008/944 3253/5989 3544/5531
f 4320/7116 4331/7035 4930/7118
f 3605/5416 321/6961 5131/2832
f 5069/3078 3657/3157 3607/2524
f 4266/7075 4508/7042 4593/7468
f 3799/4719 1549/3409 3860/7384
f 2341/282 5588/280 5593/305
f 2682/8091 2364/104 2597/8293
f 1072/1371 3004/93 5018/1370
f 1261/1730 5290/5350 3600/2500
f 4330/4125 4336/4230 2209/4126
f 4256/7099 3807/361 2206/4459
f 4256/7099 2206/4459 2203/4113
f 4266/7075 4512/7076 4508/7042
f 2257/6028 5817/2775 4534/2773
f 4964/3158 3143/6630 3224/2525
f 3374/3422 4607/8225 3723/5401
f 2583/3071 1959/3115 1951/3116
f 1637/3333 2805/3027 2017/5387
f 4306/4439 4523/334 4200/332
f 4341/5254 4523/334 4306/4439
f 4307/7122 4549/4454 2200/4453
f 4400/4161 2213/4471 2196/4474
f 2581/223 3241/8107 1019/3072
f 1951/3116 2597/8293 2583/3071
f 5445/2568 5702/6903 1614/6742
f 2600/8007 2583/3071 2669/8281
f 4491/7123 4488/4449 2195/4448
f 4459/7043 1696/2516 1657/7661
f 2600/8007 1959/3115 2583/3071
f 4732/4221 4465/4245 4478/4225
f 680/2841 2600/8007 2695/2842
f 2583/3071 2597/8293 2364/104
f 4738/4433 4297/4093 4285/4726
f 2024/4851 3775/2411 5079/4853
f 4761/8268 5009/8327 5214/7093
f 4741/4290 4345/4308 4290/4480
f 4390/7278 4433/4381 2187/4380
f 2187/4380 4389/4408 4390/7278
f 2583/3071 1040/8302 2669/8281
f 4610/8287 3651/13 5239/14
f 4299/4490 4345/4308 2180/4309
f 2340/8151 3558/7736 866/8253
f 5300/5351 3600/2500 5290/5350
f 4253/6351 4703/5567 5353/2366
f 4290/4480 2221/7045 2176/4289
f 2176/4289 4741/4290 4290/4480
f 2569/8308 3970/4718 3969/5260
f 4382/4263 4527/4266 4528/5144
f 3939/7315 1362/7587 2543/6838
f 5792/6278 1376/8328 5990/5895
f 5007/942 1177/943 5002/1338
f 340/7735 5264/2000 4459/7922
f 1520/6546 1519/148 5769/6584
f 3207/7615 4771/8329 2397/4702
f 4368/5775 4529/7239 4942/5115
f 2581/223 1019/3072 4820/225
f 4494/4466 4487/4280 2173/4282
f 3207/7615 2397/4702 3204/8319
f 1264/8233 5323/7450 5240/2486
f 721/89 2665/2603 2588/8323
f 5033/1340 5093/8330 3769/6117
f 5288/7404 5298/7409 5306/6319
f 3804/3425 1549/3409 3799/4719
f 4406/4098 4674/4275 4272/4097
f 3748/5109 4562/5110 4452/7225
f 2734/3411 1549/3409 3804/3425
f 2675/5077 4244/1315 4230/5258
f 2858/4636 3128/1624 1113/5833
f 2620/8331 4582/5799 2908/4563
f 1376/7619 5079/4853 3775/2411
f 4853/2070 5571/7626 4693/6231
f 145/7737 5924/6696 2339/6695
f 2588/8323 1040/8302 2985/8106
f 5018/1370 3004/93 3643/94
f 4299/4490 2180/4309 2170/4276
f 194/5643 5897/6262 5409/6263
f 2170/4276 4291/4277 4299/4490
f 4291/4277 2168/4278 2166/8334
f 2985/8106 721/89 2588/8323
f 4465/4240 4732/4252 2154/4242
f 1604/6627 5083/8335 3604/8336
f 5798/8141 5820/1228 5804/8140
f 4901/7324 4542/4025 4376/7326
f 4918/4024 4542/4025 4901/7324
f 653/2605 19/993 557/992
f 3968/7280 3939/7315 2543/6838
f 4052/4482 2224/4484 2149/4483
f 3775/2411 1919/8337 1376/7619
f 5798/8141 1533/1229 5327/1230
f 4910/8338 4543/4488 4904/4491
f 5853/1760 557/992 5609/651
f 3684/2058 4060/5202 4117/7179
f 519/650 2369/7956 2576/902
f 2200/4455 4160/4456 4307/4155
f 3442/1876 6038/5707 3237/1875
f 3049/5796 3676/5795 563/3059
f 3310/1770 1310/2400 5220/6456
f 205/5489 4772/5064 4137/840
f 4940/2031 4902/3994 4591/3995
f 6038/5707 1369/2640 5833/6542
f 5300/5351 1264/8233 1231/2501
f 4385/4842 4271/5771 4862/5125
f 4531/7073 4271/5771 4385/4842
f 5123/8114 4784/2029 2016/2053
f 5105/2197 6018/1788 266/1834
f 1162/2487 3492/8286 5541/8285
f 5782/4613 6007/5538 2610/2689
f 4302/7243 4942/5115 4529/7239
f 4893/5116 4302/7243 4174/4996
f 4286/5163 4572/7186 4175/4129
f 4940/2031 4250/4163 5761/2030
f 5834/520 5964/521 5581/4791
f 2317/8303 5026/6852 5128/4879
f 1231/2502 4499/2064 4486/8250
f 557/992 2466/1761 653/2605
f 3659/6511 3716/6248 3202/7389
f 3310/1770 5727/8340 5993/7602
f 2211/4467 4169/4151 4494/4466
f 4337/7052 4572/7186 4286/5163
f 4272/4097 4880/4284 4328/4297
f 22/2606 2797/7966 2586/8012
f 209/4995 4252/4143 4956/8051
f 3676/5795 2665/2603 1433/3144
f 4387/7119 4402/7293 4903/7517
f 1162/2487 1231/8288 5240/2488
f 2576/902 2369/7956 557/992
f 1231/8288 1162/2487 5541/8285
f 3716/6248 1263/8021 3121/8204
f 4254/7100 4579/7368 4467/7371
f 4199/3996 4917/8050 4463/4145
f 4590/4162 4465/4245 2132/4244
f 5949/1940 1919/8337 3775/2411
f 1328/2401 1298/2399 1395/2718
f 2586/8012 2576/902 19/993
f 1376/7619 1919/8337 5991/2016
f 5081/6604 5113/6603 2819/3307
f 2384/8342 3374/8341 3649/3423
f 4379/4468 2291/4542 2127/4229
f 2127/4229 4336/4230 4379/4468
f 4961/7596 5130/7594 1714/1960
f 5609/651 2373/2570 5853/1760
f 1433/3144 2576/902 2586/8012
f 5558/6759 5672/6757 5107/7455
f 5099/272 262/7015 5276/289
f 2220/4479 4498/4478 4454/4498
f 3143/6630 1604/5693 3224/2525
f 4961/7596 5078/7608 4963/7595
f 3714/4602 3877/3107 2448/718
f 5276/289 2700/6635 5099/272
f 2595/681 2576/902 1433/3144
f 19/993 22/2606 2586/8012
f 4610/8287 5240/2486 3651/13
f 3723/5401 498/3236 3374/3422
f 4590/4162 2132/4244 2124/4226
f 2124/4226 4475/4227 4590/4162
f 5595/2069 6001/4573 4853/7625
f 3374/8341 2384/8342 1183/8270
f 5947/1494 2479/1495 5843/8343
f 2384/8269 3649/3412 5061/3374
f 5240/2486 5323/7450 3651/13
f 3374/3422 1183/7634 4607/8225
f 5863/3946 5942/1398 2573/5718
f 3640/2545 3602/6881 3671/3177
f 4491/7123 2195/4448 2113/4224
f 2113/4224 4478/4225 4491/7123
f 5202/7875 6122/8344 2924/6066
f 2832/7819 1512/6253 4883/7976
f 5456/7844 6122/8208 5505/8345
f 2562/8347 3671/3177 3602/6881
f 4236/6183 2555/6528 3667/6184
f 4700/6529 2555/6528 248/6954
f 2110/4222 4732/4221 4478/4225
f 3600/2500 5300/5351 1231/2501
f 1264/8233 5300/5351 5323/7450
f 3671/3177 2833/3176 3640/2545
f 3674/4586 3036/5470 1092/1561
f 3413/5497 4984/5496 2637/8348
f 98/1193 81/1191 277/5539
f 2225/4492 4487/4280 3828/4494
f 2798/8116 3049/5796 563/3059
f 2466/1761 5853/1760 5623/3284
f 922/1192 2795/3113 5035/2546
f 3607/2524 4964/3158 3224/2525
f 4253/7572 5894/7809 5095/509
f 4588/4507 4293/4209 2100/4214
f 2100/4214 2250/4506 4588/4507
f 3584/1734 3586/1735 5376/6259
f 2334/680 1045/697 2454/682
f 4499/8249 5342/2065 194/5640
f 5409/8333 4486/1733 194/5640
f 5739/1174 4975/1172 158/2778
f 5260/7337 3563/6418 5984/8350
f 5914/1013 5868/177 5867/176
f 5069/3078 1338/2377 1303/2375
f 1253/113 5475/7092 5469/100
f 4260/4554 1408/57 1092/1561
f 2008/8125 4569/6573 3177/1978
f 3353/6680 5057/1113 5523/6570
f 5254/1675 5290/5350 1184/1674
f 4915/8352 4917/8050 4199/3996
f 4302/7243 4893/5116 4942/5115
f 4911/5118 4915/8352 4199/3996
f 5595/2069 5984/8350 5104/508
f 1171/8353 2373/2570 5609/651
f 2562/8347 2812/2917 3671/3177
f 4294/4725 3730/4116 2095/4201
f 2095/4201 4285/4206 4294/4725
f 262/7015 5807/7483 5898/8109
f 2092/4189 4738/4190 4285/4206
f 5083/8335 1604/6627 4963/6628
f 4925/7453 4955/4962 4165/4960
f 5359/8033 5146/4838 4769/8254
f 5517/519 5526/438 5615/518
f 4248/4485 4913/8354 4912/8355
f 2296/4216 3829/4119 3945/4213
f 3829/4119 2086/4544 2085/4120
f 6113/7759 6070/7753 2571/7170
f 2240/4181 4316/4180 4524/4503
f 4248/4485 4912/8355 4480/7040
f 2982/3294 2451/5733 1282/3182
f 3535/1280 2561/3179 1316/1279
f 2798/8013 563/8349 2800/8014
f 279/6553 4613/1124 5977/8236
f 4469/4417 4169/4151 2080/4164
f 5081/6604 5069/3078 1303/2375
f 5081/6604 3604/2376 5083/7607
f 5252/8216 3197/6510 5090/8124
f 2131/3218 179/3219 2033/2673
f 2829/4767 2054/6016 139/4903
f 2927/8059 2862/7984 2851/7985
f 5497/5970 3168/1668 5703/1666
f 5461/69 5175/70 1204/6565
f 648/3196 2558/7672 2927/8059
f 1270/2506 1307/2174 5118/5279
f 3375/2626 5376/6259 3586/1735
f 5789/8358 2620/8357 2908/8332
f 5042/1635 5407/1643 5170/2624
f 1265/6244 3375/2626 1266/2625
f 5225/2024 2494/2576 5117/1913
f 5225/6605 6112/2025 5938/6149
f 4248/5029 4910/5028 4913/8359
f 3657/3157 5069/3078 3259/3079
f 4592/4140 4252/4143 4449/4154
f 2722/5988 1201/501 6052/5729
f 4252/4143 4463/4145 4917/8050
f 4433/4376 4365/4142 2077/4144
f 2868/7913 1485/3162 2832/7819
f 1096/3178 648/3196 2927/8059
f 3657/3157 4964/3158 3607/2524
f 5778/7115 4194/3679 4919/7011
f 5228/2700 4946/7524 4159/4721
f 3046/5754 2899/7519 2901/7874
f 2776/8025 1348/5841 1316/1279
f 1348/5841 1308/1281 1316/1279
f 2843/7952 2868/7913 2832/7819
f 5069/3078 3607/2524 1338/2377
f 4493/7307 4330/4125 2073/4127
f 4963/7595 5078/7608 5083/7607
f 5113/6603 5078/7608 2384/8269
f 2384/8269 2819/3307 5113/6603
f 4365/4142 4352/4122 2071/4123
f 5874/6502 5875/6503 5945/5810
f 2371/6877 1267/8360 2579/1895
f 5918/2918 2812/2917 2562/8347
f 2572/7880 1512/6255 2832/7881
f 5918/2918 5794/8000 561/2571
f 3400/2241 1146/8180 1210/2895
f 498/3236 3723/5401 3662/2212
f 1268/8361 5541/46 2366/47
f 1919/6458 5801/5696 3622/1862
f 4744/847 137/7761 1358/1304
f 4454/4498 4049/4947 2502/4945
f 4251/5124 4261/4918 4070/4919
f 3586/1735 5368/8135 1266/2625
f 4291/4277 2166/8334 2067/4115
f 2067/4115 3730/4116 4291/4277
f 6035/6416 1633/4576 5816/8320
f 6035/6417 5820/1228 1533/1229
f 4561/7057 4500/7055 4230/5258
f 4919/7011 4189/4066 4943/7136
f 2330/8362 5597/232 2548/621
f 4132/4987 4263/4238 4251/5124
f 4504/7078 4454/4498 2502/4945
f 2602/4818 4607/8225 1714/1960
f 2639/3169 637/2919 2690/8257
f 4657/3122 3962/6754 4822/1223
f 2502/4945 3763/5140 4504/7078
f 4811/2907 5688/5353 6123/1008
f 3281/3235 2522/187 2554/3234
f 2725/90 2824/2604 721/89
f 4520/8363 4255/4112 2064/4114
f 2819/3307 3976/3077 5081/6604
f 5381/5641 5400/6195 194/5643
f 5110/6689 1488/8365 5938/6149
f 2203/4113 4255/4112 4256/7099
f 4774/4617 2638/4695 5535/4564
f 2639/3169 4727/8260 4712/2550
f 3705/5395 5520/1790 6018/1788
f 4709/2011 4427/788 5527/786
f 4520/7068 2064/8364 2061/4107
f 1657/7661 5423/6660 5098/5344
f 2061/4107 4505/4108 4520/7068
f 4808/3247 5566/2356 2556/2357
f 2556/2357 1052/596 4808/3247
f 1961/8367 4967/5737 5249/8366
f 1268/40 5886/41 5413/7826
f 5381/6223 5342/5642 1268/40
f 536/586 2554/3234 2522/187
f 4195/839 4250/4163 4598/4160
f 5459/560 536/586 2522/187
f 562/2572 5862/7982 5863/3946
f 3647/3211 3723/5401 2505/1866
f 5562/224 4882/88 3241/8107
f 3395/5719 1984/5728 5259/1857
f 3672/1736 5368/8135 3586/1735
f 1536/4603 3714/4602 2427/2513
f 5938/6149 1488/8365 480/2684
f 5674/7918 5535/4564 368/4562
f 4903/7517 4935/7336 3938/5018
f 4662/7406 4886/7285 4016/7410
f 4820/225 1019/3072 2364/104
f 4886/7284 4451/7234 4016/7235
f 5426/1673 3651/13 5323/7450
f 5799/61 173/1208 16/328
f 5710/939 1405/1081 1403/4158
f 5778/7115 4943/7136 4073/5154
f 1376/7619 4710/4852 5079/4853
f 6013/8368 656/2812 5382/2085
f 4549/4451 4496/4095 2058/4105
f 3241/8107 2581/223 5562/224
f 4820/225 2364/104 4841/105
f 3463/3405 3259/4558 3976/3080
f 4964/8272 214/3160 5340/8273
f 1669/5793 5365/5293 3158/2857
f 1387/258 1439/257 2988/7895
f 4820/225 4841/105 3281/3235
f 704/2933 300/5379 2322/3085
f 4798/8108 3721/6790 5484/2859
f 5381/6223 3672/1736 3584/1734
f 4771/4701 3259/4558 1960/3406
f 3976/3077 5069/3078 5081/6604
f 4741/4290 2174/4291 2055/4306
f 5521/2562 637/2919 2639/3169
f 5285/76 5182/6172 4682/5465
f 4771/4701 4739/8161 2409/4557
f 1562/6505 5908/6491 1641/6137
f 1546/3084 2322/3085 300/5379
f 4389/4408 2185/4409 2053/4088
f 3807/361 3736/4087 2052/4089
f 2053/4088 3736/4087 4389/4408
f 3494/7650 5329/2169 430/7647
f 62/892 234/893 1106/4553
f 5308/6073 5857/8229 5755/6981
f 5836/5386 5917/5655 5837/5388
f 1587/3083 332/3248 2322/3085
f 4895/4860 4249/4508 4894/4747
f 3584/1734 5378/6204 5381/6223
f 5378/6204 5373/6185 5400/6186
f 5383/6203 5378/6204 3584/1734
f 3127/6135 5048/8369 1305/7629
f 432/3653 4895/4860 4894/4747
f 5275/7915 2483/7786 1494/7787
f 3584/1734 5376/6259 5383/6203
f 5376/6259 3375/2626 5846/6187
f 3672/1736 5413/7826 5368/8135
f 5638/6564 4650/7111 5367/8294
f 5637/2198 5956/8226 5607/2308
f 5373/6185 5383/6203 5846/6187
f 2601/549 3245/548 5951/2864
f 4911/5118 4902/3994 4784/2029
f 4784/2029 4902/3994 4940/2031
f 4935/7336 4903/7517 4944/6032
f 1305/7629 4635/7669 4986/8168
f 2618/4888 594/7408 2574/4820
f 4946/7524 4904/4491 4927/5129
f 4948/4768 4906/8370 66/7765
f 66/7765 4906/8370 4938/7969
f 5401/6180 3713/6188 5399/6194
f 194/5643 5400/6195 5399/6194
f 3064/8003 2898/6420 3153/5069
f 4913/7618 4910/8338 4950/8372
f 1261/1730 1184/1674 5290/5350
f 4915/8352 4911/5118 4952/8373
f 4952/8373 4911/5118 4784/2029
f 4480/7040 4912/8355 4953/7612
f 4953/7612 4912/8355 4913/8354
f 4953/7612 4913/8354 5849/5325
f 2547/1915 5891/6495 1252/1917
f 4925/7453 3503/7549 4955/4962
f 4955/4962 3503/7549 2689/8081
f 4917/8050 4915/8352 4956/8051
f 4956/8051 4915/8352 4952/8373
f 4910/8338 4904/4491 4950/8372
f 4950/8372 4904/4491 4946/7524
f 2928/4798 4921/7631 4933/4792
f 4923/4014 4922/4015 5334/706
f 5334/706 4922/4015 5335/5035
f 3228/5458 4924/5173 3187/4999
f 1261/1730 5409/1731 5433/6275
f 4930/7118 4929/5127 2246/7665
f 2246/7665 4929/5127 4862/5125
f 4938/8374 4931/7970 3229/7157
f 3229/7157 4931/7970 4933/4792
f 4509/4518 4933/4521 4931/7968
f 3184/5025 4935/7335 610/5697
f 610/5695 4935/7336 4944/6032
f 4944/6033 4942/5115 5210/5066
f 5118/8356 5476/2265 1270/2264
f 66/7729 4938/8371 4755/7708
f 4755/8375 4938/8374 3229/7157
f 6012/5550 3372/6098 116/6450
f 5413/7826 3672/1736 1268/40
f 4576/7866 2889/5920 3022/7565
f 1676/1807 1690/7790 594/6758
f 4919/7011 4943/7136 5778/7115
f 5462/117 5429/633 5831/923
f 5972/8160 157/6592 639/8266
f 4950/8372 4946/7524 5228/2700
f 4938/7969 4906/8370 4509/4518
f 4906/8370 4948/4768 4509/4518
f 5232/4769 4948/4768 66/7765
f 3246/1175 4950/8372 5228/2700
f 4956/8051 4952/8373 4844/5547
f 4844/5547 4952/8373 4784/2029
f 4480/7040 4953/7612 4593/7468
f 332/3248 2456/3008 1252/1917
f 1052/596 704/2933 4808/3247
f 1657/7661 1696/2516 1653/2003
f 603/1773 2558/8030 6060/8377
f 5011/1489 5326/8322 4916/129
f 3353/7002 46/37 4220/38
f 3196/3168 504/3836 3132/3377
f 5172/2418 3312/6317 272/6059
f 5355/1136 1345/5801 2620/8331
f 5355/1136 34/1947 1345/5801
f 2620/8331 4856/2706 5355/1136
f 1345/5801 4582/5799 2620/8331
f 5447/8179 5296/6989 6009/6702
f 5865/5689 2992/4829 4976/44
f 650/8378 1117/3484 2740/8379
f 5390/6806 6061/6507 5458/6807
f 296/2829 318/2827 4778/6657
f 4455/6323 4625/7095 318/6324
f 603/1773 6060/8377 2715/2326
f 6004/5832 6113/7759 5072/5770
f 524/5903 3621/1662 4614/2872
f 362/39 2992/8307 4220/7001
f 2545/8381 596/8138 2694/3414
f 1482/8382 4959/4877 5151/8383
f 524/5903 455/5878 3621/1662
f 5386/374 4996/375 2003/8149
f 524/5903 3170/3910 455/5878
f 1226/6087 1728/6085 5444/6467
f 5745/25 5313/7506 5700/1356
f 1200/2937 673/2935 2910/6103
f 3247/5468 2972/5467 2606/2055
f 5844/6099 6059/6527 2622/8384
f 5391/6509 3596/6766 5671/6641
f 4840/5 4399/6 190/6924
f 5491/8049 1675/6673 5499/675
f 200/554 5507/4794 2818/1343
f 186/5376 2003/7999 4996/6873
f 2107/4606 286/4667 4839/2789
f 5574/1659 5204/1660 5584/8169
f 5364/6991 5488/6915 5427/155
f 1678/7674 5535/4564 5674/7918
f 5416/5407 411/5406 5331/7154
f 5416/8157 5331/6892 1486/5341
f 480/2684 5144/2683 384/6150
f 6038/5707 3442/1876 1369/2640
f 5507/4794 200/554 4796/6069
f 2580/5480 3401/5500 3500/6937
f 2734/3411 1492/8385 2569/8308
f 1572/8387 2567/8386 1578/8305
f 4839/2789 286/4667 144/2785
f 2531/1810 2563/3447 2543/6836
f 5780/2287 4864/8082 5032/5366
f 5404/5598 4864/8082 2317/8083
f 4797/5846 5062/7797 3043/271
f 1664/273 5278/8192 4448/7992
f 4839/2789 227/2787 2107/4606
f 1727/7933 5412/5499 5513/5664
f 5344/8388 5306/8017 4995/6305
f 5921/4555 1262/1305 1106/4553
f 5921/4555 3398/4588 6078/845
f 5871/6721 1660/5979 6048/5980
f 1737/8390 4793/8389 5773/7651
f 2543/6836 1362/1809 2531/1810
f 5921/4555 4776/4589 3398/4588
f 2867/7929 277/5539 81/1191
f 3251/6481 315/6732 164/6567
f 2020/8162 2596/8163 675/3051
f 5073/5845 2618/4888 5544/73
f 1492/8385 2734/3411 1617/8306
f 1492/8385 1617/8306 2567/8386
f 384/6150 3702/6692 5225/6605
f 5499/675 5171/1644 1962/3038
f 3725/344 3009/8391 3447/346
f 5018/5289 3009/5287 3725/8392
f 2867/7929 101/1801 277/5539
f 3166/6901 3162/6899 3174/5781
f 5011/1489 2920/4973 5326/8322
f 2785/6019 4689/4738 4802/7766
f 5774/2830 4778/6657 2598/8274
f 3043/271 5062/7797 1664/273
f 6013/8368 500/5849 656/2812
f 1391/8271 5274/1478 5510/291
f 5116/5481 3401/5500 2580/5480
f 5084/1745 6038/5707 5825/3780
f 2668/2407 3599/5247 3585/2552
f 5515/8235 5219/6703 4274/7551
f 6086/4822 3009/6152 5005/5288
f 3272/7475 3808/8393 5937/7476
f 212/2736 3693/5338 5022/1026
f 3643/94 5005/8394 5018/1370
f 2924/6066 4563/6065 2847/7959
f 1653/2002 340/7735 5676/7024
f 2908/8332 6005/1981 5789/8358
f 5151/676 2781/674 1482/5884
f 2984/1701 648/3196 2561/3179
f 3250/322 4995/6305 3371/5428
f 2531/1810 2759/3703 2550/3446
f 2825/317 3695/318 353/6318
f 1282/3182 2480/8396 2775/3181
f 5442/7480 5731/6218 5515/8068
f 5375/8398 5415/7501 5910/7500
f 2761/8052 2762/8400 2563/3447
f 2563/3447 569/3490 2761/8052
f 2161/1912 5727/2410 6080/6540
f 4045/5522 3563/6158 3118/6159
f 2543/6836 2563/3447 2762/8400
f 2605/5246 2575/5206 3578/5245
f 1395/2718 1334/1747 5825/3780
f 3231/7709 549/7693 550/6808
f 3196/3168 700/3588 504/3836
f 1610/5912 5722/5993 1576/3139
f 1572/8387 622/3491 2550/3446
f 5480/7106 3696/6531 3675/6302
f 3610/1638 5490/1973 5764/1637
f 2550/3446 2759/3703 2512/3737
f 4916/8318 5959/6408 4888/6897
f 137/7761 136/2688 1358/1304
f 2761/8052 569/3490 622/3491
f 2762/8400 608/8053 684/8401
f 2762/8400 684/8401 2543/6836
f 5363/6268 1258/6328 3711/6270
f 2499/8402 663/6779 684/6835
f 2482/3485 684/8401 608/8053
f 2563/3447 2550/3446 569/3490
f 5547/3138 630/1712 2493/2349
f 1394/8403 608/8053 2286/8404
f 4920/4678 2118/2080 5565/7723
f 6108/8406 5844/6099 5315/6100
f 1225/3482 1394/8403 2286/8404
f 1225/3482 2286/8404 1117/3483
f 1599/8055 2740/8379 2738/8265
f 2740/8379 1599/8055 650/8378
f 1225/3482 2495/3381 1394/8403
f 4586/6747 5060/8248 5542/6620
f 1394/8403 2495/3381 2482/3485
f 6108/8406 6059/6527 5844/6099
f 3179/6612 1703/6249 6108/8406
f 1117/3484 650/8378 2544/8042
f 5930/6956 5691/7641 5446/6704
f 5315/6100 3179/6612 6108/8406
f 2738/8265 2740/8379 1117/3484
f 2539/3384 663/6779 2499/8402
f 4907/230 4829/433 5501/356
f 4907/230 5501/356 5606/1236
f 2539/3384 800/6778 663/6779
f 2494/2576 5225/2024 4685/6722
f 2539/3383 2495/3381 2544/3462
f 2834/871 5198/8407 5183/1306
f 608/8053 1572/8387 2286/8404
f 3435/7871 5005/8146 3643/8395
f 5146/4838 5046/2008 5503/2006
f 1572/8387 534/3395 2567/8386
f 2286/8404 1578/8305 1611/8295
f 1572/8387 1578/8305 2286/8404
f 1525/1925 5350/1923 5405/6957
f 1572/8387 608/8053 622/3491
f 3801/7288 2062/7054 1088/6824
f 2118/8405 38/2670 5565/7724
f 4689/4740 4846/4739 4885/4755
f 1611/8295 2530/359 2286/8404
f 4846/4739 2607/6053 4885/4755
f 2569/8308 2567/8386 534/3395
f 1492/8385 2567/8386 2569/8308
f 6059/6527 4793/8389 2622/8384
f 650/8378 1599/8055 2544/8042
f 1169/5985 4810/2378 5163/2379
f 1088/6824 3998/6984 1994/6819
f 5197/4828 2992/4829 362/8380
f 608/8053 1394/8403 2482/3485
f 38/2670 5835/5853 5701/5943
f 3318/7637 3725/5426 553/345
f 5093/6834 5262/5653 600/5114
f 504/3836 2337/3534 3248/3486
f 1698/2005 5350/1923 5339/1924
f 5503/2006 5278/8193 5146/4838
f 5423/6660 2521/5417 5098/5344
f 5095/509 5458/6805 4253/7572
f 4615/6999 5544/73 5438/8154
f 5367/7830 3557/7112 5197/7110
f 2474/290 1725/8309 2700/6635
f 2448/718 3877/3107 1350/719
f 3694/71 5197/4831 4650/7111
f 2588/8323 2665/2603 2020/8162
f 2589/8150 1040/8302 2588/8323
f 5744/72 2528/7537 5757/6618
f 5349/7792 4769/6988 6000/2916
f 5087/2523 2790/2048 5362/6743
f 3994/552 3273/553 3597/8411
f 5032/5366 2936/2289 5780/2287
f 2638/4695 4774/4617 4604/7525
f 5565/7723 4621/4677 4920/4678
f 5183/6388 5928/8073 5209/8070
f 2567/8386 1617/8306 1578/8305
f 243/1179 5631/750 2248/684
f 2530/359 1117/3483 2286/8404
f 2482/3485 2499/3382 684/8401
f 2524/7109 5122/6998 5538/4905
f 6058/1980 2638/4695 4604/7525
f 1669/5793 3706/8412 5365/5293
f 4756/4783 136/2688 137/7761
f 243/1179 5729/1231 1344/1209
f 1344/1209 5740/1387 5161/1178
f 385/5711 3043/271 2700/6635
f 2824/2604 1433/3144 2665/2603
f 5849/5327 3246/1175 5739/1174
f 4720/3817 3501/3818 2112/5284
f 2908/4563 4582/5799 368/4562
f 4707/565 4989/563 5004/7556
f 5854/3799 6049/5365 4684/2504
f 5164/8043 4470/4899 205/5489
f 4333/3133 2542/3771 5109/3386
f 2557/7014 5572/8165 5362/6746
f 3249/3376 3132/3377 504/3836
f 5653/1360 3959/2575 4939/618
f 5542/6620 5060/8248 4236/6183
f 5156/619 3/5339 5653/1360
f 1664/273 4448/7992 5099/272
f 1341/2559 135/8413 3320/6153
f 5260/7337 5482/4886 3563/6418
f 1623/3290 3631/2849 1418/2847
f 3556/3544 6075/2656 4850/2122
f 1418/2847 479/2848 472/2952
f 2015/8418 2768/8415 4585/8417
f 2078/8423 2472/8419 2768/8421
f 1518/3232 1623/3290 1112/3289
f 5249/8366 4967/5737 5188/7730
f 5777/6320 4544/6343 5306/6319
f 5175/70 3694/71 4650/7111
f 2672/5463 2470/5462 2489/3362
f 3706/8412 1669/5793 5305/5769
f 4983/8174 561/2571 4965/1702
f 561/2571 5843/7561 4965/1702
f 3478/8425 2538/8424 2804/8426
f 5163/2379 3712/5747 1169/5985
f 2837/5285 3543/3019 4720/3817
f 5773/7651 4793/8389 6059/6527
f 5288/7404 3486/7659 3644/6942
f 2468/8089 2672/5463 70/3326
f 5369/7473 1720/156 1501/5491
f 1720/156 5663/154 1501/5491
f 2475/3368 439/8427 2471/3367
f 2468/8089 96/8428 667/8429
f 5326/8322 2920/4973 5015/8065
f 5634/6484 6019/7319 5968/5335
f 2468/8089 1712/3369 2672/5463
f 667/8429 439/8427 2475/3368
f 5253/6995 1497/8430 5923/8431
f 70/3326 30/8432 2468/8089
f 1712/3369 2471/3367 2470/5462
f 4787/6514 2859/1332 2707/6644
f 8/3363 2708/8433 1691/8434
f 8/3363 1691/8434 70/3326
f 6028/8085 5186/6088 1708/6982
f 723/7543 3250/321 267/6061
f 3455/5816 3456/5301 3474/5267
f 178/3325 70/3326 2649/8435
f 5326/8322 2712/575 5959/2740
f 1695/8437 2649/8436 6071/8438
f 473/8237 2145/3149 1695/8437
f 5262/8203 5093/8330 3413/5497
f 2015/8441 1691/8440 2711/8442
f 2711/8443 1691/8434 2708/8433
f 5305/5625 5819/5626 3706/5292
f 3137/8134 5102/8130 5181/8119
f 2485/3364 2711/8443 2708/8433
f 5453/510 5458/6805 5095/509
f 3489/8444 2485/3364 2472/8445
f 1411/1681 1203/6340 5200/2262
f 2768/8421 2015/8416 2078/8423
f 5546/5448 1628/8097 1627/8144
f 95/2179 2919/2284 2741/7924
f 2741/7924 1147/6889 95/2179
f 5005/8146 3435/7871 2924/6064
f 2741/7923 4947/2315 1147/1648
f 2481/8446 2472/8445 2078/8420
f 2481/8446 2078/8420 2711/8443
f 3470/3125 2139/6222 1680/4232
f 3470/3125 1680/4232 451/1921
f 2485/3364 3489/8444 2711/8443
f 3422/2912 188/2913 3470/3125
f 188/2913 510/2905 3470/3125
f 4840/5 5659/1844 5418/6990
f 3053/2317 6049/2647 2861/2316
f 2481/8446 2711/8443 3489/8444
f 6071/8438 473/8237 1695/8437
f 5644/4772 5319/5332 601/4771
f 5823/6289 5695/6792 1581/2764
f 4807/7102 4691/1639 5764/1637
f 5137/6556 5110/1914 584/2327
f 1523/6939 2991/1822 1544/6938
f 1705/8449 1695/8448 3441/8450
f 2606/7547 5080/1806 5295/7407
f 5646/757 5711/1088 15/738
f 3412/6133 3057/1881 4583/5560
f 3057/1881 3412/6133 3407/3151
f 3489/8444 2472/8445 2481/8446
f 4784/2029 5761/2030 2016/2053
f 276/5885 4959/4877 1482/8382
f 2145/3147 607/8451 29/8452
f 3441/8450 2145/8439 29/8453
f 2918/6170 2182/5432 3057/1881
f 3392/5559 4583/5560 3014/1879
f 1917/769 1627/8454 5013/770
f 3441/8450 1695/8448 2145/8439
f 5752/5725 5223/5723 1624/8078
f 2694/3416 2900/3415 1208/8456
f 2545/8381 5555/6093 2098/8458
f 2547/1915 5555/6093 5955/8459
f 2791/5156 596/8138 2731/531
f 297/530 2545/8381 2098/8458
f 3503/8080 4597/5242 4596/8031
f 29/8453 1218/8461 3441/8450
f 1218/8462 2359/2597 91/8463
f 178/3325 1705/8449 665/3324
f 1705/8449 178/3325 1695/8448
f 91/8464 70/3326 665/3324
f 91/8464 665/3324 1218/8461
f 2649/8436 1695/8437 178/8465
f 5600/5627 5745/25 5539/1357
f 5463/7228 707/8019 4639/7590
f 1700/8467 5297/8466 3233/8468
f 3293/6101 1726/6888 1686/8215
f 3380/4750 3293/6101 1631/7889
f 42/7108 4851/1128 1170/865
f 96/8428 30/8432 70/3326
f 70/3326 91/8464 96/8428
f 4681/4680 2608/7788 4920/4681
f 4995/6305 26/6008 5344/8388
f 2874/779 1618/778 4766/707
f 5205/5473 2709/6724 5712/6725
f 667/8429 2475/3368 2468/8089
f 2464/8115 667/8429 709/3591
f 5712/6725 5713/3770 1646/3899
f 1646/3899 2345/2862 2152/5399
f 3043/271 385/5711 4797/5846
f 5583/4169 83/4243 5966/4751
f 3752/7722 6086/7767 5258/7768
f 2357/6429 1575/7620 2473/5713
f 5186/6088 3247/5468 3330/6992
f 2379/8205 5262/8203 3413/5497
f 6054/4637 2423/4638 5583/4169
f 600/5114 2676/2075 5093/6834
f 5583/4169 2773/4167 83/4243
f 5701/5943 5565/7724 38/2670
f 5727/8340 3310/1770 5220/6456
f 5223/8077 6118/7515 5506/2022
f 2489/3362 8/3363 2672/5463
f 5458/8004 3097/8005 5586/8472
f 2468/8089 30/8432 96/8428
f 5514/566 4707/565 5224/2084
f 5471/7491 5275/7915 5351/7914
f 1525/1925 5275/7915 5471/7491
f 3229/7120 4690/7714 4755/5716
f 5503/7991 5608/3081 5807/7483
f 3399/6261 5270/6110 1488/2698
f 1286/5369 5879/482 5827/4597
f 5190/5690 3118/6159 5487/7967
f 2908/8332 2638/4696 6005/1981
f 1203/6340 5135/2691 2338/3287
f 4333/2813 656/2812 500/5849
f 5830/632 5470/121 1091/159
f 4585/6837 2472/8445 2484/3375
f 2626/5589 5522/2067 4693/6230
f 2472/8445 2485/3364 2484/3375
f 5982/556 3591/7636 3279/555
f 1258/6306 3707/6337 5237/6308
f 5235/1025 4877/2614 222/7728
f 5664/124 1481/122 5514/566
f 2472/8422 4585/8417 2768/8415
f 684/6835 1195/6780 4585/6837
f 6081/4819 2790/2045 2505/1866
f 5301/8185 5299/6719 5060/6671
f 3617/5714 2891/5715 1944/647
f 1720/156 5369/7473 1160/74
f 2649/8474 1691/8440 2015/8441
f 3522/6363 1632/7834 3254/5128
f 70/3326 1691/8434 2649/8435
f 4585/6837 1195/6780 2533/8079
f 2626/5589 4693/6230 5449/6229
f 3292/5537 5318/5536 313/7853
f 4779/8092 3125/7847 5194/7648
f 694/8476 2649/8436 2533/8475
f 2015/8418 2533/8475 2649/8436
f 5601/2426 5344/8388 26/6008
f 5169/7552 1479/5946 4274/7551
f 2649/8436 694/8476 6071/8438
f 1304/6007 5210/6031 3699/6015
f 2711/8442 2078/8447 2015/8441
f 5514/564 197/2731 2016/2053
f 5254/1675 5323/7450 5300/5351
f 3600/2500 4486/1732 1261/1730
f 607/8451 2145/3147 928/454
f 4566/2237 5434/2817 5382/2085
f 4613/1124 928/454 2145/3147
f 5531/6885 5557/516 1337/2554
f 3604/2376 5081/6604 1303/2375
f 4522/5678 4897/338 5525/339
f 1703/6249 3179/6612 5637/2201
f 4827/6154 2938/8479 4762/324
f 2287/6587 1652/6588 5519/2752
f 4783/355 4501/6884 1337/2554
f 4783/355 5524/354 4501/6884
f 5524/354 5531/6885 4501/6884
f 4445/8481 2430/452 2850/8482
f 4830/8484 5129/5644 5958/5645
f 1653/2003 1655/7663 1657/7661
f 5265/8104 2565/6880 5091/6361
f 4913/7618 4950/8372 3246/1175
f 4827/8488 3273/8486 3416/8487
f 4278/8489 3273/553 4827/6154
f 5265/8104 5091/6361 2626/5591
f 5638/6564 5367/8294 1204/6565
f 4278/8489 4827/6154 3320/6153
f 607/8451 4677/2598 29/8452
f 5814/6284 3414/6611 4809/981
f 5125/398 5625/6206 5550/397
f 928/454 4677/2598 607/8451
f 1218/8461 665/3324 3441/8450
f 3563/6418 5104/508 5984/8350
f 5906/399 5905/6647 5125/398
f 3641/2596 1218/8462 29/8452
f 3058/3387 5109/3386 2542/3771
f 5375/7486 2476/6974 5257/5529
f 3641/2596 2359/2597 1218/8462
f 5984/8350 5595/2069 5260/7337
f 5255/3225 4677/2598 3450/3226
f 6068/6987 5166/8491 5842/6986
f 4746/5580 4140/8492 2361/5579
f 4609/5556 5420/4846 3314/6560
f 276/2270 4807/2271 1595/7103
f 3574/8494 4936/8493 4442/8495
f 4746/5580 5255/3225 2158/3223
f 5255/3225 4746/5580 3583/5578
f 29/8452 4677/2598 3641/2596
f 3606/6707 4563/6065 1397/7562
f 1397/7562 4612/79 3606/6707
f 1072/1371 5377/1369 3219/5425
f 4568/2051 4671/2049 5318/5536
f 5255/3225 2359/2597 4677/2598
f 2430/452 3450/3226 4677/2598
f 5351/7914 3102/6902 5471/7491
f 4445/8481 3450/3226 2430/452
f 3338/8496 3436/7775 5181/8120
f 1187/551 3416/8497 3273/553
f 2630/5585 2608/7788 4681/4680
f 5001/2054 4989/5475 5514/564
f 405/1858 584/2327 253/1821
f 2532/532 297/530 2098/8458
f 5203/2038 5538/4905 5547/3138
f 3320/6153 135/8413 4278/8489
f 5123/8499 197/8498 1481/2733
f 2016/2053 197/2731 5123/8114
f 3801/7286 3865/7132 2084/6969
f 1212/5758 4568/7705 5188/7704
f 1397/7562 4567/7870 5285/7563
f 3289/5828 3016/8500 3167/5830
f 5061/3374 2819/3307 2384/8269
f 1397/7562 4563/6065 3435/6063
f 1101/8246 3167/4304 3016/8501
f 3597/8411 3273/553 4278/8489
f 5128/4879 5404/8502 2317/8303
f 2687/4302 2950/4303 3054/7919
f 2950/4303 2802/8503 3054/7919
f 594/7408 2618/4888 5295/5844
f 1627/8455 1628/1969 5013/108
f 18/7773 3589/7975 3275/8099
f 5814/6284 46/6608 4889/6606
f 1101/8246 2799/8245 2802/8503
f 3160/6325 2847/7876 2687/4302
f 2847/7876 3180/8504 3167/4304
f 6103/6326 2978/8505 3160/7878
f 3167/4304 1101/8246 2950/4303
f 3054/7919 5233/471 3062/8506
f 1708/6982 5186/6088 5308/6074
f 1378/1818 1380/1225 4822/1223
f 2799/8245 2688/470 2802/8503
f 2737/8507 2802/8503 2688/470
f 2804/8426 6103/6326 3062/8508
f 2538/8424 6103/6326 2804/8426
f 2737/8507 5233/471 3054/7919
f 3962/6754 4657/3122 4115/2992
f 5210/6031 1304/6007 610/5695
f 1108/5471 1378/1818 3962/6754
f 629/8218 5859/7700 5261/7698
f 3062/8506 6103/6327 3054/7919
f 3054/7919 2802/8503 2737/8507
f 4115/2992 1108/5471 3962/6754
f 1267/8360 2449/6921 5772/773
f 5296/6989 5466/2914 2483/7786
f 2545/8381 297/530 2731/531
f 2804/8426 2603/8509 3478/8425
f 5293/4845 5420/4846 4609/5556
f 2545/8457 2694/6472 5955/6473
f 5659/1844 4840/5 5871/8221
f 3062/8508 2755/8510 2603/8509
f 5336/7566 4774/4617 5193/4618
f 2603/8509 2532/532 5114/8511
f 2791/5156 2731/531 2755/8510
f 2755/8510 2731/531 2532/532
f 1442/5257 4599/4790 4611/1486
f 596/8138 2545/8381 2731/531
f 5611/6144 2820/3065 2098/8458
f 2542/3771 1098/5281 3058/3387
f 2628/8137 2625/3090 645/3091
f 4884/2879 2256/3047 54/1909
f 3589/7975 18/7773 3338/7774
f 18/7773 3258/7951 3436/7772
f 2900/3415 2791/3413 1101/8246
f 2875/4946 6070/7753 3848/8298
f 1156/1910 1548/1911 2614/3385
f 1101/8246 3016/8501 2942/8512
f 2474/290 5274/1478 1725/8309
f 5233/471 2737/8507 2688/470
f 5564/2355 5566/2356 1252/1917
f 50/8314 6068/6987 1149/6985
f 6122/8344 5202/7875 5023/6469
f 2688/470 1101/8246 2791/3413
f 1366/6374 2990/2309 2989/2310
f 2532/532 2603/8509 2755/8510
f 1101/8246 5602/8513 2900/3415
f 2944/514 1188/5273 1341/2559
f 3583/5578 4645/8514 5255/3225
f 5553/515 5602/8515 2944/514
f 5553/515 3373/513 5602/8515
f 2925/701 2700/6635 1725/8309
f 5531/6885 5524/354 2794/448
f 5761/2030 5389/2052 2016/2053
f 2942/5274 2944/514 5602/8515
f 6/8517 4951/5437 3343/8516
f 3020/1256 4992/1257 1453/6427
f 2794/448 4522/5678 5531/6885
f 2794/448 4897/338 4522/5678
f 2802/8503 2950/4303 1101/8246
f 6/5435 3343/6151 1447/5433
f 5438/8410 5756/7538 4615/7536
f 2603/8509 2804/8426 3062/8508
f 3343/6151 3014/1879 1449/1880
f 5224/2084 5664/124 5514/566
f 4951/5437 3345/6235 3343/8516
f 5481/5528 5000/5526 3691/6614
f 2628/8137 645/3091 3469/3221
f 2755/469 3062/8506 5233/471
f 5547/3138 5538/4905 5207/3037
f 4827/6154 5557/516 2944/514
f 5557/516 5531/6885 4522/5678
f 5553/515 4522/5678 5525/339
f 2938/8479 1415/244 4762/324
f 2941/8519 1415/293 4824/8518
f 2497/2348 3582/5197 2732/2457
f 5855/7749 3700/5984 4748/2076
f 2938/8479 4824/8520 1415/244
f 3670/7598 3272/7475 400/7298
f 2331/683 5158/617 2248/684
f 3213/5340 5676/7024 340/7735
f 5557/516 4827/6154 1337/2554
f 2941/292 3270/6233 3343/6151
f 4974/7942 4947/2949 92/7962
f 1137/2543 5549/2541 5101/8048
f 4762/324 1337/2554 4827/6154
f 2764/6376 4780/5280 344/6375
f 4824/8518 3416/8487 2941/8519
f 1406/2542 5149/8521 5549/8522
f 3416/8497 3010/2333 2941/292
f 1098/5281 2542/3771 2271/3769
f 2634/2176 344/6375 4780/5280
f 5549/8522 5149/8521 5551/8523
f 1591/2557 344/6375 2634/2176
f 5101/8048 5549/2541 5552/8525
f 5552/8525 3345/2374 5101/8048
f 5551/3153 5552/8525 5549/2541
f 4461/1878 1387/6615 4745/136
f 5811/4841 5598/6178 5688/5353
f 2463/256 3345/2374 5552/8525
f 5685/5564 4687/2770 5847/7840
f 6011/1459 1221/1706 2713/2686
f 1406/2544 5143/8047 5149/8524
f 5551/3153 5149/8524 5143/8047
f 5923/8431 1497/8430 1499/8526
f 3416/8487 4824/8518 4827/8488
f 5143/8047 5142/255 5551/3153
f 5126/6271 1137/2543 5101/8048
f 4824/8520 2938/8479 4827/6154
f 3270/6233 3010/2333 3028/2335
f 5339/1924 5655/6751 5406/6933
f 5101/8048 3345/2374 5100/6236
f 2825/317 5298/7409 272/7994
f 2942/5274 3016/8500 1188/5273
f 1341/2559 3320/6153 2944/514
f 4566/2237 5041/2238 6064/2816
f 3416/8497 1187/551 3010/2333
f 5119/6699 2637/6855 3752/6701
f 5505/8188 6122/8346 5554/8529
f 5505/8188 5554/8529 3286/8530
f 3286/8530 1304/8532 5505/8188
f 3125/7846 5456/7844 5505/8345
f 3286/5165 5554/8531 5901/6828
f 3180/8534 4563/6065 2945/6390
f 2945/6287 3340/6091 3368/6280
f 3319/2311 1341/2559 3191/6281
f 5141/3310 3028/2335 3352/2334
f 3167/5830 24/8536 25/5829
f 5554/8537 6122/8344 5023/6469
f 3191/6281 3016/8500 25/5829
f 1545/3852 1169/5985 3712/5747
f 1290/2843 56/2878 433/1740
f 5187/2427 3378/4567 5009/7240
f 394/7662 5268/6598 27/6596
f 433/1740 56/2878 1279/1739
f 4892/820 1373/172 6114/2140
f 3167/4304 2687/4302 2847/7876
f 3167/4304 3180/8504 24/8538
f 3606/6707 2986/5624 4563/6065
f 25/5829 24/8536 3191/6281
f 3191/6288 24/8538 3180/8504
f 1188/5273 3016/8500 1341/2559
f 6018/1788 6093/6975 3705/5395
f 3407/3151 5111/2341 5112/6260
f 584/2327 5110/1914 5124/1838
f 1627/8145 1917/6582 5408/7
f 1342/2364 1341/2559 2990/2309
f 3191/6281 1341/2559 3016/8500
f 5554/8531 601/6827 5901/6828
f 711/2940 1089/2938 392/6486
f 1687/4925 866/4926 1681/7960
f 1301/6492 2882/6493 2766/6115
f 8/3363 70/3326 2672/5463
f 3597/8411 4278/8489 135/8413
f 3180/8504 2945/8535 3191/6288
f 665/3324 1705/8449 3441/8450
f 5734/7909 5668/7886 3387/8075
f 3047/8539 2017/5387 2622/8384
f 1342/2364 1366/6374 3339/2363
f 3326/6566 1451/8540 1436/4560
f 218/2725 5690/2726 4649/5761
f 2873/8541 2381/6080 2947/5898
f 2423/4638 2400/8542 2879/8543
f 1451/2362 3352/2334 3154/2332
f 2947/5898 2879/8543 2873/8541
f 1451/2362 3326/8067 3352/2334
f 1342/2364 2990/2309 1366/6374
f 2370/3184 1329/8546 1100/3183
f 3352/2334 3326/8067 5141/3310
f 5060/6671 4586/8311 5301/8185
f 3994/552 3597/8411 1451/2362
f 1342/2364 3597/8411 135/8413
f 1145/7943 4974/7942 5810/7980
f 3577/6217 2782/1918 1189/1919
f 3016/8500 3289/5828 25/5829
f 3577/6217 1189/1919 408/1994
f 1451/2362 3339/2363 3340/6091
f 2989/2310 3340/6091 1366/6374
f 3010/2333 3994/552 3154/2332
f 3010/2333 3270/6233 2941/292
f 1436/4560 1451/8540 3340/6090
f 1451/2362 3154/2332 3994/552
f 5326/8322 5959/2740 4916/129
f 1114/8155 5756/7538 5438/8410
f 4751/5540 1284/2687 1285/2685
f 5716/6439 5775/6490 210/7670
f 2713/2686 1284/2687 2117/2783
f 135/8413 1341/2559 1342/2364
f 3994/552 3010/2333 1187/551
f 5126/6271 5108/6243 1137/2543
f 1342/2364 1451/2362 3597/8411
f 2117/2783 1213/1237 2713/2686
f 5827/4597 4752/6237 5461/5478
f 3579/48 5475/6459 2366/47
f 5008/944 5007/942 3253/5989
f 4506/7763 5720/7732 3434/7742
f 5966/4751 5973/3797 32/3798
f 3243/8547 4873/7689 3000/7681
f 5798/8141 5327/1230 5820/1228
f 3120/4632 4654/7628 3166/6901
f 50/8314 4586/8549 6068/6987
f 2882/6493 1097/6126 5919/6125
f 1347/3840 5621/8551 4669/3839
f 5621/8551 1347/3840 5599/8552
f 2850/8483 2158/5403 4445/5402
f 2764/6406 1313/2438 6020/3132
f 5621/8551 5599/8552 3021/8553
f 2432/3314 4439/19 2158/5403
f 4511/8555 3021/8554 5720/7732
f 1591/6377 1313/2438 2764/6406
f 3021/8553 5622/8556 5621/8551
f 4439/16 4746/5580 2158/3223
f 4586/8313 5898/8557 4798/8110
f 4669/3839 1474/3126 4873/7689
f 1249/3616 1667/5956 4560/3626
f 2158/5403 2850/8483 2422/8558
f 5497/5970 5247/5596 5574/7640
f 5910/8399 2476/767 5375/8490
f 4873/7689 3243/8547 3256/3838
f 1245/3952 6104/4233 252/4234
f 5685/5564 5519/2772 4687/2770
f 3434/7742 3656/7760 4506/7763
f 1474/3126 4669/3839 5621/8551
f 4716/5670 250/1718 6106/4235
f 4511/8555 4506/7763 3666/5147
f 4716/5670 6105/4556 1688/1142
f 5622/8556 3528/3128 5621/8551
f 6106/4235 250/1718 252/4234
f 2698/2509 5677/5248 6031/2498
f 3227/6944 6066/6964 1903/6468
f 1315/1767 3050/3191 1314/7843
f 1206/1642 513/1640 1315/1767
f 5188/7704 5877/2428 1212/5758
f 1094/5149 3528/3128 5622/8556
f 5693/2890 5910/7500 5692/7836
f 5444/6467 5415/7501 1226/6087
f 1347/3840 2422/3315 5599/8552
f 5622/5148 3021/8554 4511/8555
f 2970/5503 5230/8561 33/8562
f 1192/1988 2116/1989 2361/5579
f 1304/6005 717/5813 5901/5814
f 1479/5946 5442/7481 4274/7551
f 33/8562 2116/1989 2142/5384
f 2287/5843 4687/7839 1175/2771
f 4704/8563 5230/8561 3574/8494
f 340/7735 1653/2002 5264/2000
f 5057/1113 529/1114 5523/6570
f 5516/8210 5359/8032 5349/7792
f 5309/144 2287/5843 5082/4706
f 3574/8494 2361/5579 4704/8563
f 4729/4844 3680/8565 5420/4846
f 3308/2255 3680/2256 4729/6461
f 5704/6769 3952/7591 43/6643
f 2142/5384 2970/5503 33/8562
f 5037/5544 2377/5498 5030/5809
f 4140/8492 3205/5862 2361/5579
f 5315/6156 5636/6140 5612/761
f 4140/8492 4656/17 2488/1997
f 4704/8563 33/8562 5230/8561
f 4656/17 3336/18 2488/1997
f 2361/5579 4442/8495 3583/5578
f 3336/18 2169/1999 2488/1997
f 5622/5148 4511/8555 3666/5147
f 3205/5862 4140/8492 2488/1997
f 3536/1998 31/5385 3206/1990
f 2142/5384 31/5385 2704/5408
f 3256/3312 2169/1999 3336/18
f 5313/7506 5741/7474 2376/5492
f 3353/6680 5523/6570 3351/6679
f 5783/4688 4867/1251 5724/1096
f 1488/2698 5559/1117 3079/6658
f 1123/8209 2850/8482 1650/7823
f 5720/7732 2850/8567 1123/7733
f 2930/8568 2932/5897 617/8569
f 3895/5798 2930/8570 617/7502
f 3027/6046 5168/7089 5748/6021
f 3060/453 1650/7823 2850/8482
f 3998/6966 4269/6967 3423/542
f 2850/8483 5599/8571 2422/8558
f 2850/8567 5720/7732 3021/8554
f 5599/8552 2850/8572 3021/8553
f 4140/8492 4746/5580 4656/17
f 2236/4906 2242/2708 1185/2754
f 278/1930 59/2020 5027/2021
f 4269/541 2028/4911 3011/407
f 6018/1788 5105/2197 6093/6975
f 32/3798 4792/3220 1205/2649
f 2862/7981 1275/7925 3271/3213
f 5104/508 6001/4573 5595/2069
f 3415/5652 4399/6 2881/7948
f 2169/8195 3256/8566 3243/8560
f 4746/5580 4439/16 4656/17
f 3000/8548 2169/8195 3243/8560
f 3060/453 2850/8482 2430/452
f 2432/3311 3256/3312 3336/18
f 5621/8551 3528/3128 1474/3126
f 5720/7732 4506/7763 4511/8555
f 2422/8558 2432/3314 2158/5403
f 1211/2240 3400/2241 1210/2895
f 5552/8525 5551/3153 2463/256
f 928/454 2430/452 4677/2598
f 1211/2240 1210/2895 2878/2243
f 5228/8376 2099/2703 3246/1173
f 3000/8194 1647/7688 1916/6681
f 4530/7888 5734/7909 5143/8046
f 3643/8395 4567/96 3435/7871
f 2520/6075 5123/8113 1982/8574
f 5855/7749 4604/7525 4774/4617
f 1210/2895 5422/2897 2878/2243
f 2878/2244 5422/2186 1128/2187
f 4533/7885 5139/8575 4646/8576
f 4530/7888 5097/8045 4533/7885
f 5693/2890 6066/6964 3530/6686
f 4646/8576 5136/6371 3387/8075
f 3387/8075 2772/2202 5157/8063
f 5668/7886 4634/7884 3387/8075
f 1208/8456 5613/8577 5589/8578
f 1420/6242 5097/8066 5140/8581
f 5139/8575 4533/7885 5097/8045
f 3387/8075 4634/7884 4646/8576
f 5613/8579 5568/8582 5589/8580
f 5589/8580 2547/1915 1208/6475
f 5136/6371 4646/8576 5139/8575
f 5140/8581 5096/8583 1420/6242
f 5096/8583 1406/2544 1137/2543
f 5096/8583 1137/2543 5108/6243
f 5096/8583 5140/8581 1406/2544
f 5143/8047 5734/8573 5142/255
f 2952/3150 4951/5436 2183/3152
f 368/4562 5443/20 5292/6299
f 1406/2544 5140/8581 5097/8066
f 5172/2418 1678/7674 3707/6336
f 5112/6260 5111/2341 5136/6369
f 5126/6271 5121/6234 4951/5436
f 1524/7690 4873/7689 2788/7692
f 2787/3127 3514/7697 2788/7692
f 5977/5336 5634/6484 5968/5335
f 1514/4902 4900/4900 1524/7690
f 1514/4902 1677/7691 3461/7758
f 3387/8075 5136/6371 2772/2202
f 4470/4899 3250/6077 5242/2453
f 3530/6946 5686/6963 5666/6945
f 3580/1135 4887/1362 1193/915
f 294/2898 1666/1965 2659/1964
f 5108/6243 1420/6242 5096/8583
f 5142/255 5734/8573 5157/254
f 5136/6369 1420/6242 5112/6260
f 3223/2340 5040/6047 5058/6049
f 4646/8576 4634/7884 4533/7885
f 2236/4906 2829/4767 183/8105
f 2966/243 3343/6151 3345/2374
f 1420/6242 5139/8064 5097/8066
f 2236/4906 183/8105 139/4903
f 5362/6746 5572/8165 4586/8584
f 139/4903 1228/1709 2236/4906
f 5676/7022 394/7053 1653/2003
f 1903/6468 5692/7836 5444/6467
f 5856/1404 1163/5709 2703/1496
f 2116/1989 33/8562 4704/8563
f 4704/8563 2361/5579 2116/1989
f 707/7858 476/5504 2704/5408
f 1163/5709 2386/7822 2479/5710
f 2405/866 2386/7822 1163/5709
f 707/7858 2704/5408 31/5385
f 141/2694 142/2693 3487/1554
f 3487/1680 1104/6665 141/2692
f 199/5505 5230/8561 2970/5503
f 5230/8561 199/5505 4936/8493
f 5751/5033 5778/7115 1538/1355
f 3520/1678 1196/6296 1104/6665
f 476/5504 707/7858 647/8585
f 5466/2914 5586/3230 3097/7785
f 1962/3038 5491/8049 5499/675
f 647/8585 126/8586 476/5504
f 707/7858 2821/4020 647/8585
f 3570/8170 3655/6009 3564/6010
f 1104/6665 3487/1680 3520/1678
f 199/5505 476/5504 4936/8493
f 2535/5745 342/5744 3247/5468
f 2968/6676 2338/3287 1196/3285
f 707/7858 31/5385 1916/6681
f 4459/7922 5264/2000 1499/2001
f 199/5505 2970/5503 2269/5409
f 3738/6714 1922/6715 1118/7655
f 3738/6714 1118/7655 2076/6908
f 152/8589 151/8587 647/8585
f 629/8217 3605/5416 532/5864
f 3700/5984 5336/7566 72/5488
f 2544/3462 1409/8041 4781/3461
f 6100/5636 144/6394 5174/2786
f 126/8586 151/8587 159/8590
f 4936/8493 476/5504 126/8586
f 4936/8493 126/8586 4673/8592
f 159/8590 134/8593 4673/8592
f 3696/6531 5579/1933 5495/1932
f 5738/1112 5077/7896 85/2336
f 2704/5408 476/5504 2269/5409
f 3583/5578 4442/8495 4645/8514
f 5870/2321 1700/8467 5880/6830
f 5865/5689 4976/44 5786/45
f 4936/8493 4645/8514 4442/8495
f 4442/8495 2361/5579 3574/8494
f 5328/2346 5677/5248 3632/7676
f 5870/2321 5913/2361 5933/2062
f 5556/2851 5866/2704 1421/2868
f 4673/8592 126/8586 159/8590
f 5857/8229 5784/2443 5755/6981
f 3694/71 5461/69 3598/138
f 2359/2597 5255/3225 4645/8514
f 5896/3001 2601/549 5951/2864
f 5745/25 5600/5627 5742/24
f 3256/3838 4669/3839 4873/7689
f 5896/3001 5880/6830 5616/6092
f 1301/6492 1639/1972 3072/1970
f 91/8463 4673/8592 667/8594
f 667/8594 4673/8592 134/8593
f 4673/8592 91/8463 4645/8514
f 5977/7828 694/8476 4722/818
f 5832/1737 5833/6539 1369/8339
f 2616/4101 5896/3001 5888/4765
f 647/8585 151/8587 126/8586
f 447/833 1693/5913 2604/832
f 667/8429 96/8428 91/8464
f 2287/2304 5519/8480 5607/2306
f 2630/5585 5324/2791 2608/7788
f 5571/4571 4622/702 5449/6229
f 2287/5843 5309/144 4687/7839
f 3661/7755 3656/7760 3461/7757
f 4535/5791 5297/8466 5952/2322
f 2169/1999 31/5385 3536/1998
f 5637/2201 3179/6612 5650/2661
f 5685/5566 1652/6525 5607/8596
f 157/1327 3331/474 5902/1326
f 4932/5182 4935/7335 3184/5025
f 6100/5636 4920/4681 6045/5635
f 2271/3769 2709/6724 1098/5281
f 1265/6414 5827/4597 4831/6245
f 4563/6065 3180/8534 2847/7959
f 4557/7860 5192/6839 5859/7701
f 5859/7713 532/5864 5193/4618
f 4645/8514 4936/8493 4673/8592
f 1213/1237 5817/2775 3162/6823
f 1700/8467 5616/6092 5880/6830
f 709/3591 1371/3589 657/7303
f 664/4003 657/7303 2421/1902
f 4842/5533 3570/8326 5790/5532
f 91/8463 2359/2597 4645/8514
f 5640/5947 5086/7461 5118/5279
f 2764/6376 5640/5945 4780/5280
f 4956/8051 4844/5547 209/4995
f 191/8598 134/8595 249/4921
f 1646/3899 500/3900 2345/2862
f 249/4921 225/8599 191/8598
f 4580/6487 4497/686 5946/5685
f 2470/5462 2471/3367 439/8427
f 5602/8513 4876/6202 2900/3415
f 5072/5770 110/4773 6004/5832
f 4497/686 4688/2836 5917/3029
f 5355/1136 3702/1137 4600/5883
f 5197/7110 362/8409 5367/7830
f 225/8599 224/8600 191/8598
f 4580/6487 5946/5685 5939/6488
f 5936/3026 5962/3489 2526/5686
f 218/2753 1185/2754 2242/2708
f 2718/8190 5656/6541 2742/6454
f 1097/6126 3072/1970 1638/1971
f 1097/6126 1301/6492 3072/1970
f 2517/8601 1149/6985 5340/7072
f 2421/1902 1371/3589 128/3590
f 5755/6981 6067/5367 5816/8320
f 4705/472 4497/686 5902/1326
f 224/8600 128/3590 191/8598
f 5024/2196 266/1834 3691/8062
f 5398/6948 5395/5649 3530/6686
f 134/8595 128/3590 709/3591
f 5253/8011 1499/8010 1497/8527
f 128/3590 224/8600 2421/1902
f 3125/7847 5901/6828 5194/7648
f 439/8427 667/8429 2464/8115
f 621/5646 664/4003 2421/1902
f 1737/8390 5317/8602 4848/8603
f 3351/6679 3334/3007 4889/6606
f 5773/7651 2902/6848 3203/6844
f 5789/8358 4856/2707 2620/8357
f 5935/6776 1360/8604 5773/7651
f 4830/8152 5091/8175 5082/4705
f 5704/7990 5293/4845 4609/5556
f 134/8595 709/3591 667/8429
f 5960/4855 5941/4523 5887/3814
f 394/7662 27/6596 1657/6661
f 1737/8390 3634/8605 5317/8602
f 1488/2698 5270/6110 5559/1117
f 191/8598 128/3590 134/8595
f 431/6138 2017/5387 5837/5390
f 709/3591 2431/7449 2464/8115
f 5773/7651 3634/8605 1737/8390
f 405/1858 253/1821 2541/1819
f 516/326 527/336 576/3032
f 527/8606 2413/3301 576/8607
f 5669/6526 7/6250 4473/6524
f 208/3031 377/7211 516/326
f 576/3032 621/5646 143/1900
f 377/7211 374/325 516/326
f 5198/5741 5261/5739 5928/8321
f 6080/4625 5727/8340 5994/2558
f 621/5646 2413/8608 2412/3302
f 1417/2870 4821/2956 1704/2967
f 664/4003 621/5646 2412/3302
f 5923/6993 1499/8528 4550/2515
f 208/3031 143/1900 1332/5629
f 402/1901 1332/5629 143/1900
f 3693/5338 212/2736 207/7577
f 3025/1856 5259/1857 3508/6684
f 1332/5629 377/7211 208/3031
f 5449/6229 3252/703 5760/8315
f 5760/8315 2626/5589 5449/6229
f 3284/525 5695/524 3502/7124
f 9/6128 1638/1971 1639/1972
f 2626/5589 1689/7545 5106/50
f 4472/2615 5664/124 5224/2084
f 330/8610 387/6042 402/5631
f 201/2722 205/5489 4470/4899
f 4276/7941 5642/2082 4804/2083
f 5773/7651 5669/6526 5935/6776
f 387/6041 330/8609 152/8588
f 159/4920 249/4921 134/8595
f 3373/513 4876/6201 5602/8515
f 155/4922 330/8611 225/8599
f 1360/8604 338/51 5773/7651
f 1686/8215 1631/7889 3293/6101
f 225/8599 249/4921 155/4922
f 311/2826 4671/2049 5215/2050
f 5935/6776 5847/8613 1360/8604
f 152/8588 155/8612 159/4923
f 5773/7651 338/51 2902/6848
f 1533/1229 5798/8141 9/6128
f 155/8612 152/8588 330/8609
f 159/4923 151/8591 152/8588
f 5875/6503 5873/6504 5915/3334
f 1562/6794 4817/6345 4688/2836
f 5008/944 5790/5532 3564/8325
f 5719/1645 5189/2249 5171/1644
f 5873/6504 5960/4855 5943/4854
f 4642/7504 5444/6467 1728/6085
f 3047/8539 2809/2720 5528/8614
f 80/7107 4960/314 5759/60
f 5926/4612 5838/5662 5960/4855
f 5798/8141 1638/1971 9/6128
f 1361/2390 4514/2705 1382/2120
f 224/8600 225/8599 330/8611
f 5122/6998 5388/8615 45/6298
f 1917/6582 5910/7500 5693/2890
f 2847/7959 5202/7875 2924/6066
f 2909/8616 3634/8605 1516/8617
f 5095/509 6001/4573 5104/508
f 2909/8616 1516/8617 1389/8618
f 1467/4104 5941/4523 1730/1860
f 2476/767 5910/8399 1917/769
f 224/8600 402/1901 2421/1902
f 4936/8493 3574/8494 5230/8561
f 5034/2719 3047/8539 1737/8390
f 1364/5827 5732/109 3111/727
f 3634/8605 1389/8618 1516/8617
f 5586/8473 4703/5568 5458/6805
f 6088/7931 1683/7930 1706/7848
f 5945/5810 3047/8539 2458/8196
f 2017/5387 5844/6099 2622/8384
f 4968/2721 5034/2719 4848/8603
f 1086/3433 1332/5632 2979/5630
f 1619/2655 3669/6916 2735/2450
f 402/1901 224/8600 330/8611
f 2971/3543 4850/2122 1382/2120
f 5833/6542 5825/3780 6038/5707
f 2024/4851 4710/4852 6065/2408
f 405/1858 2541/1819 2683/1855
f 2565/6360 4717/146 5309/144
f 5997/2492 6038/5707 5084/1745
f 2909/8616 5971/6809 4968/2721
f 5945/5810 2017/5387 3047/8539
f 2979/7526 152/8588 2821/8619
f 5943/4854 5915/3334 5873/6504
f 5993/7603 5727/2410 6065/2408
f 2882/6493 5919/6125 5803/6141
f 1376/8328 5792/6278 4710/8207
f 5801/5696 1919/6458 5949/1942
f 2721/6177 5747/787 4427/788
f 1309/2467 577/7624 1331/2480
f 6012/5550 3200/8620 5048/8369
f 3665/84 5620/85 5441/6863
f 1327/2468 6012/5550 1735/5551
f 6080/6540 5832/1737 2161/1912
f 2742/6454 1470/1382 3590/8197
f 4876/6201 3373/513 2325/306
f 3372/6098 6012/5550 5048/8369
f 5755/6981 5784/2443 6067/5367
f 5032/5366 5247/5596 5497/5970
f 3371/319 5777/6320 353/6318
f 1735/5551 1309/2467 1327/2468
f 5132/7575 4771/8329 3207/7615
f 5132/7574 3316/2424 4771/4701
f 5031/6096 3045/6097 3139/6095
f 4739/8161 4771/4701 3316/2424
f 5359/8033 5731/6218 5146/4838
f 5356/6072 2718/8190 3590/8197
f 5781/7746 3563/6163 5482/8414
f 5958/8485 3563/6163 5781/7746
f 3590/8197 3175/6760 5356/6072
f 4986/8168 4635/7669 430/7647
f 5009/7240 4761/8148 5187/2427
f 2464/8115 2470/5462 439/8427
f 1226/6087 5481/7487 5916/1835
f 5344/6865 5601/8477 4625/6867
f 3372/6098 5048/8369 3127/6135
f 3537/7579 2574/6858 5316/6859
f 4635/7669 1263/8021 5251/6496
f 5775/6368 1640/6168 3588/6127
f 3752/8471 4984/5496 6086/1341
f 4984/5496 3752/8471 2637/8348
f 4477/1789 4642/7504 4735/7505
f 32/5730 87/7360 6052/5987
f 1309/2467 1735/5551 577/7624
f 4844/5547 4784/2029 2520/8112
f 377/7184 1332/5632 1086/3433
f 1072/5158 3195/5835 5185/6003
f 6064/2816 5587/6752 5440/6750
f 1327/2468 3200/8620 6012/5550
f 1305/7629 4985/2469 1263/8021
f 387/6041 152/8588 2979/7526
f 4830/7745 5958/8485 5781/7746
f 5847/8613 5935/6776 4473/6524
f 1263/8021 4635/7669 1305/7629
f 5476/2267 5118/5279 5587/6752
f 2574/6858 3537/7579 5434/6116
f 2517/8601 5340/7072 361/8279
f 6108/8406 1703/6249 7/6250
f 5634/6484 6113/816 6004/2618
f 3068/4568 518/6997 4672/7632
f 4985/2469 3200/8620 1327/2468
f 1226/6087 5415/7501 5375/8398
f 5068/485 496/505 2758/119
f 666/120 5068/485 2758/119
f 3399/6261 1488/2698 5110/1914
f 5170/2624 5407/1643 5171/1644
f 2489/3362 2470/5462 2464/8115
f 5587/6752 5118/5279 1698/2005
f 361/8278 2619/5443 5706/8622
f 2637/6855 5570/6854 3538/8624
f 527/336 516/326 3176/5131
f 2412/3302 2418/3305 493/299
f 2569/8308 2549/3410 2734/3411
f 5642/2082 4276/7941 5184/6953
f 5982/556 4801/5961 219/6391
f 361/8279 5706/8623 2517/8601
f 3117/7460 5402/2004 1698/2005
f 3432/1720 5810/1443 3338/8496
f 2413/3301 527/8606 2418/3303
f 1628/1968 1631/7889 1686/8215
f 5123/8499 1481/2733 1982/7571
f 5847/7840 4473/8621 5685/5564
f 5817/2775 2117/2783 4664/2774
f 5766/8292 2517/8283 1558/8626
f 5453/510 5104/508 5493/6362
f 2569/8308 534/3395 4937/3291
f 5073/5845 5369/7473 1693/5913
f 1160/74 5369/7473 5073/5845
f 608/8053 2762/8400 2761/8052
f 2413/8608 621/5646 576/3032
f 5405/6957 5410/6958 1525/1925
f 647/8585 2821/4020 152/8589
f 5214/7093 5796/6866 4625/6867
f 5181/8120 3432/1720 3338/8496
f 5706/8622 2619/5443 3546/6845
f 5607/2308 5956/8226 5077/6856
f 493/299 2418/3305 527/336
f 2485/3364 2708/8433 8/3363
f 5385/1833 6018/1788 4477/1789
f 5587/6752 1698/2005 5406/6933
f 5587/6752 5406/6933 5655/6751
f 4907/230 2331/683 2548/621
f 473/8237 694/8476 5977/7828
f 5410/6958 2483/7786 1525/1925
f 2550/3446 534/3395 1572/8387
f 5766/8292 4474/8290 403/7544
f 5682/2417 5172/2418 5288/7403
f 800/6778 2539/3384 662/8628
f 2533/8475 2015/8418 4585/8417
f 5279/6413 5842/6986 5166/8491
f 1714/1960 5842/7080 5279/1962
f 6108/8406 7/6250 6059/6527
f 5793/600 2045/5746 5608/3081
f 5110/1914 5137/6556 3399/6261
f 5220/6456 5994/2558 5727/8340
f 2483/7786 5410/6958 5296/6989
f 5766/8292 1689/7545 5760/8315
f 2874/780 2719/710 5011/1488
f 2544/3462 662/3463 2539/3383
f 2719/710 2874/780 4766/8470
f 5088/6621 5087/2523 5362/6743
f 3203/6844 3202/7390 3634/8605
f 2626/5591 5106/6882 5265/8104
f 5851/5548 4844/5547 2520/8112
f 2426/5337 2395/8629 2411/8630
f 2411/8630 6029/8631 2426/5337
f 662/8628 6077/6799 800/6778
f 2735/2450 5763/2657 1619/2655
f 5166/8491 2557/8167 5279/6413
f 4474/8290 5979/6462 335/49
f 3121/8204 3202/7389 3716/6248
f 6093/5397 5024/6976 3691/6614
f 3310/1770 1102/1771 1310/2400
f 4840/5 5343/6384 5871/8221
f 5030/5809 4642/7504 4477/1789
f 1226/6087 5375/8398 5481/7487
f 5166/8166 4586/8584 5572/8165
f 6068/6987 4586/8549 5166/8491
f 5356/6072 3330/5060 2721/6177
f 3034/7503 4642/7504 1728/6085
f 4678/7241 5214/7093 5009/8327
f 4989/5475 4666/5420 5004/2454
f 5634/6484 2462/5234 6019/7319
f 5857/8310 1519/148 1520/6546
f 707/7858 3558/7485 2821/4020
f 1195/6780 684/6835 663/6779
f 1360/8604 5847/8613 338/51
f 5362/6743 5542/6744 5088/6621
f 6010/5820 4584/5917 4630/5923
f 4985/2469 1309/2467 4997/2481
f 222/8633 158/2778 4975/1172
f 3649/3412 3362/3069 5061/3374
f 3690/8635 3121/8204 1263/8021
f 5037/5544 4477/1789 5520/1790
f 1305/7629 3200/8620 4985/2469
f 4985/2469 4997/2481 3690/8635
f 3634/8605 2909/8616 328/8636
f 3683/2108 2765/2109 3684/2058
f 218/2725 5174/2714 4701/2712
f 5898/8109 50/7016 262/7015
f 639/3068 157/1327 5940/3067
f 5926/4612 5974/4869 5927/1937
f 5838/5662 5941/4523 5960/4855
f 3077/1871 2453/1816 5291/5391
f 1389/8618 3634/8605 3202/7390
f 3684/2058 3710/2126 3683/2108
f 3529/2402 319/2403 5384/2087
f 1701/6663 1503/7387 5494/1661
f 5515/8068 5359/8033 5516/8564
f 1219/8289 4722/818 2533/8475
f 2395/8629 2434/6534 2123/1779
f 3391/5251 3683/2108 3710/2126
f 1737/8390 3047/8539 4793/8389
f 5974/4869 4982/4868 5528/8614
f 3808/7005 3272/43 4976/44
f 5513/5664 1503/7387 1727/7933
f 5916/1835 5481/7487 3691/8062
f 5528/8614 2809/2720 4968/2721
f 3047/8539 4982/4868 2458/8196
f 5127/7386 5116/5481 1209/5479
f 4722/818 694/8476 2533/8475
f 6062/1982 2936/2289 6005/7920
f 5385/1833 266/1834 6018/1788
f 5313/7506 5745/25 5741/7474
f 2458/8196 4982/4868 5926/4612
f 6077/6799 662/8628 2490/6801
f 5094/167 5201/165 5719/1645
f 5971/6809 1389/8618 1235/8094
f 5817/2775 3185/6029 3162/6823
f 5265/8104 5920/6871 2565/6880
f 6046/6875 5920/6871 5265/8104
f 5353/2366 4703/5567 5465/3231
f 1225/3482 2544/3462 2495/3381
f 5858/3000 5951/2864 5893/2061
f 5926/4612 5960/4855 5874/6502
f 4535/8158 3233/8159 5297/8469
f 5146/4838 5278/8193 4769/8254
f 2637/8348 2379/8205 3413/5497
f 157/1327 4580/6487 5940/3067
f 5442/7481 5515/8235 4274/7551
f 263/3066 3321/7520 2684/8637
f 1727/7933 1489/7513 5374/7514
f 2151/4652 1704/2967 5887/3814
f 6071/8438 694/8476 473/8237
f 5961/2968 5948/3813 1704/2967
f 6015/2165 3044/6850 4864/8082
f 4890/3063 263/3066 2684/8637
f 2875/4946 2490/8638 4781/8639
f 261/7646 3079/8111 5708/7559
f 2875/4946 4781/8639 1409/8086
f 5050/5825 5045/6108 5052/5637
f 5110/6689 5938/6149 6112/2025
f 5738/1112 5487/7967 4881/6160
f 5880/6830 5896/3001 5967/3439
f 5453/510 2560/728 5671/7229
f 3293/6101 5546/5445 1552/5446
f 323/5792 5972/6590 4535/8158
f 2571/7170 6070/7753 2875/4946
f 3233/8468 5611/6144 5616/6092
f 2828/2957 5012/5599 5939/6488
f 2542/3771 4333/3133 500/3900
f 2490/8640 662/3463 4781/3461
f 6118/7523 5478/8641 5752/5727
f 5870/2321 5297/8466 1700/8467
f 5004/2454 4666/5420 5242/2453
f 5201/165 630/1712 5719/1645
f 5499/675 5151/676 5026/2717
f 3848/8298 2490/8638 2875/4946
f 5614/714 635/669 1193/914
f 6118/7515 5223/8077 5478/5724
f 3066/58 1092/1561 1408/57
f 222/7728 4975/8634 5235/1025
f 4779/8092 5258/7719 3125/7847
f 4640/5753 4773/5659 4768/5665
f 1219/819 2490/6802 3848/8297
f 2271/3769 5713/3770 5712/6725
f 2354/5874 2760/6035 2363/6036
f 2358/8642 2363/6036 2355/6037
f 3721/6790 5898/8109 5807/7483
f 1636/3883 714/3884 2374/4647
f 2374/3886 2388/8643 1324/1782
f 5980/8644 714/3884 1323/3885
f 368/4562 5218/22 5443/20
f 5980/7059 125/7861 3165/4646
f 2434/4748 5980/8644 1323/3885
f 5981/5952 5980/7059 2434/6534
f 125/7861 5980/7059 6016/5950
f 3165/4646 2368/4644 1731/4643
f 3165/8645 2374/4647 714/3884
f 714/3884 5980/8644 3165/8645
f 125/7861 2367/8646 2368/4644
f 125/7861 40/8647 2367/8646
f 2370/3184 2367/8646 40/8647
f 2367/8646 2370/3184 2368/4644
f 4695/8648 3233/2540 639/8266
f 2760/6035 6016/5950 49/5951
f 3233/8468 5616/6092 1700/8467
f 2368/4644 3165/4646 125/7861
f 488/3061 4238/3011 5610/479
f 2828/2957 5939/6488 4821/2956
f 1098/5281 2709/6724 3055/5282
f 3252/703 5449/6229 4622/702
f 4968/2721 5969/6700 5246/7721
f 4685/2293 4518/2294 1616/2134
f 2760/6035 2354/5874 4577/7604
f 5864/561 3724/1097 5723/1161
f 5520/1790 1401/5510 5037/5544
f 2723/1873 5012/5599 2828/2957
f 5070/7592 1388/7581 2709/6724
f 2886/5918 6033/5919 6036/7605
f 2467/2153 6036/7605 6033/5919
f 2886/5918 2890/7868 2883/7882
f 1571/3487 5944/3488 5943/4854
f 6109/1874 601/4771 5957/8649
f 2886/5918 6036/7605 2318/5954
f 1730/1860 5941/4523 5838/5662
f 3263/1859 1730/1860 5838/5662
f 4577/7604 2354/5874 2318/5954
f 5062/7797 4797/5846 2826/5847
f 1571/3487 5961/2968 5962/3489
f 2498/2866 2890/7868 2886/5918
f 3975/1333 2859/1332 210/7415
f 2890/7868 3078/5976 2883/7882
f 5034/2719 2809/2720 3047/8539
f 2353/5875 4587/3750 4594/2865
f 2537/1628 4833/6846 5675/6749
f 2498/2866 2886/5918 2318/5954
f 1304/6007 3286/8533 610/5695
f 3022/7565 2889/5920 2886/5918
f 5127/7386 5494/1661 1503/7387
f 328/8636 2909/8616 4848/8603
f 2323/8650 2887/7586 3022/7565
f 494/2875 2323/8650 3022/7565
f 494/2875 2324/2152 2323/8650
f 2887/7586 2323/8650 2324/2152
f 3202/7390 2379/8202 1235/8094
f 2318/5954 4594/2865 2498/2866
f 2789/1938 3615/1936 5014/4246
f 5291/5391 5941/4523 3077/1871
f 6033/5919 3041/7585 2324/2152
f 5981/5952 55/5235 49/5951
f 6000/2916 5468/2365 5371/2915
f 4779/6132 1597/1935 5927/1937
f 2887/7586 3041/7585 4576/7866
f 5927/1937 1715/4247 1155/4591
f 6036/7605 2467/2153 4577/7604
f 3022/7565 2887/7586 4576/7866
f 328/8636 5317/8602 3634/8605
f 233/6136 2354/5874 2358/8642
f 4710/4852 5993/7603 6065/2408
f 2349/3749 4587/3750 2353/5875
f 5528/8614 4982/4868 3047/8539
f 233/6136 4618/3751 3668/5876
f 5489/6861 649/722 5441/158
f 629/8217 365/6685 3605/5416
f 3203/6844 3634/8605 5773/7651
f 4618/3751 2349/3749 3668/5876
f 5945/5810 2458/8196 5874/6502
f 4779/6132 2872/3587 1597/1935
f 4778/6657 5774/2830 296/2829
f 3121/8204 3690/8635 1921/5654
f 2872/3587 4779/6132 5194/5887
f 6004/2618 4618/3751 233/6136
f 6004/2618 2358/8642 5975/2617
f 1921/5654 3690/8635 4997/2481
f 3047/8539 2622/8384 4793/8389
f 5319/6829 5194/7648 5901/6828
f 2358/8642 6004/2618 233/6136
f 5093/8330 5033/1340 3413/5497
f 2712/575 6039/2421 3682/2405
f 49/5951 5975/2617 2355/6037
f 2355/6037 5975/2617 2358/8642
f 5974/4869 4968/2721 4779/6132
f 32/3798 1205/2649 87/2650
f 2349/3749 2353/5875 3668/5876
f 39/2151 125/7861 2467/2153
f 125/7861 4577/7604 2467/2153
f 5319/5332 2009/4770 3628/1815
f 2426/5337 2434/6534 2395/8629
f 125/7861 2760/6035 4577/7604
f 5404/5597 5128/6301 5247/8559
f 584/2327 1625/2106 5137/6556
f 2426/5337 4837/7020 5977/5336
f 3669/6916 6024/896 1736/897
f 5968/5335 55/5235 5981/5952
f 5981/5952 2434/6534 5968/5335
f 1086/3433 2979/5630 1402/7143
f 5247/8559 5128/6301 5574/1659
f 6029/8631 4837/7020 2426/5337
f 1453/6427 4992/1257 3055/5283
f 5975/2617 2462/5234 3592/2616
f 1148/1814 6109/1874 2453/1816
f 1209/5479 5494/1661 5127/7386
f 5427/155 1720/156 1160/74
f 6109/1874 1148/1814 601/4771
f 3321/8652 5931/7521 6109/8651
f 2354/5874 2363/6036 2358/8642
f 2978/8505 2820/3065 4890/3063
f 39/2151 40/8647 125/7861
f 2842/2860 6013/2861 5434/6116
f 2381/6080 2873/8541 1100/3183
f 657/7303 1371/3589 2421/1902
f 27/6596 5937/7477 5708/7559
f 3801/8408 2084/6968 2062/6983
f 2425/8656 2388/8653 1731/8655
f 2425/8654 2385/8657 2873/8658
f 2873/8658 2879/8545 2425/8654
f 4695/5507 263/3066 696/3064
f 671/7891 2684/8637 3150/7899
f 1731/4643 2370/3184 2385/3185
f 2909/8616 1389/8618 5971/6809
f 1731/8655 2385/8659 2425/8656
f 2388/8643 2374/3886 1731/4643
f 1235/8094 1389/8618 3202/7390
f 5306/6319 5344/6865 5206/6943
f 5970/4168 2848/8660 2947/5898
f 2846/2672 2033/2673 5970/4168
f 2947/5898 2846/2672 5970/4168
f 3073/6078 2901/7874 2947/5898
f 558/2676 1321/1775 6027/2325
f 2879/8543 2947/5898 2848/8660
f 6027/2325 2846/2672 545/2675
f 5030/5809 5374/7514 4642/7504
f 1982/8574 6002/5331 2520/6075
f 4890/3063 671/7891 2978/8505
f 5957/6470 3321/8652 6109/8651
f 5319/5332 5644/4772 2009/4770
f 2951/5896 2932/5897 2930/8568
f 1226/6087 5916/1835 2937/6086
f 6027/2325 2131/3218 2033/2673
f 179/3219 6037/3217 4792/3220
f 1325/1777 2395/8629 2123/1779
f 614/7904 558/7945 450/7906
f 294/2898 1269/3850 5159/2833
f 5367/8294 4809/6286 1204/6565
f 2381/6080 1100/3183 2897/6079
f 1321/1775 558/2676 2854/7946
f 6005/7920 4518/2294 5789/2295
f 3803/7949 558/7945 3895/2677
f 2774/7905 2854/7947 614/7904
f 2846/2672 2947/5898 545/2675
f 3895/2674 545/2675 2951/5896
f 5390/6806 3596/6766 6061/6507
f 294/2898 5159/2833 1596/2831
f 5116/5481 5127/7386 5513/5664
f 2735/2450 3379/895 1600/2452
f 450/8058 459/5811 605/8023
f 6109/1874 5931/5600 2723/1873
f 459/5811 450/8058 2806/8661
f 2806/5797 450/7906 3803/7949
f 3321/8652 5957/6470 5965/6471
f 5351/7914 1494/7787 3097/7785
f 3895/2674 2951/5896 2930/8568
f 1100/3183 1329/8546 2897/6079
f 2385/3185 1100/3183 2873/8541
f 2324/2152 2467/2153 6033/5919
f 3022/7565 2886/5918 2883/7882
f 1329/8546 40/8647 39/2151
f 588/6067 617/8569 2932/5897
f 2978/8505 2538/8424 5114/8511
f 611/7725 617/8569 588/6067
f 2954/7902 611/7842 3050/3187
f 5412/5499 1727/7933 5374/7514
f 2897/6079 3046/5754 2901/7874
f 6103/6326 2538/8424 2978/8505
f 4678/7241 5796/6866 5214/7093
f 2947/5898 2876/7865 588/6067
f 5114/8511 2820/3065 2978/8505
f 2098/8458 5114/8511 2532/532
f 2443/7890 671/7891 3150/7899
f 617/7898 2954/7902 615/3188
f 617/7898 611/7842 2954/7902
f 2897/6079 1329/8546 39/2151
f 1277/7588 5937/7476 3808/8393
f 2483/7786 5466/2914 3097/7785
f 2978/8505 671/7891 3160/7878
f 2879/8545 2400/8544 2425/8654
f 5114/8511 3478/8425 2603/8509
f 3073/6078 2947/5898 2381/6080
f 5957/6470 5554/8537 5023/6469
f 2538/8424 3478/8425 5114/8511
f 2806/5797 3803/7949 3895/2677
f 2757/8060 2854/7947 2774/7905
f 5261/7698 358/8665 629/8218
f 2098/8458 5555/6093 5611/6144
f 2388/8666 2425/8654 2400/8544
f 1325/1777 2411/8630 2395/8629
f 5970/4168 2033/2673 2773/4167
f 5356/6072 2721/6177 5656/6541
f 2400/8542 2411/8630 1324/1782
f 5207/3037 5189/2249 630/1712
f 3712/5747 5163/2379 5155/5748
f 1320/1776 1321/1775 2854/7946
f 2947/5898 2901/7874 2876/7865
f 2370/3184 40/8647 1329/8546
f 50/8550 5898/8557 4586/8313
f 2927/8059 605/8061 2862/7984
f 605/8061 2927/8059 2558/7672
f 5418/6990 5546/5448 4840/5
f 2098/8458 2820/3065 5114/8511
f 2400/8542 1324/1782 2388/8643
f 5611/6144 4696/2539 696/3064
f 5547/3138 5451/3137 5203/2038
f 6060/8377 2480/8667 1282/8397
f 2477/5785 2715/5734 2451/5733
f 577/7624 6099/2588 1319/2483
f 696/3064 2820/3065 5611/6144
f 3415/5652 190/6924 4399/6
f 5870/2321 5952/2322 5297/8466
f 5426/1673 1184/1674 3648/15
f 4696/2539 5611/6144 3233/8468
f 2477/5785 2982/3294 1216/6645
f 27/6596 5708/7559 1657/6661
f 5869/5782 2715/2326 2477/5784
f 2715/2326 6060/8377 1282/8397
f 5896/3001 2616/4101 2601/549
f 5965/8662 3150/7899 3321/7520
f 5583/4169 2423/4638 2848/8660
f 1320/8098 2854/7947 2757/8060
f 6066/6964 5693/2890 5692/7836
f 2848/8660 5970/4168 5583/4169
f 1325/1777 1324/1782 2411/8630
f 2423/4638 2879/8543 2848/8660
f 4890/3063 696/3064 263/3066
f 1672/4639 2400/8542 2423/4638
f 601/6827 5554/8531 5957/8664
f 2400/8542 1672/4639 6029/8631
f 4967/5722 5187/2427 5877/2428
f 2684/8637 671/7891 4890/3063
f 6029/8631 2411/8630 2400/8542
f 3700/5984 4267/284 4748/2076
f 639/3068 263/3066 4695/5507
f 1675/6673 5491/8049 5122/6998
f 1672/4639 6054/4637 6029/8631
f 649/722 5162/157 5441/158
f 320/5474 5434/6116 3537/7579
f 2152/5399 5712/6725 1646/3899
f 1235/8094 5570/6854 5971/6809
f 5977/8236 6063/8668 279/6553
f 2480/8396 2558/7672 2775/3181
f 2715/2326 5869/5782 6027/2325
f 3538/8624 2379/8202 2637/6855
f 5754/6914 5700/1356 5427/155
f 2152/5399 5205/5473 5712/6725
f 3150/7899 2684/8637 3321/7520
f 4848/8603 5034/2719 1737/8390
f 4837/7020 6054/4637 5966/4751
f 6029/8631 6054/4637 4837/7020
f 5966/4751 6054/4637 5583/4169
f 4289/6463 3546/6845 1365/6847
f 2558/7672 2757/8028 605/8061
f 47/2648 2445/3873 5869/5782
f 5781/5590 5482/4884 5522/2067
f 3338/7972 5810/7979 4794/8034
f 2773/4167 179/3219 83/4243
f 5760/8315 1689/7545 2626/5589
f 2131/3218 6027/2325 2445/3873
f 5494/1661 5574/1659 5495/1932
f 2372/941 2775/3181 4966/2632
f 1147/1646 1146/1553 3681/8182
f 3628/1815 2146/4627 2135/3565
f 335/49 5106/50 403/7544
f 2390/1253 48/4761 5978/1254
f 5772/773 2579/1895 1267/8360
f 2379/8202 3538/8624 3618/8093
f 5309/144 338/145 5847/7841
f 5649/430 5660/784 5881/856
f 5881/856 5660/784 2449/6921
f 5752/5727 6034/8670 5444/6895
f 4968/2721 4848/8603 2909/8616
f 1624/8078 6034/7873 5752/5725
f 5490/1973 3610/1638 59/2835
f 2469/6878 1267/8360 2371/6877
f 522/8672 5654/771 5925/8671
f 522/652 5696/900 5609/651
f 5771/396 5648/857 5689/855
f 5648/857 5881/856 5689/855
f 5914/1014 5867/8351 3774/179
f 5679/395 5914/1014 3774/179
f 202/5990 4749/6367 3253/6365
f 5689/855 5881/856 2449/6921
f 5689/855 2449/6921 2469/6878
f 1171/8353 5696/900 5679/854
f 4289/6463 2902/6848 335/49
f 3223/2340 1340/5616 3275/8100
f 5932/1893 5862/7982 2579/1895
f 4289/8674 1558/8673 2517/8627
f 4474/8290 1558/8626 5979/6462
f 3314/6560 5420/4846 3680/8565
f 3391/7554 3314/3296 3780/6545
f 2573/5718 562/2572 5863/3946
f 2516/8001 5853/1760 2373/2570
f 1267/8360 2469/6878 2449/6921
f 1172/6876 2371/6877 2373/2570
f 4991/774 5863/3946 1603/3717
f 1045/697 5687/685 2454/682
f 2516/8001 2373/2570 561/2571
f 5259/1857 1567/2564 3395/5719
f 2517/8283 1621/8291 5360/8276
f 5538/4905 5491/8049 1962/3038
f 6063/5731 5977/8669 4837/7021
f 5209/8243 5496/2132 5411/261
f 5843/7561 2479/2631 4965/1702
f 5843/7561 2573/5718 5947/7849
f 2373/2570 1171/8353 1172/6876
f 1282/3182 48/4761 2982/3294
f 5679/854 1172/6876 1171/8353
f 5679/854 2469/6878 1172/6876
f 5679/854 5689/855 2469/6878
f 5696/1245 5925/8671 5654/771
f 2371/6877 5862/7982 2373/2570
f 2982/3294 2477/5785 2451/5733
f 5086/7461 5640/5947 1479/5946
f 47/2648 5869/5782 1216/5783
f 2480/8667 6060/8377 2558/8030
f 5547/3138 5207/3037 630/1712
f 4289/6463 5979/6462 1558/8626
f 403/7544 1689/7545 5766/8292
f 2561/3179 1217/1700 2984/1701
f 4843/8022 5451/3137 2493/2349
f 3546/6845 4289/6463 5706/8622
f 1621/8291 5766/8292 5760/8315
f 4965/1702 4966/2632 2984/1701
f 2517/8627 5706/8625 4289/8674
f 561/2571 4983/8174 5918/2918
f 3602/6881 2516/8001 5794/8000
f 3097/8663 6061/6507 5351/6508
f 514/2885 81/1191 4983/8174
f 5794/8000 2562/8347 3602/6881
f 5853/1760 3602/6881 5623/3284
f 1656/5740 358/8675 5261/5739
f 81/1191 5918/2918 4983/8174
f 5674/7918 3707/6336 1678/7674
f 5681/772 1438/691 4991/774
f 2454/682 2576/902 2595/681
f 3117/7460 1698/2005 5118/5279
f 5816/8320 1633/4576 5755/6981
f 5863/3946 5862/7982 5932/1893
f 5942/1398 5863/3946 4991/774
f 5894/4572 4253/6351 1556/5712
f 5862/7982 2371/6877 2579/1895
f 2331/683 2334/680 2548/621
f 2548/621 2590/5738 2330/8362
f 3662/2212 3723/5401 3647/3211
f 12/268 5597/232 4882/88
f 2595/681 2590/5738 2548/621
f 3117/7460 5086/7461 5169/7552
f 5459/560 4882/88 5562/224
f 1558/8626 4474/8290 5766/8292
f 5859/7713 629/8217 532/5864
f 4985/2469 3690/8635 1263/8021
f 4852/6550 1304/6007 3699/6015
f 2330/8362 2725/90 4882/88
f 2548/621 2334/680 2595/681
f 5459/560 3192/534 12/268
f 5316/6859 1561/7911 5070/7592
f 1305/7629 5048/8369 3200/8620
f 697/3143 2590/5738 2595/681
f 3546/6845 2619/5443 4954/6575
f 361/8278 2599/5442 2619/5443
f 5944/3488 5936/3026 5915/3334
f 1134/4580 2452/6642 2265/4578
f 2775/3181 2558/7672 2984/1701
f 50/7016 5510/291 5276/289
f 1641/6137 5908/6491 5909/2990
f 5511/185 5459/560 2522/187
f 2902/6848 338/51 335/49
f 147/2802 221/2803 4767/5513
f 2366/114 5380/42 1268/40
f 5511/185 5588/280 2309/281
f 5594/590 5459/560 5511/185
f 5577/1677 5580/8676 5593/305
f 3287/6109 1632/6241 3522/1116
f 3039/5735 1632/6241 3287/6109
f 5251/6496 1263/8021 5252/8216
f 5585/8262 5580/8676 5577/1677
f 1208/8456 2900/3415 1565/307
f 3139/6095 4986/8168 430/7647
f 5758/4645 5823/6289 6064/2816
f 5592/8677 5564/2355 5613/8579
f 5823/6289 5758/4645 2537/1628
f 1565/307 5613/8577 1208/8456
f 2308/6246 5252/8216 1263/8021
f 5252/8216 5090/8124 2609/6585
f 4760/424 522/652 519/650
f 5210/8478 5455/5067 3699/6014
f 5687/685 1045/697 5134/423
f 3202/7390 3203/6844 4954/6575
f 5564/2355 5592/8677 5580/8676
f 3121/8632 2379/8202 3202/7390
f 5649/430 5648/857 5771/396
f 5853/1760 2516/8001 3602/6881
f 2008/8125 5518/5411 5090/8124
f 5925/8671 5696/1245 522/8672
f 1171/8353 5609/651 5696/900
f 1331/2480 577/7624 1319/2483
f 5607/2308 1652/8597 5637/2198
f 1052/596 5577/1677 2691/186
f 3538/8624 5570/6854 3618/8093
f 2691/186 5577/1677 5511/185
f 5580/8676 5585/8262 5564/2355
f 5041/2238 5476/2267 5587/6752
f 5564/2355 5568/8582 5613/8579
f 5613/8579 1565/304 5592/8677
f 4710/8207 5792/6278 4757/8199
f 2493/2349 2659/1964 1607/1963
f 6013/8368 5382/2085 5434/2817
f 638/2451 6021/2389 5762/2121
f 1052/596 2556/2357 5585/8262
f 5955/8459 1208/6475 2547/1915
f 5890/6494 5891/6495 5589/8580
f 5592/8677 1565/304 5593/305
f 5593/305 5580/8676 5592/8677
f 5589/8580 5891/6495 2547/1915
f 5262/5653 3121/8204 1921/5654
f 3276/5410 3177/1978 2409/4557
f 1101/8246 2942/8512 5602/8513
f 5589/8580 5568/8582 5890/6494
f 332/3248 1252/1917 5566/2356
f 6081/4819 2602/4818 1714/1960
f 2545/8457 5955/6473 5555/8460
f 2730/2553 2497/2348 5328/2346
f 1252/1917 5890/6494 5568/8582
f 1252/1917 5568/8582 5564/2355
f 4848/8603 5317/8602 328/8636
f 4968/2721 5974/4869 5528/8614
f 5151/8383 4959/4877 5026/4878
f 5585/8262 5577/1677 1052/596
f 5597/232 2330/8362 4882/88
f 5159/2833 4259/3851 1385/5865
f 5918/2918 2562/8347 5794/8000
f 2590/5738 2725/90 2330/8362
f 1052/596 2691/186 2690/595
f 5637/6586 1175/8219 1703/5440
f 430/7647 5329/2169 3139/6095
f 2242/6748 6100/7601 5174/2714
f 4739/8161 5329/2169 3494/7650
f 2691/186 2522/187 3281/3235
f 536/586 5562/224 2554/3234
f 5944/3488 5962/3489 5936/3026
f 4739/8161 3494/7650 3181/5412
f 1331/2480 4997/2481 1309/2467
f 332/3248 1587/3083 2456/3008
f 1914/594 300/5379 704/2933
f 2456/3008 1587/3083 2125/5317
f 332/3248 2326/3165 2322/3085
f 5579/1931 5764/1637 5490/1973
f 3316/2424 5329/2169 4739/8161
f 3618/8093 1235/8094 2379/8202
f 5090/8124 3197/6510 5983/6572
