# 1179 vertices, 2053 faces
mtllib Tile_+000_+001.mtl
v 200.193 351.3536 44.08401
v 200.193 375.9014 46.37383
v 200.193 374.2858 44.37956
v 200.193 371.8336 41.64316
v 197.2022 359.7197 39.62278
v 193.3953 345.368 52.13528
v 166.1763 295.9444 31.55406
v 188.7902 371.4691 47.16586
v 199.9159 357.2289 41.62669
v 200.193 380.2037 49.00172
v 200.193 351.8883 43.76101
v 200.1693 394.4327 43.28663
v 200.193 361.5283 39.84991
v 200.193 349.7863 50.88457
v 185.5802 260.6287 37.07745
v 196.7599 388.9876 49.72886
v 200.193 384.8671 50.07545
v 196.2796 390.0748 42.57132
v 198.5645 397.432 42.42783
v 198.5491 397.6066 42.42654
v 183.7398 356.589 48.12756
v 199.6563 398.7118 42.03508
v 195.9172 389.8654 42.62801
v 193.3011 376.4407 47.29469
v 198.1328 392.7771 50.97019
v 186.4537 358.2624 48.58031
v 196.4113 391.4589 43.70142
v 200.193 344.6648 54.1776
v 196.6512 370.6894 44.04113
v 196.4723 390.5932 42.69798
v 200.193 352.1954 43.49806
v 181.7658 297.5911 33.9493
v 196.0299 389.8791 43.88558
v 200.193 352.7503 43.17732
v 200.1454 370.7294 41.10022
v 192.7778 379.5973 49.06403
v 200.193 395.4916 43.57808
v 200.193 352.8125 43.14478
v 199.9413 397.4002 43.12563
v 196.8589 369.105 43.27199
v 200.193 399.1913 45.45576
v 200.193 399.1865 45.24319
v 200.193 276.7037 37.57787
v 195.5971 369.7708 43.78759
v 177.1988 270.3018 32.04566
v 184.1572 357.32 48.12357
v 194.6813 368.8428 43.36606
v 197.5465 307.309 39.018
v 199.0815 395.8403 43.84354
v 197.9639 394.9576 44.74952
v 197.3065 392.5187 43.66174
v 197.5493 389.5203 43.87183
v 195.7778 389.9378 42.81356
v 198.1113 389.2619 48.8267
v 163.1546 292.3215 30.35508
v 196.6955 392.0972 43.97077
v 196.1355 389.657 43.04582
v 199.3765 397.4797 44.45496
v 199.6892 397.6187 42.8732
v 182.7198 355.6868 34.36708
v 198.0211 348.2155 50.70759
v 199.3802 340.8214 54.35122
v 200.193 277.7697 37.50449
v 179.6089 354.5942 34.7529
v 191.6868 345.6616 51.25702
v 186.9533 363.5646 40.79079
v 180.199 346.0555 38.55717
v 189.8856 345.093 51.34192
v 197.934 323.6879 40.70673
v 176.1483 303.2946 35.56683
v 193.2775 290.0791 35.38398
v 176.4891 272.458 35.21012
v 195.848 389.8977 43.04463
v 175.7882 307.7549 38.0044
v 200.193 336.3712 52.82556
v 197.4309 356.185 41.79332
v 198.6744 356.3138 42.47872
v 200.193 335.9722 52.78993
v 176.5544 308.7848 32.5934
v 200.193 335.7962 52.67907
v 173.8852 307.9242 37.71581
v 183.929 308.1143 34.84075
v 186.6425 357.9875 48.81326
v 200.193 337.107 53.02017
v 175.257 310.5721 33.23698
v 196.3278 390.5383 46.71479
v 199.1029 337.4046 53.57809
v 186.9987 359.1859 49.52695
v 173.645 309.9603 34.80352
v 196.7721 356.5827 41.11233
v 176.928 349.1944 36.90105
v 166.4831 304.3255 38.38628
v 199.2317 387.7324 49.8409
v 179.1097 353.955 35.13586
v 184.3542 344.5073 51.74168
v 200.193 337.829 53.24893
v 200.193 339.2467 53.68097
v 161.1294 286.9364 32.20219
v 183.0926 346.0434 39.29231
v 177.1388 346.1819 37.83953
v 200.193 273.7187 37.34869
v 179.9166 346.4899 37.87465
v 181.8112 310.3372 32.56513
v 177.5871 351.566 36.85499
v 176.5519 346.8581 37.47046
v 177.6763 345.5191 38.75124
v 179.1072 270.3715 32.9465
v 197.0778 368.0832 42.48429
v 185.1651 364.767 45.05683
v 200.193 345.5387 53.7049
v 186.8253 358.0213 49.54454
v 195.7553 385.9109 50.24099
v 192.3209 363.4192 38.90918
v 195.5199 385.8587 50.57995
v 190.6583 374.1992 47.19427
v 198.5326 338.0571 53.98867
v 192.9248 363.941 39.48251
v 192.1309 312.4706 36.66927
v 200.193 345.0564 54.16328
v 191.7234 372.3686 45.44526
v 186.7094 367.92 44.6567
v 192.3821 378.3615 48.57315
v 197.9453 389.4459 53.54374
v 193.0784 378.288 48.19354
v 191.8663 376.8796 48.13768
v 195.8874 380.4057 48.85828
v 200.193 357.3027 41.54118
v 195.8213 390.0606 43.34145
v 195.5459 377.8774 47.80698
v 185.5491 347.0266 39.88054
v 186.6013 330.4874 46.65057
v 166.6593 297.4601 32.27493
v 197.0478 339.7208 54.28078
v 200.193 356.8746 41.73587
v 193.4596 270.9279 35.98904
v 195.6311 385.2023 50.3578
v 194.9366 384.5677 50.6361
v 195.3899 346.096 53.0362
v 197.4331 375.8926 46.63256
v 193.4783 346.0415 50.92155
v 186.3751 358.1273 49.9775
v 185.2498 339.2962 51.13093
v 181.9393 351.6983 36.07934
v 200.193 360.8073 40.07766
v 183.8513 361.9776 44.85633
v 183.1306 347.9065 38.35385
v 199.9799 370.0242 40.97256
v 200.193 357.4531 41.46987
v 185.0983 344.6397 51.39486
v 182.2443 356.9869 46.8749
v 188.86 336.9916 50.81741
v 176.1486 316.0855 37.87034
v 181.6999 321.2442 40.28666
v 186.545 327.585 44.65966
v 196.1592 346.2735 53.25168
v 178.6656 317.2853 37.60058
v 198.125 338.4201 54.07786
v 177.2009 317.1163 37.68713
v 196.804 383.4688 49.85539
v 196.0831 358.1022 40.24107
v 200.193 359.1899 40.57555
v 180.3795 309.0794 33.04492
v 179.5129 347.1002 37.42329
v 200.193 359.2741 40.53867
v 200.193 280.744 37.31916
v 189.4003 344.7313 51.90205
v 199.9867 336.1202 52.84986
v 195.4306 348.6691 45.67963
v 188.2657 345.0687 50.74758
v 193.4294 379.4604 51.37308
v 183.7277 344.6567 51.51514
v 200.193 361.6984 39.82669
v 177.4094 345.7471 49.26629
v 195.5527 382.602 52.50181
v 186.9029 345.0507 48.51566
v 200.193 379.2779 48.76056
v 200.193 378.6165 48.34549
v 177.8628 345.28 49.61218
v 184.0568 319.6329 38.87547
v 178.5798 344.6566 50.04679
v 180.017 344.9404 44.25273
v 200.193 357.9728 41.15298
v 197.5978 387.9003 53.39069
v 181.8232 344.7452 51.021
v 195.672 334.5406 50.73118
v 178.6541 352.1695 35.30957
v 193.0699 324.4112 42.48579
v 186.2798 356.8793 48.03262
v 177.6853 351.261 38.38164
v 200.193 358.9981 40.67544
v 185.7181 345.1631 46.03891
v 177.9447 349.1367 44.8149
v 198.0607 396.9746 42.4141
v 195.1183 352.4314 41.75475
v 176.975 345.9616 42.32171
v 200.193 352.8909 43.11429
v 186.9349 339.1773 51.43852
v 179.1046 344.9526 43.96768
v 200.193 341.1903 54.1435
v 196.0157 327.4855 45.05468
v 191.5418 334.0994 49.62695
v 177.4917 348.2197 44.86047
v 197.0947 324.4828 41.88894
v 176.8451 346.6261 45.42384
v 182.2564 298.5738 34.23237
v 177.4295 345.6176 48.24803
v 200.193 310.1733 39.138
v 191.9674 339.286 52.71775
v 200.193 312.3753 39.20163
v 174.9785 270.1897 34.52079
v 177.3486 350.1092 36.44153
v 174.6559 269.4117 34.35469
v 183.5547 358.7766 36.7367
v 200.193 341.9432 54.2564
v 172.5694 310.4192 35.96104
v 200.193 356.8046 41.75885
v 185.0681 356.3095 51.96008
v 197.9553 352.2706 42.39803
v 200.193 354.2256 42.68258
v 178.2378 344.8607 47.55272
v 200.193 355.2484 42.35376
v 177.4341 345.4632 43.69475
v 200.193 354.9381 42.44623
v 161.6789 297.4985 35.63852
v 184.5653 344.7443 51.03066
v 177.9423 345.0038 43.54866
v 164.9292 308.5258 39.53504
v 161.523 296.6008 34.96554
v 170.2009 274.5212 35.44188
v 177.941 348.0314 49.26869
v 179.7434 350.4166 49.39654
v 193.4278 310.3525 37.22018
v 197.0915 361.0308 39.28605
v 200.193 280.913 37.2988
v 200.193 349.9845 50.57124
v 200.193 350.0615 50.40118
v 183.1604 345.1922 42.5743
v 199.6778 349.6256 50.32887
v 174.3454 309.7997 33.63383
v 200.193 367.3927 40.78964
v 186.8249 340.8676 52.05805
v 193.676 357.4702 39.1831
v 167.4289 298.6234 32.92228
v 200.193 350.7161 45.89097
v 182.8903 344.903 47.64614
v 200.193 369.7648 40.92125
v 200.193 335.4733 52.46861
v 200.193 335.335 52.35814
v 188.2896 347.2714 42.61185
v 200.193 360.4802 40.20594
v 180.7093 354.4914 44.32454
v 198.1905 358.2473 40.76079
v 200.193 360.1683 40.30902
v 200.193 383.8894 49.86903
v 196.3183 279.6757 36.22978
v 170.7036 307.5262 37.7206
v 187.5927 308.707 36.37509
v 185.9297 344.8815 49.08355
v 189.8692 359.7592 36.76733
v 165.9311 308.8704 38.5722
v 200.193 347.3833 51.82834
v 167.0585 308.4494 37.63341
v 176.7685 346.3634 39.52616
v 187.2526 359.2288 49.49187
v 170.7126 308.3042 37.28762
v 180.3508 304.6308 35.51312
v 177.4992 291.6837 32.32968
v 170.6885 306.9057 38.03992
v 184.9596 355.686 53.42152
v 200.193 347.5169 51.69597
v 200.193 370.7401 41.09373
v 196.5807 389.6715 49.19069
v 165.5328 310.2916 39.64804
v 188.67 348.1532 41.03514
v 200.193 361.0127 41.08276
v 200.193 368.5891 40.73978
v 194.0716 365.5938 41.01621
v 200.193 367.8639 40.6349
v 175.3315 289.6386 31.73623
v 174.1887 308.5978 36.45616
v 200.193 370.7927 41.11185
v 184.6579 341.1117 51.64604
v 176.8509 317.259 38.58506
v 187.205 262.0279 36.99574
v 174.0817 314.4449 37.75863
v 186.1028 344.7403 50.85266
v 179.6035 273.7464 34.14288
v 191.5882 309.3625 37.37245
v 184.6161 260.8073 37.01936
v 200.193 371.7505 41.56803
v 200.193 349.7495 50.9451
v 185.2107 260.5306 37.05911
v 182.472 264.1837 36.67093
v 180.7995 355.9218 34.82547
v 185.515 315.0781 35.17824
v 185.1527 356.8022 51.32905
v 191.2348 263.3986 36.57693
v 162.6442 283.2863 29.81506
v 168.0841 305.0798 38.10139
v 192.0985 265.2017 36.29218
v 194.4 266.1619 36.386
v 200.193 275.381 37.50547
v 176.2434 271.3512 34.2943
v 193.4803 285.8318 34.99599
v 169.7326 305.8485 37.78746
v 188.9358 264.1199 36.47617
v 161.5228 294.9006 34.70089
v 200.193 394.3623 43.26139
v 180.2723 274.7136 35.11747
v 186.2431 312.761 34.21162
v 180.7191 351.3875 49.57401
v 186.765 345.9298 44.62188
v 198.7564 339.8018 54.34682
v 198.5682 269.6025 36.7363
v 200.193 394.4365 43.28476
v 178.6663 349.058 49.2812
v 184.2733 266.6395 35.08552
v 178.2738 283.6296 32.59975
v 191.4749 376.6257 49.30231
v 188.4099 270.2917 34.93602
v 200.193 394.5425 43.31281
v 180.6062 274.8097 34.55133
v 195.6124 383.5595 50.02585
v 172.6156 275.5198 35.37127
v 198.2907 322.1431 39.05824
v 199.6997 389.3348 47.26071
v 175.4783 271.2271 35.02249
v 179.8704 274.633 35.28389
v 195.2535 381.2312 49.21462
v 164.9988 277.2787 34.48039
v 200.193 398.718 42.16828
v 175.5859 266.9149 34.29925
v 190.8043 370.7012 44.69651
v 166.763 277.0534 34.59756
v 183.9552 345.5834 41.15115
v 177.366 275.9267 34.99986
v 187.9285 369.3025 44.61594
v 159.4749 282.7739 32.24287
v 181.9024 353.1098 35.33221
v 178.9688 352.264 42.01603
v 190.1577 277.6363 34.28389
v 187.9813 307.8108 37.21421
v 176.1778 270.0586 33.14112
v 179.4593 274.5593 35.44183
v 176.4686 267.5818 33.59343
v 186.9237 268.1229 35.14964
v 194.6506 282.3703 35.34842
v 195.1287 338.9323 53.31208
v 179.5807 274.8126 34.87332
v 196.4276 386.5375 52.72388
v 200.193 398.3955 42.4183
v 168.6034 277.627 34.58022
v 162.9669 279.2066 32.24853
v 172.2847 279.2488 34.56384
v 161.7325 285.7218 33.65582
v 177.2428 281.5954 33.64333
v 179.789 351.0736 48.77664
v 170.9839 290.5037 30.71466
v 168.7562 282.6196 32.64809
v 200.193 397.457 43.11273
v 170.8373 280.6042 34.1172
v 169.6472 280.0213 34.01888
v 169.2615 282.1443 33.33366
v 185.4752 357.1257 50.59679
v 162.8856 277.2307 34.00048
v 163.423 287.3459 35.14668
v 176.704 277.3018 34.68302
v 162.8708 278.4164 32.93854
v 200.193 395.65 43.61485
v 167.6662 303.9507 37.50241
v 166.487 297.866 32.48199
v 200.193 398.0572 42.67501
v 200.193 397.5151 43.0944
v 200.193 397.8472 42.84357
v 184.5053 355.7804 49.18686
v 193.0034 380.6992 49.97454
v 161.7191 298.3616 36.63622
v 196.1927 387.2051 49.95251
v 167.4929 291.3591 30.48784
v 164.8195 290.2914 36.34803
v 200.193 397.3689 43.13438
v 176.6547 308.7372 33.43274
v 187.4723 353.8636 37.81332
v 173.4652 284.4683 33.5152
v 200.193 397.2458 43.15572
v 170.0678 281.4699 33.85343
v 172.0887 292.8804 31.19317
v 174.114 301.1464 34.43879
v 172.5345 296.9535 32.72113
v 176.8299 306.1972 37.64278
v 199.1849 379.1148 48.56079
v 200.193 346.6293 52.60812
v 177.7573 271.5502 32.621
v 200.193 346.0562 53.2118
v 200.193 389.4048 45.36966
v 184.3268 358.0989 48.82542
v 169.9098 306.6211 38.12176
v 161.2505 293.5947 31.78291
v 187.4114 280.2757 33.05568
v 200.193 384.9909 50.0926
v 180.0542 274.3856 34.8089
v 197.9981 335.5984 52.12057
v 178.2916 308.1377 35.49565
v 200.193 365.3213 41.29483
v 183.1974 280.4505 32.76039
v 184.3722 264.9483 36.23777
v 185.0659 265.232 36.05064
v 185.4638 335.1072 49.17607
v 182.6738 275.6915 33.76247
v 188.1378 276.9768 33.60203
v 182.0191 266.8015 34.83378
v 197.2065 341.3433 54.16147
v 167.8618 282.5829 32.13816
v 178.1277 272.979 34.33243
v 188.1126 260.5036 37.08361
v 186.0201 260.4841 37.13009
v 167.3669 275.9007 35.10917
v 177.4482 347.0905 49.25677
v 178.0533 318.6669 38.70671
v 193.7987 381.5609 51.65653
v 177.4526 277.8772 34.35406
v 194.1479 274.8796 36.05179
v 199.8643 398.5351 45.07467
v 182.4591 354.2833 34.92147
v 191.0825 311.0466 36.40413
v 178.5377 273.4467 33.82766
v 177.7747 272.1588 33.35128
v 176.8659 268.2947 32.12486
v 168.1488 292.3043 30.61971
v 177.8431 268.3469 32.70391
v 176.5231 268.1509 32.50237
v 177.7505 267.9278 33.37548
v 180.9996 354.3745 46.14271
v 168.1426 308.8678 37.33801
v 181.0544 274.8104 34.24999
v 200.193 365.6 41.33698
v 178.7514 273.4877 33.49842
v 179.5345 275.4281 34.36834
v 178.6988 269.3743 32.92148
v 179.2986 354.0511 40.23449
v 178.5072 274.89 35.38477
v 194.0238 283.3822 35.05205
v 179.6641 268.9746 33.25497
v 187.8984 344.8564 51.07743
v 185.1349 265.9662 35.58043
v 200.193 350.0801 50.12204
v 178.2981 268.2962 33.02976
v 179.3529 268.3724 33.26999
v 182.5745 344.7551 51.02776
v 175.0405 307.4189 38.90784
v 196.7031 354.335 41.80515
v 190.6221 362.0224 37.97585
v 182.5318 282.2589 32.45134
v 178.1845 275.0592 35.1036
v 177.7546 274.9901 35.37526
v 163.7312 290.8836 34.74205
v 189.5725 371.5403 45.45891
v 195.0947 325.4793 43.26431
v 161.745 298.5778 37.04949
v 196.7755 389.8956 47.11459
v 200.193 389.2085 48.32857
v 195.8313 373.4897 45.29128
v 162.0856 291.1701 31.89983
v 174.6142 267.6745 34.76466
v 169.5532 285.4687 31.30466
v 173.1109 268.0459 34.82441
v 173.4922 307.2306 38.27187
v 200.193 389.1823 48.57828
v 186.4608 367.583 45.25701
v 186.1947 367.2044 44.62543
v 170.2181 284.0077 32.59683
v 196.7978 382.2277 49.52222
v 176.3442 268.0661 31.40262
v 193.2899 348.2668 44.92248
v 176.9107 268.442 31.77315
v 194.4141 383.7909 51.00988
v 200.193 350.131 49.96332
v 191.2131 329.5874 46.36795
v 162.0738 287.6761 30.10013
v 199.1152 347.0852 52.62906
v 197.8472 376.8016 47.22369
v 161.9499 293.0941 33.89794
v 170.5788 291.0947 30.71186
v 175.2417 269.7783 33.86616
v 200.193 389.1087 48.98941
v 161.7772 289.491 32.24952
v 184.7466 277.3691 32.99452
v 186.8575 277.1019 33.09756
v 200.193 387.3053 50.04032
v 178.7459 306.6436 36.48178
v 175.1957 308.7388 32.69735
v 175.2952 308.8893 33.35952
v 161.0432 287.3784 30.64545
v 173.6757 293.1534 31.55081
v 186.5709 367.9538 44.89048
v 174.3867 288.3496 31.62053
v 167.305 311.3028 39.1275
v 161.4231 286.0572 33.15224
v 172.8196 281.7961 34.0811
v 184.265 363.5347 43.13359
v 185.6031 345.2179 45.37693
v 166.4698 285.3586 30.2953
v 176.972 295.5851 32.76164
v 163.0237 290.9319 33.70462
v 161.5027 293.3133 32.48229
v 179.3051 345.4003 39.45208
v 170.8072 298.4435 33.05277
v 162.5418 288.9158 30.21762
v 200.193 386.3559 50.26799
v 161.5713 297.0438 36.15522
v 179.0819 274.3196 34.13132
v 167.2195 288.5258 30.20548
v 173.6641 280.877 34.29794
v 167.1194 279.0691 33.99307
v 196.2205 365.0355 39.78851
v 166.3295 286.551 30.12712
v 160.4511 285.16 30.38901
v 196.4709 389.2582 50.76611
v 194.0896 382.7486 50.41608
v 196.7037 388.1076 52.11723
v 198.4195 354.6902 42.61393
v 166.404 282.3106 31.53223
v 166.3773 283.9692 30.50774
v 193.1611 269.6854 35.96795
v 191.89 271.2137 35.61392
v 200.193 384.3356 49.97041
v 164.8871 286.9872 29.90415
v 193.2846 375.0213 46.59352
v 160.6779 285.9457 30.38662
v 186.0527 277.8973 32.9593
v 200.193 384.0703 49.90796
v 176.6548 269.0809 31.5798
v 164.7438 281.9079 31.05251
v 163.9072 282.1634 30.52878
v 170.8921 301.8063 34.72704
v 180.3259 275.2973 34.22999
v 186.8006 266.7225 35.55325
v 200.193 342.4277 54.3016
v 179.0846 349.8443 49.00555
v 196.917 326.028 43.33794
v 161.8803 277.5102 33.28136
v 199.8411 398.501 45.58743
v 174.6445 269.9068 34.86655
v 196.779 386.5256 50.009
v 200.193 343.752 54.27568
v 200.193 348.9067 51.27211
v 183.6986 344.5378 51.71178
v 195.4428 382.9678 49.89013
v 177.6213 270.1973 32.19623
v 195.2562 384.3381 52.26642
v 200.193 349.6669 50.97882
v 184.0263 344.9438 46.9946
v 170.4999 294.3155 31.47091
v 196.8145 338.0679 53.54403
v 189.5785 345.375 50.57962
v 197.2948 277.2856 36.82458
v 184.7355 313.0806 33.56694
v 189.7596 364.3148 40.56482
v 186.9926 368.7837 45.17014
v 178.1346 348.3741 48.79377
v 197.1676 392.7273 44.07946
v 194.52 309.0076 37.81673
v 171.7156 307.2893 38.39045
v 162.2941 291.1285 32.5816
v 196.048 359.0257 39.57182
v 196.2167 321.0531 39.94674
v 196.7724 324.0665 42.01081
v 178.7941 354.6227 36.49115
v 197.4513 320.9822 38.69803
v 177.3261 350.8379 37.00347
v 195.7104 375.8455 46.7692
v 197.5125 392.2188 43.03733
v 192.9563 345.578 52.12175
v 180.356 306.7492 35.13817
v 193.1762 351.4471 41.5486
v 184.0028 352.3286 36.70939
v 191.4423 281.7974 34.13827
v 183.6243 304.5241 35.62181
v 184.4509 358.5146 49.36628
v 189.8348 372.9788 48.08487
v 185.8496 359.7175 36.32211
v 176.8039 315.5042 36.73489
v 196.4975 357.003 41.02439
v 200.193 389.5334 43.40531
v 196.6911 353.2427 41.94878
v 190.9045 307.4065 38.15285
v 196.2285 357.5401 40.62244
v 200.193 389.8176 42.71721
v 165.0848 291.3313 36.72762
v 200.193 388.0514 49.69932
v 189.1196 308.8542 37.10278
v 199.6838 359.3966 40.44822
v 181.5075 311.0433 32.36774
v 197.9392 392.2728 51.08353
v 186.7477 357.6838 49.1439
v 194.6126 345.5282 52.71025
v 181.1625 345.2971 40.50825
v 200.193 387.659 49.95654
v 191.4437 262.0107 36.7453
v 196.8613 346.8087 52.60752
v 185.771 307.767 35.799
v 190.3393 363.1259 38.97016
v 192.6319 362.762 38.46675
v 185.1582 356.6934 47.97279
v 200.193 339.7741 53.84348
v 200.193 340.377 53.98175
v 200.193 276.5304 37.58044
v 200.193 276.3367 37.58617
v 200.1577 356.8382 41.75903
v 200.193 390.3522 42.47411
v 198.188 379.2718 48.50755
v 183.6994 346.0703 39.47714
v 200.193 348.177 51.53336
v 163.5199 286.3864 29.76625
v 185.8155 310.7303 34.11654
v 193.0427 379.8122 48.94352
v 184.9189 362.2635 41.70725
v 193.5896 285.1654 34.95729
v 200.193 348.0189 51.59416
v 199.0028 354.9039 42.95477
v 200.193 389.9151 42.64666
v 199.7863 355.3324 42.47177
v 197.6783 346.6372 53.5356
v 199.5209 345.4834 54.00571
v 196.7579 345.346 53.54168
v 176.9763 266.0106 35.15913
v 195.8914 348.1924 47.38924
v 197.5942 339.4907 54.31306
v 193.832 345.7849 52.26306
v 190.1559 311.2442 35.92103
v 186.1548 358.4929 49.91809
v 193.916 317.1397 37.42729
v 200.193 389.8347 42.68052
v 196.2647 372.6155 44.78783
v 200.193 392.4947 42.67279
v 188.9155 318.4916 38.03008
v 185.1786 365.2538 43.86243
v 195.4222 337.8985 52.98
v 199.8162 339.6983 53.97705
v 176.316 268.4521 31.53351
v 177.2812 271.7738 33.6382
v 200.193 391.0259 42.15621
v 193.7519 382.1451 50.21482
v 198.8255 339.1045 54.20312
v 200.193 360.9256 41.05255
v 197.7287 389.46 47.9017
v 196.4976 390.583 47.82261
v 187.2514 369.1118 45.64108
v 171.6165 303.6374 35.74665
v 196.9817 389.7408 47.93753
v 181.8411 271.3683 33.65508
v 200.193 389.3128 47.43223
v 185.0395 355.728 52.68265
v 173.2213 278.103 34.91835
v 180.0621 349.9611 36.20432
v 199.1918 354.2577 43.0569
v 198.7496 389.2052 48.90743
v 191.2363 348.8352 41.94642
v 169.6337 285.9545 30.99796
v 177.9832 347.0136 36.9045
v 195.4992 378.9673 48.30003
v 200.193 389.3214 47.10888
v 199.7389 349.2063 51.11672
v 200.193 360.9985 41.0428
v 200.193 361.1648 40.95558
v 186.0487 358.6082 48.81862
v 183.9154 360.9118 47.33575
v 181.3414 295.9906 33.55536
v 159.9301 279.4947 30.48387
v 185.338 357.4204 50.76434
v 200.193 370.048 40.95811
v 198.7694 359.7394 40.12695
v 200.193 370.2617 40.98611
v 200.193 396.4655 43.35641
v 200.193 396.0931 43.47279
v 198.9214 355.4575 42.79663
v 200.193 389.4097 45.20387
v 200.193 389.4357 44.99548
v 200.193 351.0268 44.37154
v 200.193 393.4116 42.97933
v 200.193 392.9799 42.84
v 200.193 383.2503 49.73615
v 194.6374 382.5742 50.0215
v 200.193 380.9452 49.19374
v 196.5172 357.1426 40.70977
v 200.193 380.245 49.01052
v 190.5234 345.1429 51.61265
v 200.193 350.9038 44.66669
v 178.4549 348.2832 36.445
v 200.193 350.9811 44.46505
v 198.6909 356.0265 42.57975
v 200.0862 342.028 54.30365
v 200.193 350.6442 46.47074
v 191.217 375.5065 48.27409
v 200.193 281.0997 37.28271
v 167.2204 296.3218 31.84007
v 197.2878 374.1442 45.38855
v 200.193 281.0219 37.2846
v 200.193 281.3965 37.27113
v 185.9093 357.1648 50.11279
v 200.193 286.0238 37.00779
v 190.9122 268.1772 35.78679
v 186.2337 357.4357 49.87786
v 167.2192 298.629 33.03657
v 166.0173 297.333 32.09684
v 200.193 351.2548 44.13245
v 161.4461 292.9173 31.62466
v 188.4847 344.5738 51.88366
v 194.2594 345.6274 52.46357
v 184.8931 355.534 51.96334
v 200.193 351.105 44.19498
v 200.193 350.3657 47.6698
v 192.5282 282.9306 34.40414
v 186.5139 357.6394 48.55107
v 200.193 350.2614 48.5439
v 187.3131 261.0392 37.06109
v 199.1642 354.9419 42.88887
v 182.3403 273.7753 33.81102
v 184.9301 280.5055 32.58711
v 200.193 351.7855 43.8561
v 185.509 364.1009 48.8785
v 200.193 351.5606 43.92922
v 200.193 365.8014 41.28427
v 189.6318 373.0096 46.78079
v 187.5199 368.6675 48.1628
v 200.193 366.1462 41.09579
v 163.3003 282.5779 29.94682
v 179.287 346.6048 37.59486
v 197.9147 357.2406 41.31284
v 195.8034 338.7518 53.50354
v 197.2976 393.4139 44.38828
v 188.2165 343.2474 52.11277
v 197.3444 390.7209 51.36987
v 197.889 381.0922 49.11817
v 166.2101 285.5028 30.15356
v 162.3171 287.3757 29.81221
v 185.984 341.599 52.12432
v 167.3054 285.5467 30.48753
v 194.8442 366.6077 41.87423
v 168.0003 284.947 30.79038
v 193.0979 346.3026 49.66837
v 192.697 380.1284 50.19263
v 177.1978 269.2507 31.76764
v 193.379 345.9275 51.65124
v 184.8363 355.5484 53.84109
v 189.5641 279.6124 33.79279
v 195.8901 384.2045 50.08289
v 195.9367 384.9674 50.22254
v 196.3921 389.901 45.4379
v 181.5368 268.9717 33.74634
v 186.5653 358.8453 48.89818
v 196.0411 358.5612 39.97083
v 186.9899 358.9554 49.59951
v 196.3174 357.7513 40.33902
v 199.4465 389.1689 48.91445
v 186.2742 357.1261 48.02789
v 192.4913 379.2572 50.34146
v 195.5119 346.3827 52.56538
v 198.4033 383.2305 49.76295
v 191.0161 346.8323 46.27113
v 195.3008 385.9179 51.02969
v 187.5546 278.1113 33.28986
v 198.3701 395.8331 44.79892
v 179.2525 274.9073 34.56583
v 197.0088 357.6514 40.80575
v 200.1762 380.2426 49.00924
v 199.9318 352.0525 43.62461
v 200.1437 361.1048 41.05137
v 177.284 293.9752 32.38616
v 200.0697 384.8327 50.06944
v 176.4963 346.7419 38.15331
v 188.6045 363.143 39.34955
v 178.0668 269.8772 32.24387
v 194.1245 382.1261 51.80859
v 166.9931 306.0409 38.78327
v 161.9251 290.9165 31.18427
v 191.7889 377.0648 48.80801
v 162.7572 288.7413 29.99545
v 198.989 348.078 51.57423
v 183.1648 344.6173 51.65348
v 197.937 392.246 51.11877
v 170.257 285.4981 31.6088
v 161.5553 279.0977 31.66496
v 198.3038 307.5098 39.07954
v 192.9421 340.0714 53.24665
v 180.9215 353.2921 48.46815
v 197.3643 366.4426 40.85324
v 177.0196 270.7564 32.76744
v 198.9735 396.8575 45.36446
v 180.7865 303.2835 35.34209
v 196.7529 387.7941 49.77853
v 197.633 394.3154 45.93766
v 194.66 383.9566 50.64159
v 185.0706 355.6106 52.86013
v 197.2843 389.4187 52.35767
v 196.1211 358.3546 39.95729
v 196.6712 389.5559 44.65367
v 199.2977 358.6775 40.73558
v 186.5045 264.5719 36.28214
v 179.6685 354.4323 34.59583
v 199.8712 384.0596 49.91789
v 193.8385 336.2564 51.45807
v 161.0951 285.7433 30.03323
v 187.815 370.202 45.63424
v 198.8344 349.1746 49.75325
v 199.2238 386.1381 50.21767
v 182.1943 357.2036 35.73969
v 186.9105 345.2234 47.14742
v 186.9479 360.9044 38.92294
v 198.1579 380.2279 48.87007
v 183.7722 354.7257 49.56591
v 185.1683 356.244 50.69101
v 197.6335 391.3399 51.41559
v 168.2179 293.2544 30.7592
v 165.8428 282.8076 30.8882
v 197.0283 392.8003 44.15731
v 196.3818 387.8312 49.83355
v 192.5068 379.505 49.7421
v 193.9195 345.9657 51.89529
v 196.75 384.9408 52.99324
v 185.8594 344.4226 51.78381
v 182.8207 345.0362 44.13945
v 182.7637 344.63 51.56681
v 197.2167 356.0981 41.54941
v 199.6005 397.3349 43.22909
v 198.8616 352.3601 42.93191
v 198.1972 374.7627 45.73429
v 195.8253 387.3398 50.93693
v 198.4213 347.2692 52.72634
v 199.4584 395.1118 43.61191
v 193.9222 379.8338 48.72975
v 177.7155 345.3189 39.89939
v 197.8675 393.9863 44.209
v 181.7578 344.428 51.49574
v 197.3234 370.0639 43.38174
v 167.0484 308.1161 37.78522
v 192.0569 344.6719 52.14961
v 197.7159 385.8339 50.14848
v 160.7462 284.0947 29.90913
v 199.511 361.164 39.76073
v 199.5599 312.623 39.04498
v 193.6569 360.4358 38.24175
v 194.9753 365.8464 41.03631
v 185.1653 356.5481 50.86848
v 162.0574 291.8369 31.11245
v 198.1225 366.279 40.45043
v 180.0161 352.8077 34.73152
v 170.1024 276.1174 35.12616
v 163.5077 291.3379 34.92163
v 177.489 268.7836 32.15657
v 189.7122 345.5729 49.22533
v 197.5844 367.4083 41.68455
v 197.021 356.6319 41.44993
v 193.1715 380.8389 49.65444
v 198.2014 347.034 53.02001
v 187.6703 263.0515 36.74206
v 192.6222 345.8602 51.33107
v 193.4443 380.9853 51.40487
v 193.656 380.9898 49.47299
v 163.1723 290.758 30.2136
v 196.8132 369.564 43.54971
v 191.9398 378.0164 49.63882
v 197.6451 371.9316 43.97614
v 199.2467 348.0775 51.5846
v 161.5576 297.6691 36.73635
v 192.9634 380.7651 50.32716
v 193.2808 381.1327 50.84188
v 168.0534 299.2293 33.38951
v 194.7304 384.5036 51.05811
v 189.4967 356.1507 37.82359
v 198.6087 389.5507 43.27308
v 196.0664 375.005 46.1789
v 197.6359 369.6341 42.91022
v 192.6817 379.9191 50.35592
v 180.1725 356.4207 40.08645
v 199.1007 368.0013 40.78416
v 171.2315 289.5455 30.7744
v 188.7782 369.5461 44.45946
v 193.3941 266.0478 36.32224
v 184.1526 346.306 39.52269
v 197.0026 389.7982 42.72245
v 196.6202 381.3385 49.19407
v 198.8067 347.6406 52.22694
v 186.6507 344.4086 51.81046
v 196.8789 389.462 48.72061
v 194.4906 362.8834 38.85545
v 196.635 388.3361 49.58001
v 188.1853 360.0395 36.76746
v 180.5816 269.6864 33.44564
v 177.7153 348.6624 36.04032
v 190.2424 355.2927 38.53604
v 182.3195 347.4506 38.25456
v 190.3602 308.5546 37.64608
v 187.5813 262.2395 36.90247
v 198.9971 390.7876 42.28952
v 199.5333 356.1615 42.25858
v 194.5426 277.0219 36.00897
v 187.2387 366.1584 42.54797
v 178.2345 352.4956 35.86344
v 198.2075 308.5035 38.72458
v 196.5388 371.9049 44.54554
v 195.3451 372.5703 44.99218
v 194.8651 382.0975 49.63421
v 199.9191 389.4233 45.22334
v 179.8811 345.0808 42.17803
v 183.3256 310.6099 33.09834
v 176.3575 347.1116 40.31976
v 196.9858 385.6443 50.14284
v 199.5158 371.6917 42.24906
v 197.468 333.7238 50.51519
v 200.1594 371.7769 41.59365
v 198.508 385.5465 50.1326
v 185.5078 265.4461 35.88771
v 181.4926 355.9161 45.56096
v 197.6408 345.622 53.67533
v 198.4058 359.0097 40.37746
v 169.6072 290.3656 30.54107
v 197.0757 358.6414 40.21141
v 193.8136 345.7309 52.2127
v 160.6766 279.4636 30.82069
v 161.0313 279.9301 30.73659
v 182.8625 312.2441 32.81361
v 197.162 393.0294 46.09917
v 192.0152 371.2192 44.7981
v 179.3172 354.9745 38.8165
v 194.1972 340.1595 53.53257
v 197.633 391.4948 51.24961
v 174.2801 268.7027 34.74202
v 172.1474 312.7069 37.53671
v 195.752 307.541 38.67567
v 178.5303 315.2193 35.85596
v 179.7364 308.1015 34.18551
v 190.0122 308.7469 37.4836
v 177.6 308.77 32.75997
v 194.1899 377.3299 47.59268
v 174.7981 308.317 36.86447
v 197.738 389.7325 53.101
v 180.9649 305.6967 35.2021
v 169.1151 306.4029 38.24756
v 158.7939 280.0877 30.8256
v 168.7831 304.2551 37.28573
v 174.3832 283.6546 33.5997
v 168.6853 307.2628 37.97309
v 200.0453 365.7644 41.20902
v 171.3537 283.5142 33.46942
v 179.1681 304.5386 36.0289
v 182.4889 310.3787 32.8863
v 189.8316 308.3783 37.61526
v 177.1836 346.4459 49.19632
v 186.7505 297.8975 34.9823
v 185.6454 364.3113 42.68172
v 199.8189 348.4751 51.42384
v 177.2141 314.3444 35.67889
v 172.9698 272.7259 35.25572
v 175.5744 307.1268 38.6804
v 170.8019 306.6282 37.97317
v 176.1368 306.9733 38.32047
v 194.7205 345.9637 52.69222
v 178.4808 350.0145 35.62787
v 165.0736 287.6399 30.00016
v 198.0394 354.9563 42.3681
v 172.655 307.46 38.69347
v 184.5541 299.0007 34.57234
v 184.3645 345.4692 42.3758
v 199.0443 271.4547 36.97938
v 171.0564 306.1575 37.52687
v 198.8326 377.7747 47.91747
v 185.1562 345.2807 44.43448
v 166.804 306.3973 38.85735
v 189.1186 307.6097 37.78041
v 199.8848 309.8556 39.04909
v 192.4293 379.4401 50.02801
v 198.234 307.3359 39.14833
v 198.0224 395.0884 46.23443
v 198.1332 392.7871 50.95875
v 193.5221 381.9409 50.68452
v 180.6549 351.7606 49.30308
v 197.2581 368.5042 42.63034
v 185.1082 356.2634 49.1296
v 185.6098 356.8053 49.73807
v 177.122 345.7817 44.06221
v 197.8638 387.8393 49.72527
v 183.2382 306.4391 35.31175
v 197.5287 359.2875 39.96247
v 185.35 356.2201 48.56384
v 177.6377 276.8841 34.49664
v 159.3529 281.672 30.58023
v 185.8729 344.5881 51.35687
v 159.6489 281.1782 30.29038
v 191.4356 367.2631 42.7726
v 194.9505 346.2526 52.34771
v 194.9788 284.4676 35.41045
v 190.9677 375.0299 49.28112
v 190.9816 361.3908 37.52233
v 187.5763 344.9564 50.74464
v 185.17 355.6842 53.47517
v 180.6454 354.804 43.82492
v 159.0301 281.6686 31.75548
v 192.3072 284.1465 34.27745
v 198.4529 372.4411 43.81524
v 191.2478 345.1601 52.00796
v 194.6688 355.954 40.27453
v 159.1809 279.7899 30.43113
v 197.501 267.4172 36.72861
v 183.4221 344.8371 50.05917
v 162.0541 282.5893 29.97475
v 185.8204 308.2739 35.6445
v 170.827 286.1946 31.32998
v 179.7408 276.5556 34.15617
v 177.3862 345.5857 40.78242
v 192.1006 377.0811 50.47737
v 183.8668 345.9479 39.95947
v 177.7264 347.7852 47.94214
v 186.8163 277.9905 33.10192
v 162.5348 291.5617 33.60811
v 197.7852 391.793 51.26718
v 181.9713 358.0049 42.31865
v 183.5693 345.5517 40.71157
v 197.4545 389.4599 46.93382
v 196.9845 388.8573 49.13776
v 162.6652 292.9816 30.68493
v 198.5861 356.9505 41.6909
v 183.4305 274.0262 33.44046
v 174.703 308.8689 34.7402
v 190.9912 345.7792 50.29072
v 185.1182 344.8632 49.28827
v 183.567 357.9501 48.34188
v 185.5233 358.0386 50.19962
v 177.8199 345.1278 41.83004
v 176.4142 347.0561 41.2833
v 184.6585 270.5045 34.14592
v 177.34 349.6502 40.25636
v 184.3719 287.9697 33.56036
v 182.1851 354.36 48.67158
v 190.2372 344.0299 52.09452
v 166.0921 306.5857 39.40493
v 198.4022 355.0968 42.60807
v 186.294 342.8668 52.03369
v 180.033 353.3777 43.95801
v 174.9781 274.4416 35.35611
v 194.467 346.115 52.15904
v 176.2313 268.1002 31.26947
v 194.2113 311.4923 37.38038
v 186.2015 356.6123 47.72793
v 198.1761 366.7611 40.80096
v 184.3025 355.1108 50.84856
v 180.2861 356.0228 36.38403
v 198.6612 394.5352 43.59513
v 196.1188 308.2407 38.37715
v 187.0233 344.9229 49.83223
v 187.9268 345.3081 48.306
v 183.6612 342.8526 51.89248
v 183.907 326.1828 43.73939
v 176.828 346.5445 37.32112
v 161.746 286.0536 29.6814
v 179.8144 344.7956 49.56536
v 194.359 308.4913 38.08332
v 180.4702 355.4882 34.0752
v 185.0427 355.903 52.72338
v 184.744 355.5369 53.86332
v 178.0475 350.4351 35.77457
v 187.6079 369.507 45.132
v 161.3513 280.7872 30.31163
v 187.6246 341.8638 52.25257
v 162.2885 293.2018 30.93095
v 178.1454 353.0292 36.61068
v 192.6251 379.4656 49.32893
v 184.2106 311.318 33.38652
v 198.6896 354.9325 42.7969
v 180.051 352.6532 45.70184
v 161.5678 295.1773 35.20102
v 177.2517 345.6878 45.81991
v 183.2662 313.1647 33.44746
v 167.685 300.2068 34.38205
v 173.4324 275.2076 35.3741
v 183.3033 354.0991 49.72573
v 164.1063 290.9605 35.27517
v 169.044 281.1268 33.67524
v 190.7833 345.6005 50.80726
v 175.7474 277.0109 34.96715
v 197.2379 307.9512 38.65052
v 166.2464 303.8541 38.05496
v 181.5913 275.3937 34.05705
v 192.848 379.6854 50.94641
v 196.5937 308.5079 38.35398
v 161.8827 294.6441 35.94995
v 180.806 274.7031 34.74105
v 196.8746 392.1621 43.87641
v 171.9263 289.9772 30.94008
v 161.4524 288.8128 30.90703
v 198.9354 373.4968 44.48441
v 162.0958 294.3068 35.78463
v 193.4438 379.9126 48.8344
v 162.3061 293.8167 35.79944
v 167.9895 289.6324 30.32419
v 162.8828 291.0311 30.44504
v 181.3839 309.3852 33.08351
v 186.2797 345.4483 45.4425
v 182.2308 275.0687 33.97253
v 198.9962 357.7179 41.23906
v 177.5906 280.2361 33.80718
v 181.0182 264.9031 36.31353
v 178.3222 282.1241 33.14046
v 179.9113 282.5085 32.70797
v 195.0355 383.3837 50.23287
v 181.5536 265.2218 36.09059
v 186.0199 280.5951 32.71212
v 181.2692 274.6831 34.25835
v 176.3818 275.6783 35.31514
v 180.1717 355.8535 40.8476
v 187.7923 314.4838 34.98167
v 168.2956 306.3017 38.36853
v 167.4266 306.1761 38.55404
v 167.2191 306.7405 38.3233
v 159.6513 283.2266 31.46267
v 160.3141 284.9154 31.91662
v 198.3612 309.377 38.69493
v 193.3731 366.9626 42.37732
v 198.968 381.5321 49.29875
v 167.6784 294.4929 31.16416
v 196.0935 384.9033 52.64491
v 194.399 375.7628 46.79806
v 182.5873 307.2707 34.95497
v 180.4654 354.1688 43.96783
v 162.472 284.1949 29.69753
v 168.9582 289.3902 30.39402
v 186.3741 341.7414 52.18725
v 181.5161 355.1735 34.01109
v 162.5268 285.4197 29.61716
v 181.5922 345.4698 40.03761
v 190.8303 265.794 36.16192
v 171.4282 307.3264 37.8073
v 163.58 285.1354 29.83256
v 196.2612 374.3235 45.71252
v 161.8682 299.0999 37.26992
v 198.2852 377.6012 47.71901
v 168.3807 275.9692 35.01773
v 193.7885 277.5778 35.62611
v 196.5518 385.6279 50.11446
v 195.9887 390.2925 44.51628
v 193.2317 346.1617 50.39849
v 178.8373 274.933 35.07198
v 192.8987 379.3594 48.70493
v 197.9149 286.3636 36.31665
v 177.0794 268.8245 31.75766
v 184.9435 345.0454 46.50127
v 164.5349 283.212 30.39371
v 196.9933 392.5484 45.76638
v 165.577 283.9649 30.42069
v 164.5191 285.7511 29.94116
v 166.7765 304.9635 38.62947
v 165.2788 306.8496 40.05849
v 177.5906 301.8983 34.95524
v 199.0548 348.3432 51.47968
v 184.9042 309.4156 34.50902
v 171.268 286.8109 31.16106
v 169.9965 286.7916 30.88421
v 161.4498 295.0648 36.44917
v 176.622 268.4471 31.50431
v 169.7308 288.8129 30.56947
v 185.2961 356.4879 48.07281
v 163.542 283.803 29.96819
v 175.2188 287.2723 31.95357
v 197.3801 347.3127 51.86037
v 177.4366 347.3727 36.45052
v 181.882 357.6267 37.8453
v 179.8988 274.7388 35.1923
v 169.2716 293.2623 30.91172
v 193.0334 375.5758 46.9743
v 162.5561 289.7219 30.44186
v 164.0178 292.3864 36.67667
v 183.7641 276.9038 33.28374
v 198.1227 347.8272 51.47507
v 164.771 284.6432 30.10365
v 199.831 358.1201 41.08955
v 174.8782 286.5709 32.36311
v 200.1112 352.7499 43.19136
v 183.4827 267.056 34.64361
v 180.344 271.9636 33.647
vt 0.1999487 0.4578351
vt 0.1945515 0.6195396
vt 0.2314699 0.5606708
vt 0.3348667 0.7545368
vt 0.335586 0.7552981
vt 0.3121981 0.7377931
vt 0.3359053 0.755229
vt 0.3550377 0.1752195
vt 0.8554725 0.6558861
vt 0.367125 0.1689767
vt 0.4184179 0.1808202
vt 0.3466125 0.1665102
vt 0.339797 0.1792232
vt 0.8346101 0.6612164
vt 0.6788067 0.9270235
vt 0.6642094 0.9016357
vt 0.6689397 0.9319997
vt 0.06445736 0.9055824
vt 0.1984946 0.4561085
vt 0.05154153 0.9007577
vt 0.02895231 0.88868
vt 0.0614142 0.9478996
vt 0.09246992 0.9925475
vt 0.06736845 0.9930757
vt 0.362637 0.2714181
vt 0.8575215 0.3014668
vt 0.8839688 0.309214
vt 0.8800716 0.2789375
vt 0.04969881 0.6799172
vt 0.0291094 0.679794
vt 0.04644698 0.690861
vt 0.4335938 0.9841889
vt 0.8761658 0.7582512
vt 0.8588297 0.7580686
vt 0.8765727 0.7580271
vt 0.9538403 0.8806796
vt 0.9057722 0.8541796
vt 0.9651771 0.8672574
vt 0.2199879 0.9463159
vt 0.178341 0.3279456
vt 0.2517133 0.9407386
vt 0.2747211 0.9757219
vt 0.1808815 0.9912223
vt 0.1795336 0.9868807
vt 0.1811839 0.98956
vt 0.3392806 0.1310413
vt 0.3408694 0.1161755
vt 0.3310957 0.1021914
vt 0.7924035 0.9783245
vt 0.7873582 0.9811472
vt 0.7878463 0.9749637
vt 0.6711401 0.8928814
vt 0.6679075 0.8722663
vt 0.7934383 0.9790483
vt 0.9135544 0.6055516
vt 0.9168533 0.6166194
vt 0.9283366 0.6048809
vt 0.9877753 0.9007976
vt 0.9901799 0.8969259
vt 0.9778527 0.9017565
vt 0.9662466 0.6562901
vt 0.8765266 0.6604883
vt 0.8702672 0.6447525
vt 0.9797649 0.6890426
vt 0.977994 0.7018385
vt 0.9948387 0.6862645
vt 0.8432236 0.726719
vt 0.8568001 0.6964642
vt 0.8574799 0.7335361
vt 0.1120103 0.3608044
vt 0.1159991 0.3240024
vt 0.07583532 0.3547396
vt 0.8130354 0.7126191
vt 0.5662723 0.4692487
vt 0.5507712 0.4126965
vt 0.5344009 0.4934928
vt 0.6611539 0.8279219
vt 0.647894 0.8274136
vt 0.6587453 0.8378393
vt 0.2984543 0.1067801
vt 0.6262475 0.8464507
vt 0.3173327 0.1003482
vt 0.3513947 0.98119
vt 0.1202649 0.5039062
vt 0.3574083 0.9868204
vt 0.2832031 0.9596462
vt 0.7201329 0.9182458
vt 0.724036 0.897851
vt 0.7106902 0.8966982
vt 0.05580278 0.68033
vt 0.2519531 0.9306904
vt 0.04775912 0.6652545
vt 0.1805059 0.99495
vt 0.1297219 0.9775905
vt 0.1806796 0.9938001
vt 0.6011715 0.3853112
vt 0.5486555 0.8965575
vt 0.6246724 0.2971028
vt 0.6209006 0.4064274
vt 0.1125447 0.9935598
vt 0.08952188 0.9449553
vt 0.9648438 0.7600752
vt 0.9726562 0.8939703
vt 0.9835484 0.884564
vt 0.2720629 0.916811
vt 0.8291307 0.7343681
vt 0.8014347 0.7235568
vt 0.6976767 0.3251203
vt 0.7429376 0.3078904
vt 0.7177086 0.274588
vt 0.5376742 0.9161608
vt 0.5195312 0.9095309
vt 0.9261026 0.8049791
vt 0.8948831 0.6445312
vt 0.8841009 0.8253741
vt 0.7812696 0.2790787
vt 0.7398081 0.2286443
vt 0.7473483 0.2773206
vt 0.8993257 0.7867038
vt 0.8994499 0.7889679
vt 0.8971148 0.7887531
vt 0.6535749 0.9590448
vt 0.678341 0.9550803
vt 0.6560875 0.9393528
vt 0.08308744 0.833362
vt 0.04433095 0.8171003
vt 0.0857836 0.8452793
vt 0.7189289 0.8769565
vt 0.9346293 0.5149219
vt 0.9431445 0.5273438
vt 0.9735245 0.5175207
vt 0.05497343 0.9179589
vt 0.9574794 0.5930985
vt 0.07621775 0.4240704
vt 0.1082246 0.3963093
vt 0.05809822 0.4179053
vt 0.3759565 0.162793
vt 0.3601208 0.1494198
vt 0.06921886 0.6620296
vt 0.06404693 0.6892817
vt 0.0945174 0.6920443
vt 0.04228495 0.7933043
vt 0.04582442 0.7856912
vt 0.07687379 0.8007812
vt 0.1452293 0.1017754
vt 0.1779369 0.9702911
vt 0.1645015 0.9797405
vt 0.1728314 0.9653903
vt 0.8040199 0.2465801
vt 0.8095202 0.2329631
vt 0.7223487 0.2006476
vt 0.5117188 0.5848094
vt 0.6652203 0.7524713
vt 0.5288088 0.5936956
vt 0.5189808 0.5816652
vt 0.1459822 0.946368
vt 0.1592048 0.9634582
vt 0.9030598 0.7837871
vt 0.9271927 0.9145855
vt 0.9823899 0.9474894
vt 0.9250464 0.41593
vt 0.9236007 0.4243259
vt 0.9019309 0.4147992
vt 0.9288639 0.4159374
vt 0.9034722 0.7834777
vt 0.9033965 0.7842634
vt 0.8155146 0.286814
vt 0.8156977 0.3475798
vt 0.8328347 0.2775366
vt 0.7895098 0.2904169
vt 0.5493072 0.9104944
vt 0.5752301 0.368084
vt 0.5476896 0.9257812
vt 0.577558 0.4091648
vt 0.8409171 0.9291142
vt 0.8640327 0.9469184
vt 0.8596983 0.928118
vt 0.02695154 0.5429688
vt 0.8766332 0.939036
vt 0.7010626 0.8549242
vt 0.6745152 0.8862497
vt 0.7055818 0.8745283
vt 0.7437757 0.9195046
vt 0.7377828 0.8798531
vt 0.9877974 0.7567649
vt 0.9832203 0.761389
vt 0.9897434 0.7573421
vt 0.9838376 0.6711332
vt 0.9820161 0.6685051
vt 0.7180686 0.2513226
vt 0.6815553 0.2025484
vt 0.02935889 0.6170793
vt 0.07169397 0.4332427
vt 0.903975 0.783141
vt 0.05835208 0.4306713
vt 0.9803123 0.8365025
vt 0.1031942 0.7297355
vt 0.07221561 0.7001109
vt 0.1032949 0.7292339
vt 0.144875 0.973883
vt 0.1572295 0.9708729
vt 0.5928701 0.5506831
vt 0.6022375 0.5742188
vt 0.610248 0.5534944
vt 0.01953125 0.6365712
vt 0.8393502 0.236236
vt 0.8863006 0.2398132
vt 0.8055906 0.199946
vt 0.8453155 0.7899398
vt 0.854094 0.8227645
vt 0.8714886 0.7972072
vt 0.8894576 0.6296259
vt 0.922945 0.3205016
vt 0.8974862 0.2760898
vt 0.8928146 0.6361442
vt 0.8983743 0.6302449
vt 0.8429885 0.2550662
vt 0.7184949 0.7850745
vt 0.7001519 0.8050916
vt 0.7204719 0.7872772
vt 0.05014886 0.9803381
vt 0.08242619 0.8209772
vt 0.09804821 0.8251621
vt 0.177003 0.8600827
vt 0.1738967 0.8654744
vt 0.8475976 0.9410039
vt 0.8680401 0.9646794
vt 0.2967929 0.388353
vt 0.2907979 0.3833579
vt 0.2878269 0.4094526
vt 0.9020123 0.5092882
vt 0.8746872 0.5742043
vt 0.9132829 0.5136196
vt 0.882179 0.6719428
vt 0.2022333 0.9110381
vt 0.8944409 0.7270898
vt 0.832807 0.6768556
vt 0.07360383 0.3713769
vt 0.8687253 0.5483176
vt 0.03733883 0.5358031
vt 0.0174784 0.5235957
vt 0.00390625 0.5287679
vt 0.7364397 0.9318205
vt 0.7433896 0.3997912
vt 0.6853371 0.811786
vt 0.7059793 0.7914198
vt 0.01779281 0.6748275
vt 0.2645625 0.356641
vt 0.2648908 0.3707572
vt 0.206283 0.3446777
vt 0.3494897 0.3156506
vt 0.3571553 0.272752
vt 0.9823867 0.8778259
vt 0.9867764 0.8679206
vt 0.9707031 0.8763731
vt 0.7558011 0.6515392
vt 0.9255843 0.2919116
vt 0.2598533 0.4219359
vt 0.2470996 0.3956017
vt 0.2342851 0.4376308
vt 0.6568837 0.989772
vt 0.6299579 0.9947778
vt 0.6370103 0.9811035
vt 0.2718813 0.3879797
vt 0.3260098 0.3859622
vt 0.3460741 0.3779624
vt 0.3476014 0.2741728
vt 0.04318473 0.6454902
vt 0.04299871 0.6512413
vt 0.5639392 0.7851562
vt 0.05540299 0.8468718
vt 0.02859342 0.8539633
vt 0.325923 0.333201
vt 0.8207385 0.985296
vt 0.809934 0.9960938
vt 0.7986047 0.9924585
vt 0.5937445 0.7697304
vt 0.3094989 0.9300966
vt 0.2946109 0.9484611
vt 0.3254526 0.9570312
vt 0.7720547 0.8734758
vt 0.9795003 0.6740252
vt 0.1717162 0.981715
vt 0.09796182 0.7576798
vt 0.07949954 0.7499803
vt 0.09773465 0.7587942
vt 0.09925174 0.7507802
vt 0.7234373 0.7971495
vt 0.7443485 0.7756758
vt 0.0874547 0.8667356
vt 0.6866341 0.8099799
vt 0.712397 0.8505129
vt 0.3398743 0.4392775
vt 0.2635734 0.4520094
vt 0.2686878 0.4409436
vt 0.00390625 0.5684382
vt 0.8249004 0.7503088
vt 0.2927075 0.3468382
vt 0.2931698 0.3486359
vt 0.4718263 0.7250591
vt 0.2913415 0.3462692
vt 0.04599917 0.8576225
vt 0.07475613 0.8886768
vt 0.9597254 0.66198
vt 0.978447 0.6604065
vt 0.04052886 0.5991419
vt 0.3467436 0.4059296
vt 0.3491139 0.3865151
vt 0.3445754 0.4022549
vt 0.04586746 0.6357797
vt 0.1037292 0.8904283
vt 0.1039954 0.8893193
vt 0.09960938 0.8925781
vt 0.1615205 0.4190809
vt 0.1796793 0.4064297
vt 0.06992733 0.649884
vt 0.05790923 0.6462266
vt 0.1720067 0.3534371
vt 0.3867188 0.9726562
vt 0.9887228 0.8574741
vt 0.3998964 0.9701383
vt 0.3882785 0.966449
vt 0.2797858 0.4467604
vt 0.7929688 0.6822926
vt 0.8399244 0.9946988
vt 0.8492115 0.9777452
vt 0.866437 0.9935923
vt 0.3930784 0.5840304
vt 0.1158954 0.4172303
vt 0.2029905 0.4155839
vt 0.2095733 0.3828101
vt 0.2166551 0.8821167
vt 0.3039584 0.3643225
vt 0.2821914 0.3595955
vt 0.2976486 0.3751974
vt 0.3051336 0.3680414
vt 0.08140087 0.0891009
vt 0.05859375 0.103855
vt 0.348284 0.7864909
vt 0.3530177 0.7678302
vt 0.08620009 0.4327294
vt 0.1908484 0.1242471
vt 0.1970315 0.1428328
vt 0.2122288 0.1360803
vt 0.2086387 0.1030225
vt 0.2537022 0.1055872
vt 0.9732652 0.8509563
vt 0.953393 0.8250959
vt 0.1646414 0.1579408
vt 0.1663203 0.1645161
vt 0.1769376 0.1513712
vt 0.9925003 0.8789062
vt 0.6899389 0.8451002
vt 0.9865725 0.8786176
vt 0.2475802 0.9179688
vt 0.988516 0.8760985
vt 0.3012948 0.4850379
vt 0.302711 0.5037402
vt 0.2986341 0.5061568
vt 0.6951098 0.7950376
vt 0.7220836 0.7547841
vt 0.6885762 0.7806227
vt 0.298398 0.3836184
vt 0.4798447 0.7240724
vt 0.4772286 0.7270727
vt 0.3633924 0.4544127
vt 0.354208 0.4369045
vt 0.3503165 0.4923176
vt 0.4950407 0.7253869
vt 0.5147576 0.7441415
vt 0.3004367 0.3584909
vt 0.5101174 0.7275754
vt 0.5398262 0.7315492
vt 0.5539665 0.7389517
vt 0.828351 0.5926294
vt 0.8208175 0.588062
vt 0.7958527 0.6204428
vt 0.3059964 0.4561127
vt 0.3082023 0.5009512
vt 0.3199544 0.4863064
vt 0.283357 0.7461522
vt 0.2349704 0.7577955
vt 0.2737363 0.7857227
vt 0.4727921 0.8863721
vt 0.4937056 0.8825676
vt 0.4512777 0.884708
vt 0.7050781 0.9934237
vt 0.7340456 0.9943917
vt 0.7096817 0.9919071
vt 0.04207294 0.5284656
vt 0.4246077 0.8237073
vt 0.5508924 0.7330446
vt 0.1891109 0.8470624
vt 0.1677013 0.841183
vt 0.2182206 0.8986004
vt 0.220493 0.9003007
vt 0.2236249 0.8990191
vt 0.7503269 0.9844278
vt 0.0491979 0.4239746
vt 0.05063586 0.3794307
vt 0.1861807 0.3437648
vt 0.09353218 0.7766939
vt 0.09605386 0.7661257
vt 0.08273989 0.7896179
vt 0.4260437 0.6204505
vt 0.4327387 0.6679688
vt 0.4355173 0.6286047
vt 0.3408656 0.5215133
vt 0.3435044 0.5549445
vt 0.3522463 0.5338532
vt 0.9411678 0.4639995
vt 0.9103665 0.4685655
vt 0.9369845 0.4991658
vt 0.6790824 0.2434515
vt 0.3367476 0.5279806
vt 0.5585938 0.5605285
vt 0.9527279 0.6445312
vt 0.6586509 0.7161933
vt 0.6741214 0.7144495
vt 0.6507431 0.7183858
vt 0.3801731 0.821761
vt 0.3299569 0.8166271
vt 0.9444479 0.6045047
vt 0.9357304 0.6182104
vt 0.9761707 0.6037462
vt 0.6668546 0.7026659
vt 0.368856 0.5471756
vt 0.3775387 0.5640223
vt 0.389482 0.5587758
vt 0.7359066 0.8710938
vt 0.9558353 0.7014925
vt 0.9571109 0.6925867
vt 0.9498892 0.6960578
vt 0.9380719 0.4099626
vt 0.9680691 0.3959407
vt 0.9458347 0.405007
vt 0.1835938 0.9544686
vt 0.2212502 0.8420122
vt 0.2242542 0.9725198
vt 0.2136749 0.9811025
vt 0.2349615 0.8925716
vt 0.1060334 0.4941601
vt 0.7624418 0.9556895
vt 0.7620404 0.9557035
vt 0.7619981 0.9553612
vt 0.5113695 0.8924301
vt 0.5009039 0.9263191
vt 0.7634531 0.9589835
vt 0.03144209 0.8948246
vt 0.7662075 0.9585744
vt 0.765226 0.9578197
vt 0.7696941 0.9613436
vt 0.7776412 0.9674543
vt 0.77045 0.9703963
vt 0.7763771 0.9664711
vt 0.813169 0.06131059
vt 0.8313861 0.05280453
vt 0.8053646 0.05614984
vt 0.8402328 0.4848976
vt 0.8535142 0.4982645
vt 0.8430943 0.4722149
vt 0.8520709 0.740898
vt 0.8598961 0.7499986
vt 0.6508427 0.7747265
vt 0.8463163 0.52
vt 0.8374996 0.465736
vt 0.5058594 0.9913402
vt 0.5766911 0.9785898
vt 0.9527054 0.4993929
vt 0.7781866 0.9678698
vt 0.838047 0.5735099
vt 0.8350101 0.5515493
vt 0.8124475 0.5442911
vt 0.1046283 0.6272449
vt 0.1045441 0.6196315
vt 0.1069606 0.6176095
vt 0.102887 0.7315446
vt 0.8915004 0.9958283
vt 0.77651 0.9960938
vt 0.1021791 0.6679688
vt 0.1030751 0.7304445
vt 0.1943121 0.3334213
vt 0.4806113 0.5365931
vt 0.4863939 0.5011022
vt 0.4703131 0.5396024
vt 0.3425851 0.5032895
vt 0.3359408 0.5169414
vt 0.2176537 0.8529367
vt 0.2544312 0.8710293
vt 0.2700871 0.8581776
vt 0.2259093 0.868913
vt 0.3563848 0.04286718
vt 0.3623261 0.05289769
vt 0.4109159 0.03032005
vt 0.7922873 0.08719307
vt 0.8222952 0.08195817
vt 0.795104 0.06824988
vt 0.1528057 0.3216896
vt 0.73805 0.1839048
vt 0.8090038 0.2246746
vt 0.2487311 0.7052788
vt 0.2596249 0.7084473
vt 0.2260376 0.6861665
vt 0.8056679 0.8218636
vt 0.8305435 0.8915863
vt 0.8481688 0.8701113
vt 0.8930073 0.1659715
vt 0.9036393 0.1498382
vt 0.8849125 0.1627466
vt 0.8985271 0.1407524
vt 0.874649 0.1639118
vt 0.4414216 0.8750046
vt 0.4784127 0.8817204
vt 0.4980909 0.8724882
vt 0.2786551 0.9690458
vt 0.3132257 0.9960938
vt 0.7887995 0.9743838
vt 0.6204705 0.7811242
vt 0.6439438 0.7838917
vt 0.6126556 0.7930614
vt 0.2992716 0.7189954
vt 0.2498611 0.6340894
vt 0.2941573 0.7382434
vt 0.7597656 0.9236151
vt 0.377449 0.1437719
vt 0.7707705 0.9173141
vt 0.7835591 0.9257812
vt 0.5507812 0.7652161
vt 0.5427775 0.1699849
vt 0.9043629 0.6657804
vt 0.5808425 0.1598076
vt 0.5529895 0.1819977
vt 0.9124177 0.6555035
vt 0.7690484 0.9642221
vt 0.8313804 0.5007458
vt 0.3707037 0.1320837
vt 0.7861395 0.9244472
vt 0.3752847 0.1355159
vt 0.3739758 0.1380081
vt 0.8942895 0.4657678
vt 0.8977146 0.4682717
vt 0.9123806 0.7778569
vt 0.5692968 0.7653728
vt 0.78125 0.9925921
vt 0.5803384 0.7337871
vt 0.5825462 0.745531
vt 0.5634729 0.7336152
vt 0.898697 0.6546063
vt 0.5032907 0.17953
vt 0.891766 0.6627827
vt 0.8845991 0.6539818
vt 0.4879832 0.09653562
vt 0.5136681 0.08943242
vt 0.5100398 0.07099962
vt 0.5958984 0.7330561
vt 0.8981087 0.7432494
vt 0.898656 0.728818
vt 0.8959482 0.74528
vt 0.5989413 0.7344695
vt 0.6058557 0.7318959
vt 0.06173765 0.5561256
vt 0.06230894 0.5547097
vt 0.07065434 0.5585938
vt 0.09546171 0.5976562
vt 0.9077268 0.6026241
vt 0.07381337 0.8907823
vt 0.07443472 0.8894159
vt 0.05676642 0.5528247
vt 0.08696173 0.5907562
vt 0.1046109 0.5958374
vt 0.7930034 0.6675111
vt 0.8057805 0.6452584
vt 0.8129797 0.6557994
vt 0.3016594 0.3979441
vt 0.6630578 0.1074298
vt 0.6572285 0.1232678
vt 0.6694818 0.1248727
vt 0.9163768 0.7846302
vt 0.9168774 0.7750061
vt 0.6745845 0.9801224
vt 0.6682621 0.9767812
vt 0.6686411 0.9822307
vt 0.6504898 0.968806
vt 0.7034907 0.0295471
vt 0.752026 0.9478729
vt 0.7237787 0.7129126
vt 0.7247577 0.6904152
vt 0.7158647 0.7088355
vt 0.3047227 0.7667846
vt 0.3937922 0.4150116
vt 0.376575 0.4766248
vt 0.4223843 0.5021909
vt 0.9209075 0.7762316
vt 0.9188187 0.7738177
vt 0.07557634 0.7330536
vt 0.9202652 0.2493907
vt 0.8923039 0.2334183
vt 0.1481998 0.6899932
vt 0.2818825 0.809228
vt 0.2284845 0.7910486
vt 0.09926299 0.8474985
vt 0.09435153 0.8460546
vt 0.1002603 0.8448613
vt 0.14324 0.7196613
vt 0.9481549 0.2772728
vt 0.179296 0.7661535
vt 0.1214861 0.7589374
vt 0.09866747 0.848821
vt 0.9026175 0.2478698
vt 0.9637933 0.9958881
vt 0.9645941 0.9960938
vt 0.9632875 0.9959911
vt 0.5543104 0.5382523
vt 0.9893631 0.9898646
vt 0.9952267 0.9960938
vt 0.9808805 0.9921352
vt 0.852365 0.5584658
vt 0.8517561 0.5781684
vt 0.1993287 0.8066145
vt 0.211144 0.8034835
vt 0.199485 0.7931373
vt 0.1930089 0.9474409
vt 0.1896128 0.8138254
vt 0.2464473 0.8260235
vt 0.2217367 0.7984393
vt 0.9926242 0.9889538
vt 0.9122081 0.5386858
vt 0.2941667 0.832998
vt 0.5574518 0.5262984
vt 0.5491284 0.5172932
vt 0.5575323 0.5256317
vt 0.232152 0.8331972
vt 0.1652303 0.7828665
vt 0.3068238 0.799408
vt 0.3212007 0.7850012
vt 0.08042199 0.8789459
vt 0.08278893 0.8751171
vt 0.133812 0.812529
vt 0.1831843 0.8267507
vt 0.07548689 0.8871588
vt 0.2888077 0.345219
vt 0.2876436 0.3447524
vt 0.785746 0.9733824
vt 0.1952638 0.8990968
vt 0.1735192 0.9627541
vt 0.1941748 0.8947693
vt 0.1923242 0.8995438
vt 0.3412597 0.8535884
vt 0.3599774 0.8389153
vt 0.324016 0.8449054
vt 0.4189192 0.8681672
vt 0.4119119 0.8704284
vt 0.298593 0.8505537
vt 0.8616385 0.9607866
vt 0.7837689 0.9719183
vt 0.7767802 0.9715884
vt 0.3244953 0.861908
vt 0.3627068 0.8597921
vt 0.4053126 0.8827943
vt 0.1896604 0.8924307
vt 0.179372 0.8979278
vt 0.9249176 0.7818656
vt 0.2118797 0.7320024
vt 0.1780883 0.7306286
vt 0.7751886 0.9791091
vt 0.289475 0.8675663
vt 0.1762043 0.8347133
vt 0.7097899 0.639298
vt 0.7225108 0.6353146
vt 0.7127923 0.6370617
vt 0.1974709 0.8445194
vt 0.7771964 0.8902401
vt 0.5579672 0.5220303
vt 0.2603271 0.9960938
vt 0.6976961 0.648045
vt 0.7061825 0.6757064
vt 0.6851217 0.6706563
vt 0.4407506 0.8555107
vt 0.1613902 0.9419599
vt 0.2089844 0.9003906
vt 0.1627579 0.9470299
vt 0.6999359 0.6441842
vt 0.9266406 0.5464708
vt 0.9101562 0.5467887
vt 0.01617676 0.8925891
vt 0.7546284 0.9556158
vt 0.9314761 0.7794861
vt 0.751443 0.9608281
vt 0.3824024 0.8797298
vt 0.3825885 0.8712407
vt 0.8224521 0.4501796
vt 0.8294315 0.4650173
vt 0.8337178 0.4553567
vt 0.3320312 0.5830736
vt 0.3957176 0.8935294
vt 0.3502538 0.8861993
vt 0.3620163 0.5847764
vt 0.9326626 0.5472686
vt 0.9320775 0.5474099
vt 0.9322786 0.5471026
vt 0.939872 0.5504459
vt 0.1004557 0.8443574
vt 0.09748586 0.760043
vt 0.4582998 0.6473508
vt 0.4578017 0.6475375
vt 0.456665 0.6459611
vt 0.4357118 0.8648427
vt 0.4606898 0.6491863
vt 0.2422152 0.9155148
vt 0.2457713 0.9135575
vt 0.7345032 0.7523593
vt 0.7341361 0.7539062
vt 0.7339549 0.7523358
vt 0.7348643 0.752378
vt 0.3355911 0.956287
vt 0.9451079 0.4286763
vt 0.05546887 0.761166
vt 0.9778845 0.3793115
vt 0.9938579 0.3640011
vt 0.9839973 0.3711267
vt 0.3360879 0.9476289
vt 0.3357819 0.9530409
vt 0.3335472 0.9570312
vt 0.974144 0.3846252
vt 0.9738545 0.3904113
vt 0.9623467 0.3956774
vt 0.7331873 0.7523102
vt 0.9469266 0.7242183
vt 0.9406047 0.7597843
vt 0.9547086 0.7550486
vt 0.339625 0.8989734
vt 0.3155505 0.8926434
vt 0.3273184 0.9276392
vt 0.03783714 0.5267477
vt 0.7854694 0.616957
vt 0.7928391 0.6084212
vt 0.6756123 0.688155
vt 0.759686 0.9937446
vt 0.7563871 0.9910482
vt 0.7555388 0.9897879
vt 0.7535064 0.9883751
vt 0.2262737 0.9003788
vt 0.04522583 0.5233301
vt 0.8508487 0.9140462
vt 0.6537488 0.8642464
vt 0.3644914 0.6210938
vt 0.08756066 0.9013094
vt 0.2147158 0.9003071
vt 0.160547 0.9367306
vt 0.1163567 0.584943
vt 0.159478 0.5384994
vt 0.1300052 0.5437594
vt 0.4531405 0.8359452
vt 0.4471129 0.8345717
vt 0.4499719 0.8341699
vt 0.4883102 0.8550925
vt 0.571089 0.5413302
vt 0.5550343 0.5382333
vt 0.5729059 0.5409634
vt 0.5293546 0.9749876
vt 0.114291 0.6443554
vt 0.5297611 0.9751834
vt 0.5301147 0.9749783
vt 0.985608 0.777172
vt 0.9207187 0.7823294
vt 0.0974995 0.8506072
vt 0.09690662 0.8517666
vt 0.5673583 0.9570491
vt 0.5735728 0.9539381
vt 0.5837783 0.9563147
vt 0.6940106 0.8423972
vt 0.7539062 0.6373931
vt 0.6973201 0.83982
vt 0.6816998 0.8436673
vt 0.2736301 0.4612243
vt 0.2816615 0.4542879
vt 0.8119006 0.5743048
vt 0.8126283 0.5849515
vt 0.3044143 0.4734296
vt 0.09103081 0.8609778
vt 0.3415365 0.4722922
vt 0.4673464 0.858678
vt 0.8261719 0.9707031
vt 0.8388178 0.9674058
vt 0.8537127 0.9686929
vt 0.5844043 0.5953525
vt 0.1879262 0.8908231
vt 0.9295796 0.7805831
vt 0.5170421 0.8585198
vt 0.4367159 0.8256461
vt 0.43024 0.8210911
vt 0.4257472 0.818065
vt 0.4007717 0.9544446
vt 0.3879704 0.9084179
vt 0.1507503 0.4958407
vt 0.632581 0.7250393
vt 0.4363919 0.9164196
vt 0.8576621 0.7588028
vt 0.6198888 0.7765872
vt 0.6977029 0.7556672
vt 0.8358921 0.7358912
vt 0.7267312 0.6271806
vt 0.03623597 0.8016138
vt 0.03225152 0.8121659
vt 0.04000404 0.8021365
vt 0.655179 0.06613553
vt 0.6617956 0.05742401
vt 0.7304201 0.6996685
vt 0.7438879 0.6450719
vt 0.08149266 0.8129072
vt 0.2126009 0.8987356
vt 0.1715491 0.8992301
vt 0.7478141 0.9797968
vt 0.9355817 0.6724221
vt 0.9412837 0.6871715
vt 0.1976238 0.8977233
vt 0.9211052 0.7835491
vt 0.7177725 0.6815093
vt 0.7164235 0.6911484
vt 0.328934 0.8821275
vt 0.7411706 0.6163924
vt 0.6161699 0.7516162
vt 0.399067 0.9960938
vt 0.1382071 0.4994121
vt 0.362638 0.5531643
vt 0.7371593 0.6248345
vt 0.7427332 0.6151746
vt 0.9271591 0.7744776
vt 0.5156952 0.8644857
vt 0.8353267 0.5948275
vt 0.8108916 0.6265827
vt 0.8388906 0.6126707
vt 0.3590636 0.502086
vt 0.8331099 0.6289062
vt 0.8510804 0.5998048
vt 0.6094243 0.957376
vt 0.9649459 0.5652464
vt 0.9525787 0.5644633
vt 0.966641 0.5530472
vt 0.9640416 0.5708915
vt 0.5277442 0.8598165
vt 0.5312217 0.5800472
vt 0.5486212 0.5892605
vt 0.5426741 0.5781677
vt 0.5486482 0.5769565
vt 0.5624719 0.5832399
vt 0.3051658 0.5581634
vt 0.7277651 0.650268
vt 0.7193575 0.6651797
vt 0.7266927 0.6666763
vt 0.08633995 0.8275757
vt 0.2972593 0.5164185
vt 0.6986074 0.8434962
vt 0.3018751 0.5192822
vt 0.2929688 0.5205734
vt 0.1132812 0.8529156
vt 0.3456359 0.1519579
vt 0.7211666 0.6447164
vt 0.7033991 0.9448728
vt 0.8474717 0.6282661
vt 0.8110337 0.5679629
vt 0.6447588 0.8381328
vt 0.400465 0.0265913
vt 0.4292588 0.04362714
vt 0.1901149 0.9023438
vt 0.170369 0.9625532
vt 0.7686052 0.737475
vt 0.8138217 0.7509218
vt 0.7560511 0.7571192
vt 0.9929057 0.7975687
vt 0.1467104 0.1162184
vt 0.1842909 0.0948258
vt 0.1655933 0.9519151
vt 0.7863624 0.920783
vt 0.78168 0.9159316
vt 0.1776759 0.8997761
vt 0.1739617 0.8973241
vt 0.7460938 0.969273
vt 0.5697365 0.3628448
vt 0.5800247 0.3554344
vt 0.5635977 0.2850118
vt 0.963992 0.5711954
vt 0.9394531 0.5671748
vt 0.4126496 0.60347
vt 0.112051 0.9408171
vt 0.9787149 0.461132
vt 0.3555984 0.1652307
vt 0.5326686 0.5236377
vt 0.7817445 0.06698978
vt 0.7661748 0.07202888
vt 0.8614483 0.6124616
vt 0.5586467 0.5163896
vt 0.1759795 0.5260046
vt 0.3392664 0.9923779
vt 0.3402092 0.9941406
vt 0.328125 0.9925505
vt 0.4448093 0.9889683
vt 0.9179955 0.4330115
vt 0.3253269 0.4696633
vt 0.3589573 0.28883
vt 0.3614388 0.2754545
vt 0.6961446 0.7172396
vt 0.8322656 0.9641932
vt 0.699595 0.7206582
vt 0.1795264 0.5143703
vt 0.1665013 0.5245898
vt 0.9461722 0.7753655
vt 0.9442101 0.7800131
vt 0.8081469 0.5451303
vt 0.9834681 0.4322717
vt 0.9575281 0.4573645
vt 0.8064656 0.5370573
vt 0.8005042 0.4920495
vt 0.7982696 0.4937727
vt 0.7881014 0.9742236
vt 0.964975 0.9953272
vt 0.9274054 0.5450462
vt 0.9254438 0.5442278
vt 0.9288862 0.5456641
vt 0.9704294 0.4013757
vt 0.3549647 0.1287462
vt 0.7974284 0.4896613
vt 0.9668725 0.5514284
vt 0.9647702 0.5509883
vt 0.1806997 0.5105367
vt 0.1589168 0.5092227
vt 0.3613281 0.6378165
vt 0.5429806 0.6278664
vt 0.5432207 0.6359898
vt 0.5409634 0.6299168
vt 0.3111291 0.528795
vt 0.3138175 0.5057738
vt 0.4097329 0.8075242
vt 0.3216753 0.5213091
vt 0.3204503 0.500749
vt 0.316968 0.5237349
vt 0.3277316 0.5036305
vt 0.06727104 0.713151
vt 0.1036707 0.7273193
vt 0.8377175 0.4604396
vt 0.1093733 0.6974106
vt 0.1807794 0.9930204
vt 0.00390625 0.8677175
vt 0.3279538 0.5450514
vt 0.8023443 0.1102996
vt 0.8158102 0.1280714
vt 0.8244905 0.107894
vt 0.1309766 0.4950835
vt 0.9862377 0.7768032
vt 0.9864895 0.7773438
vt 0.9874864 0.7762417
vt 0.7239137 0.6460735
vt 0.7282605 0.6420959
vt 0.7982059 0.7368164
vt 0.6842003 0.08985454
vt 0.6712151 0.08285975
vt 0.6495843 0.126396
vt 0.6532674 0.1210513
vt 0.6764224 0.9922577
vt 0.06421374 0.7057005
vt 0.7447581 0.08349788
vt 0.7215781 0.08933771
vt 0.7424617 0.09638482
vt 0.3661842 0.1001647
vt 0.362864 0.109416
vt 0.378695 0.1108858
vt 0.01463753 0.9369463
vt 0.5178523 0.5086596
vt 0.5242538 0.511358
vt 0.4943342 0.5297685
vt 0.2812793 0.9945372
vt 0.899508 0.4149535
vt 0.5642561 0.6142818
vt 0.5678288 0.6228122
vt 0.5491517 0.6380589
vt 0.5411801 0.124939
vt 0.5298352 0.1442032
vt 0.5648451 0.1211688
vt 0.358458 0.108968
vt 0.336268 0.9444461
vt 0.3320312 0.9436069
vt 0.6008029 0.09518063
vt 0.61865 0.05505353
vt 0.5778546 0.09536833
vt 0.2695312 0.9960938
vt 0.2735233 0.9880285
vt 0.5344887 0.05379027
vt 0.1119752 0.8918685
vt 0.517354 0.266398
vt 0.5388317 0.3361246
vt 0.5245792 0.8781171
vt 0.5210361 0.8768602
vt 0.5296384 0.8717895
vt 0.636855 0.8420184
vt 0.6866298 0.114207
vt 0.724318 0.06886756
vt 0.7300277 0.06281531
vt 0.709312 0.06886715
vt 0.9527745 0.6581822
vt 0.9538717 0.6706661
vt 0.09953436 0.6341969
vt 0.1051758 0.6352711
vt 0.5328417 0.6413887
vt 0.5358924 0.6416423
vt 0.5306342 0.6425781
vt 0.1715425 0.6798353
vt 0.8218184 0.1990657
vt 0.8563657 0.211019
vt 0.2018021 0.9009203
vt 0.1754608 0.9646724
vt 0.8082342 0.953091
vt 0.8062448 0.9441389
vt 0.8156135 0.9394158
vt 0.9399934 0.5507812
vt 0.1986365 0.4548325
vt 0.8450232 0.4490426
vt 0.8707781 0.4690269
vt 0.8734264 0.4407335
vt 0.1472268 0.519106
vt 0.671875 0.8401585
vt 0.7329888 0.6984293
vt 0.5932035 0.2849363
vt 0.6714787 0.04973906
vt 0.6589146 0.04856372
vt 0.9172501 0.5407947
vt 0.7917418 0.8845994
vt 0.7482151 0.8809428
vt 0.8139453 0.8998038
vt 0.823278 0.9100586
vt 0.1112467 0.4946159
vt 0.2538742 0.9002982
vt 0.05322263 0.6982148
vt 0.05319176 0.7063755
vt 0.5546408 0.5383937
vt 0.02077069 0.8900635
vt 0.1030623 0.6386864
vt 0.9703035 0.6908337
vt 0.4339151 0.1242405
vt 0.4219346 0.1400191
vt 0.4509935 0.13136
vt 0.9696202 0.7194366
vt 0.9525671 0.3095909
vt 0.9625111 0.33196
vt 0.98 0.3076721
vt 0.3476079 0.9923055
vt 0.4524364 0.9891437
vt 0.6150209 0.6210938
vt 0.5801417 0.6001137
vt 0.4079785 0.3281797
vt 0.4360075 0.3206954
vt 0.4079905 0.3017092
vt 0.07800464 0.5396563
vt 0.08001569 0.5089303
vt 0.05527788 0.5120694
vt 0.7480693 0.178037
vt 0.4967825 0.6211778
vt 0.4995786 0.6180358
vt 0.46875 0.6193737
vt 0.6243025 0.541383
vt 0.3553047 0.3170935
vt 0.74259 0.07172096
vt 0.3608932 0.3563159
vt 0.356997 0.309621
vt 0.4053383 0.1073464
vt 0.3587928 0.08701873
vt 0.6294852 0.8442534
vt 0.6353566 0.848312
vt 0.6367254 0.8456139
vt 0.4986119 0.05182719
vt 0.1679688 0.9220282
vt 0.7052855 0.07567519
vt 0.6998701 0.9842012
vt 0.6958565 0.9784798
vt 0.7087105 0.9816893
vt 0.3844919 0.1251416
vt 0.06375372 0.6936647
vt 0.6054688 0.9433825
vt 0.6591749 0.09318131
vt 0.6144589 0.9399186
vt 0.6471963 0.1005223
vt 0.6110069 0.947149
vt 0.7356572 0.02538782
vt 0.6829432 0.9648907
vt 0.6792652 0.9800516
vt 0.08633751 0.6222312
vt 0.05602333 0.9951823
vt 0.08388569 0.6292673
vt 0.7944174 0.2791877
vt 0.791256 0.2729251
vt 0.16746 0.6103479
vt 0.2019646 0.6630082
vt 0.1140125 0.632058
vt 0.003906249 0.9026906
vt 0.6693683 0.0829854
vt 0.6500731 0.08785594
vt 0.04495229 0.47104
vt 0.1070953 0.6112336
vt 0.07931644 0.4885114
vt 0.01528664 0.9179688
vt 0.04677989 0.4988299
vt 0.5992341 0.1972417
vt 0.5758228 0.2483271
vt 0.5771074 0.1823342
vt 0.6919733 0.8476562
vt 0.8309903 0.1261112
vt 0.04531588 0.9479238
vt 0.04639037 0.9365719
vt 0.02291283 0.913578
vt 0.8089275 0.2789465
vt 0.616241 0.7696863
vt 0.8856558 0.7481791
vt 0.8682742 0.1012383
vt 0.8627458 0.1290516
vt 0.6167466 0.9492188
vt 0.7773709 0.1845629
vt 0.00390625 0.5162311
vt 0.720377 0.1710486
vt 0.09348027 0.6056192
vt 0.00390625 0.9336129
vt 0.01550453 0.9312589
vt 0.7715302 0.03630292
vt 0.7275081 0.04354686
vt 0.734817 0.05433899
vt 0.7257462 0.1848549
vt 0.8584771 0.8635328
vt 0.7334743 0.03011483
vt 0.7217226 0.02569711
vt 0.7423449 0.1291766
vt 0.7672386 0.1228383
vt 0.7528253 0.092044
vt 0.6707969 0.07506943
vt 0.08739009 0.6413336
vt 0.601284 0.2648435
vt 0.575967 0.6041694
vt 0.5773377 0.6073952
vt 0.5742188 0.6084973
vt 0.1280701 0.8533538
vt 0.8197041 0.1492065
vt 0.72048 0.976096
vt 0.7306556 0.9780959
vt 0.7289013 0.9740035
vt 0.9785156 0.9938229
vt 0.2805676 0.9461716
vt 0.2806772 0.9477174
vt 0.2864949 0.9435912
vt 0.7323438 0.9645935
vt 0.05156901 0.9283702
vt 0.8178611 0.2704186
vt 0.6627245 0.07262647
vt 0.01632892 0.8242188
vt 0.807982 0.2570987
vt 0.02975043 0.9575257
vt 0.004928024 0.5512388
vt 0.01164047 0.5579371
vt 0.00390625 0.5537035
vt 0.4399643 0.2737214
vt 0.003906252 0.979536
vt 0.0275195 0.9157258
vt 0.8047523 0.4532588
vt 0.8176732 0.4756156
vt 0.9499044 0.7755224
vt 0.8345981 0.4502273
vt 0.1445312 0.5226227
vt 0.4206065 0.5828581
vt 0.8359032 0.07608718
vt 0.8477688 0.05948329
vt 0.3316422 0.09762514
vt 0.3244686 0.1121094
vt 0.7181849 0.9476756
vt 0.6968642 0.9672853
vt 0.4980199 0.9668935
vt 0.5466701 0.9516518
vt 0.6406585 0.8292193
vt 0.6485375 0.8193671
vt 0.2840567 0.1195469
vt 0.8858008 0.45574
vt 0.8831677 0.4660624
vt 0.3669949 0.395053
vt 0.7502419 0.8788358
vt 0.8594937 0.924984
vt 0.7567043 0.8920162
vt 0.7614557 0.8946766
vt 0.7232352 0.9921967
vt 0.01631285 0.9673745
vt 0.02287482 0.9790013
vt 0.01159844 0.9764262
vt 0.8306071 0.6684929
vt 0.6887178 0.06009746
vt 0.3469014 0.4208878
vt 0.4351315 0.9960938
vt 0.6449307 0.8500953
vt 0.04531446 0.9189397
vt 0.413137 0.4110177
vt 0.441824 0.4641564
vt 0.7552967 0.1701396
vt 0.4533148 0.1711364
vt 0.4243064 0.1658019
vt 0.5196149 0.8791996
vt 0.5171263 0.8784886
vt 0.6269468 0.8430803
vt 0.05644859 0.6861844
vt 0.2692776 0.9256809
vt 0.1877333 0.5649098
vt 0.04277923 0.9040949
vt 0.9570312 0.8094019
vt 0.9623902 0.7952081
vt 0.9759367 0.7825028
vt 0.03060019 0.6912417
vt 0.006277507 0.6810843
vt 0.003906249 0.6835976
vt 0.534637 0.505316
vt 0.07776611 0.6278461
vt 0.06427428 0.6378089
vt 0.04785918 0.6226643
vt 0.5277675 0.8821436
vt 0.8855249 0.9785156
vt 0.5582347 0.3689944
vt 0.3199277 0.182003
vt 0.9168115 0.4568676
vt 0.3931551 0.146242
vt 0.01405181 0.7306606
vt 0.03129495 0.7374917
vt 0.03584817 0.7817326
vt 0.343441 0.04070747
vt 0.8839688 0.4700118
vt 0.3788114 0.5304873
vt 0.1235887 0.8550786
vt 0.1160992 0.8554688
vt 0.9803921 0.8764293
vt 0.2382812 0.9137592
vt 0.3453188 0.1061186
vt 0.7259831 0.05600202
vt 0.7098012 0.06367606
vt 0.8765583 0.9657133
vt 0.4973087 0.5159508
vt 0.3533764 0.3430912
vt 0.3728352 0.3069066
vt 0.366179 0.2780811
vt 0.7333354 0.958299
vt 0.05248099 0.9960938
vt 0.04370405 0.9821332
vt 0.0480646 0.9950886
vt 0.8129514 0.6926867
vt 0.8028859 0.6922545
vt 0.3926258 0.279369
vt 0.4012833 0.2637608
vt 0.4086895 0.2608514
vt 0.4574366 0.3375812
vt 0.4594588 0.3592603
vt 0.3921618 0.3080478
vt 0.7350883 0.8438675
vt 0.1074285 0.9323974
vt 0.6949353 0.8254216
vt 0.7231545 0.8257421
vt 0.7344942 0.8109812
vt 0.8260841 0.09478533
vt 0.1396866 0.1645055
vt 0.1701403 0.1390226
vt 0.9614792 0.7159528
vt 0.2690109 0.9326198
vt 0.5933981 0.1351618
vt 0.01104453 0.7967744
vt 0.5884051 0.1321551
vt 0.6071239 0.1229103
vt 0.7769556 0.8469499
vt 0.03217271 0.9347646
vt 0.1058579 0.5888488
vt 0.526236 0.580902
vt 0.5220661 0.5811602
vt 0.7457342 0.8685871
vt 0.7515216 0.1442955
vt 0.7169027 0.1485241
vt 0.7583656 0.06609607
vt 0.7763472 0.06202662
vt 0.3554659 0.1186859
vt 0.01255684 0.8189349
vt 0.01470574 0.8086332
vt 0.003906252 0.7969229
vt 0.6371613 0.1000844
vt 0.9023438 0.6106631
vt 0.7505617 0.8698801
vt 0.3755097 0.3210055
vt 0.6895685 0.07011294
vt 0.6884456 0.07715213
vt 0.7688147 0.9894997
vt 0.3352737 0.4599686
vt 0.8286655 0.9570312
vt 0.3681564 0.1194007
vt 0.8295372 0.9520146
vt 0.8222656 0.9540871
vt 0.7746 0.9147783
vt 0.3656077 0.1339198
vt 0.8678827 0.9131555
vt 0.7186788 0.9960938
vt 0.8655672 0.9242941
vt 0.6891069 0.080782
vt 0.2011719 0.9941406
vt 0.215966 0.9925027
vt 0.9132757 0.9793844
vt 0.2050158 0.9882067
vt 0.04219008 0.3790438
vt 0.05462357 0.3697123
vt 0.7773438 0.7262312
vt 0.9646674 0.7998315
vt 0.9632664 0.806952
vt 0.9695891 0.7997028
vt 0.9752254 0.7981026
vt 0.8952985 0.9319128
vt 0.8719749 0.9311249
vt 0.02528545 0.793655
vt 0.01489174 0.80187
vt 0.9882177 0.8070612
vt 0.8180752 0.7646195
vt 0.7950153 0.7533877
vt 0.7871413 0.785727
vt 0.7867761 0.7325997
vt 0.7805359 0.7370813
vt 0.7505698 0.9503564
vt 0.8288279 0.7669839
vt 0.3612704 0.2783628
vt 0.7441378 0.7895577
vt 0.7898679 0.7470678
vt 0.9829917 0.8164062
vt 0.7590718 0.8085001
vt 0.6075258 0.1092573
vt 0.6537223 0.05692309
vt 0.9672354 0.755276
vt 0.2758752 0.9306874
vt 0.9787689 0.7617188
vt 0.660201 0.8522481
vt 0.389607 0.1174307
vt 0.6661321 0.8483823
vt 0.6747185 0.8554688
vt 0.8835435 0.9464746
vt 0.9020157 0.9494943
vt 0.6218306 0.9429075
vt 0.3680596 0.1180886
vt 0.01372753 0.9335042
vt 0.9257812 0.5182778
vt 0.9109989 0.5990074
vt 0.6908174 0.800617
vt 0.7602323 0.9098282
vt 0.1615853 0.651446
vt 0.7285194 0.7814049
vt 0.7825913 0.6842738
vt 0.7856697 0.6743425
vt 0.2637024 0.1199311
vt 0.8344431 0.9167
vt 0.8526721 0.8951709
vt 0.8910494 0.9018192
vt 0.8687191 0.9239494
vt 0.878612 0.9144181
vt 0.9525638 0.9529994
vt 0.9263172 0.9332145
vt 0.9316363 0.9285314
vt 0.8287621 0.7844478
vt 0.8423047 0.7771088
vt 0.8947687 0.5808233
vt 0.8867188 0.6274222
vt 0.9273582 0.1394696
vt 0.9302599 0.6318498
vt 0.9068362 0.5898438
vt 0.5537224 0.753197
vt 0.3111549 0.3654306
vt 0.8986874 0.5557504
vt 0.0606854 0.7478419
vt 0.05607173 0.7431093
vt 0.8096004 0.146114
vt 0.9045634 0.6239295
vt 0.05777004 0.5431464
vt 0.7174009 0.8650847
vt 0.01953125 0.3868525
vt 0.9366526 0.5778102
vt 0.4908023 0.2305589
vt 0.02064888 0.5492533
vt 0.5072665 0.2397664
vt 0.4790239 0.2477343
vt 0.0785215 0.5971227
vt 0.06523193 0.5917206
vt 0.06615636 0.595654
vt 0.04483232 0.5551405
vt 0.3764935 0.1193456
vt 0.8556447 0.06563348
vt 0.8607464 0.08547187
vt 0.8172122 0.6545376
vt 0.8222908 0.647011
vt 0.8256317 0.6510451
vt 0.3103076 0.3746051
vt 0.4226279 0.2815175
vt 0.4408255 0.2898384
vt 0.4307017 0.27017
vt 0.448314 0.9786953
vt 0.3582205 0.9434922
vt 0.02063495 0.5575582
vt 0.007807478 0.972189
vt 0.03606175 0.6291424
vt 0.04493216 0.550117
vt 0.564579 0.2009957
vt 0.02779648 0.5505584
vt 0.01829909 0.9538261
vt 0.08984375 0.4985552
vt 0.0546875 0.5922909
vt 0.03238218 0.5553514
vt 0.01139276 0.9629651
vt 0.4561181 0.9510948
vt 0.526103 0.2007484
vt 0.5182509 0.2313633
vt 0.5074992 0.5211712
vt 0.5273438 0.5206051
vt 0.821784 0.1880537
vt 0.8374667 0.2019596
vt 0.5402789 0.2154199
vt 0.4671097 0.1740574
vt 0.5017257 0.1512665
vt 0.5416479 0.4975915
vt 0.1161527 0.7802772
vt 0.9564233 0.2931892
vt 0.3689704 0.5664062
vt 0.7454152 0.8702294
vt 0.8960372 0.6677423
vt 0.4276366 0.4152957
vt 0.4366856 0.3844689
vt 0.4103808 0.3720549
vt 0.4196248 0.3488483
vt 0.4967318 0.3183576
vt 0.9839158 0.9724473
vt 0.7067823 0.03641433
vt 0.5346044 0.8764461
vt 0.5312256 0.8831999
vt 0.2881484 0.1247284
vt 0.7224445 0.9833671
vt 0.7368293 0.9920992
vt 0.4852262 0.429104
vt 0.4985499 0.4211358
vt 0.4626522 0.4531875
vt 0.4382925 0.4241112
vt 0.4479308 0.5197194
vt 0.6228266 0.8440615
vt 0.06895448 0.6056182
vt 0.5147024 0.880512
vt 0.8808594 0.9775131
vt 0.7907457 0.7211334
vt 0.6863017 0.3883117
vt 0.2804137 0.9335938
vt 0.3902392 0.3677354
vt 0.9331846 0.7385423
vt 0.07446575 0.1184762
vt 0.0584384 0.6405356
vt 0.01562943 0.7164235
vt 0.00899537 0.7304301
vt 0.6094766 0.1779639
vt 0.6132374 0.1624141
vt 0.3476562 0.9672325
vt 0.6359272 0.1404811
vt 0.6024079 0.7752411
vt 0.6033015 0.7818652
vt 0.8846101 0.7539062
vt 0.755851 0.9656515
vt 0.755097 0.9716482
vt 0.9374118 0.650916
vt 0.931479 0.6454402
vt 0.4434915 0.9931349
vt 0.3538184 0.09631592
vt 0.3215823 0.5393067
vt 0.2966904 0.4056599
vt 0.04449511 0.7121826
vt 0.9377484 0.6945052
vt 0.9539356 0.7270756
vt 0.3534656 0.547913
vt 0.7672569 0.9850816
vt 0.3518939 0.558924
vt 0.7611132 0.9846634
vt 0.8625956 0.9230525
vt 0.3969316 0.5630613
vt 0.6347656 0.7521861
vt 0.4128337 0.5402592
vt 0.4243755 0.5593879
vt 0.9617295 0.6781685
vt 0.6629305 0.8105001
vt 0.6578792 0.7539062
vt 0.6586169 0.7500443
vt 0.6882248 0.7974291
vt 0.9252872 0.7129304
vt 0.9179688 0.7224917
vt 0.9495063 0.8054943
vt 0.9492855 0.7939352
vt 0.9473529 0.7939793
vt 0.7916845 0.9200866
vt 0.7942404 0.9165151
vt 0.3615875 0.1191476
vt 0.2933068 0.5295802
vt 0.6239305 0.1447396
vt 0.4545813 0.5430409
vt 0.4421835 0.5505838
vt 0.7385844 0.8675413
vt 0.7304688 0.8693478
vt 0.7416886 0.867859
vt 0.09738278 0.8399018
vt 0.7239709 0.0345844
vt 0.2486628 0.9116715
vt 0.7623519 0.6311246
vt 0.7689438 0.9778258
vt 0.1038302 0.5681273
vt 0.0791928 0.614307
vt 0.5511484 0.5976562
vt 0.5603704 0.5946864
vt 0.8059273 0.6992188
vt 0.6757812 0.9960938
vt 0.5763435 0.573967
vt 0.2994742 0.5421303
vt 0.2811555 0.4726562
vt 0.283718 0.4521802
vt 0.754189 0.9798087
vt 0.1097064 0.1342845
vt 0.08427429 0.1229807
vt 0.08571434 0.1327058
vt 0.6096663 0.5844278
vt 0.9930158 0.9003911
vt 0.7963958 0.1885507
vt 0.3991332 0.1413739
vt 0.311069 0.1036732
vt 0.306242 0.100112
vt 0.304584 0.1023831
vt 0.006402568 0.9960938
vt 0.8417969 0.7597656
vt 0.4021101 0.4138855
vt 0.3099295 0.3787686
vt 0.02521841 0.9846934
vt 0.7473744 0.9742531
vt 0.1679688 0.8978132
vt 0.1048999 0.1576699
vt 0.684503 0.9943953
vt 0.7629866 0.9752301
vt 0.9424772 0.6496654
vt 0.9732144 0.9023438
vt 0.4268217 0.2515783
vt 0.1697435 0.1731765
vt 0.5180119 0.6153457
vt 0.568913 0.7539062
vt 0.02936749 0.7237507
vt 0.01670584 0.7388576
vt 0.6263046 0.09517908
vt 0.6487441 0.06854331
vt 0.8392169 0.9543992
vt 0.9590001 0.9804688
vt 0.04275946 0.5342371
vt 0.02489376 0.8223763
vt 0.7627891 0.9672634
vt 0.9366455 0.162335
vt 0.8741579 0.08702952
vt 0.9582419 0.166405
vt 0.9484415 0.1721175
vt 0.9421368 0.1491277
vt 0.9053755 0.1770024
vt 0.7805533 0.03161067
vt 0.7674367 0.6335254
vt 0.8065796 0.1788046
vt 0.8079572 0.1549627
vt 0.8349929 0.1790832
vt 0.5696225 0.1435318
vt 0.9134915 0.6730918
vt 0.5665927 0.1370649
vt 0.02074487 0.9824677
vt 0.4289479 0.1527409
vt 0.4569535 0.1434672
vt 0.4518304 0.1182377
vt 0.5820312 0.7898093
vt 0.5842247 0.7870767
vt 0.6950933 0.9882812
vt 0.3899341 0.1377962
vt 0.379663 0.1302189
vt 0.3661761 0.1112739
vt 0.7276382 0.7131915
vt 0.5043489 0.9878569
vt 0.8932705 0.9634442
vt 0.9503002 0.8066406
vt 0.8906679 0.9556465
vt 0.9015226 0.9645869
vt 0.5579159 0.9287118
vt 0.5648526 0.9353343
vt 0.5603 0.8756114
vt 0.0438741 0.5288963
vt 0.03584809 0.3718223
vt 0.7378345 0.0373497
vt 0.9624677 0.1741077
vt 0.1402871 0.9323294
vt 0.7914205 0.1763443
vt 0.6839161 0.06220371
vt 0.8945312 0.589677
vt 0.6634278 0.02686489
vt 0.7727113 0.08971459
vt 0.4029794 0.1495789
vt 0.7318261 0.973017
vt 0.3643193 0.1214311
vt 0.7886884 0.9230899
vt 0.2734375 0.9507033
vt 0.5073339 0.6237555
vt 0.5410976 0.02246022
vt 0.6103824 0.9153102
vt 0.3659182 0.06617939
vt 0.1596937 0.9315055
vt 0.09075499 0.1812317
vt 0.06707478 0.1506007
vt 0.5264009 0.6417685
vt 0.3233056 0.08305597
vt 0.5668027 0.60127
vt 0.1025248 0.1741612
vt 0.5422027 0.6224536
vt 0.532186 0.6142818
vt 0.6383492 0.8360422
vt 0.5928141 0.5250468
vt 0.2779522 0.1238889
vt 0.5932254 0.5429688
vt 0.6020977 0.5193092
vt 0.6191406 0.8448179
vt 0.2246456 0.1487042
vt 0.205606 0.1835938
vt 0.6232225 0.5278279
vt 0.6545961 0.9955606
vt 0.4657302 0.03326434
vt 0.5871162 0.9476542
vt 0.585586 0.5301356
vt 0.5820312 0.5379415
vt 0.2973161 0.1486654
vt 0.8242188 0.671582
vt 0.2969799 0.1703886
vt 0.5874575 0.8585007
vt 0.3552876 0.962283
vt 0.3539629 0.9726562
vt 0.3838663 0.9676343
vt 0.9230061 0.6835938
vt 0.6786103 0.06095988
vt 0.6621284 0.06591272
vt 0.7211733 0.1299549
vt 0.6979542 0.1196563
vt 0.01187755 0.9414062
vt 0.008908585 0.9897702
vt 0.02130976 0.994871
vt 0.304842 0.1236694
vt 0.8866879 0.9763728
vt 0.8864891 0.9729011
vt 0.00390625 0.9951408
vt 0.7029548 0.1451713
vt 0.678731 0.1336626
vt 0.7437243 0.1543871
vt 0.7044325 0.05469024
vt 0.300736 0.1161029
vt 0.9704776 0.1760281
vt 0.7037393 0.84045
vt 0.7832031 0.9440376
vt 0.6520047 0.0349406
vt 0.5507812 0.9445289
vt 0.03653083 0.6914062
vt 0.4942164 0.9960938
vt 0.8045939 0.9570312
vt 0.9612441 0.7370383
vt 0.28859 0.1361712
vt 0.529281 0.8867188
vt 0.2936816 0.1201775
vt 0.8940253 0.977528
vt 0.003906247 0.730024
vt 0.7712057 0.7148438
vt 0.06955743 0.5731585
vt 0.5136719 0.8799617
vt 0.01302075 0.5898438
vt 0.05874407 0.5836587
vt 0.5890536 0.7911046
vt 0.8388571 0.6871222
vt 0.008050382 0.7361839
vt 0.1811976 0.9886119
vt 0.21523 0.9085335
usemtl Tile_+000_+001_texture_1
f 827/2 4/1 3/3
f 176/6 10/4 766/5
f 766/5 10/4 686/7
f 954/11 543/8 327/10
f 212/12 543/8 928/13
f 668/16 503/15 769/17
f 911/21 827/18 1091/20
f 274/23 576/22 130/24
f 580/27 8/26 724/28
f 1034/30 21/29 375/31
f 975/35 25/33 594/34
f 285/38 929/36 215/37
f 567/42 566/39 69/41
f 767/44 722/43 720/45
f 788/47 343/46 45/48
f 144/51 13/49 840/50
f 963/53 32/52 668/16
f 840/50 13/49 172/54
f 1047/56 294/55 807/57
f 666/59 26/58 756/60
f 324/63 229/62 954/9
f 1028/65 631/64 579/66
f 632/68 118/67 1043/69
f 632/71 636/70 1111/72
f 1070/75 786/74 357/76
f 889/78 651/77 1179/79
f 532/82 45/48 343/46
f 174/86 1121/83 820/85
f 70/88 388/87 1153/89
f 150/92 46/90 21/29
f 575/94 711/93 706/95
f 150/99 914/96 1017/98
f 658/100 575/94 383/101
f 396/104 666/59 604/103
f 310/107 630/106 1111/73
f 109/109 145/108 500/110
f 786/112 433/111 150/97
f 89/115 953/113 215/37
f 898/117 470/116 637/118
f 11/121 31/119 767/120
f 494/123 279/122 267/124
f 741/126 61/125 805/127
f 1111/73 118/67 632/68
f 388/87 70/88 946/128
f 807/130 60/129 581/131
f 179/135 156/134 931/136
f 303/138 72/137 327/10
f 1144/141 71/139 304/140
f 135/143 524/142 314/144
f 218/147 656/146 521/148
f 333/150 878/149 990/151
f 823/155 834/152 1052/154
f 451/157 1002/156 575/94
f 767/120 31/119 34/158
f 434/159 929/36 497/160
f 321/163 37/161 830/162
f 830/162 37/161 369/164
f 34/158 38/165 1177/166
f 725/168 648/167 804/169
f 954/11 327/10 72/137
f 469/170 648/167 725/168
f 251/173 914/171 433/111
f 299/176 941/175 305/177
f 305/177 939/179 299/176
f 205/181 578/180 790/182
f 649/183 388/87 390/184
f 751/186 88/185 264/187
f 898/117 951/190 66/191
f 931/136 156/134 158/193
f 1177/166 38/165 196/194
f 931/136 158/193 582/195
f 946/128 70/88 1153/89
f 992/198 698/197 695/199
f 451/157 194/200 585/201
f 66/204 617/202 809/203
f 528/207 120/206 902/208
f 1024/210 492/209 239/211
f 115/214 993/213 724/28
f 724/28 993/213 580/27
f 89/114 239/215 85/216
f 274/23 383/101 576/22
f 929/36 434/159 215/37
f 32/52 1153/89 503/15
f 1153/89 32/52 205/181
f 804/169 457/217 724/28
f 342/219 257/218 601/220
f 146/221 130/24 576/22
f 61/125 741/126 1164/222
f 170/225 1011/223 1084/224
f 1144/141 304/140 992/198
f 92/227 370/226 299/176
f 638/229 348/228 208/230
f 647/232 1148/231 923/233
f 841/236 569/234 632/68
f 466/237 954/9 229/62
f 636/70 179/135 295/238
f 86/239 1148/231 647/232
f 32/52 503/15 668/16
f 649/241 305/240 941/178
f 941/178 535/242 649/241
f 721/244 109/109 469/170
f 342/219 970/245 591/246
f 150/92 1034/30 786/247
f 433/174 786/74 1070/75
f 200/250 910/248 185/249
f 218/147 521/148 451/157
f 274/252 130/25 249/251
f 140/254 6/253 837/255
f 993/213 115/214 694/257
f 201/259 151/258 408/260
f 423/263 42/261 542/262
f 638/229 802/264 185/249
f 760/265 249/251 312/266
f 760/265 658/267 249/251
f 452/268 809/205 994/269
f 741/126 627/271 474/272
f 120/206 115/214 724/28
f 249/251 658/267 274/252
f 259/275 994/274 888/276
f 1074/279 535/278 370/280
f 267/124 668/16 769/17
f 753/282 88/188 631/64
f 826/283 218/147 194/200
f 607/286 43/284 556/285
f 556/285 43/284 63/287
f 983/288 601/220 82/289
f 712/290 627/271 805/127
f 578/291 601/220 983/288
f 760/265 312/266 808/293
f 142/294 151/258 197/295
f 1017/98 145/108 150/99
f 257/218 342/219 591/246
f 80/301 78/298 167/299
f 168/302 627/271 690/303
f 751/305 83/304 26/61
f 990/151 878/149 898/117
f 968/308 501/307 1098/309
f 809/205 452/268 602/310
f 193/313 19/311 20/312
f 1053/314 636/70 154/315
f 994/269 886/316 603/317
f 187/318 154/315 636/70
f 283/322 158/319 419/321
f 142/294 197/295 241/323
f 886/326 842/325 233/327
f 153/329 179/135 1053/314
f 1053/314 179/135 636/70
f 408/260 131/330 201/259
f 131/330 154/315 478/331
f 858/332 170/225 1084/224
f 402/334 116/333 554/335
f 116/333 157/336 554/335
f 478/331 201/259 131/330
f 1004/338 314/337 524/145
f 1119/339 686/7 684/340
f 419/341 158/193 156/134
f 317/343 346/342 1178/344
f 346/342 320/345 1031/346
f 582/348 158/196 152/347
f 407/350 913/349 445/351
f 819/356 1041/352 919/354
f 819/359 140/357 744/358
f 425/361 933/360 288/362
f 554/335 730/363 638/229
f 167/365 78/300 75/364
f 1146/367 552/366 258/368
f 167/365 84/369 87/370
f 87/370 84/369 96/372
f 87/370 96/372 97/373
f 87/370 97/373 639/374
f 755/376 657/375 93/377
f 857/379 741/378 1025/380
f 661/382 611/381 126/383
f 887/385 817/384 378/386
f 450/388 956/387 1132/389
f 684/340 801/391 1119/339
f 639/374 97/373 605/392
f 757/394 874/393 1084/224
f 754/396 587/395 160/397
f 582/195 953/399 1073/400
f 458/401 187/318 567/40
f 965/404 101/402 302/403
f 1048/406 681/405 680/407
f 884/409 995/408 286/410
f 802/264 151/258 201/259
f 731/412 50/411 792/413
f 690/303 474/272 168/302
f 66/191 951/190 617/414
f 444/415 995/408 884/409
f 809/203 617/202 1017/416
f 627/271 168/302 474/272
f 28/420 119/418 624/419
f 1119/339 759/421 472/422
f 1166/424 213/423 809/425
f 624/419 119/418 110/426
f 171/428 225/427 449/429
f 478/331 154/315 187/318
f 703/432 700/431 980/433
f 39/435 675/434 674/436
f 376/440 1067/437 854/439
f 170/225 858/332 420/441
f 474/273 658/267 760/265
f 200/250 187/318 458/401
f 216/445 134/443 609/444
f 817/384 16/446 518/447
f 609/444 134/443 9/448
f 909/449 911/21 1091/20
f 127/451 148/450 9/448
f 9/448 148/450 182/452
f 185/249 201/259 478/331
f 190/455 161/453 798/454
f 55/457 1096/456 860/458
f 1140/460 33/459 128/461
f 1043/69 232/462 562/463
f 749/465 33/459 1140/460
f 128/461 33/459 73/466
f 542/262 974/467 789/468
f 798/454 161/453 164/470
f 1019/472 646/471 326/473
f 108/475 852/474 978/476
f 63/287 165/477 556/285
f 233/327 768/478 886/326
f 556/285 165/477 234/481
f 840/50 172/54 233/479
f 540/482 200/250 458/401
f 1013/484 418/483 949/485
f 169/487 1050/486 995/408
f 976/489 866/488 643/490
f 867/491 866/488 976/489
f 487/493 530/492 719/494
f 776/496 1090/495 1170/497
f 566/498 567/40 187/318
f 44/499 902/208 924/500
f 967/502 1136/501 481/503
f 74/505 403/504 936/506
f 1071/508 1086/507 1092/509
f 1092/509 307/510 1071/508
f 1092/509 1094/511 307/510
f 458/401 567/40 540/482
f 791/513 544/512 982/514
f 567/42 203/515 540/516
f 233/479 172/54 665/517
f 1057/519 1049/518 562/464
f 1057/519 930/520 1049/518
f 2/522 177/521 827/2
f 827/2 177/521 391/523
f 344/527 72/524 414/526
f 581/133 809/425 213/423
f 334/532 352/529 514/531
f 9/448 182/452 1175/534
f 33/459 749/465 797/535
f 328/539 309/536 1167/538
f 1175/534 182/452 190/455
f 816/541 561/540 731/412
f 1177/166 196/194 219/542
f 581/528 888/543 809/270
f 606/547 199/545 62/546
f 848/551 352/548 1137/550
f 356/553 1101/552 1103/554
f 62/546 199/545 214/555
f 971/558 207/556 209/557
f 62/546 214/555 692/559
f 692/559 214/555 538/560
f 64/562 800/561 1058/563
f 679/567 711/566 474/272
f 94/568 800/561 64/562
f 800/564 847/569 1058/570
f 412/572 926/571 133/573
f 669/576 1063/575 1003/577
f 1177/166 219/542 656/578
f 656/578 219/542 223/579
f 153/329 156/134 179/135
f 494/123 358/580 1089/581
f 1089/581 877/582 496/583
f 218/147 826/283 656/146
f 609/444 221/585 216/445
f 600/587 155/586 623/588
f 810/589 611/381 391/523
f 245/591 181/590 220/592
f 656/578 223/579 622/593
f 622/593 223/579 221/594
f 194/200 218/147 585/201
f 627/271 741/126 805/127
f 556/285 234/481 255/595
f 255/595 234/481 698/197
f 24/596 528/207 1122/597
f 126/383 329/599 831/600
f 14/603 235/601 238/602
f 611/381 1136/501 967/502
f 125/607 24/604 124/606
f 238/602 235/601 236/608
f 115/214 1169/609 125/605
f 768/611 664/610 645/612
f 924/500 902/208 120/206
f 726/616 240/614 876/615
f 580/27 725/168 8/26
f 1019/472 460/617 650/618
f 616/620 36/619 1143/621
f 1067/437 36/622 854/439
f 859/624 616/620 1093/625
f 124/606 831/600 1093/625
f 876/615 240/614 278/626
f 831/600 903/628 1093/625
f 895/630 633/629 621/631
f 616/620 854/632 36/619
f 125/607 124/606 122/633
f 903/628 859/624 1093/625
f 734/635 882/634 126/383
f 693/637 244/636 627/271
f 126/383 611/381 810/589
f 734/635 126/383 810/589
f 818/639 862/638 1067/623
f 125/605 1169/609 24/596
f 627/271 244/636 688/640
f 167/299 247/641 80/301
f 582/348 285/38 953/113
f 152/347 285/38 582/348
f 910/248 248/642 402/334
f 840/50 250/643 144/51
f 115/214 125/605 694/257
f 1037/647 1069/644 676/646
f 159/649 323/648 548/650
f 1031/346 1178/344 346/342
f 1139/652 908/651 544/512
f 329/599 548/650 903/628
f 643/490 859/624 903/628
f 903/628 683/653 643/490
f 1082/654 370/226 92/227
f 164/470 253/655 592/656
f 1105/657 683/653 548/650
f 323/648 159/649 747/658
f 1139/652 378/386 112/659
f 1037/647 691/660 76/661
f 676/646 691/660 1037/647
f 747/658 1105/657 323/648
f 935/664 129/663 661/382
f 1143/621 1093/625 616/620
f 592/656 253/655 672/665
f 683/653 1105/657 519/666
f 747/658 908/651 1139/652
f 972/667 862/638 818/639
f 882/634 472/422 329/599
f 952/669 619/668 613/670
f 474/273 760/265 741/378
f 818/639 742/671 972/667
f 472/422 759/421 159/649
f 1082/654 1074/672 370/226
f 895/630 621/631 610/673
f 859/624 643/490 854/632
f 392/677 261/675 480/676
f 912/678 159/649 759/421
f 90/681 685/679 1002/156
f 480/676 261/675 270/682
f 876/684 278/627 147/683
f 420/441 867/491 976/489
f 831/600 661/382 126/383
f 77/688 896/686 609/444
f 1139/652 136/689 748/690
f 57/692 881/691 23/693
f 888/276 581/544 259/275
f 112/659 114/695 137/696
f 748/690 136/689 137/696
f 842/325 994/274 259/275
f 136/689 1139/652 112/659
f 271/700 281/698 35/699
f 35/699 281/698 290/701
f 858/332 866/488 867/491
f 238/602 291/702 14/603
f 965/404 302/403 608/703
f 308/706 315/704 12/705
f 159/649 912/678 838/707
f 12/705 315/704 321/708
f 709/710 919/709 1041/355
f 381/713 360/711 39/712
f 39/712 360/711 373/714
f 830/162 369/164 49/716
f 49/716 369/164 675/434
f 422/717 608/703 607/286
f 22/719 372/718 351/720
f 39/723 373/715 374/722
f 59/725 374/724 372/718
f 126/383 882/634 329/599
f 674/436 385/726 39/435
f 710/729 812/728 217/730
f 476/732 869/731 550/733
f 649/241 966/734 305/240
f 801/391 759/421 1119/339
f 802/264 201/259 185/249
f 39/712 385/727 381/713
f 755/376 598/735 590/736
f 472/422 882/634 734/635
f 624/419 394/737 480/676
f 752/739 565/738 796/740
f 658/100 383/101 274/23
f 810/589 1119/339 734/635
f 796/740 160/741 752/739
f 215/37 953/113 285/38
f 956/390 966/734 1132/743
f 480/676 394/737 392/677
f 963/53 668/16 950/745
f 259/697 581/694 891/746
f 685/748 587/395 754/396
f 1000/751 634/750 863/752
f 17/755 400/753 770/754
f 770/754 400/753 509/756
f 768/758 404/757 944/759
f 944/763 404/760 436/762
f 656/578 622/593 717/765
f 236/608 446/766 238/602
f 636/70 632/71 187/318
f 131/330 408/260 1053/314
f 238/602 446/766 477/767
f 1016/770 813/768 927/769
f 140/774 1041/771 991/773
f 737/776 282/775 142/294
f 485/778 468/777 755/376
f 755/376 468/777 326/473
f 994/274 842/325 886/326
f 741/378 1141/779 140/357
f 238/602 477/767 805/127
f 805/127 477/767 715/780
f 808/293 258/368 175/781
f 770/754 509/756 806/782
f 915/784 155/783 624/785
f 76/661 691/660 77/787
f 806/782 509/756 489/789
f 770/754 526/790 17/755
f 254/792 531/791 801/391
f 548/650 329/599 472/422
f 801/391 531/791 526/790
f 759/421 770/754 912/678
f 912/678 770/754 806/782
f 761/794 350/793 550/733
f 158/196 283/320 152/347
f 692/559 538/560 545/796
f 114/695 828/797 761/794
f 781/798 594/34 25/33
f 137/696 136/689 112/659
f 624/419 545/796 28/420
f 1043/800 562/464 1085/799
f 562/463 232/462 425/801
f 613/670 546/802 952/669
f 153/329 419/341 156/134
f 740/804 465/803 659/805
f 378/386 791/513 887/385
f 758/808 600/587 741/809
f 90/680 583/811 685/748
f 725/168 721/244 469/170
f 685/748 583/811 587/395
f 378/386 828/797 114/695
f 985/814 980/433 979/815
f 676/646 1069/644 620/816
f 36/619 122/633 1143/621
f 480/676 829/818 855/819
f 793/820 137/696 869/731
f 952/669 546/802 551/821
f 412/822 692/559 545/796
f 1139/652 544/512 378/386
f 1121/83 350/823 820/85
f 286/410 225/427 149/825
f 663/826 551/821 291/827
f 801/391 770/754 759/421
f 691/788 676/662 896/828
f 376/438 643/490 866/488
f 838/707 93/829 982/514
f 982/831 54/830 1020/832
f 1026/833 225/427 286/410
f 887/834 1020/832 885/835
f 542/262 58/836 423/263
f 678/839 584/837 871/838
f 871/838 584/837 588/840
f 806/782 598/841 93/829
f 761/794 828/797 350/793
f 93/377 598/735 755/376
f 755/376 590/736 485/778
f 286/410 995/408 1050/486
f 286/410 258/368 1026/833
f 806/782 838/707 912/678
f 95/842 1052/154 1038/843
f 821/844 1038/843 884/845
f 884/845 1038/843 732/846
f 883/849 1173/848 1164/850
f 489/789 598/841 806/782
f 885/835 54/830 646/471
f 639/374 605/392 606/547
f 958/855 629/852 573/854
f 965/404 608/703 135/143
f 484/857 343/46 303/138
f 135/143 608/703 422/717
f 270/682 619/668 864/858
f 864/858 619/668 952/669
f 494/123 503/15 389/859
f 885/835 16/860 887/834
f 755/376 326/473 657/375
f 326/473 468/777 461/861
f 1179/79 107/862 889/78
f 54/830 982/831 657/375
f 719/494 1107/863 405/864
f 76/661 961/865 1037/647
f 257/218 615/867 1155/869
f 320/345 702/871 525/872
f 86/239 749/465 1140/460
f 451/157 961/866 824/873
f 287/875 401/874 344/527
f 853/877 824/876 76/661
f 997/880 1124/879 440/881
f 1020/832 887/834 982/831
f 251/172 1124/879 997/880
f 855/819 623/588 624/419
f 923/233 1148/231 731/412
f 871/838 633/882 881/883
f 259/697 891/746 796/884
f 460/617 749/465 86/239
f 789/468 58/836 542/262
f 1139/652 748/690 747/658
f 327/10 543/8 210/887
f 935/664 124/606 24/604
f 548/650 323/648 1105/657
f 881/888 633/629 895/630
f 1020/832 54/830 885/835
f 508/889 1090/495 479/890
f 112/659 378/386 114/695
f 885/835 272/891 16/860
f 610/673 642/892 895/630
f 21/896 604/894 1161/895
f 1048/898 49/716 50/411
f 851/899 741/378 760/265
f 1012/900 130/25 880/901
f 625/904 915/902 623/588
f 646/471 657/375 326/473
f 8/26 804/169 724/28
f 895/906 642/893 635/905
f 646/471 650/618 885/835
f 794/908 710/729 653/907
f 461/861 652/909 326/473
f 763/911 58/910 789/886
f 326/473 652/909 662/912
f 904/913 662/912 395/914
f 233/479 665/517 768/915
f 1173/851 61/125 1164/222
f 768/611 665/916 664/610
f 246/918 671/917 147/683
f 147/683 671/917 673/919
f 35/699 673/919 271/700
f 49/716 675/434 825/920
f 825/920 675/434 39/435
f 72/137 303/138 641/921
f 395/914 677/922 904/913
f 904/924 677/923 678/839
f 1050/486 175/781 258/368
f 12/705 680/407 308/706
f 895/906 681/925 572/926
f 572/927 681/405 1048/406
f 716/929 894/928 284/930
f 65/932 1001/931 573/854
f 662/912 904/913 326/473
f 801/391 684/340 682/933
f 766/5 686/7 1119/339
f 1079/935 68/934 687/936
f 555/937 68/934 1079/935
f 627/271 688/640 690/303
f 474/272 690/303 679/567
f 255/595 698/197 347/938
f 347/938 698/197 992/198
f 961/865 76/661 824/876
f 956/390 305/240 966/734
f 992/198 699/939 1144/141
f 57/692 23/693 53/940
f 1144/141 699/939 701/941
f 194/200 706/95 1/942
f 326/473 904/913 1019/472
f 474/272 711/566 658/943
f 974/469 792/413 50/411
f 169/487 995/408 444/415
f 884/409 708/944 444/415
f 504/946 486/945 564/947
f 630/106 118/67 1111/73
f 658/100 711/93 575/94
f 627/271 712/290 693/637
f 805/127 715/780 712/290
f 374/724 59/725 39/435
f 194/200 722/43 826/283
f 826/283 722/43 767/44
f 1121/824 174/84 550/948
f 436/764 723/949 944/950
f 825/920 39/435 59/725
f 944/950 723/949 726/951
f 638/229 185/249 554/335
f 272/891 885/835 647/232
f 90/681 1002/156 451/157
f 793/820 869/731 476/732
f 779/952 864/858 1154/953
f 550/733 869/731 761/794
f 796/884 842/328 259/697
f 779/952 883/849 864/858
f 896/828 77/687 691/788
f 615/954 630/106 310/107
f 1006/955 1063/575 727/956
f 669/576 920/957 921/958
f 442/960 347/938 992/198
f 839/962 803/961 517/963
f 435/965 1083/964 536/966
f 539/968 357/76 231/969
f 230/970 418/483 1013/484
f 372/718 22/719 59/725
f 676/662 620/817 717/765
f 321/163 830/162 12/972
f 599/974 297/973 415/975
f 354/977 513/976 499/978
f 140/357 1141/779 857/379
f 1083/964 435/965 1108/979
f 952/669 663/826 1154/953
f 22/981 351/721 331/980
f 1176/983 384/982 942/984
f 22/971 20/985 59/986
f 93/829 838/707 806/782
f 942/984 318/987 1176/983
f 20/312 19/311 59/988
f 189/989 440/881 340/990
f 853/877 90/812 824/876
f 1145/992 850/991 773/993
f 635/905 681/925 895/906
f 680/407 12/705 1048/406
f 58/910 825/920 59/725
f 989/995 1003/577 1063/575
f 614/997 1129/996 1133/998
f 205/181 963/53 578/180
f 595/1000 714/999 83/304
f 551/821 663/826 952/669
f 852/474 787/1001 1045/1002
f 416/1004 15/1003 292/1005
f 857/379 744/358 140/357
f 951/190 898/117 637/118
f 1122/598 571/1006 129/663
f 528/207 462/1007 872/1008
f 656/1009 620/816 1069/644
f 496/1012 1163/1011 279/1013
f 528/207 902/208 462/1007
f 623/588 855/819 600/587
f 911/1014 35/699 290/701
f 1164/850 829/818 883/849
f 27/1017 30/1016 572/1018
f 140/774 991/773 741/1020
f 391/523 611/381 967/502
f 827/2 391/523 967/502
f 1110/1022 1017/98 997/880
f 829/818 480/676 883/849
f 1156/1024 1157/1023 659/807
f 147/683 278/627 276/1025
f 955/1029 390/1026 957/1028
f 774/1031 420/441 976/489
f 442/960 999/1032 713/1033
f 768/758 645/613 275/1034
f 864/858 883/849 480/676
f 673/919 35/699 147/683
f 1045/1002 787/1001 846/1036
f 141/1037 631/64 1028/65
f 336/1039 986/1038 367/1040
f 93/377 657/375 982/831
f 629/852 744/358 573/854
f 717/765 620/817 656/578
f 670/1041 141/1037 1028/65
f 864/858 480/676 270/682
f 1011/1043 319/1042 862/1044
f 1161/895 604/894 1044/1045
f 137/696 747/658 748/690
f 412/1047 155/786 138/1048
f 263/1050 832/1049 106/1051
f 835/1053 29/1052 861/1054
f 275/1034 404/757 768/758
f 626/1058 1102/1056 1106/1057
f 801/391 682/933 254/792
f 887/385 16/446 817/384
f 335/1060 130/25 1012/900
f 6/253 140/254 819/356
f 819/356 919/354 6/253
f 839/962 1055/1061 803/961
f 237/1062 335/1060 1018/1063
f 1156/1024 877/584 1157/1023
f 412/572 837/256 926/571
f 409/1065 1009/1064 1083/964
f 909/449 35/1035 911/21
f 35/1035 909/449 147/685
f 45/1067 532/81 743/1066
f 743/1066 549/1068 45/1067
f 1103/554 1104/1069 318/987
f 566/39 632/1070 569/235
f 1125/1071 1133/998 1129/996
f 1120/1074 814/1072 1168/1073
f 764/1075 986/1038 336/1039
f 866/488 858/332 874/393
f 734/635 1119/339 472/422
f 991/1021 758/808 741/809
f 792/413 923/233 731/412
f 618/1076 999/1032 442/960
f 344/527 414/526 287/875
f 534/1081 533/1077 1147/1079
f 672/665 253/655 250/643
f 483/1084 358/580 387/1083
f 787/1001 852/474 739/1085
f 880/1086 130/24 146/221
f 739/1085 843/1087 787/1001
f 121/1089 495/1088 470/116
f 416/1004 415/975 716/929
f 139/1091 697/1090 827/2
f 683/653 903/628 548/650
f 716/929 15/1003 416/1004
f 402/334 248/642 247/641
f 978/476 852/474 876/1092
f 815/1095 1147/1094 533/1080
f 147/683 276/1025 246/918
f 304/140 618/1076 992/198
f 40/1100 978/1096 873/1098
f 571/1006 139/1091 481/503
f 29/1052 835/1053 863/752
f 137/696 114/695 761/794
f 1047/1103 1166/1101 925/1102
f 741/126 600/810 1164/222
f 1041/771 629/1104 958/853
f 744/358 629/852 819/359
f 504/946 564/947 1015/1105
f 339/1107 143/1106 576/22
f 861/1054 873/1098 835/1053
f 559/1109 804/169 648/167
f 902/208 44/499 29/1055
f 1085/799 1117/1110 1043/800
f 482/1113 505/1112 307/510
f 476/732 774/1031 976/489
f 1011/1043 993/213 319/1042
f 978/476 40/1097 108/475
f 727/1114 534/1081 1147/1079
f 29/1055 901/1115 902/208
f 861/1054 47/1116 40/1100
f 435/1120 536/967 287/1119
f 512/1122 379/1121 960/1123
f 44/499 47/1124 861/1117
f 47/1118 108/475 40/1097
f 936/506 1024/210 280/1125
f 108/475 47/1118 739/1085
f 358/1127 483/1082 917/1126
f 873/1098 861/1054 40/1100
f 44/499 861/1117 29/1055
f 98/1129 1116/1128 529/1130
f 187/318 200/250 478/331
f 1147/1094 815/1095 1149/1131
f 843/1087 886/316 515/1132
f 581/133 213/423 807/57
f 333/150 120/206 457/217
f 550/733 774/1031 476/732
f 843/1087 515/1132 787/1001
f 925/1102 875/1133 440/881
f 596/1135 958/1134 709/1136
f 849/1138 504/946 1015/1105
f 705/1140 696/1139 132/1141
f 876/1092 1045/1002 944/761
f 704/1144 243/1143 868/1145
f 339/1107 576/22 424/1147
f 648/167 469/170 559/1109
f 1045/1002 876/1092 852/474
f 804/169 559/1109 1062/1148
f 523/1149 1149/1131 815/1095
f 1062/1148 337/1151 804/169
f 747/658 137/696 1105/657
f 655/1152 146/221 143/1106
f 147/685 909/449 873/1108
f 791/513 378/386 544/512
f 53/940 73/466 57/692
f 1165/1154 105/1153 1054/1155
f 1000/751 863/752 835/1053
f 797/535 57/692 33/459
f 904/913 871/1159 52/1160
f 1059/1161 653/907 710/729
f 30/1016 23/693 18/1162
f 1105/657 137/696 793/820
f 73/466 53/940 128/461
f 27/1017 53/940 30/1016
f 233/479 796/740 565/738
f 845/1165 55/457 1021/1166
f 572/926 30/1019 895/906
f 1179/1168 651/80 718/1167
f 507/1169 696/1139 553/1170
f 795/1171 518/447 733/1172
f 889/78 443/1173 750/1174
f 878/149 337/1151 898/117
f 572/1018 51/1176 1088/1177
f 678/839 871/838 904/924
f 625/903 155/783 915/784
f 822/1178 1146/367 968/308
f 588/840 633/882 871/838
f 962/1182 74/1179 467/1181
f 60/132 576/22 383/101
f 163/1185 689/1184 660/1186
f 928/1187 543/14 466/237
f 881/691 18/1162 23/693
f 23/693 30/1016 53/940
f 871/1159 57/692 52/1160
f 27/1017 1148/231 1140/460
f 1050/486 258/368 286/410
f 1149/1131 523/1149 735/1188
f 1146/367 191/1189 501/307
f 1161/897 375/1190 21/32
f 561/540 816/541 1088/1177
f 387/1083 358/580 494/123
f 830/162 49/716 1048/898
f 50/411 49/716 763/911
f 773/994 107/862 393/1191
f 500/110 617/414 951/190
f 52/1160 57/692 797/535
f 60/132 1128/1192 424/1147
f 220/592 226/1193 1072/1194
f 504/946 366/1195 486/945
f 860/458 379/1121 55/457
f 536/966 1083/964 1009/1064
f 1075/1196 954/11 1040/1197
f 1159/1199 475/1198 1145/992
f 604/1201 21/29 46/90
f 258/368 808/293 1146/367
f 257/868 630/106 615/954
f 143/1106 146/221 576/22
f 881/691 57/692 871/1159
f 1000/751 1091/1203 697/1090
f 1073/1207 162/1205 593/1206
f 205/181 32/52 963/53
f 977/1209 1076/1208 311/1210
f 117/1213 277/1212 558/1214
f 1103/554 1101/552 1104/1069
f 430/1215 850/991 475/1198
f 1124/879 1039/1217 340/990
f 763/911 789/886 974/469
f 210/887 543/8 212/12
f 33/459 57/692 73/466
f 484/857 212/12 464/1218
f 51/1176 572/1018 1048/898
f 212/12 484/857 210/887
f 50/411 763/911 974/469
f 50/411 833/1219 1048/898
f 52/1160 797/535 1019/472
f 50/411 731/412 833/1219
f 344/525 1167/538 441/1220
f 408/260 151/258 142/294
f 341/1222 762/1221 525/1223
f 61/125 238/602 805/127
f 27/1017 1088/1177 56/1225
f 1026/833 1005/1226 225/427
f 709/1227 573/856 6/1228
f 749/465 1019/472 797/535
f 53/940 27/1017 128/461
f 1025/380 741/378 851/899
f 731/412 1148/231 816/541
f 833/1219 561/540 51/1176
f 833/1219 731/412 561/540
f 245/591 1005/1226 1026/833
f 58/910 763/911 825/920
f 393/1191 45/1067 549/1068
f 527/1232 614/997 1150/1233
f 393/1191 549/1068 773/994
f 299/176 1151/1234 92/227
f 560/1235 1013/484 539/968
f 312/266 249/251 964/1236
f 99/1238 1130/1237 1018/1063
f 868/1145 535/278 1074/279
f 868/1145 1074/279 704/1144
f 249/251 130/25 964/1236
f 108/475 739/1085 852/474
f 982/514 544/512 838/707
f 99/1242 612/1240 892/1241
f 241/1244 197/324 1064/1243
f 1133/998 1150/1233 614/997
f 102/1246 67/1245 99/1238
f 67/1245 728/1247 106/1051
f 263/1050 907/1248 1030/1249
f 243/1146 507/1169 868/1239
f 106/1051 506/1250 67/1245
f 390/184 388/87 946/128
f 870/1252 891/885 581/747
f 266/1254 790/1253 938/1255
f 482/1113 463/1256 505/1112
f 913/349 799/1257 537/1258
f 141/1037 364/1259 700/431
f 1027/1260 46/1202 150/91
f 141/1037 670/1041 364/1259
f 742/671 376/438 866/488
f 787/1001 515/1132 768/480
f 481/503 139/1091 827/2
f 363/1264 1078/1261 386/1263
f 957/1028 490/1265 74/505
f 339/1107 1128/1192 847/1266
f 1052/154 547/1268 780/1269
f 655/1152 689/1184 163/1185
f 98/1129 498/1271 338/1272
f 778/1274 736/1273 960/1123
f 427/1275 641/921 393/1231
f 413/1277 522/1276 1078/1278
f 1058/565 294/55 64/1280
f 735/1188 527/1232 1150/1233
f 257/868 591/297 630/106
f 547/1268 1052/154 95/842
f 1018/1063 1130/1237 597/1282
f 735/1188 1150/1233 1174/1283
f 1133/998 1125/1071 1162/1284
f 1166/424 807/57 213/423
f 1073/400 931/136 582/195
f 840/50 233/479 5/1285
f 1051/1286 851/899 760/265
f 426/1290 511/1287 287/1289
f 287/875 414/526 426/1291
f 962/1180 1132/1293 563/1295
f 298/1296 1162/1284 1125/1071
f 1152/1300 1036/1297 227/1298
f 968/308 964/1236 237/1062
f 1073/400 922/1301 557/1302
f 1097/1305 103/1304 593/1206
f 593/1206 947/1306 906/1307
f 957/1028 390/1026 490/1265
f 397/1309 943/1308 939/179
f 424/1147 1128/1192 339/1107
f 363/1262 471/1310 359/1311
f 1155/1312 906/1307 947/1306
f 162/1314 934/1313 932/1315
f 906/1317 1068/1316 922/1303
f 221/585 609/444 622/1318
f 932/1315 934/1313 79/1319
f 612/1320 99/1238 1018/1063
f 1097/1322 1123/1321 82/289
f 82/1323 947/1306 1097/1305
f 1123/1321 932/1315 574/1324
f 1162/1284 298/1296 727/956
f 1008/1326 945/1325 384/982
f 396/102 579/1327 666/1329
f 438/1333 437/1330 287/1332
f 438/1331 764/1075 426/1288
f 1114/1335 1112/1334 943/1308
f 1162/1336 727/1114 1147/1079
f 1025/380 65/932 857/379
f 322/1338 435/1120 287/1119
f 451/157 585/201 218/147
f 379/1121 860/458 960/1123
f 1128/1340 807/57 294/55
f 1147/1094 1149/1131 1174/1283
f 280/1125 1024/210 89/115
f 591/246 933/360 425/361
f 1097/1305 947/1306 103/1304
f 970/245 948/1341 591/246
f 390/184 966/1342 649/183
f 877/582 1089/581 358/580
f 697/1090 139/1091 872/1343
f 1155/869 82/289 1007/1344
f 837/256 208/1345 785/1346
f 443/1173 889/78 107/862
f 1174/1283 1149/1131 735/1188
f 1133/998 1174/1283 1150/1233
f 938/1255 1123/1321 574/1324
f 651/77 889/78 750/1174
f 1174/1283 1133/998 1162/1284
f 450/1348 74/505 962/1180
f 503/15 1153/89 388/87
f 966/744 74/505 81/1349
f 265/1350 1132/1293 966/744
f 480/676 855/819 624/419
f 74/505 490/1265 403/504
f 1011/223 862/638 757/394
f 943/1308 268/1351 256/1352
f 1174/1283 1162/1284 1147/1094
f 451/157 521/148 961/866
f 1132/1293 256/1352 268/1351
f 1132/1293 265/1350 256/1352
f 841/236 971/558 209/557
f 260/1353 1036/1299 836/1354
f 74/505 936/506 81/1349
f 434/159 262/1355 836/1354
f 966/744 280/1125 215/37
f 622/593 676/662 717/765
f 79/1319 492/209 382/1356
f 79/1319 382/1356 932/1315
f 492/209 79/1319 491/1357
f 553/1170 1120/1074 1168/1073
f 307/510 228/1360 1071/508
f 85/216 953/1361 89/114
f 87/370 639/374 644/1363
f 89/115 215/37 280/1125
f 333/150 924/500 120/206
f 548/650 472/422 159/649
f 647/232 650/618 460/617
f 492/209 1024/210 382/1356
f 146/221 655/1152 892/1241
f 79/1319 934/1313 162/1314
f 603/317 886/316 117/1213
f 897/1366 255/595 1138/1367
f 697/1090 1091/1203 827/2
f 504/946 456/1368 366/1195
f 1024/210 403/504 382/1356
f 403/504 1024/210 936/506
f 82/289 1123/1321 983/288
f 741/378 857/379 1141/779
f 1047/56 568/1369 64/1280
f 924/500 333/150 990/151
f 578/180 983/292 938/1371
f 1137/550 229/62 848/551
f 943/1308 256/1352 265/1350
f 74/505 955/1029 957/1028
f 1122/598 129/663 935/664
f 1073/400 953/399 162/1372
f 91/1377 211/1374 570/1376
f 959/1379 186/1378 1061/1380
f 764/1075 511/1382 426/1288
f 845/1165 1065/1383 707/1384
f 573/1229 837/255 6/253
f 118/67 425/801 232/462
f 313/1386 628/1385 644/1387
f 86/239 1140/460 1148/231
f 771/1390 100/1389 1054/1391
f 239/211 89/115 1024/210
f 350/793 183/1392 820/1393
f 579/1327 88/185 751/186
f 81/1349 280/1125 966/744
f 91/1375 1165/1154 890/1394
f 525/872 702/871 524/145
f 896/828 676/662 622/593
f 593/1206 162/1205 1097/1305
f 947/1306 593/1206 103/1304
f 772/1396 602/310 558/1214
f 568/1370 899/1397 94/568
f 890/1394 211/1399 91/1375
f 347/938 442/960 713/1033
f 1073/400 295/238 931/136
f 847/1266 959/1400 655/1152
f 420/442 174/84 170/1401
f 1061/1380 890/1402 959/1379
f 1061/1403 186/1381 211/1399
f 825/920 763/911 49/716
f 959/1379 847/569 186/1378
f 518/447 520/1405 828/797
f 211/1374 899/1406 104/1407
f 403/504 490/1265 574/1324
f 899/1397 211/1399 186/1381
f 211/1374 104/1407 570/1376
f 316/1408 230/970 560/1235
f 311/1211 231/969 357/76
f 391/523 177/521 176/6
f 18/1409 881/888 895/630
f 539/968 231/969 316/1408
f 1134/1411 697/1410 872/1008
f 100/1389 263/1050 106/1051
f 105/1156 91/1377 771/1390
f 1054/1391 105/1156 771/1390
f 574/1324 932/1315 403/504
f 94/568 899/1397 186/1381
f 730/363 348/228 638/229
f 1140/460 128/461 27/1017
f 1169/609 528/207 24/596
f 186/1378 847/569 800/564
f 1066/1412 189/989 104/1407
f 597/1282 1130/1237 506/1250
f 835/1158 909/449 1000/1204
f 1091/20 1000/1204 909/449
f 654/1414 324/1413 1075/1196
f 925/1102 440/881 189/989
f 570/1376 907/1248 91/1377
f 977/1209 786/247 1076/1208
f 570/1376 104/1407 189/989
f 1066/1412 104/1407 899/1406
f 909/449 835/1158 873/1108
f 925/1102 568/1398 1047/1103
f 67/1245 1130/1237 99/1238
f 552/366 1026/833 258/368
f 777/1417 862/1044 319/1042
f 100/1389 771/1390 263/1050
f 953/1373 79/1358 162/1365
f 425/801 630/106 591/297
f 95/1418 149/825 171/428
f 229/62 1137/550 417/1420
f 195/1422 222/1421 1029/1423
f 195/1422 1010/1424 263/1050
f 1076/1208 786/247 1034/30
f 1032/1425 1030/1249 907/1248
f 568/1370 94/568 64/562
f 260/1353 497/160 273/1426
f 105/1153 1165/1154 91/1375
f 88/188 579/66 631/64
f 263/1050 771/1390 907/1248
f 1160/1427 877/584 358/1127
f 481/503 827/2 967/502
f 953/1373 85/1362 79/1358
f 298/1296 1125/1071 1006/955
f 100/1389 106/1051 728/1247
f 346/342 537/1258 702/871
f 592/656 798/454 164/470
f 439/1428 430/1215 447/1429
f 696/1139 705/1140 7/1431
f 966/1342 390/184 955/1027
f 696/1139 7/1431 1120/1074
f 906/1317 615/954 1068/1316
f 955/1432 450/388 467/1183
f 1030/1249 1032/1425 202/1433
f 192/1434 1013/484 202/1433
f 997/880 1017/98 914/96
f 1030/1249 204/1435 981/1436
f 204/1435 949/485 206/1437
f 1019/472 749/465 460/617
f 532/81 1159/1438 1145/1200
f 1030/1249 202/1433 204/1435
f 539/968 316/1408 560/1235
f 204/1435 202/1433 1013/484
f 949/485 204/1435 1013/484
f 990/151 47/1124 924/500
f 475/1198 1159/1199 473/1440
f 637/118 109/109 500/110
f 171/1419 547/1270 95/1281
f 632/68 1043/69 841/236
f 557/1442 1068/1316 310/107
f 470/116 109/109 637/118
f 667/1443 109/109 721/244
f 145/108 109/109 667/1443
f 396/1328 1027/1260 579/1444
f 555/937 1079/935 1025/380
f 237/1062 597/1282 905/1445
f 812/728 710/729 1046/1446
f 524/145 301/1447 1004/338
f 617/414 145/108 1017/98
f 518/447 828/797 817/384
f 60/132 383/101 870/1252
f 340/990 440/881 1124/879
f 899/1406 568/1398 1066/1412
f 602/310 452/268 113/1448
f 303/138 210/887 484/857
f 867/491 420/441 858/332
f 762/1221 399/1449 1014/1450
f 250/643 840/50 672/665
f 117/1213 113/1448 603/317
f 208/230 802/264 638/229
f 333/150 457/217 878/149
f 724/28 457/217 120/206
f 121/1089 470/116 898/117
f 783/1454 541/1451 368/1452
f 267/124 769/17 494/123
f 774/1030 550/948 174/84
f 774/1030 174/84 420/442
f 900/1455 1085/799 1081/1456
f 1117/1110 1085/799 900/1455
f 76/878 1022/1458 729/1459
f 1069/1010 521/148 656/146
f 562/464 1049/518 1085/799
f 122/633 1067/623 862/638
f 776/496 486/945 1090/495
f 776/496 463/1256 564/947
f 997/880 440/881 1110/1022
f 1044/1461 188/1460 985/814
f 1108/979 1179/1168 718/1167
f 188/1460 714/999 595/1000
f 718/1167 409/1065 1099/1463
f 157/336 644/1364 628/1388
f 495/1088 469/170 470/116
f 122/633 777/1416 125/607
f 862/638 777/1416 122/633
f 1169/609 115/214 528/207
f 9/448 134/443 127/451
f 1001/931 687/936 166/1464
f 77/688 1022/1458 76/878
f 520/1405 183/1392 350/793
f 926/574 785/1465 348/228
f 346/342 317/343 537/1258
f 1138/1367 255/595 577/1466
f 1128/1339 60/129 807/130
f 1053/314 154/315 131/330
f 818/639 376/438 742/671
f 980/433 375/1467 979/815
f 405/864 1101/552 1009/1064
f 1022/1458 77/688 9/448
f 700/431 364/1259 844/1468
f 286/410 988/1469 884/409
f 794/908 653/907 1059/1161
f 5/1285 565/738 984/1470
f 703/432 188/1460 595/1000
f 988/1469 821/1471 884/409
f 155/586 600/587 758/808
f 958/853 991/773 1041/771
f 1094/511 482/1113 307/510
f 876/1093 873/1108 978/1099
f 753/282 631/64 141/1037
f 169/487 444/415 708/944
f 387/1083 1168/1073 483/1084
f 565/738 752/739 918/1472
f 188/1460 703/432 980/433
f 149/825 225/427 171/428
f 166/1464 687/936 68/934
f 962/1180 563/1295 956/1473
f 180/1477 184/1474 1056/1476
f 141/1037 111/1478 753/282
f 288/362 586/1479 1057/519
f 834/1481 184/1480 180/1475
f 294/55 1047/56 64/1280
f 843/1087 117/1213 886/316
f 893/1482 586/1479 288/362
f 1076/1484 811/1483 1046/1446
f 192/1434 357/76 539/968
f 192/1434 1070/75 357/76
f 655/1152 143/1106 847/1266
f 672/665 5/1285 984/1470
f 251/172 1070/75 1124/879
f 1081/1456 1049/518 930/520
f 433/111 914/171 150/97
f 269/1486 745/1485 996/1487
f 868/1239 507/1169 535/243
f 21/29 1034/30 150/92
f 559/1109 495/1088 121/1089
f 469/170 495/1088 559/1109
f 1087/1488 401/874 287/875
f 287/875 1108/1489 1087/1488
f 785/1346 926/571 837/256
f 604/105 46/1202 396/1328
f 670/1041 844/1468 364/1259
f 1098/309 808/293 312/266
f 695/199 699/939 992/198
f 65/932 1025/380 1079/935
f 837/1491 573/854 1001/931
f 514/531 533/1080 353/1492
f 876/1093 147/685 873/1108
f 206/1437 173/1493 178/1494
f 1138/1367 577/1466 341/1222
f 178/1494 180/1477 220/592
f 173/1493 206/1437 949/485
f 434/159 265/1350 215/37
f 1013/484 560/1235 230/970
f 507/1169 243/1146 696/1139
f 896/686 622/1318 609/444
f 434/159 943/1308 265/1350
f 449/429 225/427 1005/1226
f 918/1472 984/1470 565/738
f 1005/1226 1056/1476 184/1474
f 184/1496 823/1495 449/430
f 804/169 337/1151 457/217
f 184/1480 834/1481 823/153
f 347/938 713/1033 255/595
f 206/1437 1072/1194 204/1435
f 299/176 370/226 941/175
f 743/1066 532/81 1145/1200
f 425/361 1057/519 562/464
f 160/741 918/1472 752/739
f 208/230 151/258 802/264
f 1056/1476 1005/1226 245/591
f 192/1434 539/968 1013/484
f 357/76 977/1415 311/1211
f 780/1497 547/1270 171/1419
f 1173/848 1154/953 663/826
f 358/1127 917/1126 1126/1499
f 1018/1063 1012/900 612/1320
f 171/1419 449/430 780/1497
f 810/589 766/5 1119/339
f 596/1500 709/710 1041/355
f 672/665 984/1470 916/1502
f 756/60 604/103 666/59
f 863/752 901/1503 29/1052
f 779/952 1173/848 883/849
f 862/638 972/667 757/394
f 1056/1476 220/592 180/1477
f 525/1223 524/142 135/143
f 238/602 61/125 663/1498
f 918/1472 916/1502 984/1470
f 663/1498 61/125 1173/851
f 1118/1504 277/1212 739/1085
f 1038/843 1127/1505 1064/1506
f 319/1042 993/213 694/257
f 783/1454 353/1492 921/958
f 732/846 1064/1506 1035/1509
f 733/1172 813/768 795/1171
f 592/656 672/665 916/1502
f 1052/1511 737/776 1127/1512
f 160/741 587/398 765/1513
f 964/1236 130/25 335/1060
f 879/1515 1131/1514 300/1516
f 768/480 515/1132 886/316
f 241/323 737/776 142/294
f 821/1471 988/1469 149/825
f 6/1230 919/709 709/710
f 732/847 1035/1510 166/1464
f 65/932 1079/935 687/936
f 412/1047 624/1517 155/786
f 765/1513 918/1472 160/741
f 1138/1367 341/1222 422/717
f 282/775 737/776 1052/1511
f 1038/843 821/844 95/842
f 751/1518 26/58 666/59
f 583/813 765/1513 587/398
f 166/1464 708/944 732/847
f 525/1223 135/143 422/717
f 902/208 634/1519 462/1007
f 336/1039 454/1520 764/1075
f 808/293 1051/1286 760/265
f 1042/1522 640/1521 473/1523
f 732/846 1038/843 1064/1506
f 185/249 478/331 200/250
f 107/862 1179/79 393/1191
f 757/394 972/667 874/393
f 781/798 1016/1525 594/34
f 198/1526 226/1193 220/592
f 554/335 157/336 133/1527
f 736/1273 508/889 479/890
f 337/1151 121/1089 898/117
f 198/1526 220/592 181/590
f 181/590 822/1178 905/1445
f 628/1388 133/1527 157/336
f 892/1241 163/1185 102/1528
f 552/366 181/590 245/591
f 1146/367 808/293 191/1189
f 765/1513 583/813 853/1529
f 245/591 220/592 1056/1476
f 537/1258 799/1257 306/1531
f 885/835 650/618 647/232
f 783/1532 921/1508 920/959
f 968/308 237/1062 822/1178
f 181/590 552/366 822/1178
f 918/1472 765/1513 252/1533
f 51/1176 1048/898 833/1219
f 449/429 1005/1226 184/1474
f 467/1181 966/1342 955/1027
f 1070/75 251/172 433/174
f 710/729 217/730 1059/1161
f 597/1282 237/1062 1018/1063
f 67/1245 506/1250 1130/1237
f 558/1214 898/306 66/192
f 188/1460 1044/1461 756/1534
f 756/1534 714/999 188/1460
f 602/310 772/1396 809/205
f 506/1250 106/1051 832/1049
f 162/1314 932/1315 1123/1321
f 445/351 913/349 537/1258
f 832/1049 1029/1423 905/1445
f 198/1526 905/1445 226/1193
f 1062/1148 121/1089 337/1151
f 1029/1423 832/1049 1010/1424
f 1032/1425 192/1434 202/1433
f 1073/400 557/1302 295/238
f 192/1434 1032/1425 340/990
f 521/148 1069/1010 1037/645
f 660/1536 1054/1391 100/1389
f 799/1257 407/350 406/1537
f 765/1513 853/1529 729/1459
f 924/500 47/1124 44/499
f 412/572 628/1385 313/1386
f 226/1193 222/1421 1072/1194
f 981/1436 1072/1194 222/1421
f 729/1459 853/1529 76/878
f 410/1541 746/1540 762/1221
f 1121/824 550/948 350/795
f 981/1436 204/1435 1072/1194
f 195/1422 1030/1249 981/1436
f 434/159 836/1354 943/1308
f 252/1533 916/1502 918/1472
f 729/1459 252/1533 765/1513
f 206/1437 220/592 1072/1194
f 146/221 892/1241 880/1086
f 750/1347 1031/346 651/80
f 348/228 785/1465 208/230
f 226/1193 905/1445 1029/1423
f 203/515 567/42 69/41
f 220/592 206/1437 178/1494
f 661/382 831/600 935/664
f 964/1236 968/308 312/266
f 782/1543 471/1542 945/1325
f 143/1106 339/1107 847/1266
f 511/1382 764/1075 322/1337
f 1036/1299 260/1353 227/1545
f 943/1308 397/1309 268/1351
f 65/932 687/936 1001/931
f 660/1186 689/1184 1165/1395
f 890/1394 1061/1403 211/1399
f 864/858 952/669 1154/953
f 262/1355 434/159 497/160
f 697/1410 462/1007 634/1519
f 780/1269 823/155 1052/154
f 592/656 916/1502 798/454
f 778/1274 860/458 1170/497
f 413/1277 523/1547 522/1276
f 623/588 155/586 625/904
f 232/462 1043/69 118/67
f 1030/1249 195/1422 263/1050
f 222/1421 195/1422 981/1436
f 133/1527 926/574 730/363
f 252/1533 798/454 916/1502
f 260/1353 273/1426 227/1545
f 895/906 30/1019 18/1163
f 190/455 798/454 1175/534
f 9/448 1175/534 1100/1548
f 985/814 188/1460 980/433
f 157/336 116/333 644/1364
f 133/573 628/1385 412/572
f 798/454 1100/1548 1175/534
f 510/1549 1071/508 228/1360
f 450/388 1132/389 467/1183
f 482/1113 1094/511 1015/1105
f 1127/1505 1038/843 1052/154
f 505/1112 707/1384 398/1550
f 224/1553 377/1551 865/1552
f 1132/389 962/1294 467/1183
f 930/520 1057/519 586/1479
f 463/1256 707/1384 505/1112
f 1100/1548 798/454 252/1533
f 1071/508 510/1549 1158/1554
f 577/1466 713/1033 999/1032
f 849/1138 1015/1105 1094/511
f 483/1082 429/1555 917/1126
f 809/205 772/1396 66/192
f 138/1048 596/1135 412/1047
f 1002/156 891/885 575/94
f 1171/1559 589/1557 1077/1558
f 875/1133 1017/98 1110/1022
f 352/529 354/977 362/1560
f 603/317 452/268 994/269
f 215/37 265/1350 966/744
f 27/1017 56/1225 1148/231
f 334/530 514/533 330/1561
f 513/976 354/977 654/1414
f 361/1562 362/1560 354/977
f 880/1086 892/1241 612/1240
f 362/1560 514/531 352/529
f 456/1368 504/946 849/1138
f 499/978 945/1325 386/1263
f 499/978 384/982 945/1325
f 726/616 876/615 944/1142
f 163/1185 728/1563 102/1528
f 689/1184 655/1152 959/1400
f 1100/1548 252/1533 729/1459
f 1075/1196 1109/1564 1080/1565
f 356/553 942/984 513/976
f 367/1040 1101/552 513/976
f 1039/1217 192/1434 340/990
f 813/768 733/1172 927/769
f 425/361 288/362 1057/519
f 841/236 1117/1111 971/558
f 790/182 1153/89 205/181
f 938/1371 790/182 578/180
f 68/934 555/937 169/487
f 574/1324 490/1265 938/1255
f 343/46 788/47 641/921
f 804/169 8/26 725/168
f 639/374 313/1539 644/1363
f 62/546 313/1539 639/374
f 421/1566 367/1040 986/1038
f 606/547 62/546 639/374
f 412/822 313/1539 62/546
f 1100/1548 729/1459 1022/1458
f 1100/1548 1022/1458 9/448
f 600/587 855/819 829/818
f 985/1462 1161/897 1044/1046
f 375/1467 980/433 812/728
f 356/553 1103/554 318/987
f 82/289 601/220 1007/1344
f 490/1265 946/1251 938/1255
f 120/206 528/207 115/214
f 363/1264 386/1263 945/1325
f 359/1311 471/1310 413/1277
f 111/1478 595/1000 83/304
f 784/1568 1081/1456 973/1567
f 943/1308 836/1354 1114/1335
f 111/1478 83/304 751/305
f 814/1072 429/1569 1168/1073
f 764/1075 1142/1570 349/1571
f 426/1288 437/1572 438/1331
f 138/1573 758/808 991/1021
f 111/1478 751/305 264/189
f 264/189 753/282 111/1478
f 848/549 324/1413 654/1414
f 183/1392 520/1405 937/1574
f 736/1273 614/997 527/1232
f 169/487 555/937 851/899
f 1151/1234 299/176 775/1575
f 162/1314 1123/1321 1097/1322
f 745/1485 269/1486 1060/1576
f 736/1273 778/1274 508/889
f 933/360 591/246 948/1341
f 376/440 854/439 643/674
f 267/124 279/122 668/16
f 341/1222 410/1541 762/1221
f 1178/344 1031/346 750/1347
f 775/1575 1113/1577 969/1578
f 1114/1335 1036/1299 969/1578
f 1036/1299 1114/1335 836/1354
f 823/1495 780/1497 449/430
f 1107/1580 399/1579 618/1581
f 1051/1286 1050/486 169/487
f 535/281 941/175 370/226
f 786/74 977/1415 357/76
f 554/335 185/249 402/334
f 1112/1334 1114/1335 1113/1577
f 768/480 846/1036 787/1001
f 388/87 649/183 535/243
f 268/1351 563/1295 1132/1293
f 268/1351 956/1473 563/1295
f 1113/1577 775/1575 299/176
f 969/1578 1113/1577 1114/1335
f 1073/1207 593/1206 906/1307
f 263/1050 1010/1424 832/1049
f 1050/486 1051/1286 175/781
f 175/781 1051/1286 808/293
f 522/1279 514/531 1078/1261
f 399/1449 746/1540 577/1466
f 247/641 167/299 402/334
f 1095/1584 917/1126 429/1555
f 377/1551 459/1585 865/1552
f 865/1552 510/1549 224/1553
f 519/666 793/820 476/732
f 566/498 187/318 632/71
f 575/94 194/200 451/157
f 982/514 887/385 791/513
f 522/1276 523/1547 815/1150
f 948/1341 970/245 586/1479
f 754/749 242/1586 1002/156
f 36/619 1067/623 122/633
f 1064/1243 1127/1507 241/1244
f 519/666 1105/657 793/820
f 898/306 558/1214 990/1439
f 399/1449 999/1032 618/1076
f 185/249 910/248 402/334
f 380/1587 366/1195 456/1368
f 255/595 713/1033 577/1466
f 465/806 782/1543 659/807
f 735/1188 523/1149 502/1588
f 1143/621 122/633 124/606
f 1158/1554 1086/507 1071/508
f 844/1468 812/728 700/431
f 85/1362 491/1589 79/1358
f 1089/581 279/122 494/123
f 376/438 818/639 1067/623
f 279/1590 1176/983 318/987
f 493/1591 736/1273 479/890
f 1109/1564 455/1592 336/1039
f 1158/1554 510/1549 865/1552
f 1092/509 1086/507 1094/511
f 501/307 968/308 1146/367
f 132/1141 243/1146 371/1593
f 72/137 344/525 441/1220
f 85/216 492/212 491/1359
f 604/103 756/60 1044/1535
f 1001/931 166/1464 1035/1510
f 269/1486 996/1487 1059/1161
f 309/536 1087/1594 322/1337
f 338/1272 1116/1128 98/1129
f 1108/979 287/1490 1179/1168
f 56/1225 816/541 1148/231
f 1088/1177 816/541 56/1225
f 757/394 1084/224 1011/223
f 322/1337 1167/538 309/536
f 320/345 346/342 702/871
f 704/1144 371/1596 243/1143
f 371/1593 705/1140 132/1141
f 933/360 893/1482 288/362
f 293/1597 1106/1057 1102/1056
f 1142/1570 1167/538 349/1571
f 85/216 239/215 492/212
f 507/1169 389/859 388/87
f 543/14 954/9 466/237
f 902/208 901/1115 634/1519
f 279/1590 318/987 1033/1598
f 391/523 766/5 810/589
f 976/489 519/666 476/732
f 879/1515 702/871 1131/1514
f 634/750 1000/751 697/1090
f 441/1220 455/1592 72/137
f 406/1538 1106/1057 293/1597
f 906/1583 922/1301 1073/400
f 880/901 612/1320 1012/900
f 95/1418 821/1471 149/825
f 359/1311 1078/1278 363/1262
f 1172/1600 405/864 409/1065
f 242/1586 796/1601 891/885
f 1087/1488 309/1595 401/874
f 956/387 450/388 962/1294
f 894/928 716/929 415/975
f 306/1531 894/1602 297/1603
f 746/1540 410/1541 341/1222
f 401/874 309/1595 328/537
f 1063/575 534/1078 727/956
f 746/1540 341/1222 577/1466
f 1078/1278 359/1311 413/1277
f 534/1078 1063/575 353/1492
f 842/328 796/884 233/1164
f 289/1604 292/1005 15/1003
f 651/80 1031/346 1023/1605
f 409/1065 718/1167 1023/1605
f 1023/1605 718/1167 651/80
f 54/830 657/375 646/471
f 297/973 599/974 300/1606
f 696/1139 1120/1074 553/1170
f 660/1186 1165/1395 1054/1157
f 654/1414 354/977 848/549
f 306/1531 856/1607 894/1602
f 1126/1499 917/1126 1095/1584
f 1033/1599 668/16 279/122
f 129/663 1136/501 611/381
f 1131/1514 702/871 537/1258
f 306/1531 799/1257 856/1607
f 831/600 329/599 903/628
f 1104/1069 1033/1598 318/987
f 1033/1599 950/745 668/16
f 322/1337 349/1571 1167/538
f 1131/1514 306/1531 297/1603
f 1167/538 344/525 328/539
f 773/994 439/1610 107/862
f 1098/309 191/1189 808/293
f 1/942 722/43 194/200
f 850/991 439/1428 773/993
f 448/1614 432/1611 626/1613
f 812/728 1046/1446 375/1467
f 424/1147 576/22 60/132
f 609/444 9/448 77/688
f 640/1521 1042/1522 532/82
f 47/1118 990/1439 1118/1504
f 317/343 411/1616 1106/1617
f 542/262 42/261 41/1619
f 75/364 84/369 167/365
f 386/1263 361/1562 499/978
f 125/605 777/1417 694/257
f 1099/1463 409/1065 1083/964
f 1178/344 411/1616 317/343
f 1040/1197 455/1592 1109/1564
f 1033/1598 1104/1069 453/1620
f 694/257 777/1417 319/1042
f 399/1449 762/1221 746/1540
f 905/1445 822/1178 237/1062
f 141/1037 700/431 703/432
f 1117/1111 841/236 1043/69
f 435/965 322/1337 1087/1594
f 571/1006 872/1343 139/1091
f 409/1065 405/864 1009/1064
f 411/1616 1178/344 448/1612
f 401/874 328/537 344/527
f 630/106 425/801 118/67
f 618/1581 453/1621 1107/1580
f 493/1591 1055/1061 736/1273
f 570/1376 189/989 907/1248
f 1099/1463 1083/964 1108/979
f 242/1586 754/749 796/1601
f 387/1083 494/123 553/1170
f 438/1331 1009/1064 986/1038
f 776/496 1170/497 1096/456
f 1096/456 845/1165 776/496
f 626/1613 345/1622 332/1623
f 303/138 343/46 641/921
f 641/921 414/1292 72/137
f 464/1625 928/1187 466/237
f 736/1273 1055/1061 1129/996
f 1142/1570 454/1520 441/1220
f 388/87 535/243 507/1169
f 345/1624 343/46 484/857
f 484/857 464/1218 345/1624
f 464/1218 332/1626 345/1624
f 944/761 846/1036 768/480
f 192/1434 1039/1217 1070/75
f 518/447 795/1171 520/1405
f 71/1627 950/745 1033/1599
f 454/1520 1142/1570 764/1075
f 1033/1599 453/1621 618/1581
f 141/1037 703/432 111/1478
f 330/1561 417/1420 334/530
f 908/651 159/649 838/707
f 744/358 857/379 573/854
f 1137/550 352/548 334/530
f 354/977 352/529 848/549
f 1080/1565 367/1040 513/976
f 514/1630 368/1628 365/1629
f 160/397 796/742 754/396
f 365/1631 330/1561 514/533
f 71/1627 1033/1599 618/1581
f 334/530 417/1420 1137/550
f 1112/1334 939/179 943/1308
f 541/1453 365/1629 368/1628
f 242/1586 891/885 1002/156
f 348/228 730/363 926/574
f 738/1632 523/1149 740/1633
f 697/1410 1134/1411 462/1007
f 650/618 646/471 1019/472
f 304/140 71/139 618/1076
f 229/62 324/63 848/551
f 517/963 1115/1634 987/1635
f 368/1452 514/531 353/1492
f 761/794 869/731 137/696
f 287/1119 536/967 438/1636
f 519/666 976/489 643/490
f 1040/1197 72/137 455/1592
f 72/137 1040/1197 954/11
f 343/1638 431/1637 640/1524
f 380/1587 1077/1558 589/1557
f 870/1252 581/747 60/132
f 345/1624 431/1639 343/46
f 284/930 894/928 856/1608
f 795/1171 937/1574 520/1405
f 1009/1064 421/1566 986/1038
f 626/1613 1106/1059 411/1618
f 1101/552 356/553 513/976
f 431/1641 428/1640 473/1441
f 564/947 486/945 776/496
f 1041/1501 412/572 596/1556
f 764/1075 349/1571 322/1337
f 439/1428 850/991 430/1215
f 900/1457 971/558 1117/1111
f 753/282 264/189 88/188
f 124/606 1093/625 1143/621
f 427/1275 437/1572 426/1288
f 998/1643 987/1635 1115/1634
f 1118/1504 990/1439 277/1212
f 113/1448 452/268 603/317
f 987/1635 998/1643 940/1644
f 1068/1316 615/954 310/107
f 198/1526 181/590 905/1445
f 498/1271 366/1195 355/1645
f 47/1118 1118/1504 739/1085
f 1075/1196 1040/1197 1109/1564
f 471/1542 782/1543 465/806
f 1101/552 367/1040 421/1566
f 100/1389 728/1247 660/1536
f 1177/166 767/120 34/158
f 384/982 499/978 513/976
f 522/1279 533/1080 514/531
f 499/978 361/1562 354/977
f 335/1060 237/1062 964/1236
f 386/1263 1078/1261 362/1560
f 362/1560 1078/1261 514/531
f 471/1542 363/1264 945/1325
f 1155/1312 615/870 906/1307
f 99/1242 892/1241 102/1528
f 1171/1559 1077/1558 849/1138
f 52/1160 1019/472 904/913
f 368/1452 353/1492 783/1454
f 366/1195 98/1129 486/945
f 960/1123 516/1646 512/1122
f 1094/511 1171/1559 849/1138
f 866/488 874/393 742/671
f 5/1285 672/665 840/50
f 986/1038 764/1075 438/1331
f 1115/1634 1116/1128 338/1272
f 1065/1383 398/1550 707/1384
f 117/1213 843/1087 277/1212
f 954/11 1075/1196 324/1413
f 439/1647 447/1430 448/1612
f 636/70 295/238 1111/72
f 1135/1648 459/1585 377/1551
f 972/667 742/671 874/393
f 482/1113 1015/1105 564/947
f 775/1575 969/1578 1036/1299
f 553/1170 389/859 507/1169
f 596/1135 138/1048 958/1134
f 706/95 194/200 575/94
f 455/1592 454/1520 336/1039
f 1172/1600 762/1224 530/492
f 310/107 1111/73 557/1442
f 623/588 915/902 624/419
f 557/1302 1111/72 295/238
f 947/1306 82/1323 1155/1312
f 397/1546 305/240 956/390
f 956/390 268/1582 397/1546
f 388/87 389/859 503/15
f 537/1258 317/343 445/351
f 117/1213 602/310 113/1448
f 1156/1650 1163/1011 496/1012
f 545/796 624/419 412/822
f 719/494 530/492 1107/863
f 762/1224 1172/1600 1023/1605
f 525/1223 422/717 341/1222
f 327/10 210/887 303/138
f 568/1398 925/1102 1066/1412
f 526/790 770/754 801/391
f 607/286 556/285 422/717
f 1008/1326 384/982 1156/1024
f 1046/1446 811/1483 375/1467
f 1017/417 1166/424 809/425
f 618/1076 442/960 992/198
f 473/1642 640/1524 431/1637
f 498/1271 355/1645 338/1272
f 937/1574 123/1654 183/1392
f 257/218 1007/1344 601/220
f 556/285 897/1366 422/717
f 383/101 891/885 870/1252
f 812/728 980/433 700/431
f 90/681 451/157 824/873
f 1023/1605 320/345 762/1224
f 1126/1499 1160/1427 358/1127
f 1128/1267 1058/570 847/569
f 453/1620 405/864 1107/863
f 1176/1655 279/1013 1163/1011
f 577/1466 999/1032 399/1449
f 389/859 553/1170 494/123
f 524/145 879/1515 301/1447
f 1055/1061 839/962 1129/996
f 739/1085 277/1212 843/1087
f 1099/1463 1108/979 718/1167
f 1026/833 552/366 245/591
f 217/730 812/728 844/1468
f 163/1185 892/1241 655/1152
f 124/606 935/664 831/600
f 528/207 872/1008 1122/597
f 145/108 667/1443 150/99
f 296/1656 844/1468 670/1041
f 1122/598 872/1343 571/1006
f 470/116 469/170 109/109
f 163/1185 660/1186 728/1563
f 1106/1617 406/1537 317/343
f 406/1537 407/350 445/351
f 875/1133 1110/1022 440/881
f 517/963 1116/1128 1115/1634
f 291/702 238/602 663/1498
f 800/561 94/568 186/1381
f 714/999 26/61 83/304
f 809/270 888/543 994/277
f 366/1195 498/1271 98/1129
f 1179/79 287/1332 437/1330
f 595/1000 111/1478 703/432
f 448/1612 443/1175 439/1647
f 353/1492 533/1080 534/1078
f 431/1639 345/1624 432/1657
f 558/1214 66/192 772/1396
f 362/1560 361/1562 386/1263
f 447/1429 430/1215 432/1658
f 1063/575 921/958 353/1492
f 350/793 828/797 520/1405
f 626/1613 432/1611 345/1622
f 55/457 845/1165 1096/456
f 1104/1069 1101/552 405/864
f 1101/552 421/1566 1009/1064
f 336/1039 367/1040 1109/1564
f 991/773 958/853 138/1649
f 719/494 405/864 487/493
f 758/808 138/1573 155/586
f 87/371 402/334 167/299
f 383/101 575/94 891/885
f 714/999 756/1534 26/61
f 1002/156 685/679 754/749
f 654/1414 1080/1565 513/976
f 427/1275 426/1288 641/921
f 430/1660 428/1640 431/1641
f 905/1445 506/1250 832/1049
f 432/1657 430/1659 431/1639
f 890/1404 1165/1395 689/1184
f 443/1173 107/862 439/1610
f 412/572 140/772 837/256
f 762/1224 320/345 525/872
f 435/965 1087/1594 1108/979
f 320/345 1023/1605 1031/346
f 1090/495 486/945 98/1129
f 412/572 1041/1501 140/772
f 487/493 405/864 1172/1600
f 907/1248 771/1390 91/1377
f 441/1220 1167/538 1142/1570
f 1076/1208 1034/30 811/1653
f 375/31 811/1653 1034/30
f 314/144 965/404 135/143
f 432/1657 448/1612 447/1430
f 456/1368 1077/1558 380/1587
f 819/353 629/1104 1041/771
f 637/118 500/110 951/190
f 530/492 487/493 1172/1600
f 475/1216 428/1640 430/1660
f 405/864 453/1620 1104/1069
f 454/1520 455/1592 441/1220
f 530/1652 399/1579 1107/1580
f 90/812 853/877 583/1530
f 773/994 549/1068 743/1066
f 467/1181 74/1179 966/1342
f 788/47 45/48 393/1231
f 558/1214 602/310 117/1213
f 1155/869 1007/1344 257/218
f 1085/799 1049/518 1081/1456
f 1176/983 1156/1024 384/982
f 782/1543 945/1325 1008/1326
f 1017/98 875/1133 1166/1101
f 849/1138 1077/1558 456/1368
f 983/288 1123/1321 938/1255
f 519/666 643/490 683/653
f 564/947 463/1256 482/1113
f 318/987 942/984 356/553
f 740/804 523/1547 413/1277
f 1161/897 985/1462 375/1190
f 1068/1316 557/1442 922/1303
f 1109/1564 367/1040 1080/1565
f 1080/1565 654/1414 1075/1196
f 151/1662 208/1345 837/256
f 769/17 503/15 494/123
f 1157/1023 738/1632 659/807
f 659/807 738/1632 740/1633
f 1178/344 750/1347 448/1612
f 502/1588 523/1149 738/1632
f 1008/1326 659/807 782/1543
f 659/807 1008/1326 1156/1024
f 260/1353 262/1355 497/160
f 243/1146 132/1141 696/1139
f 751/186 666/1329 579/1327
f 1042/1664 473/1440 1159/1199
f 1145/992 475/1198 850/991
f 475/1216 473/1441 428/1640
f 1037/645 961/866 521/148
f 197/1665 151/296 837/1663
f 1159/1438 532/81 1042/1615
f 396/1328 46/1202 1027/1260
f 837/1491 1001/931 1035/1510
f 930/520 48/1667 1081/1456
f 939/179 305/177 397/1309
f 67/1245 102/1246 728/1247
f 197/1665 837/1663 1035/1666
f 393/1231 437/1572 427/1275
f 532/82 343/46 640/1521
f 516/1646 502/1588 738/1632
f 191/1189 1098/309 501/307
f 1009/1064 438/1331 536/966
f 1081/1456 48/1667 973/1567
f 1145/1200 773/994 743/1066
f 656/578 767/120 1177/166
f 1098/309 312/266 968/308
f 279/122 1089/581 496/583
f 708/944 68/934 169/487
f 826/283 767/44 656/146
f 524/145 702/871 879/1515
f 1156/1024 496/1651 877/584
f 488/1669 1014/1450 530/1661
f 379/1121 1095/1584 429/1555
f 1168/1073 387/1083 553/1170
f 762/1221 1014/1450 488/1669
f 617/414 500/110 145/108
f 1166/424 1047/56 807/57
f 931/136 295/238 179/135
f 228/1360 224/1553 510/1549
f 98/1129 493/1591 1090/495
f 262/1355 260/1353 836/1354
f 437/1330 393/1191 1179/79
f 403/504 932/1315 382/1356
f 1035/1668 1064/1243 197/324
f 959/1400 890/1404 689/1184
f 955/1029 74/505 450/1348
f 944/761 1045/1002 846/1036
f 1095/1584 512/1122 1126/1499
f 1032/1425 907/1248 189/989
f 322/1544 287/1289 511/1287
f 845/1165 707/1384 776/496
f 299/176 1112/1334 1113/1577
f 1176/1655 1163/1011 1156/1650
f 1160/1427 1126/1499 512/1122
f 516/1646 960/1123 527/1232
f 828/797 378/386 817/384
f 429/1569 483/1084 1168/1073
f 1012/900 1018/1063 335/1060
f 1065/1383 845/1165 1021/1166
f 1090/495 508/889 1170/497
f 490/1265 390/1026 946/1251
f 502/1588 516/1646 735/1188
f 1023/1605 1172/1600 409/1065
f 1170/497 508/889 778/1274
f 527/1232 960/1123 736/1273
f 479/890 1090/495 493/1591
f 1136/501 129/663 481/503
f 860/458 1096/456 1170/497
f 375/1467 985/814 979/815
f 415/975 297/973 894/928
f 707/1384 463/1256 776/496
f 1070/75 1039/1217 1124/879
f 527/1232 735/1188 516/1646
f 406/1538 293/1597 799/1609
f 573/854 857/379 65/932
f 565/738 5/1285 233/479
f 212/12 928/13 464/1218
f 266/1254 938/1255 946/1251
f 337/1151 878/149 457/217
f 1160/1427 516/1646 738/1632
f 1116/1128 517/963 529/1130
f 530/1661 1014/1450 399/1449
f 1029/1423 1010/1424 195/1422
f 529/1130 493/1591 98/1129
f 384/982 513/976 942/984
f 767/44 720/45 11/1670
f 226/1193 1029/1423 222/1421
f 803/961 1055/1061 529/1130
f 68/934 708/944 166/1464
f 750/1347 443/1175 448/1612
f 340/990 1032/1425 189/989
f 778/1274 960/1123 860/458
f 189/989 1066/1412 925/1102
f 839/962 987/1635 989/995
f 641/921 788/47 393/1231
f 1055/1061 493/1591 529/1130
f 1063/575 1006/955 989/995
f 946/128 1153/89 790/182
f 462/1007 1134/1411 872/1008
f 839/962 989/995 1006/955
f 517/963 803/961 529/1130
f 790/1253 266/1254 946/1251
f 839/962 517/963 987/1635
f 1006/955 727/956 298/1296
f 856/1608 293/1597 284/930
f 522/1279 815/1095 533/1080
f 293/1597 856/1608 799/1609
f 905/1445 597/1282 506/1250
f 1115/1634 338/1272 998/1643
f 987/1635 1003/577 989/995
f 217/730 844/1468 296/1656
f 176/6 766/5 391/523
f 732/847 708/944 884/409
f 413/1277 471/1310 740/804
f 921/958 1063/575 669/576
f 940/1644 1003/577 987/1635
f 911/19 290/1015 4/1
f 1125/1071 1129/996 839/962
f 4/1 827/2 911/19
f 402/334 87/371 116/333
f 830/162 1048/898 12/972
f 294/55 1058/565 1128/1340
f 661/382 129/663 611/381
f 465/803 740/804 471/1310
f 736/1273 1129/996 614/997
f 997/880 914/96 251/172
f 641/921 426/1288 414/1292
f 411/1618 448/1614 626/1613
f 516/1646 1160/1427 512/1122
f 875/1133 925/1102 1166/1101
f 566/39 569/235 325/1671
f 1160/1427 1157/1023 877/584
f 893/1482 933/360 948/1341
f 1112/1334 299/176 939/179
f 407/350 799/1257 913/349
f 1138/1367 422/717 897/1366
f 241/323 1127/1512 737/776
f 908/651 838/707 544/512
f 556/285 255/595 897/1366
f 747/658 159/649 908/651
f 379/1121 512/1122 1095/1584
f 149/825 988/1469 286/410
f 827/2 3/3 2/522
f 412/822 62/546 692/559
f 445/351 317/343 406/1537
f 893/1482 948/1341 586/1479
f 1006/955 1125/1071 839/962
f 110/426 394/737 624/419
f 297/1603 300/1516 1131/1514
f 306/1531 1131/1514 537/1258
f 169/487 851/899 1051/1286
f 555/937 1025/380 851/899
f 129/663 571/1006 481/503
f 730/363 554/335 133/1527
f 1084/224 874/393 858/332
f 1146/367 822/1178 552/366
f 829/818 1164/850 600/587
f 1059/1161 996/1487 794/908
f 559/1109 121/1089 1062/1148
f 1122/598 935/664 24/604
f 558/1214 277/1212 990/1439
f 634/750 901/1503 863/752
f 1160/1427 738/1632 1157/1023
f 644/1364 116/333 87/371
f 616/620 859/624 854/632
f 81/1349 936/506 280/1125
f 460/617 86/239 647/232
f 1173/848 779/952 1154/953
f 325/1671 69/41 566/39
f 572/1018 1088/1177 27/1017
f 1088/1177 51/1176 561/540
f 762/1221 488/1669 530/1661
f 573/856 709/1227 958/1137
