# 1919 vertices, 3409 faces
mtllib Tile_+000_+002.mtl
v 180.5059 600.193 28.12234
v 182.085 600.193 28.91407
v 189.1416 600.193 37.84735
v 187.8411 600.193 37.83929
v 184.7848 600.193 33.70819
v 185.1575 600.193 34.45422
v 185.1339 600.193 34.39441
v 185.1088 600.193 34.32575
v 135.0005 600.193 28.20279
v 135.0707 600.193 28.11205
v 146.2364 600.193 24.09852
v 145.5028 600.193 24.1405
v 149.8432 600.193 24.39652
v 135.468 600.193 27.82896
v 136.2761 600.193 27.21291
v 139.2048 543.3071 36.02577
v 136.0142 600.193 27.34863
v 189.3153 572.6283 32.17724
v 173.5059 600.193 29.54322
v 173.6796 600.193 29.54048
v 173.1101 600.193 29.60936
v 186.202 600.193 37.05672
v 186.046 600.193 36.59028
v 185.9535 600.193 36.33832
v 193.2785 600.193 37.80225
v 191.9192 600.193 37.79882
v 176.5599 600.193 28.82372
v 176.1612 600.193 28.82283
v 166.8668 600.193 29.35114
v 168.2499 600.193 30.06195
v 168.0393 600.193 29.7622
v 167.4788 600.193 29.81469
v 169.0484 600.193 30.21714
v 182.3333 600.193 28.96125
v 182.4418 600.193 29.12251
v 182.3817 600.193 29.0552
v 139.412 600.193 25.7228
v 138.9248 600.193 25.60452
v 191.0168 600.193 37.83162
v 191.2331 509.0611 51.60032
v 189.8839 600.193 37.82961
v 184.3274 600.193 32.84068
v 199.5315 552.7586 39.23868
v 186.9923 597.8025 28.58257
v 184.1453 600.193 32.47459
v 183.7424 600.193 31.52636
v 195.7747 583.1696 26.03662
v 183.6913 600.193 30.81334
v 185.6838 488.3038 42.95219
v 178.5063 558.4798 40.79765
v 138.1011 545.5735 34.25529
v 200.1141 600.193 37.44287
v 199.7869 600.193 37.48562
v 159.0347 556.4336 24.69463
v 129.5677 587.3563 33.1955
v 185.2775 594.0088 25.39685
v 161.2026 600.193 28.27872
v 159.0902 600.193 27.60126
v 143.253 540.7588 24.91794
v 161.7063 600.193 28.40667
v 161.373 600.193 28.32197
v 166.0555 600.193 29.17205
v 163.352 600.193 28.9118
v 138.1609 545.1673 30.91755
v 165.7118 600.193 29.1218
v 164.2172 600.193 29.24761
v 190.573 594.0608 30.16883
v 154.8785 600.193 25.25043
v 196.9429 578.3085 25.26783
v 142.4019 600.193 24.32862
v 199.7749 575.4745 25.75306
v 142.1287 600.193 24.28437
v 142.0344 600.193 24.4965
v 199.4638 515.206 51.75336
v 134.4566 520.8469 41.92609
v 191.1978 585.5841 24.81853
v 157.3567 600.193 27.03876
v 156.6061 600.193 26.77465
v 176.6646 592.8397 30.56883
v 149.4826 566.8449 22.67066
v 172.0176 600.193 30.31585
v 144.45 583.1341 33.63523
v 189.9584 596.4196 31.12151
v 171.7996 600.193 30.1962
v 171.5089 600.193 30.15088
v 170.8159 600.193 30.40989
v 190.5235 594.2775 30.0627
v 194.2003 600.193 37.76218
v 195.0109 600.193 37.75588
v 137.1665 600.193 26.12865
v 137.0293 600.193 26.37016
v 147.3651 566.5731 22.35793
v 187.7877 565.5089 35.2434
v 195.4143 600.193 37.73509
v 196.4118 600.193 37.70646
v 160.464 587.9822 29.00854
v 196.7669 600.193 37.67557
v 155.339 567.4107 29.66153
v 147.0178 573.361 36.09398
v 197.6718 600.193 37.60352
v 198.7708 600.193 37.53989
v 185.2101 596.6789 25.87203
v 199.0315 600.193 37.52573
v 191.3317 584.3399 24.67228
v 149.2302 572.016 36.47108
v 187.2697 594.651 26.29157
v 198.8927 600.193 37.53375
v 167.6302 492.5726 46.11983
v 154.2213 600.193 25.09875
v 152.2161 600.193 25.0147
v 151.2403 600.193 24.67824
v 184.7874 595.9844 24.95822
v 148.5547 600.193 24.08086
v 147.3027 600.193 24.04833
v 156.051 600.193 26.32085
v 155.9177 600.193 26.24817
v 155.8543 600.193 26.21937
v 178.7339 600.193 28.43182
v 178.4126 600.193 28.34986
v 196.434 498.6511 40.98402
v 191.5334 498.4312 47.26399
v 200.193 444.9264 52.5102
v 200.193 495.3959 46.55498
v 200.193 451.9074 48.09873
v 200.193 505.6664 40.38084
v 200.193 451.6937 49.25286
v 146.1272 562.104 30.43433
v 181.4774 560.9422 42.07117
v 188.5549 597.5485 31.90308
v 200.193 490.0544 45.56194
v 184.4276 597.7176 25.8039
v 200.193 488.9326 47.07566
v 200.193 564.4645 27.84293
v 200.193 564.8314 27.43881
v 200.193 452.2216 46.62347
v 200.193 564.1846 28.5342
v 200.193 480.4958 52.23759
v 198.9128 574.6877 25.43827
v 188.3914 570.3674 39.95624
v 200.193 578.5561 25.84286
v 191.6001 594.4813 35.8124
v 200.193 578.2281 25.92702
v 200.193 565.6101 27.24721
v 200.193 577.1953 25.91875
v 126.2764 566.7092 24.02191
v 188.4153 597.9576 32.66533
v 189.6335 558.8183 42.31339
v 200.193 576.5083 25.9464
v 200.193 536.1754 33.64165
v 146.6129 552.2554 49.11089
v 180.5065 578.1385 36.64663
v 200.193 448.0604 52.47546
v 188.4041 590.4618 25.43483
v 193.7431 582.4773 24.70551
v 135.9089 546.5644 27.90043
v 200.193 448.0168 52.44079
v 200.193 413.5671 48.64553
v 184.8852 560.7786 42.33369
v 200.193 416.4247 48.65225
v 200.193 436.2109 49.64248
v 200.193 440.9948 52.06311
v 162.0309 524.9122 42.68633
v 200.193 597.2826 37.42561
v 200.193 547.8384 39.4086
v 200.193 560.4832 33.58658
v 191.9986 506.4159 48.36048
v 184.7806 596.0684 24.77729
v 189.4539 596.8083 34.55303
v 145.3765 567.8115 26.79257
v 177.9793 561.4183 41.92345
v 200.193 561.5241 32.91599
v 200.193 562.2754 32.87951
v 145.0581 557.5585 25.40202
v 200.193 451.5087 49.65586
v 200.193 559.3516 34.15134
v 200.193 579.9899 31.38629
v 200.193 496.4591 45.65974
v 200.193 579.3527 32.9229
v 197.4898 576.9407 25.3165
v 145.162 550.0939 25.73028
v 200.193 579.0984 33.54578
v 200.193 580.0614 32.37151
v 187.3382 593.63 25.72987
v 200.193 579.1589 33.81011
v 185.8827 594.4553 25.76139
v 151.5327 578.4971 33.81229
v 196.538 582.0904 25.79568
v 185.2936 596.51 25.41516
v 197.4121 443.4461 53.27193
v 173.5286 557.5531 40.1196
v 200.193 579.6045 34.76982
v 178.9015 472.8779 53.3211
v 200.193 579.8768 35.56166
v 200.193 437.2066 47.19153
v 200.193 437.4812 47.95378
v 195.5714 583.9761 26.52264
v 169.8023 517.1802 25.98705
v 178.9185 502.3816 32.52908
v 181.5827 506.3104 31.58335
v 182.3697 499.5575 33.77615
v 186.5634 501.7023 35.1959
v 188.162 502.9001 35.60635
v 173.9013 516.1367 25.931
v 166.6467 521.008 23.72279
v 172.6032 516.277 26.05301
v 178.204 505.599 31.03763
v 177.6876 501.3498 32.16768
v 161.1112 516.7545 51.57578
v 200.193 437.5157 47.67227
v 139.0234 594.5784 27.67616
v 181.5279 576.7065 36.38494
v 200.193 580.3315 32.1313
v 200.193 580.2818 32.02898
v 130.4628 583.2377 32.87661
v 200.193 424.9809 42.5041
v 200.193 563.7386 32.88675
v 200.193 563.9114 32.28563
v 200.193 474.8943 46.90771
v 185.2544 579.5244 30.74304
v 193.6503 593.3116 37.97068
v 198.7776 581.742 38.94486
v 187.6214 597.3649 28.46478
v 200.193 474.9171 46.12537
v 200.193 562.4854 32.83266
v 198.4757 584.7613 37.84377
v 200.193 563.0044 32.81137
v 198.7407 584.3048 38.57993
v 200.193 471.5922 45.93802
v 183.7328 518.2321 35.56322
v 195.3842 583.4808 25.03938
v 134.6592 560.4024 31.14986
v 200.193 573.2565 27.04431
v 200.193 572.8653 27.06641
v 185.3708 583.1649 30.8273
v 169.4844 550.726 28.25423
v 200.193 571.8548 26.75859
v 128.7625 558.9684 26.42384
v 174.3939 555.3221 37.6022
v 200.193 574.0016 26.95737
v 200.193 570.9861 26.40243
v 184.8807 572.0951 36.12896
v 193.3147 579.8448 24.64919
v 200.193 571.4601 26.5509
v 189.3092 546.3339 30.79754
v 200.193 574.6193 26.77172
v 200.193 575.3215 26.24643
v 200.193 575.79 25.89199
v 180.5908 600.1022 27.88414
v 200.193 519.7752 49.91883
v 200.193 568.8586 26.60008
v 200.193 569.8768 26.46975
v 200.193 579.6425 25.67008
v 200.193 579.4932 25.63885
v 200.193 579.66 30.94701
v 200.193 580.2363 28.09243
v 200.193 542.9766 34.00601
v 200.193 558.6773 35.59837
v 200.193 474.9591 44.60629
v 200.193 505.5057 45.56356
v 173.56 600.0857 29.49427
v 200.193 519.2747 52.06739
v 200.193 498.0801 46.66589
v 200.193 503.853 45.99831
v 178.587 600.0696 28.15397
v 200.193 495.6748 46.56249
v 200.193 495.4545 46.55512
v 200.193 507.0923 47.31661
v 200.193 507.7838 51.27552
v 200.193 502.3603 46.18594
v 200.193 500.7777 46.44518
v 200.193 492.6413 44.63931
v 200.193 527.6487 40.20022
v 200.193 441.6662 52.40536
v 200.193 443.818 53.46666
v 200.193 519.6939 50.19409
v 200.193 519.7657 49.9591
v 200.193 424.4371 43.6828
v 184.1115 596.7825 24.6286
v 200.193 585.711 36.23439
v 200.193 580.8188 36.11317
v 200.193 582.0252 36.14337
v 198.7643 573.5204 26.29882
v 200.193 582.6943 36.38008
v 200.193 582.1742 36.01839
v 200.193 582.2424 36.10271
v 200.193 581.6124 36.50937
v 200.193 581.1461 36.27201
v 200.193 580.5411 35.97813
v 187.405 597.8198 29.15985
v 192.2596 593.97 36.99634
v 200.193 579.9578 35.75341
v 200.193 546.4485 34.65951
v 200.193 546.7911 35.65236
v 200.193 586.5006 36.37132
v 200.193 586.0526 36.37864
v 200.193 588.8413 35.88625
v 200.193 588.7376 36.24043
v 200.193 588.5157 36.1698
v 200.193 588.4878 36.14093
v 169.0614 536.0876 37.62675
v 200.193 595.1847 37.40136
v 200.193 594.906 37.40315
v 200.193 594.7593 37.3933
v 200.193 594.3952 37.40015
v 200.193 595.3786 37.40541
v 200.193 595.7053 37.41203
v 200.193 595.5782 37.4057
v 200.193 585.6921 36.23353
v 200.193 482.946 52.16531
v 200.193 585.664 36.23462
v 200.193 594.1732 34.30347
v 200.193 592.917 35.86869
v 200.193 583.2631 36.55214
v 200.193 582.9279 36.56435
v 200.193 589.506 35.38794
v 200.193 592.7986 34.22579
v 200.193 591.4009 34.74746
v 200.193 429.7696 42.04107
v 200.193 596.0569 37.42868
v 200.193 483.7499 52.19419
v 200.193 597.8898 37.40346
v 200.193 598.6013 37.38665
v 200.193 597.0987 37.41216
v 200.193 596.7616 37.42756
v 200.193 480.0428 52.23716
v 200.193 593.3816 37.71045
v 200.193 593.1172 37.72714
v 200.193 588.4115 36.15296
v 200.193 587.9149 36.30212
v 200.193 593.0376 37.69021
v 200.193 545.9083 34.48275
v 200.193 544.4862 34.24481
v 200.193 487.5759 49.01554
v 200.193 519.1076 52.0367
v 200.193 474.9774 43.13495
v 200.193 518.1129 51.99939
v 200.193 549.2254 41.30449
v 200.193 511.7078 51.4892
v 200.193 475.0828 41.87916
v 200.193 475.0335 42.2232
v 200.193 504.1229 42.04601
v 200.193 505.1913 41.48972
v 200.193 521.5685 41.99718
v 200.193 520.9413 46.14777
v 200.193 521.2027 45.01763
v 200.193 552.562 40.2556
v 200.193 551.9712 41.31096
v 200.193 507.5603 50.99071
v 200.193 589.339 35.50781
v 200.193 589.2756 35.55305
v 200.193 451.4237 51.54493
v 200.193 449.6026 52.68368
v 141.7204 552.7983 44.73602
v 200.193 451.3768 52.91671
v 146.3593 561.8562 30.59611
v 200.193 468.6843 47.65562
v 200.193 507.5822 51.19349
v 200.193 507.5911 51.25732
v 176.3139 599.9649 28.60696
v 200.193 486.9029 52.89598
v 200.193 551.4119 41.71954
v 200.193 485.8604 52.52116
v 200.193 484.2145 52.18718
v 200.193 477.3499 52.31525
v 184.4176 600.1356 32.7931
v 200.193 475.838 52.35435
v 200.193 546.8751 37.0037
v 200.193 551.0088 41.91941
v 200.193 550.0204 42.27208
v 200.193 598.6558 37.38549
v 200.193 598.7066 37.38611
v 200.193 475.1873 48.63416
v 200.193 475.1763 50.66345
v 200.193 580.2826 27.54943
v 200.193 580.5756 26.21267
v 124.1603 561.538 22.67944
v 148.3068 599.7966 23.74666
v 200.193 506.9018 45.30672
v 200.193 506.9924 46.70644
v 191.6407 588.9128 29.01603
v 200.193 599.5991 37.44466
v 200.193 599.3631 37.42334
v 155.9258 600.1449 26.22207
v 200.193 599.4584 37.43864
v 161.3169 600.066 28.27547
v 200.193 599.5378 37.44633
v 200.193 593.685 37.62925
v 166.0707 600.0564 29.11954
v 177.9923 519.8416 37.75943
v 200.193 594.0002 37.40217
v 187.3984 598.6652 33.8393
v 185.0782 598.5571 27.00307
v 186.3294 598.7219 28.94753
v 180.2039 599.3518 26.26749
v 144.3656 596.879 22.43549
v 200.193 592.9623 36.77679
v 170.4199 598.2373 31.19416
v 169.7654 596.6176 31.47612
v 200.193 592.954 36.96856
v 200.193 464.1812 47.31194
v 187.034 599.2742 35.50749
v 189.4604 599.5664 37.77834
v 182.1582 599.8213 25.87429
v 200.193 516.1978 51.95982
v 200.193 515.0915 51.85957
v 184.9209 597.891 26.26233
v 186.4211 598.7836 31.03535
v 186.9951 598.8801 34.29296
v 181.2034 597.3423 25.74598
v 184.7142 599.8027 31.61957
v 185.9176 598.4506 27.72786
v 186.9828 599.0342 34.60351
v 185.703 599.2029 31.28164
v 200.193 514.2809 51.77687
v 188.3393 597.8958 34.83715
v 184.3298 599.9031 29.72432
v 187.1015 598.6322 31.95183
v 200.193 467.5949 47.5644
v 200.193 468.0051 47.5975
v 200.193 555.4443 37.84547
v 200.193 420.0516 45.2266
v 194.5385 596.1966 37.69792
v 146.8772 595.1047 24.47501
v 185.7875 598.4037 27.75926
v 200.193 421.5843 44.94888
v 200.193 423.6615 44.17471
v 200.193 422.3804 44.78933
v 200.193 534.4383 34.34081
v 200.193 529.9474 37.63722
v 200.193 417.728 45.9241
v 200.0574 599.0699 37.41748
v 165.183 596.2924 29.3653
v 162.7088 523.2144 41.7746
v 200.193 462.4724 46.82111
v 140.6035 557.938 34.70206
v 200.193 459.0127 45.97724
v 200.193 557.4141 36.84547
v 167.3099 527.487 40.90776
v 200.193 556.9695 37.21891
v 196.8975 582.6807 26.40123
v 190.6509 591.9152 28.08297
v 200.193 522.6513 41.16983
v 197.9411 587.7938 36.89654
v 200.193 521.6573 41.52827
v 170.3199 596.9781 31.4558
v 135.3511 596.1238 30.43075
v 170.898 596.4773 30.63334
v 186.3447 599.6032 34.98135
v 144.1065 539.7781 30.87473
v 186.3285 599.3861 34.02575
v 200.193 599.1443 37.40375
v 200.193 599.1142 37.39471
v 193.7683 599.0485 37.75934
v 187.5674 599.4214 37.75018
v 185.6474 599.2477 29.42664
v 200.193 552.8513 39.84941
v 188.7915 598.0716 37.59985
v 185.8773 599.3509 32.63536
v 200.193 553.3147 38.98001
v 135.0945 600.0566 28.13083
v 136.9539 597.0057 28.63564
v 140.3782 596.1558 29.43986
v 200.193 503.6943 42.46561
v 148.788 596.9548 23.64797
v 142.9577 595.6007 23.65522
v 185.4981 449.1563 52.35188
v 197.5994 595.9029 37.84591
v 190.3435 597.9092 37.71786
v 142.1364 597.7879 24.05056
v 195.7727 598.3049 37.79994
v 199.2784 598.2409 37.71399
v 200.193 501.4924 42.86722
v 184.4961 519.6093 35.20913
v 177.6688 592.5138 27.93587
v 152.5564 594.1746 26.03474
v 200.193 540.0714 33.7724
v 200.193 540.2869 33.79634
v 200.193 500.982 42.99183
v 141.6297 598.2488 22.51742
v 200.193 499.9923 43.5103
v 200.193 527.5963 40.33021
v 200.193 527.4954 40.32579
v 200.193 498.6612 44.3232
v 200.193 535.356 33.5704
v 140.2435 597.6361 24.72501
v 199.9254 599.549 37.48019
v 200.193 534.7029 33.72702
v 176.0778 511.6209 51.86534
v 200.193 534.9106 33.32467
v 170.7898 521.8769 37.89473
v 200.193 505.1379 40.33173
v 184.518 599.3866 27.23522
v 200.193 498.0615 44.35038
v 200.193 497.7064 44.0155
v 147.1011 598.7557 23.1353
v 200.193 487.4674 49.64352
v 146.0849 597.3002 22.27867
v 144.2189 598.4271 23.09137
v 200.193 487.0954 52.11378
v 172.9116 598.273 28.3036
v 200.193 495.9279 43.48111
v 200.193 497.0308 43.05866
v 183.4345 598.9868 25.73763
v 182.9898 598.2389 24.55077
v 200.193 505.0629 40.08052
v 142.309 596.5715 22.43494
v 175.8772 598.1398 27.91343
v 195.2831 599.9038 37.7522
v 200.193 504.9109 40.0352
v 160.7456 594.1507 28.00019
v 196.4884 599.9689 37.7146
v 200.193 501.2633 41.44226
v 200.193 504.1899 40.29551
v 200.193 417.7324 48.61496
v 172.3575 598.3654 31.41671
v 185.4299 598.7841 27.49695
v 172.7186 598.5592 29.29339
v 197.5523 599.0613 37.69815
v 200.193 418.0879 47.49652
v 200.193 475.2554 41.24905
v 198.6879 598.7641 37.66652
v 192.1597 597.1221 37.72532
v 199.3658 599.1217 37.57971
v 200.193 472.171 45.50755
v 173.9887 597.1368 30.43879
v 187.2479 598.6681 33.78858
v 200.193 472.7515 45.16152
v 199.4397 599.7486 37.53971
v 200.193 546.9113 37.99037
v 184.4036 597.7765 25.6022
v 160.9567 597.8302 27.86537
v 200.193 546.9226 37.73052
v 173.034 599.125 31.40803
v 200.193 475.0123 42.36914
v 200.193 474.7751 42.6785
v 200.193 474.5689 43.03523
v 200.193 474.1727 43.42035
v 181.1204 599.1633 25.09293
v 171.7182 517.1455 24.91266
v 181.8588 599.5246 24.70322
v 187.1177 546.0652 30.50279
v 200.193 452.8954 45.95157
v 181.384 599.8316 24.92473
v 182.3591 599.8255 25.53165
v 185.7861 599.1037 28.51244
v 200.193 456.4258 45.93893
v 200.193 454.1414 45.68874
v 171.145 597.2827 31.39592
v 200.193 453.0852 45.79731
v 200.193 431.9176 43.47173
v 200.193 434.5011 45.06599
v 168.9294 599.4706 31.35006
v 169.3746 594.8746 30.78739
v 167.8262 597.8225 30.51196
v 200.1006 527.4928 40.28668
v 200.193 600.193 37.4327
v 170.1208 595.6643 30.65664
v 169.5287 595.8487 31.17121
v 172.3399 598.1553 30.52626
v 168.7258 598.416 31.29355
v 152.3581 598.9169 24.46811
v 169.0705 527.7096 40.29711
v 151.1644 597.6488 23.79974
v 164.6384 485.4662 48.97913
v 178.7656 596.463 26.88715
v 175.2902 595.3934 28.11974
v 131.4424 598.2309 30.57275
v 162.7825 599.4091 28.66496
v 137.3103 598.9199 26.58429
v 164.9285 598.7785 29.47719
v 138.1017 599.2945 24.98312
v 133.3146 597.4711 30.29823
v 183.7223 580.6628 30.77573
v 135.5232 598.741 27.49754
v 161.4475 470.1078 50.18864
v 177.4993 598.8805 26.68183
v 191.4452 599.3668 37.76576
v 166.0249 599.6798 30.10883
v 150.3206 477.0479 47.96723
v 150.366 599.5306 24.06766
v 158.5375 599.337 27.15523
v 153.3131 596.5718 24.35104
v 158.9882 519.4353 43.55179
v 190.8448 557.3897 37.56252
v 149.1325 598.7044 22.61589
v 155.0196 599.9314 25.01896
v 173.7267 530.0069 33.67001
v 178.8501 598.2222 26.60079
v 169.2562 485.2457 48.45432
v 165.812 517.306 39.67264
v 154.6416 547.0179 56.32019
v 149.8579 541.7614 54.50322
v 144.2924 558.0445 38.26768
v 199.0581 521.1751 40.94099
v 140.7352 551.7012 25.47154
v 200.1569 519.7463 49.9579
v 189.838 596.461 31.78518
v 184.2793 451.2536 49.63124
v 143.1518 537.2684 50.34194
v 195.4581 454.2661 48.80581
v 168.3908 520.8089 23.40246
v 129.6724 558.3438 22.95683
v 196.4037 416.6903 46.18748
v 164.9464 527.5969 19.00472
v 195.3839 588.5158 37.3393
v 190.2649 422.2071 44.55397
v 143.8147 546.7669 47.65018
v 185.0017 536.0781 29.98394
v 185.74 542.6295 30.23365
v 193.3596 500.6492 48.48714
v 180.4778 462.5329 50.91501
v 164.6035 516.9982 27.74471
v 192.8975 501.3225 38.36679
v 187.2307 564.1085 41.5872
v 169.6061 510.1628 29.85229
v 174.9373 502.1427 31.91898
v 127.3972 557.4708 22.69274
v 179.5188 502.417 31.69005
v 179.0057 455.5932 47.79115
v 156.396 564.4962 24.18286
v 181.2329 460.3751 46.96114
v 139.167 568.0827 28.51155
v 194.733 486.9979 52.02107
v 199.0163 503.4042 41.19931
v 174.4851 477.304 52.65436
v 199.36 589.6981 37.03626
v 185.3179 564.0621 41.88922
v 189.5945 561.9938 35.57033
v 145.0823 557.3373 34.5976
v 197.9164 528.0413 37.60785
v 189.7058 518.939 37.91246
v 187.6953 565.9731 40.52966
v 145.8194 558.8077 33.31597
v 192.774 474.3716 49.32906
v 175.9145 538.296 28.70528
v 197.1345 496.5559 47.65966
v 177.9659 529.0391 34.59243
v 194.3519 547.8781 33.38429
v 199.5389 441.0336 52.09459
v 139.3876 541.0117 36.00538
v 198.1993 511.9182 51.16564
v 139.2495 540.3929 43.88554
v 155.8457 489.31 49.12252
v 144.0872 538.5427 34.47513
v 195.6763 582.4315 24.76888
v 199.6301 565.0201 27.16687
v 189.1123 502.1397 47.11361
v 177.6969 549.0585 29.31931
v 190.0138 594.1897 28.26335
v 149.8537 565.8456 51.44511
v 188.1815 559.7388 37.56086
v 194.2833 473.5926 47.64818
v 163.8576 482.9663 51.1836
v 200.189 475.2556 41.24468
v 190.7022 594.1225 30.21069
v 167.6567 590.3095 29.95201
v 172.0753 517.5046 38.83812
v 131.7811 503.6698 47.51175
v 140.034 533.737 36.68731
v 137.9537 545.4243 24.03164
v 168.6232 496.2558 48.48687
v 138.8343 544.8995 32.71051
v 165.0955 490.5082 46.88882
v 197.3729 590.4161 37.97666
v 139.404 532.4011 40.42365
v 194.6191 451.3843 51.40873
v 189.044 500.4922 36.38858
v 199.1999 592.5828 35.43666
v 141.9367 545.8866 20.79798
v 165.2116 488.4619 45.76676
v 174.4769 534.678 28.33069
v 141.9494 540.1796 26.56322
v 199.5919 564.6405 33.06477
v 190.3788 592.679 27.02272
v 171.0471 554.1361 28.21303
v 165.2621 494.371 49.30466
v 190.2551 591.5072 26.19497
v 172.8917 587.3309 31.4235
v 176.607 498.3365 48.03548
v 189.9813 592.8701 26.77784
v 129.0119 554.1298 25.20432
v 128.1055 556.161 25.11776
v 125.9253 563.1246 22.02681
v 175.0049 530.3852 28.15186
v 192.8808 475.1764 51.91959
v 191.9194 593.0742 33.11928
v 147.8041 560.8172 32.87289
v 199.3067 594.7026 37.54919
v 127.1181 554.9739 23.44397
v 129.9332 563.7151 22.27279
v 199.3644 594.856 37.72004
v 163.7224 533.7774 37.10794
v 133.378 576.6052 31.43139
v 194.0016 571.7607 32.20729
v 153.9695 571.3031 35.66235
v 123.4052 561.6173 23.14925
v 198.8506 551.3979 40.98402
v 187.5822 587.2998 25.85029
v 161.9027 495.2976 49.42079
v 162.7521 494.0388 49.63014
v 190.9347 588.6874 26.26083
v 138.0821 527.9904 40.29728
v 136.8971 486.9089 45.15197
v 191.5771 595.7123 37.69692
v 179.1549 511.347 29.05846
v 151.9593 503.6474 50.68433
v 134.3171 498.8502 46.47794
v 199.6349 472.3498 45.49608
v 185.2837 574.7408 31.60625
v 142.697 547.534 23.24862
v 153.0699 558.8335 38.46278
v 181.1113 595.5666 26.14351
v 150.0963 554.1878 24.8875
v 154.9969 554.6151 25.23786
v 154.3429 555.4085 25.07204
v 155.6641 503.5573 48.86567
v 195.6724 568.8468 33.4315
v 135.0193 547.195 25.7296
v 132.039 491.6998 44.32158
v 198.1607 561.2127 32.60432
v 191.2885 505.0408 47.39387
v 158.303 554.2936 25.77597
v 147.3746 545.653 25.77501
v 194.128 581.1852 24.79257
v 173.892 553.7571 35.17389
v 197.7652 550.7467 41.87
v 173.4267 555.8231 38.45353
v 156.8561 556.9065 23.99095
v 199.935 572.9705 26.94863
v 198.2909 551.7642 41.28377
v 189.4333 548.6237 30.91346
v 197.7088 546.4129 34.10868
v 141.7102 524.797 39.14306
v 200.1298 540.0746 33.76301
v 161.785 554.809 26.16806
v 133.3397 550.1116 28.839
v 170.0602 482.8927 52.17115
v 199.5353 502.8867 42.3896
v 196.097 430.1532 51.80096
v 173.5821 495.4994 47.57819
v 199.4233 546.9928 37.54047
v 187.0058 425.9664 47.35334
v 198.7631 546.9627 35.89193
v 165.9551 557.2887 26.88088
v 186.9671 552.8212 34.94593
v 149.4439 545.9195 26.79173
v 189.353 550.6434 32.90181
v 186.6971 552.9122 33.97203
v 161.2031 504.9016 51.85843
v 192.1398 592.7628 34.04641
v 188.2053 504.7071 48.18648
v 177.4941 511.177 52.54941
v 191.9814 593.4361 33.7497
v 191.0813 420.1684 49.10081
v 185.3382 548.909 30.43616
v 130.6088 552.9773 26.67026
v 192.1618 452.7435 51.22055
v 195.4321 570.0302 33.35769
v 130.7983 486.3176 44.19213
v 161.2268 523.0807 42.51943
v 198.128 427.7442 43.91945
v 178.0671 554.1906 29.78088
v 185.3371 471.999 51.03663
v 159.7671 539.9822 30.73557
v 196.3229 479.249 52.09822
v 196.8451 506.4923 46.38744
v 198.15 547.2334 36.51416
v 198.7069 487.0634 52.05873
v 196.257 429.856 51.6896
v 186.6101 576.5004 30.8857
v 145.9729 539.3105 51.88469
v 191.4729 561.4641 34.90855
v 179.5553 485.9924 43.25823
v 199.086 591.8294 37.32293
v 153.0166 563.6258 35.01152
v 142.5767 553.1029 25.75889
v 138.6357 553.9912 39.38806
v 180.0456 520.4019 37.58807
v 153.8492 563.5431 34.01492
v 163.7979 519.0863 39.90905
v 154.8288 564.1079 34.83547
v 185.3641 551.4862 32.01748
v 175.8151 501.8427 48.67697
v 177.4793 486.805 46.35435
v 146.0545 568.1468 47.59701
v 174.5545 542.6908 31.75002
v 138.3103 555.9309 38.3121
v 156.0227 556.4413 24.30669
v 140.7208 555.7491 38.25587
v 188.8612 558.952 36.15884
v 171.5028 550.4626 28.21424
v 160.4319 518.6039 41.43794
v 166.9683 485.2313 51.94176
v 165.8254 485.0154 51.68203
v 149.959 565.0232 50.83664
v 177.9455 459.0614 49.49444
v 191.9559 529.3772 32.25166
v 142.7903 570.1793 43.8418
v 182.5585 551.9632 30.56245
v 136.1233 548.6721 25.47949
v 168.2426 526.107 40.20514
v 146.7839 560.2505 32.54273
v 177.7623 515.3022 51.61143
v 186.9213 552.4399 35.32665
v 180.3254 449.6755 49.47688
v 195.1073 445.1109 53.54377
v 189.37 449.8584 53.25786
v 165.3681 505.158 51.44624
v 170.4617 504.6025 48.87774
v 189.9359 595.3089 29.27985
v 188.0152 598.1317 31.47593
v 188.022 598.1331 32.84628
v 190.5563 593.514 29.66145
v 187.832 597.72 29.83546
v 166.3889 562.3429 28.62457
v 175.364 471.6707 52.62523
v 195.1573 584.4655 25.03953
v 164.8403 485.174 51.4474
v 178.7559 557.058 34.81218
v 185.6451 592.0141 25.88593
v 171.0975 550.7768 28.42087
v 188.7392 562.9641 39.47394
v 199.7367 582.2873 36.18316
v 185.315 592.4745 25.72254
v 190.91 593.2681 30.39335
v 188.4038 592.9802 26.00965
v 199.3565 580.5868 26.2063
v 163.1563 505.0337 51.51009
v 185.674 593.4227 25.80399
v 192.4452 552.2454 39.94719
v 183.6373 551.3437 30.63723
v 189.4765 595.7965 28.53725
v 198.0008 593.3897 37.89127
v 146.0742 562.2368 24.37667
v 198.2922 593.253 37.72677
v 198.3679 593.2744 37.85869
v 197.0617 587.7291 37.10005
v 191.1522 594.9587 35.2733
v 194.512 499.6797 43.58503
v 191.1162 594.8778 33.61901
v 192.0991 593.5402 34.64605
v 191.7193 585.5542 25.21591
v 192.6893 592.7539 37.56274
v 198.2338 581.3476 38.88689
v 192.1014 562.065 33.18947
v 199.49 594.9798 37.434
v 197.3014 558.3659 33.76368
v 198.3992 592.3568 37.61551
v 194.6547 585.2954 35.93538
v 145.9401 555.1148 26.04018
v 199.4228 591.2694 37.41047
v 199.5045 590.9758 37.35058
v 175.664 555.4924 29.44349
v 190.4913 562.5073 33.48914
v 196.3373 584.3521 37.55348
v 174.1611 457.3991 49.67152
v 199.8245 586.084 36.36708
v 199.1094 590.6541 37.4069
v 198.9899 590.9404 37.47865
v 198.6307 590.9061 37.50296
v 171.3368 594.1466 30.38662
v 199.8971 593.9577 37.42725
v 197.6883 579.216 37.72939
v 197.3409 589.7015 37.26151
v 198.7415 592.5962 37.48335
v 197.9745 506.5068 45.74145
v 175.1965 593.5844 30.56964
v 199.1002 578.6384 35.68338
v 198.7118 593.213 37.83669
v 173.6076 591.7724 30.77921
v 188.1179 593.0412 25.51406
v 195.1128 564.941 33.06681
v 186.1822 553.4198 35.99646
v 175.1285 592.1281 30.65448
v 172.0236 590.0199 30.87012
v 195.1479 585.6406 36.27917
v 195.0625 583.9862 36.06014
v 199.3589 594.8876 38.02903
v 198.8109 595.0045 37.95068
v 195.602 569.823 30.22017
v 199.302 578.9558 34.21889
v 181.7368 518.2457 36.72023
v 177.1708 553.4398 29.50956
v 188.1672 597.3252 29.63253
v 199.5007 578.9659 37.18266
v 190.8792 594.8131 31.30287
v 196.0059 585.0503 36.6947
v 198.3846 590.9611 37.55645
v 196.6682 519.3178 51.703
v 193.9604 568.2797 33.23756
v 176.6773 523.7289 38.04781
v 195.1537 569.6646 33.39687
v 198.0764 590.6954 37.67602
v 199.3731 592.4096 37.18432
v 199.4194 592.5913 37.13789
v 199.4773 580.9424 36.41365
v 185.4083 530.044 30.11092
v 197.7491 589.9029 37.20782
v 196.6034 585.0005 36.95244
v 188.0902 576.9511 30.9329
v 200.0669 507.5734 51.24287
v 174.2857 557.0136 35.30467
v 199.3995 593.1075 37.74356
v 199.1791 593.2204 37.8146
v 191.9159 574.5799 30.68207
v 198.9013 468.793 47.60437
v 200.0484 475.0681 41.81298
v 196.0401 569.2716 33.39192
v 189.6371 577.3861 30.89795
v 188.9919 597.388 31.91608
v 186.5373 597.8091 27.20233
v 187.4571 597.3178 27.52707
v 196.5905 580.2439 37.59782
v 182.9397 520.9866 37.00272
v 170.8623 539.0656 37.01698
v 192.4701 583.6335 24.67402
v 186.1376 584.7419 23.84453
v 187.6785 585.8487 24.29027
v 194.5781 583.357 24.62374
v 193.7387 583.7512 24.6172
v 192.9158 585.3964 24.8017
v 199.7455 597.9758 37.47657
v 186.7704 506.1887 50.22461
v 192.8282 582.5894 24.69948
v 191.7598 568.9108 33.0565
v 169.6336 538.415 35.76369
v 197.8653 552.5043 41.28118
v 198.5749 571.5847 25.73644
v 195.9019 581.6512 24.94902
v 136.4301 515.9295 45.62949
v 187.18 580.5128 28.57602
v 175.3212 477.3012 52.99599
v 199.7545 593.0692 37.71421
v 186.3962 596.5863 26.65659
v 199.3035 579.6097 26.50222
v 184.7029 551.1215 30.34249
v 195.2061 569.3481 33.42263
v 199.4972 576.4176 25.74808
v 197.7182 587.394 36.89665
v 199.64 580.6771 26.27466
v 199.3614 579.4102 25.53944
v 193.9096 572.0625 29.54295
v 179.2778 485.37 47.97574
v 198.7277 578.9756 25.58672
v 172.1836 535.0607 38.43168
v 187.5899 533.5156 30.55689
v 199.8575 503.469 40.46995
v 199.9461 581.0814 36.32377
v 186.7472 575.9821 31.38295
v 193.2786 589.0726 36.42493
v 189.9778 574.0492 31.28429
v 191.8615 574.5428 25.60128
v 199.0139 578.8847 34.1889
v 190.7876 574.0749 30.97345
v 194.3924 571.0557 33.04864
v 192.6245 573.7945 30.48349
v 180.9333 501.1839 49.09426
v 194.1887 571.6883 25.2012
v 183.5869 488.6402 42.64617
v 195.248 571.2195 24.28756
v 195.3061 575.2374 24.61559
v 185.3343 577.6887 30.73236
v 194.4902 572.57 24.10559
v 193.7689 466.4253 47.93409
v 161.0701 567.8103 31.0701
v 175.2664 591.1415 30.77279
v 158.2163 589.5282 28.90049
v 187.4423 550.6338 30.59449
v 190.7081 595.551 31.99571
v 189.9794 596.1809 31.80089
v 185.2223 551.9751 30.50576
v 180.5275 452.4195 46.72472
v 189.5312 527.9433 31.53106
v 193.9221 584.456 31.57388
v 193.3204 585.3708 29.74362
v 190.005 576.9202 28.06968
v 187.1411 575.5398 31.38496
v 186.2416 581.7184 29.23001
v 177.9254 592.3999 30.57824
v 195.8847 569.6251 24.78598
v 194.2563 585.1624 26.00216
v 193.0406 584.3079 24.74592
v 197.2063 562.881 32.87143
v 197.2058 555.11 42.3514
v 174.0236 550.7515 28.74112
v 176.9863 533.5402 35.4469
v 173.658 473.0693 52.52654
v 198.9199 569.6986 25.98516
v 186.9029 591.9421 25.66893
v 190.0465 587.7747 25.38066
v 188.9901 586.8983 24.81607
v 200.1209 580.2501 32.07763
v 193.4015 571.001 33.06519
v 196.6745 568.4575 33.37544
v 176.3975 590.8094 30.80554
v 189.95 591.5813 25.24589
v 190.2696 594.0449 29.38664
v 195.9405 585.4185 36.92172
v 183.5723 597.5382 24.53666
v 190.4246 572.0798 32.57674
v 190.0664 590.9567 25.23993
v 194.8787 570.6983 33.25169
v 189.128 588.0338 25.56397
v 190.6291 595.6381 35.46794
v 180.9007 528.9778 29.0009
v 184.5661 583.1368 30.78202
v 195.8348 568.1812 33.39614
v 190.1734 593.8449 27.31753
v 174.0765 534.9966 29.35612
v 195.6413 567.6772 33.32764
v 199.1255 555.1441 37.94479
v 191.7997 556.7315 40.95837
v 190.6772 595.5942 30.88078
v 191.1079 587.9416 26.43605
v 193.1849 558.6678 32.3261
v 199.7089 583.0198 38.79884
v 158.2463 521.5918 44.43828
v 179.5133 590.2606 27.6945
v 196.9477 551.0601 42.25598
v 195.1688 549.9211 38.14661
v 198.6291 588.2939 36.64813
v 140.9274 545.8 21.59254
v 197.626 517.6635 51.5002
v 191.5487 593.4706 32.38717
v 188.564 576.3707 31.0031
v 187.2644 575.7258 31.03785
v 193.5864 585.9653 24.84568
v 199.7172 580.3008 27.91832
v 175.1406 528.3646 35.71505
v 199.511 535.001 33.49985
v 183.657 577.4553 30.75692
v 183.3814 584.5443 33.33958
v 166.1253 492.2692 45.82666
v 184.3621 583.2453 33.59761
v 199.8327 562.4993 32.81071
v 189.8846 588.1237 25.61974
v 172.9193 486.6719 46.69016
v 194.4521 456.0843 49.72914
v 140.9761 546.1902 21.49745
v 146.6388 562.9566 30.03922
v 145.3515 556.4843 24.14321
v 192.8985 585.9955 30.6185
v 192.6971 587.7635 31.74856
v 200.1625 598.6583 37.39042
v 183.996 468.5694 49.11895
v 175.1864 526.2513 36.95371
v 194.3036 569.8583 33.23099
v 195.4771 569.5927 33.41502
v 198.8706 590.0055 37.22878
v 188.2902 518.515 51.48956
v 198.7122 588.6176 36.87621
v 192.5859 454.6004 50.70083
v 199.72 579.3501 36.47606
v 199.8905 579.8079 35.81439
v 199.0975 581.8113 36.98651
v 199.6769 590.8472 35.54149
v 198.1491 592.1965 37.68518
v 196.3708 593.7866 37.8859
v 198.7273 593.9225 37.8985
v 198.9018 588.2624 36.45609
v 141.7955 570.312 23.36749
v 199.3908 578.7625 33.24548
v 198.605 587.6162 36.61114
v 195.4421 583.0832 24.6967
v 193.9664 583.932 24.8507
v 198.1666 585.5353 36.86357
v 144.8042 559.4644 23.53968
v 198.7392 591.3147 37.50697
v 186.7666 419.6895 46.63945
v 177.8599 527.8417 36.3883
v 197.4956 583.7321 38.72626
v 145.823 561.1597 22.62804
v 199.2965 590.9485 37.43336
v 198.9835 591.3908 37.43531
v 198.2006 556.3877 37.64457
v 195.6737 589.6383 38.86381
v 191.9835 590.7234 31.87995
v 192.2257 594.2495 37.62516
v 190.8205 475.4092 51.9048
v 145.9286 536.5849 29.25541
v 189.3505 597.054 35.62253
v 193.2025 472.174 50.08678
v 195.3677 589.437 38.86026
v 143.8261 538.5727 26.5308
v 179.3673 522.8389 38.40711
v 195.5672 553.2504 42.31324
v 129.476 489.2681 43.74541
v 131.5724 564.4414 22.48472
v 194.5926 522.4554 38.41062
v 194.0878 459.548 46.37938
v 170.9635 505.6735 51.85703
v 142.8477 557.9099 25.01783
v 187.2408 457.2453 46.49014
v 128.8051 554.1851 23.66757
v 174.3322 450.2982 48.69075
v 194.3256 592.8929 38.30014
v 124.4114 559.078 23.18817
v 195.3626 568.9867 33.43634
v 165.6353 583.6414 32.63118
v 194.2704 424.7218 44.59983
v 199.1036 592.0775 37.29169
v 176.0381 485.9339 47.17575
v 188.1795 594.2287 26.45646
v 189.254 596.2804 28.53461
v 175.5488 541.7038 31.91304
v 197.0324 526.614 38.59626
v 190.4096 595.8758 30.33782
v 182.7751 597.9258 24.77744
v 190.017 596.2531 30.03007
v 142.9158 595.7259 28.77868
v 200.0946 597.1606 37.44682
v 188.1631 427.7909 48.15879
v 176.8207 550.7687 29.29705
v 130.7064 565.0175 22.73428
v 141.9918 594.7991 28.00024
v 151.5032 540.1215 28.41855
v 177.1225 521.7441 38.21336
v 179.3622 461.6425 50.97083
v 167.9204 569.8173 35.67929
v 181.3589 494.983 47.25443
v 191.6187 430.805 48.22144
v 184.2762 525.3922 38.36807
v 195.3605 569.4036 33.44826
v 163.4964 529.1096 39.59723
v 185.1029 596.1345 25.14971
v 183.1482 595.6684 25.36735
v 199.4272 591.8108 36.74462
v 175.8194 594.9789 30.46963
v 170.4945 508.35 51.82189
v 184.832 581.9928 30.79249
v 185.0734 504.277 33.55615
v 180.379 498.288 47.4353
v 194.6186 450.9001 54.49444
v 182.5481 586.4024 27.00243
v 197.1473 441.9199 52.80286
v 185.0871 569.922 40.70633
v 199.1553 591.1955 37.46546
v 195.8026 438.6519 51.81042
v 167.3268 594.267 29.67362
v 127.8623 568.9981 24.86299
v 165.5516 586.3458 29.67951
v 190.6447 596.1105 37.84679
v 193.0093 595.6553 37.66405
v 177.1406 490.3412 47.82893
v 142.9953 568.903 22.89155
v 184.1435 592.6273 25.93779
v 167.0159 585.1041 30.631
v 185.5277 493.5677 43.7317
v 183.7656 573.7041 36.1128
v 196.9827 588.8361 37.31247
v 139.7809 593.952 28.73232
v 184.6572 572.948 34.80993
v 184.5459 576.6876 30.63498
v 196.5853 481.6242 52.12376
v 185.0051 576.8667 30.71165
v 159.5128 525.8602 44.23838
v 163.7074 585.6503 30.87328
v 199.3612 596.9886 37.84392
v 174.3227 555.1397 34.86618
v 174.4028 556.0392 35.27576
v 186.3907 596.9497 27.08985
v 173.4182 554.3976 36.28192
v 164.2787 530.0745 37.47624
v 183.2272 585.2517 30.6572
v 184.6933 586.7064 26.54927
v 199.3356 592.5557 36.67097
v 181.3057 592.8173 26.63649
v 192.327 579.6454 24.40541
v 160.6633 522.2714 43.03048
v 193.0283 563.5075 32.92162
v 198.5004 580.5751 26.43729
v 198.177 581.7602 26.23104
v 198.8625 581.0656 26.31831
v 142.034 590.5239 28.99153
v 200.0469 474.9873 42.37286
v 153.7607 564.8774 23.10367
v 155.752 558.4722 23.6019
v 137.1423 546.4869 32.43723
v 199.8327 598.655 37.45359
v 196.4618 589.2958 37.48101
v 156.3512 563.2853 23.65883
v 196.6131 590.0438 38.30001
v 174.984 571.844 36.41639
v 199.6236 595.3159 37.48383
v 190.9057 557.3697 40.08811
v 184.5014 558.5169 42.54153
v 189.6602 498.641 41.65648
v 198.7068 591.917 37.47961
v 172.3548 554.863 36.70938
v 187.5745 513.3012 51.18484
v 179.9047 485.5366 43.48681
v 181.343 557.153 37.19698
v 176.743 550.3774 28.94486
v 178.5736 486.4737 44.35853
v 174.8755 556.1973 37.72524
v 186.7831 575.7548 31.53054
v 188.3721 561.0788 38.31975
v 200.0974 589.2924 35.5726
v 192.5315 594.1827 38.03012
v 179.3312 583.5627 32.89193
v 198.8418 593.1505 37.47705
v 199.0661 593.1552 37.78427
v 200.1197 592.9431 36.85442
v 183.2047 578.4616 30.79189
v 182.3444 578.879 30.85735
v 185.1383 502.8653 48.54242
v 183.1103 576.8363 32.77363
v 190.0728 556.5087 40.68927
v 139.5816 573.612 40.28979
v 190.4802 557.6294 35.87678
v 180.1654 503.2644 49.6367
v 195.8517 592.7419 38.38035
v 175.0551 538.0799 41.02723
v 160.2971 512.3218 51.73979
v 180.6762 580.5645 32.98598
v 198.9943 593.5663 37.8174
v 199.6668 474.9939 43.42239
v 198.5654 590.686 37.44644
v 195.5377 588.8876 37.89908
v 186.4719 595.8278 26.459
v 185.7799 596.3364 26.11343
v 184.7061 582.6967 30.82066
v 158.588 521.5272 46.59667
v 199.1189 588.7425 36.86086
v 170.854 583.7713 32.07391
v 167.4587 583.3029 32.65909
v 199.3583 592.1384 37.21965
v 199.3957 592.2998 36.99901
v 159.9859 520.4303 50.72825
v 184.6803 576.3273 30.78408
v 162.059 580.4316 35.08793
v 177.5938 586.9679 32.16239
v 199.0708 594.4046 37.9838
v 180.505 585.6384 32.88897
v 160.3391 516.7174 53.87709
v 187.7615 425.1081 46.15921
v 192.8293 584.188 24.63976
v 192.5073 432.7146 49.47133
v 152.7476 574.7146 33.63935
v 178.9609 512.8321 51.79919
v 179.5675 534.6794 29.02611
v 185.4488 525.1719 38.13552
v 191.6715 594.9928 37.95286
v 192.959 591.5001 37.59719
v 199.4933 596.6818 37.56916
v 173.6759 556.3235 35.01049
v 198.0916 590.2856 37.3002
v 144.6347 564.4619 29.4059
v 176.2095 504.9812 48.99816
v 144.7443 566.1485 28.42899
v 156.2604 567.5222 27.53254
v 199.5158 595.1917 37.78293
v 168.2963 580.0093 35.38206
v 147.4585 563.3861 22.72382
v 136.2656 545.271 25.51829
v 194.8231 590.3452 38.58753
v 193.294 446.6174 53.7835
v 136.6706 579.8887 32.97462
v 189.6566 597.1134 37.67703
v 135.6017 568.8264 31.05811
v 186.5272 578.0701 30.7855
v 139.9407 570.7657 23.54564
v 143.4712 593.9681 26.47579
v 139.7032 549.1822 25.69551
v 162.4592 549.912 27.86986
v 183.1186 464.5379 49.35547
v 195.7126 474.6326 51.69507
v 131.3533 588.2847 31.41911
v 184.9785 464.1825 47.59269
v 194.9376 589.3255 38.20517
v 184.9213 579.2085 30.72714
v 200.1411 593.0395 37.69244
v 197.5837 587.7467 36.9492
v 199.548 598.5962 37.53628
v 143.3913 591.9814 32.10387
v 198.1456 583.566 39.21953
v 163.8366 517.134 40.29467
v 199.791 592.7717 36.98707
v 199.1967 583.9754 36.60656
v 128.2521 588.7878 36.03334
v 189.4229 564.6748 39.69151
v 199.9917 593.5425 37.72812
v 148.2895 575.5501 33.89154
v 199.0175 596.0539 37.90586
v 199.112 594.4372 37.76183
v 135.6492 595.8108 30.11586
v 196.4611 592.0325 38.28644
v 142.3765 567.098 23.49882
v 138.2608 569.1141 23.15001
v 127.8434 586.0666 34.2398
v 143.3477 595.2853 31.06374
v 199.4817 595.8272 37.76052
v 199.6648 593.1753 37.77351
v 131.8283 593.3517 34.22754
v 196.6632 580.9251 37.90684
v 133.6376 591.9943 29.60308
v 185.5301 506.373 51.07966
v 134.4142 566.342 22.97683
v 176.7165 538.031 36.53235
v 134.8285 589.9618 30.47728
v 136.4495 567.7225 22.9676
v 174.6042 520.6153 38.18008
v 139.3917 584.3203 33.29051
v 195.5728 582.5367 36.66409
v 188.8634 563.5006 39.88276
v 189.0824 562.8839 39.95764
v 185.8003 576.5239 30.95666
v 200.1322 593.1302 37.73473
v 184.1909 421.0684 45.0451
v 188.6134 564.0964 36.74045
v 200.0742 589.1272 36.4329
v 127.7587 583.8017 33.16381
v 181.5158 498.4762 46.84606
v 126.8767 560.0032 22.2154
v 175.2903 540.2401 34.85887
v 188.7694 482.5211 52.06042
v 158.3968 581.3558 34.4367
v 126.0208 556.132 23.30548
v 127.3689 567.6439 24.07219
v 158.835 580.6533 34.4458
v 196.3488 590.7957 38.58006
v 199.4055 597.3091 37.59533
v 192.5643 594.6917 37.80483
v 146.3595 561.1663 31.4053
v 160.0868 570.7887 33.71408
v 193.0218 590.9161 37.71786
v 176.7485 528.7503 34.67167
v 156.6127 581.6569 34.17501
v 180.2334 589.271 31.35884
v 191.5813 594.236 34.41512
v 195.6473 581.8588 35.93392
v 190.4557 497.7373 45.57204
v 186.0235 553.372 35.64545
v 194.3938 416.4689 47.9988
v 199.3611 593.0637 37.22701
v 197.2363 487.7319 45.35489
v 181.342 580.4575 31.02956
v 162.2363 527.9889 19.57295
v 147.3084 539.4585 53.37941
v 185.5021 576.4882 30.93586
v 148.2669 551.7827 50.218
v 144.1918 569.061 45.73317
v 190.8219 595.699 36.9558
v 174.0924 540.222 39.24206
v 194.4634 519.1861 50.00938
v 184.307 576.3119 31.39342
v 199.0747 579.4043 32.24211
v 198.5229 582.9078 39.41071
v 187.3942 449.1603 52.81031
v 183.8129 495.1433 35.17036
v 174.8588 540.8794 32.4348
v 131.5816 501.8241 47.18615
v 199.278 444.0264 53.57118
v 172.0861 530.9328 37.60274
v 170.855 528.1113 39.87521
v 185.3963 576.6859 30.78972
v 183.025 581.525 30.8522
v 195.4027 591.7578 38.81336
v 187.8539 598.0476 31.49047
v 175.8271 507.1561 29.32841
v 196.179 429.0508 51.61723
v 145.7302 575.5831 49.39239
v 167.7158 516.5952 26.75628
v 134.086 595.4573 30.71471
v 144.9085 574.9284 48.13227
v 188.2954 597.4929 30.22283
v 188.2421 427.2219 48.23313
v 179.8583 512.1726 52.78143
v 136.4168 594.4038 29.51849
v 196.3041 591.5699 38.3783
v 178.9102 449.8537 48.36374
v 163.107 584.894 31.64706
v 197.3993 581.3714 31.15229
v 149.0122 566.445 27.31123
v 147.4837 565.2938 28.66923
v 149.5826 564.5842 29.59711
v 198.0619 474.8812 45.27309
v 197.3438 587.9515 37.11779
v 195.9094 553.6255 42.17073
v 139.4309 533.3502 45.77964
v 140.055 575.4459 42.19821
v 187.9856 571.795 36.9721
v 137.3679 581.1698 42.40428
v 193.7924 587.7729 36.61102
v 187.5097 575.379 31.2132
v 191.5434 594.7317 36.68906
v 196.28 588.4554 37.49063
v 194.8227 586.527 36.44025
v 170.8832 545.7358 30.22617
v 198.3546 588.792 36.93474
v 138.5742 592.5616 30.1907
v 193.9188 434.4939 49.81825
v 197.8687 500.5529 42.61171
v 150.9717 496.9914 48.39347
v 134.5524 582.3162 40.30637
v 176.2978 570.9167 38.04723
v 174.2227 504.8533 48.89052
v 199.6242 433.0336 45.10394
v 182.4637 585.8572 32.97307
v 199.5458 486.9098 52.73019
v 196.8321 586.0119 37.59742
v 132.648 526.861 48.95022
v 136.6826 595.1471 30.2663
v 141.1702 594.7074 31.99226
v 199.5334 579.6 37.16573
v 166.6128 496.8451 49.19603
v 196.2931 586.3537 37.43732
v 198.9294 578.4172 37.97839
v 199.383 595.4827 37.9929
v 131.8946 594.3297 34.27287
v 196.0834 430.2626 51.69213
v 189.8062 594.9846 27.57675
v 188.8341 596.952 30.2044
v 196.9544 586.2569 37.18862
v 195.9554 588.1186 37.29433
v 192.9678 589.6907 35.5633
v 189.2471 549.9436 31.34098
v 180.4343 456.4646 47.81434
v 189.6402 429.9566 49.18113
v 187.2107 425.0453 47.49543
v 171.2541 556.0341 38.12465
v 129.0307 574.9927 30.01706
v 127.471 570.9877 27.29559
v 198.545 591.9613 37.54224
v 136.6274 571.6469 29.82531
v 182.1378 527.517 36.74423
v 199.8936 588.0429 36.27586
v 195.5739 533.689 32.31485
v 138.8418 564.2873 41.88225
v 140.6189 592.6611 31.93866
v 193.6806 451.8006 52.06213
v 180.4083 485.5953 52.26087
v 149.3656 498.9027 48.6753
v 178.2177 517.6892 49.20126
v 145.5396 594.2845 29.76324
v 190.173 557.1918 41.1552
v 184.2775 455.6483 45.84857
v 137.9963 563.7116 30.97527
v 142.9477 561.584 31.61269
v 175.0943 589.6356 31.08197
v 194.5554 496.8637 47.41393
v 194.7666 541.3006 32.43623
v 190.6152 595.5957 34.17738
v 123.8081 563.6632 23.88484
v 196.8503 512.7047 51.15641
v 141.7099 545.4479 21.64888
v 154.3826 569.612 32.85961
v 199.9734 437.2673 47.69902
v 195.3296 506.1833 46.85403
v 176.2118 544.7517 30.79467
v 129.2948 577.6046 31.80816
v 157.1196 510.4115 52.67403
v 194.4485 455.1534 51.25414
v 197.9556 498.6203 47.44211
v 186.3109 557.8787 42.93383
v 180.2687 463.903 51.14134
v 195.6403 507.2638 51.26976
v 144.541 593.9333 34.11829
v 177.4762 454.5693 47.76137
v 178.6331 591.4697 30.63864
v 159.5489 510.56 52.54953
v 187.8624 577.7222 30.89257
v 178.3153 557.813 36.05104
v 150.3981 582.0199 33.88019
v 186.6122 514.5153 51.24869
v 152.279 582.9985 33.2489
v 198.0375 433.3069 48.21208
v 199.5837 579.5861 31.49868
v 157.0708 490.8284 49.35051
v 128.9927 573.3572 28.2928
v 177.8093 453.2356 47.54585
v 151.561 573.7698 34.462
v 142.703 595.0773 32.18066
v 195.537 499.728 48.39334
v 188.6981 506.62 51.32847
v 162.7655 583.3754 32.96126
v 192.3676 511.8968 51.6153
v 147.4087 558.2578 23.44769
v 173.912 550.371 28.51996
v 142.5424 542.9397 23.33323
v 199.816 498.2385 44.33101
v 136.8412 595.1056 31.27936
v 144.4719 493.6801 47.09975
v 192.4847 508.9034 51.68141
v 172.5139 575.8759 36.56998
v 186.3552 581.605 26.08553
v 137.4873 529.2478 51.06283
v 137.5189 574.5164 35.27908
v 133.6148 584.037 40.39161
v 183.9223 419.4889 44.57227
v 189.3274 566.1395 32.7714
v 132.2462 584.583 39.30025
v 187.9719 497.167 43.9007
v 145.6447 531.2378 34.48253
v 133.2756 570.8231 31.83846
v 197.9726 579.0173 38.19434
v 191.4225 478.1468 52.20406
v 192.0948 479.8168 52.241
v 197.1164 425.6744 44.43468
v 183.7494 492.235 44.18423
v 177.8742 451.6816 47.25026
v 184.3747 522.0385 33.02352
v 168.5243 504.4562 48.76656
v 188.5756 555.4243 41.63147
v 147.588 573.924 50.85281
v 170.3335 578.553 36.40853
v 129.8876 587.6739 38.07878
v 186.4136 575.9547 31.40772
v 192.8511 432.6981 48.98298
v 155.9354 532.2392 36.75549
v 195.0278 550.9257 40.26951
v 137.6732 572.9741 37.11594
v 186.2344 555.6294 39.75419
v 142.4755 571.018 38.55843
v 172.805 530.9015 27.82305
v 142.2189 583.5212 33.5589
v 168.1715 578.9092 36.141
v 150.9431 567.4451 38.89415
v 198.7734 506.8622 47.1913
v 150.6828 572.3649 53.24139
v 171.4627 530.9518 29.97904
v 140.1298 571.1148 38.73547
v 191.2484 456.3044 47.90381
v 136.3765 555.9937 32.57605
v 196.9173 591.7095 38.31097
v 178.071 589.3316 31.42691
v 184.813 470.6497 50.83329
v 150.5216 565.5129 40.27974
v 186.5569 597.8412 28.20862
v 184.6377 597.397 25.47453
v 142.1038 559.8379 40.48737
v 139.0585 559.585 40.06071
v 140.3237 568.5623 40.49473
v 151.9241 557.477 39.15338
v 175.9728 580.9895 34.56033
v 138.679 559.2253 40.19224
v 187.7654 453.0843 49.82613
v 183.5182 481.1994 51.88465
v 189.0627 597.0059 30.74867
v 188.8212 597.6804 31.72075
v 194.6012 517.344 51.50957
v 152.786 559.986 41.34139
v 170.044 565.4347 34.71138
v 173.9976 562.4183 39.64174
v 191.0442 530.8015 31.47552
v 199.6005 598.0595 37.50223
v 194.7119 470.229 49.03792
v 198.8449 520.532 45.44238
v 175.7464 561.9518 41.89479
v 151.8394 569.6521 54.18927
v 176.3348 564.6552 41.45842
v 143.8544 577.9032 47.60507
v 185.9156 424.2118 46.55987
v 175.9782 570.2192 39.76266
v 157.3806 571.3637 32.38701
v 167.327 576.0586 36.30273
v 199.6488 452.2531 46.74794
v 186.8864 581.1786 30.85361
v 188.0014 564.6359 40.22315
v 143.3609 532.6835 35.38889
v 150.954 571.444 54.85919
v 184.7288 569.338 41.31898
v 197.2227 446.5688 52.87444
v 184.1573 474.8023 53.71673
v 184.3921 473.2255 51.5729
v 184.8811 526.2733 32.79846
v 139.3131 566.4069 29.26604
v 164.8377 508.0797 51.76036
v 139.5883 542.7993 35.64122
v 194.2186 591.4658 38.22223
v 141.631 569.296 25.89011
v 198.4642 414.4693 48.50116
v 197.8034 581.4107 38.62018
v 183.1916 565.3592 41.76663
v 181.3371 518.0024 39.88852
v 152.8354 565.7414 23.20528
v 190.1141 565.3494 33.58308
v 186.3401 572.2556 31.95646
v 163.7383 573.3933 35.70386
v 196.3473 495.871 48.0378
v 184.6327 583.477 30.82885
v 196.6316 495.7731 47.83893
v 198.2327 471.6154 46.44542
v 185.8588 495.7733 44.78701
v 196.6549 445.7747 52.54587
v 130.27 591.6294 35.31056
v 177.6066 574.6201 36.46543
v 183.9946 477.0961 51.73654
v 196.9417 483.881 52.09985
v 171.4367 571.2778 37.24615
v 143.1333 576.8011 33.83669
v 187.1199 568.8283 32.82552
v 196.1852 415.1956 48.12918
v 189.051 562.2583 37.42101
v 173.3156 570.9339 37.76201
v 187.5879 503.3587 47.04707
v 133.3299 573.7205 33.7398
v 195.6689 591.8142 38.30769
v 169.5436 571.5323 36.65989
v 195.304 487.435 45.00946
v 164.8772 568.2753 33.67622
v 137.861 576.4555 33.59378
v 153.3034 561.2546 40.19454
v 148.8724 589.2487 29.14684
v 154.3399 562.0443 39.31216
v 196.1867 500.159 42.04436
v 199.7747 451.3392 53.00268
v 193.5377 478.6023 52.26851
v 181.8701 569.4101 41.39838
v 129.3569 597.2785 32.83772
v 196.5696 591.2031 38.46429
v 194.987 499.0392 48.80986
v 196.271 464.3023 47.17323
v 198.013 552.9054 41.04752
v 150.8283 568.6621 38.41801
v 136.3067 570.6397 26.18314
v 170.9988 571.7872 36.54803
v 185.377 478.1325 51.72618
v 195.0296 473.9312 47.1788
v 146.8626 563.2078 42.93329
v 154.8357 574.475 33.27303
v 194.5234 589.5379 37.76685
v 131.9974 522.5114 47.13871
v 152.6045 487.9178 48.59574
v 155.0164 574.7692 33.84928
v 157.1516 574.5085 34.28542
v 197.0526 474.6729 51.97576
v 193.6469 505.8034 47.26756
v 188.0933 419.8098 47.52909
v 185.8688 573.5765 31.61087
v 136.951 559.5887 40.88487
v 173.3614 499.2493 49.3831
v 192.654 498.046 46.73637
v 138.7879 560.6651 40.21683
v 151.4983 559.122 40.60825
v 139.1508 557.4657 39.12613
v 196.264 580.7188 37.24623
v 196.5232 473.5031 46.04929
v 197.7854 417.3751 45.88918
v 195.8817 431.8669 51.87917
v 199.8133 487.4584 49.342
v 140.251 553.8694 43.22805
v 150.3905 563.3743 52.47683
v 134.663 563.7175 41.37322
v 194.9111 592.3719 38.54703
v 196.3589 497.5076 48.78691
v 152.4414 562.969 33.96164
v 137.1169 556.2129 40.81895
v 136.8372 560.6011 40.98928
v 157.5527 524.6828 45.03709
v 185.7066 591.6438 25.80982
v 187.4333 565.4519 41.27044
v 138.6376 554.7574 37.66108
v 199.432 580.5415 36.85793
v 144.2784 538.4617 27.90824
v 196.9527 501.857 40.80212
v 149.9016 567.2554 39.8005
v 184.1058 502.9168 50.09021
v 162.6577 557.2419 25.91388
v 167.6879 572.437 36.47571
v 177.4245 590.4478 30.91001
v 164.7129 522.4816 40.74789
v 136.5047 528.048 42.92775
v 193.8821 435.0149 51.10299
v 199.6115 593.0235 37.09802
v 192.3127 594.3601 37.71304
v 151.051 570.9816 53.56084
v 160.3471 489.4463 47.5336
v 166.6919 540.3046 32.1987
v 133.0281 517.6452 48.90617
v 172.6559 550.7607 28.58144
v 196.4098 496.8284 48.59366
v 181.2071 559.8687 41.86738
v 136.1949 510.4972 49.14162
v 196.2295 451.2902 50.50399
v 187.72 558.3044 42.87953
v 161.2091 531.3445 37.63622
v 164.243 517.0508 49.79983
v 131.0859 520.7551 48.0965
v 196.9876 556.9442 37.49945
v 178.2244 493.4339 48.28063
v 185.3882 470.791 50.14746
v 161.6385 516.9473 49.18261
v 186.9056 486.2809 49.40344
v 140.2223 550.7885 43.42593
v 157.2839 523.237 44.63593
v 161.355 517.9368 43.93977
v 159.4399 522.6481 43.43179
v 199.5864 579.4463 38.20896
v 175.0583 557.0023 34.98069
v 172.3161 504.8249 49.12584
v 180.3222 560.274 41.71049
v 169.4224 529.7313 37.52139
v 196.6764 501.8676 40.09515
v 199.3194 545.7108 34.22849
v 136.2073 513.0365 48.98042
v 193.12 496.3213 40.87255
v 197.7689 493.092 43.62973
v 188.9581 504.181 47.46117
v 163.0494 552.3925 27.17125
v 125.408 564.8509 24.95571
v 196.1088 519.5863 44.36999
v 194.2471 456.773 48.67663
v 183.4341 518.1577 44.13712
v 190.9602 482.9208 52.14158
v 197.9454 474.9791 46.21743
v 174.9737 558.0742 32.48128
v 137.1355 524.0219 39.58153
v 186.4528 546.0766 30.5188
v 197.5033 507.3217 51.00956
v 176.8635 450.0597 48.35757
v 196.7566 582.6013 28.35722
v 192.9449 554.1897 41.37078
v 193.135 511.0995 51.60204
v 184.737 507.6138 53.84631
v 190.2868 555.2453 40.68261
v 197.1325 472.2963 46.56709
v 146.0308 553.4899 26.02937
v 145.5905 552.6816 25.42322
v 184.4386 577.5245 30.70874
v 183.3615 548.757 30.27565
v 185.1415 507.0184 52.68158
v 153.7443 501.3266 48.47291
v 194.213 423.6239 44.86617
v 193.4489 507.0569 51.51355
v 185.3593 510.0573 51.06579
v 152.3757 567.831 38.26273
v 155.0686 568.002 36.26955
v 159.5803 511.3094 53.04996
v 143.8141 569.7166 23.88689
v 160.188 561.4831 25.12453
v 142.4804 514.1374 50.14742
v 199.517 582.7093 39.11136
v 160.4346 517.8198 49.11427
v 153.9009 560.3894 23.49702
v 137.5083 594.9239 31.05669
v 151.1824 566.9762 25.88492
v 197.3627 487.0905 52.06415
v 197.9473 479.7318 52.05353
v 171.3467 517.3898 51.70151
v 171.5568 509.5833 52.01866
v 195.2936 472.3853 48.01657
v 156.1655 566.5516 32.29985
v 170.3174 510.1342 51.63065
v 145.8394 541.5238 26.13377
v 171.9635 561.1031 37.51887
v 167.4176 508.7819 51.54929
v 175.7324 505.9925 52.31824
v 164.6121 570.7419 35.47345
v 154.0018 569.8665 36.03891
v 144.203 528.7425 36.06576
v 165.2429 508.794 51.44066
v 139.8343 546.6356 22.41113
v 177.8267 591.5473 30.6715
v 196.9157 520.008 41.04507
v 136.7753 595.8915 30.23399
v 168.3741 511.9254 51.57581
v 190.2253 578.853 23.8842
v 186.7447 451.319 50.20195
v 138.7621 553.6443 38.09653
v 149.1827 515.3884 51.5381
v 190.0858 499.7341 39.70884
v 148.315 563.0827 42.96712
v 139.7567 552.6028 39.60644
v 138.2597 553.5304 36.26922
v 175.5824 557.4332 40.16384
v 196.3788 474.4915 46.25488
v 159.8813 511.0455 52.06354
v 181.6968 486.4857 43.37538
v 193.5064 460.3937 46.93772
v 191.245 462.857 47.38868
v 151.6978 559.0315 41.16733
v 149.9967 557.9078 40.92128
v 190.6865 558.9361 41.12551
v 162.6376 506.5365 51.57362
v 194.5332 465.2149 47.58689
v 169.4538 553.857 27.80833
v 131.7867 518.801 49.51404
v 170.5511 463.4349 51.42407
v 181.2759 483.3156 51.96286
v 195.4631 470.2168 48.58902
v 161.6523 510.0717 51.86954
v 198.4201 474.2792 44.28108
v 160.2995 508.7316 52.26283
v 158.234 514.337 53.39977
v 164.5333 504.2178 48.66508
v 154.1418 566.4513 28.44285
v 198.7157 474.9453 45.32323
v 176.1676 471.2892 52.0983
v 156.3021 516.6622 53.31492
v 174.8037 521.8893 38.37494
v 173.29 522.4169 37.79732
v 157.6839 508.7009 52.37075
v 180.0393 517.9979 37.41875
v 165.6013 519.549 39.21532
v 176.5457 472.1238 52.99562
v 141.7821 572.8479 43.45831
v 162.6682 504.1124 48.59673
v 162.2951 527.0584 43.2299
v 147.299 509.6283 50.91546
v 160.5954 513.6508 51.57584
v 158.9035 517.4412 53.80526
v 133.1628 595.4666 31.6286
v 187.6883 497.6818 44.55817
v 187.1804 498.74 45.97884
v 176.035 509.2412 52.45329
v 175.9497 510.6956 52.36878
v 162.988 506.4841 52.07063
v 182.9544 485.8418 43.89268
v 194.4538 471.7454 48.58363
v 181.1171 467.4294 51.20917
v 196.8929 592.1744 38.53741
v 194.8021 515.1321 51.45707
v 184.3645 513.3032 51.75532
v 193.447 514.4205 51.49574
v 198.0217 502.4851 46.79004
v 196.0922 415.7863 48.17977
v 155.5128 507.3573 51.96437
v 170.6058 512.5875 51.56624
v 190.6436 557.9289 41.05218
v 178.4151 506.3253 52.70611
v 180.5545 516.0803 51.54788
v 187.8487 597.8243 30.75286
v 161.624 485.0464 50.60053
v 171.694 485.2114 52.37236
v 134.782 595.9477 30.2479
v 172.98 559.8978 35.87265
v 137.3475 592.7328 28.8783
v 133.1514 487.5592 44.21342
v 184.7284 554.9011 37.0886
v 185.0408 511.3411 51.12292
v 198.221 474.8813 47.57058
v 178.811 476.1608 53.46339
v 181.6553 513.0481 51.92333
v 183.7985 512.2937 53.4884
v 144.1025 564.2239 42.71636
v 179.1293 517.7041 51.70074
v 132.4002 481.1497 44.40777
v 184.8641 514.2567 51.2589
v 199.8994 595.21 37.43438
v 182.4319 506.3216 51.66552
v 140.4937 592.3445 30.74398
v 196.1455 436.7204 52.10561
v 182.0586 502.645 49.91527
v 153.6699 503.9508 51.23808
v 185.6841 518.2847 51.48838
v 185.4113 508.8797 51.27747
v 193.9838 417.8558 46.01366
v 180.7202 514.6116 51.5748
v 199.9853 582.8797 36.58287
v 180.9236 506.8933 53.30012
v 184.7778 500.9616 46.50491
v 145.5317 547.3228 25.27331
v 158.5927 503.6672 48.07444
v 173.9622 505.9996 52.28088
v 163.1015 485.3567 49.65081
v 124.0313 565.1414 24.05739
v 191.4762 545.2445 31.41714
v 183.0438 507.3101 53.70511
v 129.2969 575.5633 30.00604
v 172.0042 510.579 51.57232
v 178.444 505.1184 49.44458
v 180.7337 505.4616 49.87135
v 183.497 505.6474 50.27314
v 135.7303 582.2702 32.86952
v 173.0612 477.6651 52.41003
v 169.9082 475.8075 51.99409
v 174.7377 477.9444 52.2837
v 198.5434 550.3598 41.32893
v 173.082 471.3549 52.3253
v 180.714 471.9617 51.62197
v 176.9498 477.8024 53.21712
v 186.264 476.443 51.78622
v 197.1241 591.0038 38.08564
v 177.1683 481.9707 52.01519
v 139.2555 538.0101 41.55874
v 185.1056 486.0223 52.05643
v 196.5197 591.9906 38.75338
v 171.9109 497.8733 49.59122
v 197.4884 592.5126 38.08121
v 174.2946 515.8882 51.63585
v 168.372 480.6896 51.98537
v 180.1517 491.0088 46.06248
v 184.4303 527.1115 29.66078
v 181.3583 476.0534 53.64283
v 178.9554 494.4983 48.14808
v 178.9199 479.7448 52.02527
v 183.6819 500.5239 47.74245
v 197.8366 455.2537 46.59309
v 192.0293 474.1382 51.30724
v 189.4067 595.9646 27.80185
v 185.3292 483.3894 51.88311
v 190.9479 553.0963 39.85064
v 175.1731 461.7375 51.25313
v 189.2891 596.5562 29.6119
v 183.6493 479.8438 53.74482
v 174.8462 480.4158 52.0931
v 180.722 480.2007 52.16038
v 166.9 485.4259 48.57856
v 141.2727 572.2948 42.06699
v 194.8635 546.5994 33.00245
v 156.6923 503.4144 48.19469
v 131.4681 509.6776 48.70889
v 177.6057 498.5993 32.44861
v 187.1269 509.0958 51.30978
v 191.5875 557.5732 41.097
v 162.8761 522.7194 24.03063
v 141.6663 534.4014 52.87846
v 151.3544 545.2134 54.63438
v 184.774 504.7849 50.3785
v 195.7006 556.359 41.64054
v 195.66 553.8988 42.09732
v 197.5703 452.3896 47.98385
v 180.6916 492.9175 34.4502
v 177.3267 485.329 48.29853
v 179.2427 482.6397 51.9968
v 181.2735 479.1349 53.64114
v 199.9585 453.0077 45.90664
v 198.246 557.2019 37.07965
vt 0.2662627 0.9071307
vt 0.2633523 0.9075039
vt 0.252496 0.8842698
vt 0.4156249 0.8325317
vt 0.2563478 0.3057442
vt 0.2528533 0.3150717
vt 0.2839745 0.2837235
vt 0.7333984 0.9606165
vt 0.7622712 0.4327043
vt 0.7789364 0.4180946
vt 0.7625002 0.4261088
vt 0.286898 0.9297739
vt 0.2122799 0.7628549
vt 0.2016991 0.7647471
vt 0.2040708 0.753325
vt 0.5649276 0.6422807
vt 0.5478055 0.6395963
vt 0.5822742 0.6587176
vt 0.2265763 0.7799824
vt 0.1173383 0.3563284
vt 0.1088923 0.3434553
vt 0.1056796 0.352847
vt 0.4313418 0.9233249
vt 0.4482374 0.935524
vt 0.4293022 0.9439132
vt 0.04262559 0.989757
vt 0.04751024 0.9841205
vt 0.03193013 0.9815192
vt 0.8715985 0.561602
vt 0.4314208 0.9226952
vt 0.4559752 0.9279084
vt 0.4315352 0.9220007
vt 0.4330338 0.9045619
vt 0.4313632 0.9146336
vt 0.09022354 0.4833624
vt 0.08685704 0.4703088
vt 0.09481034 0.4804064
vt 0.08706708 0.4854483
vt 0.1105122 0.3563702
vt 0.1134252 0.3583702
vt 0.5695728 0.3287516
vt 0.581406 0.3107583
vt 0.5669632 0.3273016
vt 0.09082031 0.9946118
vt 0.0397561 0.5272695
vt 0.03706168 0.5166689
vt 0.04548345 0.520103
vt 0.0382626 0.5287632
vt 0.03109851 0.5355185
vt 0.03452334 0.5331374
vt 0.3510452 0.9986064
vt 0.3490419 0.9990234
vt 0.1926893 0.4483533
vt 0.3490178 0.9962033
vt 0.6049981 0.5822161
vt 0.5997131 0.5871283
vt 0.6091955 0.5862713
vt 0.3034031 0.9984111
vt 0.6871732 0.9836629
vt 0.1906766 0.4498557
vt 0.192323 0.4474933
vt 0.1835226 0.4574916
vt 0.2830058 0.2692091
vt 0.2415562 0.8043932
vt 0.2208722 0.7910867
vt 0.4278594 0.9511812
vt 0.4288518 0.9465076
vt 0.4476712 0.9651815
vt 0.3027557 0.9985352
vt 0.2673711 0.9824249
vt 0.3022461 0.9984577
vt 0.4337637 0.9814396
vt 0.9764188 0.7509766
vt 0.06201172 0.9984102
vt 0.9755859 0.7365684
vt 0.9833577 0.7402836
vt 0.8001226 0.7180313
vt 0.1975594 0.8246356
vt 0.7903197 0.7141924
vt 0.8099177 0.7176228
vt 0.4565038 0.9440559
vt 0.5675235 0.9851552
vt 0.2692068 0.9826583
vt 0.5691563 0.9841431
vt 0.5682267 0.9853516
vt 0.1673644 0.709952
vt 0.1496286 0.7141736
vt 0.1574509 0.6985514
vt 0.1818857 0.727304
vt 0.3128112 0.9581236
vt 0.3121847 0.9641867
vt 0.290105 0.9343056
vt 0.317329 0.9635478
vt 0.5991726 0.5686274
vt 0.8178711 0.9633789
vt 0.2099609 0.9321126
vt 0.8297307 0.9348998
vt 0.2412581 0.4658203
vt 0.8260274 0.9591778
vt 0.7496445 0.9942102
vt 0.7501139 0.9927303
vt 0.01398661 0.9813467
vt 0.7503888 0.9939888
vt 0.5549911 0.9943851
vt 0.5524148 0.9923294
vt 0.5598227 0.9938064
vt 0.8388672 0.9980257
vt 0.01371424 0.9814426
vt 0.01532264 0.9816035
vt 0.01493884 0.9833984
vt 0.01334856 0.9817358
vt 0.1644276 0.4662142
vt 0.1592459 0.4648384
vt 0.1630909 0.4647609
vt 0.4304692 0.8592129
vt 0.4275708 0.8560935
vt 0.4308326 0.8613372
vt 0.4535672 0.8839741
vt 0.4359535 0.88519
vt 0.4304837 0.8602769
vt 0.4509246 0.8374083
vt 0.6173266 0.5417168
vt 0.5964105 0.5383682
vt 0.05716803 0.5102736
vt 0.6100676 0.528188
vt 0.5576997 0.5224984
vt 0.04891232 0.4462639
vt 0.539089 0.5588989
vt 0.5246716 0.5342586
vt 0.05557962 0.5107063
vt 0.04593268 0.493525
vt 0.1917672 0.7386438
vt 0.1779228 0.7409152
vt 0.4310665 0.9042498
vt 0.5392502 0.8265245
vt 0.5213765 0.839172
vt 0.5409222 0.8387154
vt 0.4311064 0.9000316
vt 0.5074568 0.8849835
vt 0.4931058 0.8931428
vt 0.5109282 0.8916564
vt 0.4320389 0.8898848
vt 0.4471934 0.8985167
vt 0.06611431 0.9981179
vt 0.0647262 0.9970173
vt 0.9294778 0.8653623
vt 0.1239192 0.3703166
vt 0.09537704 0.6274385
vt 0.09049785 0.6349839
vt 0.09455409 0.6265384
vt 0.09882168 0.6311835
vt 0.1411861 0.4724749
vt 0.1408043 0.4717169
vt 0.1418041 0.4723214
vt 0.1340256 0.4735009
vt 0.1430212 0.4720156
vt 0.1487355 0.4710588
vt 0.1599853 0.4657105
vt 0.1586044 0.4662742
vt 0.7055085 0.9977995
vt 0.7046185 0.9984342
vt 0.7057816 0.9977331
vt 0.1515314 0.4710019
vt 0.1414224 0.4681499
vt 0.07373397 0.4942126
vt 0.07283558 0.4760823
vt 0.5432893 0.2648942
vt 0.564399 0.2631388
vt 0.545804 0.2580403
vt 0.07275766 0.4946081
vt 0.5453894 0.2568145
vt 0.5507098 0.254666
vt 0.5247639 0.8652503
vt 0.532964 0.8593891
vt 0.5223979 0.8535143
vt 0.562467 0.2530018
vt 0.6448578 0.3538019
vt 0.5512252 0.2762409
vt 0.0628368 0.4782665
vt 0.6093525 0.526723
vt 0.567953 0.2826812
vt 0.5924256 0.5210611
vt 0.1282219 0.4742764
vt 0.1269697 0.4690355
vt 0.1258057 0.4744982
vt 0.06651843 0.9985352
vt 0.1162421 0.3599005
vt 0.6092573 0.3073437
vt 0.6048245 0.3178381
vt 0.6138061 0.3237935
vt 0.1772497 0.4581666
vt 0.5137453 0.9980918
vt 0.5137209 0.9983774
vt 0.5125378 0.9963073
vt 0.5136288 0.9987094
vt 0.5115222 0.9968719
vt 0.5107422 0.9990234
vt 0.1816819 0.4577553
vt 0.1595198 0.4605204
vt 0.1777473 0.4613304
vt 0.790551 0.9276654
vt 0.7967603 0.9372324
vt 0.7922235 0.9244381
vt 0.1489166 0.6884045
vt 0.04681105 0.5182397
vt 0.04799545 0.5058112
vt 0.1341113 0.6712511
vt 0.1429254 0.6875775
vt 0.1446033 0.6834973
vt 0.7934492 0.91972
vt 0.4823338 0.998211
vt 0.1207289 0.6562693
vt 0.1309364 0.6722261
vt 0.1303371 0.6670455
vt 0.1066108 0.6400694
vt 0.0977385 0.638872
vt 0.1080408 0.6417177
vt 0.1100899 0.6670999
vt 0.1093095 0.6431826
vt 0.7350139 0.9982915
vt 0.7346967 0.9982647
vt 0.734701 0.9983864
vt 0.4098428 0.9967584
vt 0.4101526 0.9972703
vt 0.4102504 0.9970428
vt 0.4087208 0.9958743
vt 0.4081322 0.9967173
vt 0.1124331 0.4742929
vt 0.1093601 0.4746139
vt 0.1058493 0.4660858
vt 0.09992144 0.4775233
vt 0.1029572 0.4706653
vt 0.09717499 0.4746841
vt 0.3705601 0.9966618
vt 0.4112347 0.9975153
vt 0.4077148 0.9985352
vt 0.4111161 0.9974927
vt 0.5179703 0.9987643
vt 0.5179008 0.9988427
vt 0.5179268 0.9988707
vt 0.5178676 0.9988775
vt 0.4110946 0.9974326
vt 0.2859982 0.933633
vt 0.3876953 0.8103725
vt 0.6356373 0.9944412
vt 0.633136 0.9951172
vt 0.8251789 0.5726086
vt 0.6355325 0.9935121
vt 0.8255994 0.572812
vt 0.8065375 0.5919038
vt 0.5395077 0.2803683
vt 0.540203 0.2728422
vt 0.77112 0.4352152
vt 0.79318 0.4200552
vt 0.784668 0.9458008
vt 0.9754216 0.7959669
vt 0.9769789 0.8022524
vt 0.9928349 0.8605686
vt 0.9698216 0.8063722
vt 0.9927564 0.8586769
vt 0.990755 0.8621243
vt 0.2029328 0.5275787
vt 0.2077412 0.5272903
vt 0.2699184 0.4668216
vt 0.1976831 0.5310448
vt 0.2715318 0.4635682
vt 0.2735481 0.463048
vt 0.4093079 0.960044
vt 0.4167096 0.9625841
vt 0.4091797 0.9611806
vt 0.5412962 0.2631506
vt 0.5444784 0.2580389
vt 0.8216508 0.4989192
vt 0.8051879 0.5004808
vt 0.8179752 0.4972065
vt 0.8412854 0.5074677
vt 0.8423231 0.8792468
vt 0.8245789 0.8765911
vt 0.8398026 0.8811774
vt 0.4465639 0.9739521
vt 0.1275836 0.4552838
vt 0.8704922 0.9990234
vt 0.1214695 0.4441667
vt 0.1315854 0.4482785
vt 0.8515341 0.8716289
vt 0.8213182 0.8667063
vt 0.7338867 0.9982572
vt 0.8575184 0.8667691
vt 0.8516616 0.8573188
vt 0.8641785 0.8611802
vt 0.7775825 0.4409574
vt 0.2591001 0.9206917
vt 0.2707026 0.9248047
vt 0.2647548 0.9247491
vt 0.7925146 0.4306687
vt 0.2313249 0.9030569
vt 0.7630598 0.4492887
vt 0.5218385 0.3055477
vt 0.5245372 0.3155026
vt 0.522314 0.3154531
vt 0.4312349 0.9939636
vt 0.04674663 0.435194
vt 0.5024524 0.5867112
vt 0.5106862 0.5321817
vt 0.4832271 0.9985352
vt 0.4845502 0.9979892
vt 0.8080683 0.4131759
vt 0.5571197 0.7663484
vt 0.5750118 0.761858
vt 0.5668712 0.7676761
vt 0.4819336 0.9979592
vt 0.6222784 0.9856771
vt 0.03668214 0.6276881
vt 0.02950108 0.6263396
vt 0.111149 0.7925956
vt 0.04249362 0.6155194
vt 0.1481021 0.8009855
vt 0.09375 0.7927383
vt 0.9810435 0.9296683
vt 0.9904176 0.9267275
vt 0.2550777 0.5107948
vt 0.9758295 0.9344822
vt 0.09686196 0.4503596
vt 0.8740234 0.9956146
vt 0.866866 0.8271484
vt 0.8769357 0.9936033
vt 0.4853516 0.9833931
vt 0.8770517 0.9990234
vt 0.2607138 0.5044556
vt 0.262804 0.5085317
vt 0.4670093 0.9332467
vt 0.4768313 0.9334157
vt 0.4751951 0.9314466
vt 0.5192219 0.8702785
vt 0.2656871 0.5027437
vt 0.2679048 0.5028305
vt 0.1034809 0.3788007
vt 0.2670044 0.502028
vt 0.8054718 0.8341078
vt 0.8070838 0.8155022
vt 0.8020315 0.8203158
vt 0.2032867 0.4392046
vt 0.5387107 0.2831472
vt 0.6507466 0.6100548
vt 0.6566899 0.6091963
vt 0.6515033 0.6144266
vt 0.6508116 0.604293
vt 0.4084498 0.9518596
vt 0.4078791 0.9532536
vt 0.4096532 0.9527482
vt 0.1073334 0.4232534
vt 0.08904396 0.4141603
vt 0.09278996 0.4303844
vt 0.9158084 0.6713757
vt 0.8827881 0.6517322
vt 0.872542 0.6576239
vt 0.6590013 0.6009991
vt 0.6531272 0.6025516
vt 0.6623428 0.5973167
vt 0.8096644 0.3089406
vt 0.8048377 0.3057826
vt 0.8023723 0.3135595
vt 0.1702708 0.4417392
vt 0.1629264 0.4287964
vt 0.1494665 0.4259176
vt 0.9414125 0.4113398
vt 0.09185839 0.6449513
vt 0.9434504 0.4102286
vt 0.9442241 0.4140286
vt 0.8096835 0.3174135
vt 0.9923472 0.8501754
vt 0.9921342 0.8506951
vt 0.9923245 0.8496474
vt 0.9108642 0.9938048
vt 0.8089254 0.3240397
vt 0.04102039 0.6111662
vt 0.04213727 0.6145964
vt 0.02760674 0.6016943
vt 0.04260964 0.6137085
vt 0.4882736 0.5845603
vt 0.8706443 0.9980496
vt 0.1411655 0.4482909
vt 0.1381878 0.4540243
vt 0.1364518 0.4375209
vt 0.1462469 0.4113436
vt 0.13363 0.4134651
vt 0.1507741 0.4189396
vt 0.6515186 0.6038746
vt 0.6508002 0.6033627
vt 0.2755682 0.4998753
vt 0.2834499 0.500828
vt 0.1759423 0.5588208
vt 0.2704583 0.5008588
vt 0.1799605 0.5554134
vt 0.1801226 0.5659503
vt 0.2957525 0.6419109
vt 0.3082551 0.6462725
vt 0.313936 0.6354648
vt 0.648122 0.6356298
vt 0.7999239 0.4313447
vt 0.7959915 0.4295185
vt 0.8059223 0.4203357
vt 0.1507002 0.4490231
vt 0.3662447 0.7957464
vt 0.3741177 0.7819344
vt 0.358732 0.7882164
vt 0.9115081 0.9938852
vt 0.9057617 0.9985352
vt 0.784562 0.4473187
vt 0.8964033 0.836518
vt 0.8854861 0.8104744
vt 0.9008272 0.8324009
vt 0.88266 0.8431005
vt 0.8759916 0.8537362
vt 0.8675675 0.8303856
vt 0.161395 0.3972592
vt 0.1533596 0.413735
vt 0.8711522 0.8573047
vt 0.3987143 0.8669716
vt 0.398545 0.8701172
vt 0.9057772 0.8280393
vt 0.3895961 0.862693
vt 0.8669606 0.8597183
vt 0.981542 0.9163972
vt 0.9824283 0.8984647
vt 0.9815555 0.8996511
vt 0.9622461 0.8234273
vt 0.06819114 0.4591295
vt 0.09382756 0.4547771
vt 0.12465 0.4620835
vt 0.1697738 0.4505767
vt 0.1781744 0.4428309
vt 0.180011 0.4347084
vt 0.8630789 0.8534709
vt 0.1439078 0.4582546
vt 0.1491218 0.4579427
vt 0.1552922 0.4564297
vt 0.2075762 0.3868405
vt 0.2075672 0.3871806
vt 0.2075206 0.3871015
vt 0.2139424 0.3622026
vt 0.4495164 0.9783872
vt 0.3808145 0.8591341
vt 0.3841269 0.862664
vt 0.8323604 0.8867635
vt 0.8309134 0.8879766
vt 0.815455 0.905975
vt 0.8104467 0.9002731
vt 0.6400268 0.6330167
vt 0.8172876 0.9031951
vt 0.641645 0.6328719
vt 0.8946786 0.97865
vt 0.3685194 0.6265796
vt 0.3366726 0.6224715
vt 0.3540831 0.6174544
vt 0.3762559 0.6324061
vt 0.9731779 0.9438181
vt 0.9798434 0.9389063
vt 0.8862449 0.597595
vt 0.8942774 0.6096836
vt 0.8988094 0.5999511
vt 0.8151723 0.5920812
vt 0.6173215 0.3072771
vt 0.6046016 0.2986631
vt 0.6250927 0.30746
vt 0.8345744 0.5956055
vt 0.9047653 0.6178806
vt 0.8965677 0.6194614
vt 0.9057928 0.6131618
vt 0.8977261 0.6463363
vt 0.8635826 0.5904273
vt 0.8440411 0.5827236
vt 0.173726 0.7687756
vt 0.1455432 0.7523696
vt 0.4965637 0.9847451
vt 0.4271223 0.8135593
vt 0.4273572 0.7773952
vt 0.4162779 0.790741
vt 0.4592644 0.8069404
vt 0.8639597 0.6037731
vt 0.4557362 0.6323949
vt 0.454634 0.6612233
vt 0.4793279 0.6215611
vt 0.9909797 0.8582304
vt 0.9926603 0.856277
vt 0.8936624 0.9980177
vt 0.8935547 0.998105
vt 0.2459098 0.3174928
vt 0.8936547 0.9981142
vt 0.7407795 0.9616719
vt 0.256886 0.2991205
vt 0.2455126 0.3183899
vt 0.9168557 0.9361624
vt 0.9600821 0.9111278
vt 0.9111434 0.9309262
vt 0.6486675 0.9982734
vt 0.9356785 0.9432153
vt 0.6544454 0.9972438
vt 0.8910238 0.9484444
vt 0.9049555 0.9697399
vt 0.6507953 0.995627
vt 0.8576895 0.9821082
vt 0.6468228 0.9947115
vt 0.8791956 0.9442876
vt 0.8389211 0.9555771
vt 0.875031 0.9410257
vt 0.0306596 0.997638
vt 0.802582 0.9954883
vt 0.6418614 0.995743
vt 0.7132143 0.9937607
vt 0.8119192 0.9782579
vt 0.7212079 0.9801783
vt 0.728611 0.9831758
vt 0.7494305 0.9645078
vt 0.7940279 0.9905508
vt 0.979022 0.8522192
vt 0.9755859 0.8526899
vt 0.9766786 0.8502305
vt 0.690918 0.9985352
vt 0.878112 0.9904904
vt 0.8945385 0.9805887
vt 0.8841286 0.9919913
vt 0.701914 0.9878997
vt 0.9757369 0.8508509
vt 0.7912744 0.9925306
vt 0.8774163 0.9887011
vt 0.980027 0.8553449
vt 0.9821936 0.8510327
vt 0.9777148 0.8567164
vt 0.04241558 0.9990234
vt 0.8530273 0.9985352
vt 0.9870249 0.8518209
vt 0.03688793 0.9969918
vt 0.6457691 0.9990234
vt 0.8847331 0.9382449
vt 0.03100109 0.9944206
vt 0.02593228 0.997588
vt 0.6537186 0.9986827
vt 0.1534726 0.8022072
vt 0.1499293 0.8026425
vt 0.7768555 0.9985352
vt 0.6362584 0.9968159
vt 0.9875063 0.8556503
vt 0.04026118 0.9923794
vt 0.04065643 0.9969897
vt 0.04508291 0.9969789
vt 0.04229589 0.9973017
vt 0.4251739 0.9867779
vt 0.4243554 0.9877944
vt 0.8278129 0.5629462
vt 0.4263293 0.9892578
vt 0.4228516 0.9888418
vt 0.8125455 0.573813
vt 0.7039344 0.9827467
vt 0.7012954 0.9824563
vt 0.7055761 0.9794516
vt 0.6988602 0.9803675
vt 0.9828165 0.861612
vt 0.6982422 0.9812289
vt 0.7261992 0.7811394
vt 0.2429365 0.5879333
vt 0.2372893 0.5992234
vt 0.2353728 0.5862037
vt 0.1705638 0.805884
vt 0.2071214 0.3886553
vt 0.2180437 0.4044096
vt 0.9899129 0.8517549
vt 0.8974069 0.5579056
vt 0.9897891 0.8540518
vt 0.8522287 0.3519095
vt 0.8529018 0.3553317
vt 0.8520858 0.3518298
vt 0.8543668 0.354251
vt 0.91176 0.9952578
vt 0.9105616 0.5618036
vt 0.8143794 0.3316892
vt 0.8145238 0.3349382
vt 0.8126736 0.3296252
vt 0.8163929 0.3341193
vt 0.828212 0.3410511
vt 0.8235648 0.3393617
vt 0.825664 0.3373018
vt 0.8293828 0.3432713
vt 0.8254293 0.3364395
vt 0.8238016 0.3367191
vt 0.8192216 0.3376449
vt 0.2802024 0.2670219
vt 0.2822173 0.2678264
vt 0.8138778 0.3449538
vt 0.8088655 0.3257073
vt 0.8060223 0.3264112
vt 0.8108816 0.3363684
vt 0.3862207 0.6406564
vt 0.3751943 0.6418595
vt 0.3835724 0.6379997
vt 0.3863447 0.6480315
vt 0.8578379 0.3559461
vt 0.364821 0.6408155
vt 0.8773851 0.361614
vt 0.881411 0.3614303
vt 0.8754059 0.3636827
vt 0.8818041 0.3609633
vt 0.1921889 0.8828508
vt 0.8739583 0.362337
vt 0.8771532 0.3668535
vt 0.8738443 0.3620282
vt 0.8649448 0.3669475
vt 0.8732209 0.3618183
vt 0.8682497 0.3710172
vt 0.9178447 0.3951266
vt 0.9185954 0.3972628
vt 0.9167924 0.3945129
vt 0.9199134 0.3961504
vt 0.9140681 0.3932064
vt 0.9093241 0.3925624
vt 0.9111306 0.3917466
vt 0.02957988 0.6838915
vt 0.9149486 0.3975036
vt 0.9213316 0.3968987
vt 0.9228019 0.3976402
vt 0.9179077 0.3987389
vt 0.8475763 0.5106651
vt 0.8518637 0.3517277
vt 0.8390972 0.361334
vt 0.9222898 0.3709287
vt 0.9022672 0.3754482
vt 0.9124313 0.3652552
vt 0.9080573 0.377001
vt 0.8279549 0.3438053
vt 0.9914435 0.9804945
vt 0.9946226 0.9886064
vt 0.9899219 0.981088
vt 0.392665 0.8340138
vt 0.5533813 0.9894864
vt 0.177666 0.8815477
vt 0.1926486 0.8824221
vt 0.1856318 0.8763505
vt 0.9003331 0.3635522
vt 0.8912291 0.3683109
vt 0.5033125 0.9951538
vt 0.2445827 0.3339644
vt 0.5097917 0.9957848
vt 0.5034908 0.9990234
vt 0.2859583 0.285928
vt 0.6181461 0.9971681
vt 0.6171311 0.9990234
vt 0.004684126 0.5896986
vt 0.6152491 0.9977251
vt 0.3005844 0.9972448
vt 0.01504893 0.5955161
vt 0.002207994 0.6072733
vt 0.7024393 0.9833984
vt 0.7875418 0.5886159
vt 0.7461524 0.7831595
vt 0.08418941 0.7961811
vt 0.07178736 0.8047074
vt 0.08016205 0.804413
vt 0.8124323 0.7901706
vt 0.9262562 0.3995679
vt 0.9270728 0.4047176
vt 0.9314295 0.4021579
vt 0.8133599 0.511524
vt 0.8512589 0.5123082
vt 0.5678999 0.6302338
vt 0.6003003 0.6345971
vt 0.5665565 0.6141995
vt 0.9397585 0.4061339
vt 0.9338282 0.4040258
vt 0.9380243 0.408142
vt 0.9449843 0.4086168
vt 0.8240615 0.793937
vt 0.8536812 0.7978132
vt 0.8248137 0.7900972
vt 0.933953 0.4032938
vt 0.0180652 0.6863489
vt 0.01883698 0.6869591
vt 0.0170796 0.6872059
vt 0.02482283 0.6851027
vt 0.8689277 0.360941
vt 0.8685746 0.3620894
vt 0.3787876 0.6375128
vt 0.9723719 0.6905103
vt 0.9572184 0.6961348
vt 0.9733884 0.6912435
vt 0.2046345 0.4008338
vt 0.9659071 0.6871607
vt 0.9516153 0.6875954
vt 0.3898993 0.6919621
vt 0.3805324 0.6624069
vt 0.3881165 0.6983436
vt 0.392626 0.7006447
vt 0.781619 0.992461
vt 0.2670898 0.9829102
vt 0.2688151 0.9828443
vt 0.9246973 0.663347
vt 0.8964934 0.6485159
vt 0.9171077 0.6660265
vt 0.9411412 0.6735748
vt 0.7343636 0.998265
vt 0.7343204 0.9983854
vt 0.622413 0.9857236
vt 0.7338898 0.9982539
vt 0.6224373 0.9860319
vt 0.6220703 0.9871378
vt 0.6225089 0.9868437
vt 0.8115461 0.4095788
vt 0.9078149 0.5700667
vt 0.8908961 0.5647604
vt 0.9139576 0.5639368
vt 0.8991313 0.5703725
vt 0.05359796 0.9892222
vt 0.5932524 0.5729675
vt 0.5796025 0.5616678
vt 0.5906756 0.5911916
vt 0.6153961 0.9950531
vt 0.2172614 0.3607694
vt 0.2154611 0.3549607
vt 0.2205825 0.332549
vt 0.2179173 0.3363636
vt 0.9429334 0.986551
vt 0.948101 0.9744021
vt 0.94541 0.9795235
vt 0.9348638 0.8329853
vt 0.334879 0.7880368
vt 0.3173828 0.7730722
vt 0.3212697 0.8017578
vt 0.4239891 0.5916985
vt 0.5560333 0.9834481
vt 0.09317921 0.356858
vt 0.0899428 0.3505784
vt 0.06891267 0.3478928
vt 0.7082835 0.2856206
vt 0.7087513 0.2395586
vt 0.6703908 0.2415278
vt 0.8621305 0.8362217
vt 0.8973181 0.6478931
vt 0.1916987 0.8829696
vt 0.08523382 0.9912322
vt 0.09140237 0.9908893
vt 0.08457783 0.9931641
vt 0.01464844 0.9985768
vt 0.5389423 0.2952957
vt 0.550948 0.2959813
vt 0.9894173 0.8623047
vt 0.9831285 0.8036134
vt 0.5300193 0.3049865
vt 0.5404016 0.3054492
vt 0.07541084 0.8960574
vt 0.07757068 0.903406
vt 0.08185768 0.901436
vt 0.9098205 0.6864941
vt 0.8856924 0.6776786
vt 0.887348 0.6819004
vt 0.5391666 0.30409
vt 0.04153681 0.885486
vt 0.07128358 0.8858314
vt 0.9259152 0.7519936
vt 0.1072531 0.8931788
vt 0.7430184 0.4180267
vt 0.7736804 0.4168007
vt 0.8972023 0.6483957
vt 0.5906379 0.559435
vt 0.5837939 0.5585839
vt 0.6270607 0.9691186
vt 0.5668598 0.987101
vt 0.08805405 0.9871667
vt 0.5655664 0.9867537
vt 0.3935673 0.5860823
vt 0.5639285 0.9906768
vt 0.5581386 0.5718147
vt 0.5237155 0.6107918
vt 0.5328929 0.6141672
vt 0.4221112 0.9773101
vt 0.8834666 0.9963517
vt 0.4189453 0.9737727
vt 0.4194449 0.9775391
vt 0.5392249 0.6329892
vt 0.8104608 0.9693049
vt 0.79421 0.9703493
vt 0.7941241 0.9774507
vt 0.1708061 0.4161913
vt 0.8045754 0.9794922
vt 0.2409887 0.9686601
vt 0.1938829 0.4235305
vt 0.8329645 0.5186782
vt 0.8670707 0.5279168
vt 0.3844754 0.6570783
vt 0.3800676 0.6528587
vt 0.3835174 0.6619641
vt 0.7864779 0.9888626
vt 0.7930526 0.9851671
vt 0.7884264 0.9870716
vt 0.7891082 0.9893301
vt 0.9453839 0.408808
vt 0.9452416 0.408932
vt 0.9457502 0.4089975
vt 0.792618 0.4512148
vt 0.7967795 0.4370699
vt 0.7846645 0.4665771
vt 0.07556355 0.69362
vt 0.08362174 0.6529984
vt 0.06952703 0.6622602
vt 0.9114875 0.4088141
vt 0.09515011 0.6558961
vt 0.8204622 0.8977709
vt 0.8133827 0.8928869
vt 0.6309184 0.9989472
vt 0.7942486 0.9642484
vt 0.1495463 0.4085135
vt 0.1541174 0.3815488
vt 0.4804816 0.824272
vt 0.4478818 0.8164228
vt 0.4820597 0.8278511
vt 0.4953035 0.9304463
vt 0.4889302 0.9443122
vt 0.5138444 0.9469535
vt 0.09404495 0.4604985
vt 0.577198 0.5063084
vt 0.456819 0.8254981
vt 0.4996028 0.8145825
vt 0.5191424 0.8455483
vt 0.498454 0.8562493
vt 0.02498138 0.871962
vt 0.4949377 0.8291134
vt 0.4969266 0.8459904
vt 0.02891695 0.8970662
vt 0.9341758 0.9892349
vt 0.9361268 0.9914244
vt 0.9431463 0.9764991
vt 0.4945489 0.9709778
vt 0.5146155 0.9756658
vt 0.4333569 0.9814554
vt 0.4347521 0.981912
vt 0.3603516 0.870978
vt 0.2361217 0.8955078
vt 0.3782616 0.8638933
vt 0.3812144 0.8837891
vt 0.8089648 0.9606088
vt 0.4331055 0.9818164
vt 0.5673828 0.9846556
vt 0.8147209 0.9581375
vt 0.4335385 0.9820336
vt 0.816045 0.9716797
vt 0.8134766 0.9698554
vt 0.3025663 0.9982892
vt 0.6905224 0.9951172
vt 0.6762695 0.9849309
vt 0.5816657 0.9990234
vt 0.4975285 0.879655
vt 0.4960974 0.8780371
vt 0.5927379 0.5296172
vt 0.5719371 0.547478
vt 0.6179323 0.965009
vt 0.9325491 0.9814398
vt 0.5959082 0.5816331
vt 0.5790172 0.5164201
vt 0.8356848 0.9990234
vt 0.5760167 0.5292165
vt 0.5688078 0.5254605
vt 0.8340944 0.9970791
vt 0.8330078 0.9979316
vt 0.2738132 0.9853516
vt 0.9089637 0.6027876
vt 0.04397905 0.6407481
vt 0.04527938 0.6443099
vt 0.05214763 0.6491703
vt 0.4916458 0.777584
vt 0.4851064 0.9185506
vt 0.5036072 0.922197
vt 0.5021752 0.9198775
vt 0.4809394 0.9066854
vt 0.5145263 0.907547
vt 0.9503922 0.4116447
vt 0.9502861 0.4134181
vt 0.9488689 0.4107139
vt 0.5039289 0.954214
vt 0.475842 0.9679183
vt 0.02671719 0.8814305
vt 0.0199374 0.8822316
vt 0.003849745 0.8820588
vt 0.4936046 0.9861995
vt 0.9510351 0.4120974
vt 0.5124574 0.8996563
vt 0.9515857 0.4124393
vt 0.02413174 0.6817811
vt 0.02097048 0.6840906
vt 0.5083869 0.913841
vt 0.0270294 0.6799688
vt 0.07775748 0.6515644
vt 0.08420455 0.6474407
vt 0.937864 0.4090089
vt 0.9054327 0.3834889
vt 0.904689 0.3841566
vt 0.9047465 0.3847978
vt 0.6077628 0.570333
vt 0.9027713 0.3903269
vt 0.9030116 0.3901635
vt 0.9437858 0.6779263
vt 0.5949264 0.9877144
vt 0.4906237 0.8670346
vt 0.4636109 0.9361466
vt 0.9463779 0.6767651
vt 0.3696662 0.8427734
vt 0.3677633 0.821389
vt 0.3620435 0.8418337
vt 0.7909646 0.9508821
vt 0.7841338 0.9548542
vt 0.8691882 0.7800909
vt 0.1780601 0.8687221
vt 0.8283657 0.7715894
vt 0.842215 0.7735752
vt 0.1942317 0.8712492
vt 0.7341821 0.4127951
vt 0.6891558 0.4077095
vt 0.7378383 0.4217148
vt 0.8800333 0.7326468
vt 0.9821844 0.5189713
vt 0.9771295 0.5118591
vt 0.9731598 0.5201108
vt 0.7375448 0.414764
vt 0.9584246 0.9613893
vt 0.9603704 0.964313
vt 0.948602 0.9709323
vt 0.9572924 0.7686954
vt 0.9503515 0.7676328
vt 0.9506738 0.7717376
vt 0.4223465 0.9732299
vt 0.4234644 0.9744533
vt 0.5079846 0.6255177
vt 0.9655133 0.9556436
vt 0.2996393 0.2856051
vt 0.2935452 0.2790314
vt 0.2117822 0.4212137
vt 0.202147 0.4350564
vt 0.1984108 0.4294809
vt 0.2208905 0.4169589
vt 0.2256494 0.4146246
vt 0.2532098 0.413799
vt 0.2629943 0.4048263
vt 0.296991 0.9969756
vt 0.5869311 0.3043427
vt 0.5718124 0.3058063
vt 0.2977475 0.9973997
vt 0.66733 0.3649352
vt 0.693876 0.3859663
vt 0.9726877 0.9580379
vt 0.9675483 0.9528463
vt 0.2184427 0.3334164
vt 0.7414745 0.9654526
vt 0.7413048 0.9647948
vt 0.7406798 0.9658203
vt 0.9486788 0.4105414
vt 0.9476414 0.4108955
vt 0.9331441 0.8331982
vt 0.9287109 0.8199967
vt 0.9311519 0.8319075
vt 0.04970978 0.9909617
vt 0.03482922 0.9886652
vt 0.2316022 0.9029312
vt 0.352944 0.6166762
vt 0.3526773 0.6167525
vt 0.03127996 0.988335
vt 0.02158637 0.9887281
vt 0.5885533 0.3115528
vt 0.5753812 0.3291016
vt 0.02344937 0.9894911
vt 0.0085508 0.9915224
vt 0.0009765625 0.6218673
vt 0.254262 0.422664
vt 0.01258266 0.9917975
vt 0.7408416 0.9616644
vt 0.01558018 0.9412925
vt 0.01057172 0.9470922
vt 0.03312564 0.9532033
vt 0.8821336 0.8007598
vt 0.8630097 0.7981105
vt 0.7408409 0.961601
vt 0.008691731 0.9906251
vt 0.9930202 0.8551256
vt 0.2791821 0.2696664
vt 0.2778698 0.2736538
vt 0.8297647 0.9561456
vt 0.8379122 0.9487243
vt 0.5198337 0.8334639
vt 0.3658127 0.9978895
vt 0.9929107 0.8552696
vt 0.9927865 0.8550221
vt 0.8564059 0.9938478
vt 0.6129205 0.6202845
vt 0.2423251 0.8728063
vt 0.6064155 0.621767
vt 0.6113496 0.5995538
vt 0.9629931 0.8196325
vt 0.9830235 0.9220378
vt 0.9810914 0.9218517
vt 0.3653683 0.9982737
vt 0.5093828 0.993977
vt 0.5004883 0.9932912
vt 0.2428865 0.323818
vt 0.9926192 0.8554632
vt 0.3309577 0.9982796
vt 0.3312188 0.9985352
vt 0.3295898 0.9984596
vt 0.3275127 0.9981769
vt 0.8802015 0.9974371
vt 0.9924629 0.8523414
vt 0.6570966 0.3149698
vt 0.6426011 0.2885189
vt 0.6472819 0.3115566
vt 0.4485009 0.7567204
vt 0.5573849 0.9889848
vt 0.5555753 0.9859005
vt 0.5576202 0.9862553
vt 0.0736414 0.9884299
vt 0.5445585 0.986112
vt 0.07759672 0.9864995
vt 0.07128906 0.986578
vt 0.5830933 0.7595354
vt 0.5804212 0.7685547
vt 0.8003429 0.8275054
vt 0.6446188 0.9705311
vt 0.7801585 0.4159157
vt 0.7381563 0.9985967
vt 0.7376265 0.9985228
vt 0.7380052 0.9990234
vt 0.6390626 0.534197
vt 0.6760169 0.555392
vt 0.6805917 0.5465229
vt 0.7357932 0.9983603
vt 0.3830147 0.6636584
vt 0.1171792 0.9127375
vt 0.08105564 0.9054787
vt 0.09500957 0.9101588
vt 0.7926207 0.9217464
vt 0.7291167 0.2342135
vt 0.7788576 0.2687044
vt 0.8090273 0.8401413
vt 0.8151037 0.9197727
vt 0.02276373 0.9566746
vt 0.03690386 0.9701917
vt 0.6545664 0.5335369
vt 0.5313182 0.7596401
vt 0.02244377 0.6048902
vt 0.492507 0.9853638
vt 0.4916992 0.9863281
vt 0.008060694 0.8803376
vt 0.4248047 0.7649974
vt 0.4566181 0.766771
vt 0.4757698 0.7744141
vt 0.08823842 0.6315096
vt 0.5245397 0.6230782
vt 0.728756 0.8462945
vt 0.7367151 0.8644592
vt 0.7476898 0.8597562
vt 0.5629555 0.9875001
vt 0.7991119 0.9840528
vt 0.6767451 0.9889425
vt 0.6279297 0.9883531
vt 0.6860908 0.9990234
vt 0.6201172 0.5349048
vt 0.4786341 0.9747922
vt 0.8438088 0.9990234
vt 0.06016016 0.900717
vt 0.04801273 0.9017066
vt 0.443953 0.6320285
vt 0.4623442 0.6124651
vt 0.4462998 0.61155
vt 0.1939824 0.9027618
vt 0.1468675 0.9123095
vt 0.148195 0.9089901
vt 0.2909014 0.2715514
vt 0.04925478 0.6418028
vt 0.06370592 0.6456732
vt 0.1594582 0.9986483
vt 0.2686026 0.982315
vt 0.4334135 0.9824219
vt 0.8620472 0.7482921
vt 0.8515682 0.7432774
vt 0.428715 0.6176187
vt 0.4483087 0.6022242
vt 0.4403954 0.5963983
vt 0.3938949 0.8378522
vt 0.4782817 0.582731
vt 0.4450073 0.5982089
vt 0.3172129 0.7325272
vt 0.3107121 0.7303957
vt 0.3224812 0.7499817
vt 0.06252243 0.3301222
vt 0.06405525 0.3370575
vt 0.06850296 0.3345627
vt 0.4837387 0.5824781
vt 0.5840774 0.9381161
vt 0.6115952 0.9140995
vt 0.5803713 0.9325225
vt 0.1581443 0.9990234
vt 0.1568675 0.9973872
vt 0.6421558 0.8357669
vt 0.6464233 0.8552915
vt 0.6538212 0.8526478
vt 0.5499645 0.9913329
vt 0.9455358 0.7927698
vt 0.5498047 0.989472
vt 0.4755332 0.5996369
vt 0.3554274 0.7079415
vt 0.3518098 0.7203537
vt 0.3615431 0.724321
vt 0.6152763 0.8681891
vt 0.6226979 0.8568097
vt 0.655561 0.3973718
vt 0.332796 0.9984362
vt 0.881831 0.9967979
vt 0.526785 0.8872689
vt 0.5598137 0.9004002
vt 0.606391 0.8861217
vt 0.6026074 0.8827504
vt 0.6383332 0.8802456
vt 0.6698335 0.8817691
vt 0.6088378 0.2825631
vt 0.5914123 0.2819094
vt 0.9534235 0.6809586
vt 0.5608975 0.9864772
vt 0.7980593 0.5966824
vt 0.8070914 0.6009918
vt 0.8369347 0.579555
vt 0.6314304 0.9912913
vt 0.4725466 0.5794116
vt 0.08989215 0.8988901
vt 0.6394075 0.6797573
vt 0.6090898 0.6999876
vt 0.6508861 0.7075444
vt 0.02963626 0.6977472
vt 0.03537214 0.6969832
vt 0.8197219 0.3608351
vt 0.8260778 0.3670579
vt 0.8327266 0.3505397
vt 0.9819336 0.9985352
vt 0.3847151 0.8399096
vt 0.4739105 0.9713001
vt 0.4662915 0.9768858
vt 0.4722112 0.9703645
vt 0.677721 0.5873715
vt 0.485714 0.5591769
vt 0.06987609 0.3430004
vt 0.7065356 0.3969498
vt 0.5761273 0.9129682
vt 0.5832922 0.9058348
vt 0.5769845 0.9049697
vt 0.8556203 0.5524803
vt 0.03577525 0.9913716
vt 0.5543211 0.9834039
vt 0.4006991 0.8366525
vt 0.3775657 0.6588371
vt 0.6150398 0.7107164
vt 0.500828 0.5966464
vt 0.03970061 0.3190318
vt 0.0628119 0.3219856
vt 0.06390855 0.3189108
vt 0.4588552 0.5668418
vt 0.5928603 0.3193489
vt 0.8264511 0.9984576
vt 0.826522 0.9984714
vt 0.8256836 0.9985352
vt 0.6077013 0.9984087
vt 0.4132732 0.3029317
vt 0.3875814 0.3175824
vt 0.420654 0.3041717
vt 0.4197803 0.658964
vt 0.8857436 0.3854702
vt 0.8849838 0.3844768
vt 0.8837738 0.3863506
vt 0.4289553 0.7060547
vt 0.4260981 0.6998725
vt 0.3453568 0.3271484
vt 0.4473305 0.6816173
vt 0.8869935 0.3836402
vt 0.1381672 0.4001328
vt 0.9271294 0.9013672
vt 0.8959705 0.3847151
vt 0.4413223 0.9892578
vt 0.8932949 0.381012
vt 0.898677 0.38355
vt 0.4418967 0.9857942
vt 0.4433684 0.9877797
vt 0.8978078 0.3867166
vt 0.9874111 0.7621143
vt 0.3198242 0.9985352
vt 0.9557272 0.7406008
vt 0.9542959 0.7380424
vt 0.5782149 0.9452779
vt 0.5841327 0.9438943
vt 0.8870266 0.3925095
vt 0.8876057 0.389555
vt 0.8792619 0.386331
vt 0.06230794 0.3250791
vt 0.06454128 0.325171
vt 0.8362839 0.8012361
vt 0.8353069 0.8199678
vt 0.8513731 0.8198019
vt 0.3210652 0.997406
vt 0.04652947 0.3259902
vt 0.06262405 0.3262911
vt 0.0544406 0.4194245
vt 0.5789992 0.8967705
vt 0.5889785 0.8906553
vt 0.5738433 0.8963823
vt 0.4547889 0.3723444
vt 0.4705504 0.376436
vt 0.4625046 0.3601386
vt 0.6893464 0.9501247
vt 0.6849824 0.9235514
vt 0.6836141 0.946241
vt 0.03473437 0.8732777
vt 0.323483 0.505921
vt 0.3262699 0.5055361
vt 0.3263605 0.5051745
vt 0.03433859 0.7035989
vt 0.2146398 0.4432463
vt 0.2479434 0.4349962
vt 0.4814713 0.5495741
vt 0.5785636 0.4972096
vt 0.575201 0.4723189
vt 0.5551764 0.4922416
vt 0.2014351 0.8994141
vt 0.2479862 0.4262596
vt 0.08425198 0.3403643
vt 0.07400906 0.3325993
vt 0.09168918 0.3186841
vt 0.0778656 0.3184154
vt 0.08054739 0.3219967
vt 0.3926788 0.7803131
vt 0.2791259 0.9630542
vt 0.3721986 0.9971809
vt 0.3707958 0.9977649
vt 0.3725073 0.9988392
vt 0.8657976 0.3823559
vt 0.01677382 0.7454127
vt 0.8694292 0.3816258
vt 0.8689429 0.3899842
vt 0.9117246 0.4016815
vt 0.9102426 0.4030279
vt 0.9163642 0.4035631
vt 0.138087 0.4211227
vt 0.1533405 0.4701551
vt 0.1439555 0.4656385
vt 0.7060784 0.9980384
vt 0.1468799 0.4613924
vt 0.8687068 0.9964473
vt 0.01562737 0.9825128
vt 0.1527951 0.4663652
vt 0.1547852 0.9989941
vt 0.8309904 0.9985071
vt 0.4555791 0.8378636
vt 0.4470252 0.8235929
vt 0.1686309 0.4572666
vt 0.4759092 0.5458339
vt 0.2947965 0.9894788
vt 0.4744258 0.8448431
vt 0.9414861 0.9448366
vt 0.9326172 0.9544346
vt 0.9457997 0.9580078
vt 0.27286 0.9837967
vt 0.2750442 0.9844259
vt 0.3681641 0.9984248
vt 0.1178465 0.4145012
vt 0.4901973 0.8753906
vt 0.4756145 0.8682078
vt 0.4859127 0.8874385
vt 0.6112516 0.5420536
vt 0.6143143 0.55401
vt 0.1280167 0.4248811
vt 0.05421877 0.4704505
vt 0.1309797 0.4177414
vt 0.491997 0.5474496
vt 0.6279675 0.4062148
vt 0.6425738 0.3911701
vt 0.07184553 0.6600147
vt 0.9278266 0.408114
vt 0.1206262 0.6953976
vt 0.5801558 0.5219345
vt 0.3705341 0.9990234
vt 0.3693443 0.9973518
vt 0.5758839 0.5125718
vt 0.02566113 0.5262022
vt 0.01540627 0.5244678
vt 0.5986052 0.992455
vt 0.5874023 0.9985352
vt 0.6068703 0.9949822
vt 0.5736154 0.9968758
vt 0.5751385 0.9936933
vt 0.5774013 0.996751
vt 0.6686032 0.9833984
vt 0.4593343 0.9142359
vt 0.5730816 0.9990234
vt 0.5160588 0.3315609
vt 0.0176245 0.687825
vt 0.901082 0.3916378
vt 0.02413118 0.6922342
vt 0.02188778 0.6922979
vt 0.4940515 0.5398105
vt 0.6201172 0.9967717
vt 0.8113817 0.8887624
vt 0.622054 0.989274
vt 0.8181024 0.8827412
vt 0.6290165 0.9990234
vt 0.8662109 0.9982031
vt 0.6511389 0.2806723
vt 0.03488147 0.9938293
vt 0.7071522 0.8570267
vt 0.6874094 0.8350917
vt 0.6350963 0.9920636
vt 0.8567603 0.9941871
vt 0.8364785 0.9969909
vt 0.1100683 0.7303075
vt 0.5797079 0.2993135
vt 0.3537389 0.7791157
vt 0.1974598 0.8200367
vt 0.2024455 0.8143828
vt 0.6131362 0.3993058
vt 0.6151304 0.4189848
vt 0.2617649 0.3818493
vt 0.2689427 0.3606608
vt 0.2624696 0.3315592
vt 0.4773984 0.8921698
vt 0.4668794 0.9031971
vt 0.04968059 0.8824625
vt 0.5983036 0.2628169
vt 0.5846177 0.2806693
vt 0.6047686 0.2662004
vt 0.857353 0.3804175
vt 0.007089138 0.7551173
vt 0.8647652 0.3738332
vt 0.1919852 0.7880919
vt 0.4178774 0.6943311
vt 0.4066956 0.6915108
vt 0.3786595 0.3237905
vt 0.4900306 0.9827338
vt 0.9099201 0.8019929
vt 0.4885885 0.9853516
vt 0.4126949 0.9466118
vt 0.4884418 0.9827493
vt 0.2030166 0.8222839
vt 0.9116544 0.3977728
vt 0.9080728 0.3987994
vt 0.8286133 0.7542368
vt 0.6248398 0.2697924
vt 0.8506429 0.758014
vt 0.6642992 0.9747827
vt 0.1100776 0.8963571
vt 0.6659003 0.9801755
vt 0.6672558 0.9734074
vt 0.8696879 0.9957106
vt 0.8708639 0.9972745
vt 0.1611332 0.47001
vt 0.9520342 0.4126506
vt 0.2724609 0.9850529
vt 0.06475261 0.4663763
vt 0.7056575 0.9990234
vt 0.4776516 0.5077897
vt 0.4611678 0.4644905
vt 0.4572213 0.513405
vt 0.4324987 0.2619268
vt 0.4116707 0.2852526
vt 0.4541508 0.250005
vt 0.7520465 0.9936212
vt 0.4116837 0.9977413
vt 0.9529879 0.754532
vt 0.7754494 0.9908303
vt 0.435464 0.292752
vt 0.7472754 0.9831449
vt 0.7801973 0.9730879
vt 0.5522228 0.9931835
vt 0.5737844 0.9941616
vt 0.5708433 0.9964384
vt 0.5693359 0.9945962
vt 0.1390456 0.9982821
vt 0.5629389 0.9790226
vt 0.2232428 0.360227
vt 0.2230699 0.3384534
vt 0.6316255 0.9945184
vt 0.735349 0.9907221
vt 0.4267673 0.3499016
vt 0.401195 0.3358493
vt 0.4165357 0.3710197
vt 0.1439499 0.9960936
vt 0.5634835 0.6943423
vt 0.5490828 0.6709757
vt 0.4915664 0.6763097
vt 0.4565419 0.9728414
vt 0.4698417 0.7942437
vt 0.562975 0.9797828
vt 0.6675839 0.9979243
vt 0.5625848 0.9794731
vt 0.9330585 0.7989905
vt 0.9435742 0.7765998
vt 0.9289356 0.8004657
vt 0.2127178 0.9894198
vt 0.5420289 0.9315335
vt 0.5437812 0.92901
vt 0.5380765 0.9319273
vt 0.5229172 0.8947403
vt 0.5661964 0.9964412
vt 0.5656621 0.9990234
vt 0.8430489 0.9954015
vt 0.3315035 0.6777585
vt 0.06459808 0.8037307
vt 0.9121522 0.7095188
vt 0.3134766 0.4061909
vt 0.9347283 0.6930769
vt 0.1054834 0.4041797
vt 0.1282445 0.4071072
vt 0.1063736 0.3952837
vt 0.08180294 0.9907167
vt 0.08464111 0.989035
vt 0.1759438 0.9924345
vt 0.4721591 0.6594955
vt 0.1723633 0.9931111
vt 0.1771987 0.9931641
vt 0.2578283 0.9638672
vt 0.6390113 0.9985791
vt 0.02441406 0.9971326
vt 0.8760636 0.3752289
vt 0.8754295 0.3790919
vt 0.8808728 0.3821451
vt 0.2746763 0.4460915
vt 0.2943485 0.4540287
vt 0.3058236 0.4422745
vt 0.1170809 0.3909172
vt 0.1099305 0.3853394
vt 0.9352546 0.4040642
vt 0.2550372 0.9614639
vt 0.25891 0.9591951
vt 0.2529297 0.9597138
vt 0.5825185 0.3745934
vt 0.1424994 0.8395846
vt 0.11846 0.8078211
vt 0.1137299 0.8525594
vt 0.4741831 0.9794922
vt 0.6440571 0.5556003
vt 0.9520677 0.7628574
vt 0.7369646 0.4529401
vt 0.7484803 0.4488853
vt 0.7238266 0.4497806
vt 0.2779849 0.4559824
vt 0.2839763 0.4540703
vt 0.2906997 0.4552317
vt 0.5866294 0.6479326
vt 0.9186672 0.7721448
vt 0.9281825 0.7590628
vt 0.9014568 0.7690479
vt 0.09946203 0.8706076
vt 0.08458836 0.3904028
vt 0.4713295 0.5327711
vt 0.1353547 0.4098305
vt 0.8543597 0.4009157
vt 0.8649561 0.3984321
vt 0.8519963 0.3979322
vt 0.674015 0.9818377
vt 0.5120257 0.3241894
vt 0.04996954 0.4105344
vt 0.4903204 0.516729
vt 0.8919533 0.3867206
vt 0.8938566 0.3857535
vt 0.8899034 0.3860543
vt 0.07614256 0.3587809
vt 0.06679471 0.3746974
vt 0.7545627 0.8273325
vt 0.7416533 0.8476456
vt 0.7612259 0.8538194
vt 0.04896176 0.3500049
vt 0.9468006 0.7346357
vt 0.8275498 0.8161215
vt 0.5619676 0.7245001
vt 0.5817896 0.749376
vt 0.5694698 0.7425798
vt 0.4989945 0.4571285
vt 0.5283445 0.4619122
vt 0.4909602 0.438483
vt 0.1596968 0.918776
vt 0.3174455 0.2764289
vt 0.5328706 0.9570333
vt 0.6876944 0.4261532
vt 0.6712958 0.4309415
vt 0.7634864 0.9936121
vt 0.3067451 0.4541936
vt 0.8965946 0.8006477
vt 0.486935 0.9829808
vt 0.5627306 0.9507855
vt 0.5562403 0.9454854
vt 0.9354202 0.7331082
vt 0.5372372 0.9990234
vt 0.02117562 0.7574745
vt 0.01790237 0.7838767
vt 0.02778006 0.77147
vt 0.8614366 0.3929257
vt 0.5976416 0.8783915
vt 0.01269531 0.9828956
vt 0.9020795 0.387538
vt 0.9142299 0.5121523
vt 0.9706926 0.543518
vt 0.6337891 0.9975572
vt 0.5125242 0.9264241
vt 0.1605552 0.8496624
vt 0.2073071 0.8717149
vt 0.2051519 0.8400441
vt 0.3092865 0.2825019
vt 0.7976626 0.3361282
vt 0.792765 0.3427609
vt 0.8058476 0.3380244
vt 0.6241739 0.4413115
vt 0.6598195 0.4399157
vt 0.01143098 0.9838867
vt 0.8310475 0.3643641
vt 0.8339316 0.3720557
vt 0.6803361 0.9683826
vt 0.6060417 0.8355463
vt 0.6203953 0.8043214
vt 0.5615029 0.8156991
vt 0.5707159 0.9718319
vt 0.6119528 0.9396697
vt 0.7514484 0.9276842
vt 0.7294204 0.9220421
vt 0.7543908 0.932351
vt 0.9879084 0.5385944
vt 0.5008577 0.3176695
vt 0.1742911 0.8083609
vt 0.506208 0.3101108
vt 0.5050302 0.3196745
vt 0.8378445 0.3697821
vt 0.851208 0.3699796
vt 0.02964289 0.3140447
vt 0.01625618 0.3424841
vt 0.5973938 0.9852098
vt 0.8068304 0.9977382
vt 0.6049412 0.9809836
vt 0.07319447 0.8363473
vt 0.04785156 0.8247941
vt 0.5104967 0.5024257
vt 0.3669889 0.5425571
vt 0.320828 0.5440046
vt 0.321342 0.5700331
vt 0.055527 0.3344567
vt 0.1043357 0.4762999
vt 0.6123402 0.4692032
vt 0.6015929 0.4825817
vt 0.614186 0.4746919
vt 0.06599063 0.3284724
vt 0.05969051 0.3291609
vt 0.03201203 0.5358889
vt 0.03144016 0.5366352
vt 0.7881401 0.8845084
vt 0.6460831 0.9964707
vt 0.8276355 0.99832
vt 0.6122405 0.9984881
vt 0.5409708 0.9921356
vt 0.5501043 0.9987082
vt 0.8173763 0.8080962
vt 0.9143877 0.5600283
vt 0.5668358 0.4407259
vt 0.9517286 0.5673828
vt 0.530141 0.9212347
vt 0.5192153 0.9301556
vt 0.5198027 0.913255
vt 0.5407572 0.9486154
vt 0.555732 0.3247376
vt 0.6075747 0.4490319
vt 0.6053516 0.4424007
vt 0.8955645 0.3971569
vt 0.8954802 0.3963554
vt 0.894583 0.3987996
vt 0.03857338 0.7072979
vt 0.6074913 0.9985352
vt 0.5672147 0.9284983
vt 0.5855161 0.9121943
vt 0.5769503 0.9150881
vt 0.5257999 0.9689419
vt 0.5838091 0.4631217
vt 0.3768861 0.5351353
vt 0.0009765625 0.3021178
vt 0.3736835 0.5445968
vt 0.3392296 0.5241133
vt 0.5462877 0.9566329
vt 0.6461906 0.899305
vt 0.6904675 0.8873234
vt 0.1624781 0.8578689
vt 0.182327 0.8662227
vt 0.573651 0.9528295
vt 0.5655326 0.848787
vt 0.5465281 0.8288018
vt 0.6847614 0.876855
vt 0.6522704 0.7333316
vt 0.2259771 0.3977752
vt 0.6864011 0.5947266
vt 0.2847879 0.6821728
vt 0.697969 0.5942423
vt 0.5531958 0.8586698
vt 0.855322 0.3708935
vt 0.8529572 0.374696
vt 0.4855895 0.6321948
vt 0.06599192 0.3276281
vt 0.06435318 0.3282812
vt 0.4862216 0.7457497
vt 0.5019448 0.7304305
vt 0.4835188 0.7241694
vt 0.1986667 0.9822678
vt 0.1803125 0.9926984
vt 0.2070947 0.9980799
vt 0.291932 0.6826172
vt 0.3157718 0.6601234
vt 0.288673 0.673744
vt 0.3284883 0.6779214
vt 0.5967217 0.6515067
vt 0.3713264 0.2929927
vt 0.3837183 0.2913634
vt 0.3798001 0.2787605
vt 0.6701581 0.9383763
vt 0.6690392 0.9280466
vt 0.6575006 0.9423494
vt 0.6329544 0.9410946
vt 0.7831938 0.5338663
vt 0.7239345 0.5162057
vt 0.7336803 0.524073
vt 0.5333399 0.8058325
vt 0.8784067 0.384029
vt 0.8822303 0.3840573
vt 0.595258 0.5846999
vt 0.8012695 0.9976375
vt 0.9794008 0.7174268
vt 0.1156995 0.3367237
vt 0.5176585 0.6068686
vt 0.880189 0.3850781
vt 0.9952447 0.7121196
vt 0.8032798 0.9303081
vt 0.01198077 0.7694627
vt 0.4631888 0.4292645
vt 0.43511 0.4897625
vt 0.4122758 0.9491743
vt 0.4103205 0.9503114
vt 0.410596 0.9541016
vt 0.5864908 0.6758339
vt 0.5709528 0.6721436
vt 0.5649414 0.9793571
vt 0.5895136 0.9722754
vt 0.5975723 0.9619699
vt 0.5696249 0.5980936
vt 0.6302343 0.9937391
vt 0.06994121 0.3244539
vt 0.7005557 0.8222998
vt 0.6943359 0.8266788
vt 0.7031944 0.8408203
vt 0.01323454 0.3578608
vt 0.3869889 0.5442969
vt 0.8143883 0.8349609
vt 0.8086267 0.8204579
vt 0.8221577 0.8219834
vt 0.5972213 0.9778521
vt 0.7600538 0.4831291
vt 0.4476509 0.5709642
vt 0.425467 0.5476522
vt 0.4256456 0.5715033
vt 0.321821 0.5053363
vt 0.08830823 0.3407738
vt 0.9311681 0.4074323
vt 0.6164205 0.2570719
vt 0.6201809 0.3607795
vt 0.3686296 0.647774
vt 0.3752166 0.6825176
vt 0.4244946 0.5143168
vt 0.4106531 0.5185547
vt 0.8123022 0.9325543
vt 0.8030411 0.9483058
vt 0.6422424 0.7860978
vt 0.5220693 0.3057123
vt 0.6080706 0.2790999
vt 0.7385787 0.9623892
vt 0.9019733 0.3988796
vt 0.06482852 0.7279569
vt 0.8821873 0.994058
vt 0.06303775 0.6378934
vt 0.07565689 0.6453896
vt 0.04368818 0.7107737
vt 0.8898816 0.4045848
vt 0.1423932 0.9955987
vt 0.144733 0.9927563
vt 0.7549329 0.4534897
vt 0.01825035 0.8594924
vt 0.7010261 0.9220839
vt 0.7028552 0.9660276
vt 0.3438946 0.7095467
vt 0.3365448 0.7041502
vt 0.4088055 0.9500374
vt 0.04226911 0.6968347
vt 0.9191238 0.4060294
vt 0.5262602 0.9990234
vt 0.1510841 0.7810807
vt 0.1360933 0.7730836
vt 0.7118264 0.913291
vt 0.4371052 0.4246691
vt 0.4360474 0.4352025
vt 0.1200852 0.7550608
vt 0.9638417 0.822214
vt 0.9796119 0.8466797
vt 0.2041016 0.581184
vt 0.9977074 0.9267578
vt 0.08814037 0.7671882
vt 0.02665009 0.3797152
vt 0.03265095 0.3907515
vt 0.7553034 0.8869276
vt 0.7652209 0.8781003
vt 0.7385969 0.8736093
vt 0.5319368 0.9871742
vt 0.5247743 0.9883794
vt 0.9373472 0.9970918
vt 0.9390466 0.9953648
vt 0.9422665 0.9982578
vt 0.8703952 0.4021317
vt 0.9335291 0.9965966
vt 0.04533577 0.7411925
vt 0.5630013 0.9820669
vt 0.5607803 0.9798875
vt 0.5591847 0.9802992
vt 0.5719919 0.9977134
vt 0.4559062 0.5164028
vt 0.722911 0.9197305
vt 0.7870789 0.9186689
vt 0.04813179 0.4169236
vt 0.799113 0.3297114
vt 0.793461 0.3230771
vt 0.8580734 0.3663744
vt 0.863241 0.369166
vt 0.3697588 0.8592725
vt 0.6989031 0.9847556
vt 0.0009765625 0.7675416
vt 0.8578346 0.3847615
vt 0.9276521 0.7927507
vt 0.7939453 0.9523628
vt 0.9327581 0.8830279
vt 0.8269615 0.8363539
vt 0.484068 0.4980976
vt 0.6622587 0.9785373
vt 0.661936 0.9768364
vt 0.1337564 0.8886675
vt 0.4488478 0.540574
vt 0.4694525 0.4414089
vt 0.8753641 0.7779362
vt 0.9154966 0.793121
vt 0.9046289 0.7812319
vt 0.6423432 0.9736328
vt 0.6221345 0.9526337
vt 0.6059228 0.9668263
vt 0.7835941 0.4821509
vt 0.789166 0.4383498
vt 0.7959972 0.4876361
vt 0.6732408 0.7602878
vt 0.639861 0.7705257
vt 0.6860777 0.7756606
vt 0.4181451 0.5092912
vt 0.8046112 0.3594897
vt 0.08253121 0.6459231
vt 0.4075517 0.9501055
vt 0.40666 0.9515111
vt 0.6716158 0.9638691
vt 0.6783521 0.949677
vt 0.7833446 0.9268672
vt 0.9395455 0.9452594
vt 0.8628526 0.5208548
vt 0.08583179 0.3258053
vt 0.08259824 0.330827
vt 0.8005692 0.3139057
vt 0.5975773 0.3146905
vt 0.3632619 0.5636232
vt 0.3291016 0.7980022
vt 0.659715 0.7348028
vt 0.6731509 0.712907
vt 0.2083694 0.4573845
vt 0.2210716 0.9384766
vt 0.5134649 0.8788695
vt 0.5232832 0.7557442
vt 0.5341921 0.7558179
vt 0.5198095 0.7421753
vt 0.6623204 0.5126757
vt 0.7288404 0.8411534
vt 0.5915577 0.9777485
vt 0.6045601 0.970529
vt 0.1426096 0.8582335
vt 0.1365728 0.8617984
vt 0.9859219 0.9190528
vt 0.9902246 0.9217197
vt 0.5550548 0.9361187
vt 0.5607328 0.9294691
vt 0.4576986 0.7339697
vt 0.4629915 0.752529
vt 0.5582691 0.9253857
vt 0.5521693 0.9220226
vt 0.5309605 0.9151359
vt 0.5432242 0.9138079
vt 0.5706413 0.984642
vt 0.9443189 0.9877229
vt 0.5230739 0.9071836
vt 0.5512367 0.9052031
vt 0.6668485 0.9980587
vt 0.7291403 0.4442885
vt 0.02091503 0.922367
vt 0.3415559 0.6631066
vt 0.02929401 0.9248626
vt 0.01652145 0.9366515
vt 0.3880055 0.5937082
vt 0.3880408 0.5806456
vt 0.3740351 0.5913197
vt 0.7920276 0.9116234
vt 0.7968588 0.9163541
vt 0.8956494 0.9781439
vt 0.6862571 0.4965366
vt 0.689811 0.5075772
vt 0.08564878 0.7916678
vt 0.7991407 0.786093
vt 0.4067237 0.5604797
vt 0.4128757 0.5460756
vt 0.06685495 0.8120384
vt 0.08009076 0.8103331
vt 0.9007692 0.3892682
vt 0.8934949 0.3909886
vt 0.8206841 0.8041171
vt 0.5709057 0.9800147
vt 0.586495 0.9925428
vt 0.8530987 0.3720702
vt 0.244031 0.9730754
vt 0.2435234 0.9756151
vt 0.2678832 0.9822437
vt 0.5924711 0.9805076
vt 0.5821126 0.8574256
vt 0.5667121 0.8666084
vt 0.1099699 0.7735494
vt 0.09070981 0.7865269
vt 0.1126224 0.7784418
vt 0.5517915 0.9781114
vt 0.7822266 0.7717969
vt 0.945188 0.4738476
vt 0.7936181 0.7978746
vt 0.7845646 0.7996973
vt 0.9112962 0.7203337
vt 0.5527159 0.9614406
vt 0.5446863 0.9681499
vt 0.3856133 0.6756253
vt 0.4526253 0.7527342
vt 0.3167791 0.5030582
vt 0.3168392 0.5059975
vt 0.5028603 0.638037
vt 0.3931465 0.5718057
vt 0.4062068 0.7216192
vt 0.9762979 0.996599
vt 0.391001 0.7251111
vt 0.2546375 0.582511
vt 0.3821748 0.7191498
vt 0.4257881 0.2397877
vt 0.826606 0.926581
vt 0.8277478 0.9270749
vt 0.8287417 0.924876
vt 0.1371839 0.8748699
vt 0.151051 0.8676803
vt 0.1612425 0.8735437
vt 0.5158755 0.9292486
vt 0.787809 0.5956616
vt 0.4923971 0.5265816
vt 0.03676759 0.4299463
vt 0.8696667 0.5275385
vt 0.3997125 0.244574
vt 0.4064901 0.2432559
vt 0.394 0.2480123
vt 0.4051991 0.9514762
vt 0.5578498 0.904139
vt 0.5244005 0.3253493
vt 0.4135742 0.9985352
vt 0.6831106 0.8272896
vt 0.8246208 0.9312113
vt 0.9202247 0.4689867
vt 0.9273407 0.4917359
vt 0.3608738 0.8082703
vt 0.7884949 0.6104787
vt 0.4051163 0.9492584
vt 0.401911 0.9480504
vt 0.4032227 0.9513192
vt 0.06333137 0.9840866
vt 0.226528 0.6273885
vt 0.2306705 0.600925
vt 0.04810309 0.9355546
vt 0.9443812 0.9983913
vt 0.05970168 0.9324666
vt 0.394523 0.2538239
vt 0.466181 0.9699352
vt 0.4545923 0.9769915
vt 0.4198233 0.2579057
vt 0.4276882 0.2573702
vt 0.4231568 0.2645532
vt 0.7932318 0.5032282
vt 0.7724299 0.9374462
vt 0.7923539 0.333789
vt 0.7822266 0.3388876
vt 0.3971305 0.7338415
vt 0.3917746 0.7308635
vt 0.389689 0.7431843
vt 0.6731763 0.9748256
vt 0.9236248 0.8053277
vt 0.2112226 0.9893882
vt 0.401931 0.9509647
vt 0.3764776 0.2552551
vt 0.3637985 0.2609219
vt 0.5743381 0.9133887
vt 0.3887024 0.2522213
vt 0.363909 0.7609434
vt 0.3949646 0.7668431
vt 0.3780831 0.7564503
vt 0.4072425 0.7558076
vt 0.3771934 0.7489561
vt 0.3977817 0.7609036
vt 0.5070729 0.8300391
vt 0.01696396 0.9174805
vt 0.01595259 0.8967894
vt 0.7394269 0.8321929
vt 0.5970978 0.3936139
vt 0.3542778 0.6435722
vt 0.344714 0.6335343
vt 0.005754471 0.9652457
vt 0.4120178 0.7390234
vt 0.2827513 0.5869209
vt 0.7603465 0.9010596
vt 0.3827258 0.7093885
vt 0.3718645 0.7055758
vt 0.6783897 0.9801991
vt 0.6795353 0.9756594
vt 0.1152363 0.9325881
vt 0.3611605 0.6616882
vt 0.6342494 0.8261912
vt 0.6461432 0.8120351
vt 0.5518373 0.9958446
vt 0.3270674 0.7168845
vt 0.3231851 0.7202764
vt 0.7501128 0.8672546
vt 0.8936675 0.9752529
vt 0.7045557 0.8451326
vt 0.8263993 0.9326514
vt 0.9542242 0.9875736
vt 0.0009765625 0.9543713
vt 0.002817154 0.9439708
vt 0.3563943 0.6507593
vt 0.5503568 0.8170606
vt 0.8970761 0.9787257
vt 0.5967669 0.9888452
vt 0.3535839 0.6579034
vt 0.368364 0.7506937
vt 0.3679938 0.7319071
vt 0.4472518 0.7191529
vt 0.8653226 0.371771
vt 0.8723379 0.5573687
vt 0.9902722 0.8519281
vt 0.9479461 0.9899951
vt 0.4094258 0.9463051
vt 0.4111819 0.9477977
vt 0.7911435 0.9837624
vt 0.8213725 0.928534
vt 0.5861299 0.7692424
vt 0.382255 0.7258552
vt 0.4362962 0.5821471
vt 0.364117 0.7528465
vt 0.1013983 0.996144
vt 0.09881583 0.9879676
vt 0.3009257 0.5608277
vt 0.4231306 0.7411883
vt 0.312772 0.554118
vt 0.06621489 0.3200175
vt 0.4058571 0.9514235
vt 0.4155302 0.7567115
vt 0.4155955 0.746959
vt 0.9201221 0.4029425
vt 0.7543441 0.4843661
vt 0.7474779 0.4730982
vt 0.7341748 0.4892098
vt 0.3261852 0.997577
vt 0.3243995 0.9979812
vt 0.8083968 0.8011901
vt 0.8626462 0.6754175
vt 0.8441651 0.6822207
vt 0.8185806 0.6755313
vt 0.8345178 0.6712736
vt 0.6256886 0.3002622
vt 0.6482528 0.8336951
vt 0.03354216 0.9721487
vt 0.02168536 0.974857
vt 0.2161317 0.9067149
vt 0.8620994 0.8021235
vt 0.8599006 0.8204753
vt 0.5028132 0.9324336
vt 0.01637875 0.9977139
vt 0.3438323 0.771855
vt 0.02166494 0.9990234
vt 0.3227782 0.9969136
vt 0.9783721 0.9905796
vt 0.9691267 0.9625282
vt 0.9679064 0.9938353
vt 0.5631738 0.9099069
vt 0.975509 0.9630959
vt 0.4921276 0.985864
vt 0.02659988 0.8811034
vt 0.6163024 0.9438808
vt 0.7446326 0.7096789
vt 0.7176084 0.7165604
vt 0.7512881 0.723697
vt 0.2767222 0.559414
vt 0.2939923 0.5481161
vt 0.2847929 0.5401083
vt 0.5295489 0.9969223
vt 0.5295808 0.9990234
vt 0.531755 0.9980889
vt 0.7509766 0.9662624
vt 0.3855792 0.7044495
vt 0.5288086 0.9982512
vt 0.7421447 0.7272719
vt 0.6963955 0.7271319
vt 0.7144392 0.7296612
vt 0.7068957 0.7211043
vt 0.7176722 0.7427009
vt 0.7338912 0.7410133
vt 0.5624441 0.309691
vt 0.5570191 0.3044436
vt 0.7142057 0.7564406
vt 0.7432553 0.7702626
vt 0.001464844 0.9985352
vt 0.01498119 0.9869479
vt 0.7162967 0.6955786
vt 0.7350743 0.6888244
vt 0.6171932 0.7738811
vt 0.6887179 0.7459732
vt 0.1132274 0.7759452
vt 0.5514333 0.9804528
vt 0.9212291 0.6855142
vt 0.7731281 0.7223954
vt 0.7767812 0.7309999
vt 0.7911927 0.7284141
vt 0.7344855 0.7283293
vt 0.1181941 0.8677104
vt 0.9344336 0.777554
vt 0.8873926 0.7719895
vt 0.7260225 0.7513154
vt 0.705891 0.7484477
vt 0.2863948 0.5686083
vt 0.688863 0.7018008
vt 0.7077138 0.6985739
vt 0.7442977 0.6860477
vt 0.11391 0.8783964
vt 0.7322505 0.7485405
vt 0.9647033 0.9969613
vt 0.9667721 0.9965991
vt 0.7667927 0.77619
vt 0.7655947 0.7802734
vt 0.3962559 0.4974732
vt 0.5809376 0.8519771
vt 0.3654402 0.9985352
vt 0.0009765625 0.8886129
vt 0.1943359 0.8964491
vt 0.2144563 0.8785822
vt 0.4061415 0.9459158
vt 0.7296996 0.7569276
vt 0.7543304 0.7508969
vt 0.7436442 0.7489669
vt 0.9449216 0.995725
vt 0.7540479 0.9602433
vt 0.3763207 0.6994145
vt 0.3878977 0.718147
vt 0.9491336 0.9990234
vt 0.9640162 0.9988911
vt 0.2636855 0.5560117
vt 0.2570634 0.5247441
vt 0.997932 0.9642789
vt 0.2456474 0.8924105
vt 0.5311961 0.9981345
vt 0.1966828 0.8094918
vt 0.9959357 0.9112805
vt 0.9892578 0.8939534
vt 0.9961676 0.9169922
vt 0.3560861 0.6945081
vt 0.3953357 0.465167
vt 0.3911285 0.4811179
vt 0.4141897 0.4726277
vt 0.2646773 0.5663073
vt 0.2442867 0.658891
vt 0.724781 0.5858194
vt 0.2479426 0.6397714
vt 0.2670249 0.6759059
vt 0.7003197 0.5804104
vt 0.7254224 0.5596055
vt 0.7674953 0.5661286
vt 0.2964888 0.5705202
vt 0.3490741 0.6657647
vt 0.3429882 0.659958
vt 0.6763582 0.5756012
vt 0.7057699 0.5933403
vt 0.7001243 0.5932726
vt 0.6069336 0.9984995
vt 0.9976953 0.9097369
vt 0.995665 0.9152094
vt 0.3582947 0.6848245
vt 0.3109803 0.5277985
vt 0.2906795 0.519586
vt 0.2909896 0.5316681
vt 0.6660074 0.9976721
vt 0.6668788 0.9978262
vt 0.8860309 0.9774765
vt 0.2090718 0.8340284
vt 0.7838695 0.7198814
vt 0.2031552 0.8349609
vt 0.2071992 0.8297864
vt 0.4360242 0.4110771
vt 0.4395015 0.3830515
vt 0.4229794 0.3857812
vt 0.7603828 0.5125388
vt 0.7401575 0.5568366
vt 0.2702328 0.8367817
vt 0.9528424 0.989747
vt 0.7553809 0.9697266
vt 0.01215076 0.8379197
vt 0.01861334 0.8398431
vt 0.885365 0.381887
vt 0.2099609 0.9897857
vt 0.4114303 0.9442766
vt 0.7443088 0.495582
vt 0.7364641 0.5016825
vt 0.7739252 0.5093042
vt 0.5767894 0.2987426
vt 0.2224705 0.8974708
vt 0.7932801 0.5549353
vt 0.2094465 0.6281093
vt 0.7964323 0.5304937
vt 0.8467006 0.53476
vt 0.6331974 0.6756295
vt 0.6717097 0.6729018
vt 0.7590464 0.7075711
vt 0.7533129 0.6846352
vt 0.629794 0.4641278
vt 0.07734597 0.7609903
vt 0.07378876 0.7945972
vt 0.6271426 0.6398801
vt 0.2370606 0.8362746
vt 0.9830611 0.5463301
vt 0.7224826 0.9300393
vt 0.4117783 0.5045508
vt 0.7176241 0.7765359
vt 0.1145624 0.769224
vt 0.8981359 0.3927444
vt 0.5920002 0.452882
vt 0.03826892 0.86563
vt 0.7099621 0.9790294
vt 0.5380417 0.3280579
vt 0.1254 0.9990234
vt 0.8867106 0.9771799
vt 0.5650977 0.3867623
vt 0.5734898 0.3678713
vt 0.5289797 0.3772125
vt 0.2844459 0.6667373
vt 0.7011138 0.6676009
vt 0.9125139 0.3993827
vt 0.906915 0.4003459
vt 0.7180916 0.6672451
vt 0.3075761 0.738723
vt 0.3039603 0.7214007
vt 0.3010019 0.7270988
vt 0.9057023 0.3928653
vt 0.04438853 0.6879041
vt 0.7935997 0.6741922
vt 0.8019891 0.6862971
vt 0.806466 0.6717638
vt 0.4041024 0.9440715
vt 0.9155176 0.4006611
vt 0.1405066 0.9981689
vt 0.1378422 0.9971563
vt 0.137742 0.9953544
vt 0.8896435 0.3919448
vt 0.8882467 0.3885114
vt 0.02596331 0.6962796
vt 0.8995857 0.3929471
vt 0.2797841 0.6814939
vt 0.1650391 0.9756078
vt 0.8706663 0.7705078
vt 0.2701613 0.6555644
vt 0.8960758 0.3864851
vt 0.5583159 0.9724344
vt 0.8982262 0.394311
vt 0.02996743 0.6998715
vt 0.6920531 0.4290173
vt 0.8968062 0.3958489
vt 0.2776985 0.6603036
vt 0.9931706 0.9377031
vt 0.883896 0.3829331
vt 0.7507228 0.7794791
vt 0.268527 0.8435193
vt 0.2531006 0.8366873
vt 0.2556989 0.8481954
vt 0.2493423 0.8504112
vt 0.3742906 0.4864005
vt 0.8736315 0.3827843
vt 0.8718564 0.3936313
vt 0.5846421 0.9657662
vt 0.06685472 0.798838
vt 0.5897591 0.9628843
vt 0.4126278 0.7212105
vt 0.3108094 0.5735514
vt 0.4116079 0.736696
vt 0.02863395 0.7774295
vt 0.8753949 0.3870087
vt 0.6712426 0.5576061
vt 0.84999 0.3745009
vt 0.2447803 0.9775391
vt 0.7695874 0.9542152
vt 0.7282034 0.9513435
vt 0.5287349 0.7602785
vt 0.5289476 0.7633805
vt 0.6359993 0.5410808
vt 0.6736856 0.5548132
vt 0.2511725 0.8525391
vt 0.2533066 0.8518345
vt 0.7768639 0.517219
vt 0.259113 0.8523099
vt 0.7024084 0.5603833
vt 0.8740234 0.4598342
vt 0.5730952 0.3583573
vt 0.907897 0.4572575
vt 0.5588605 0.9815435
vt 0.9154663 0.4833915
vt 0.1985807 0.8271711
vt 0.7737411 0.7211171
vt 0.2080582 0.8067341
vt 0.8152038 0.3623886
vt 0.3105471 0.5759822
vt 0.8109764 0.3681338
vt 0.7991089 0.3590698
vt 0.7326208 0.9574771
vt 0.6864952 0.554896
vt 0.7192212 0.9758559
vt 0.709677 0.9752915
vt 0.01074219 0.85055
vt 0.8151176 0.3704092
vt 0.2504371 0.8336687
vt 0.2442788 0.8436183
vt 0.4142843 0.7404593
vt 0.7152298 0.552325
vt 0.6906048 0.5412607
vt 0.6929229 0.5303689
vt 0.7314886 0.5498241
vt 0.8694766 0.3985409
vt 0.8712932 0.4000164
vt 0.8754581 0.3984123
vt 0.9331055 0.9985352
vt 0.01371086 0.7914205
vt 0.8367867 0.3802069
vt 0.03551865 0.791687
vt 0.01961648 0.8221496
vt 0.2412109 0.976685
vt 0.2678853 0.8319979
vt 0.7548774 0.5540607
vt 0.2656583 0.8271334
vt 0.2412109 0.8390152
vt 0.7802804 0.7024167
vt 0.8268733 0.717432
vt 0.793998 0.7032591
vt 0.0620563 0.7759749
vt 0.04399621 0.7771286
vt 0.8597409 0.7184986
vt 0.8506833 0.7140679
vt 0.8415601 0.7223055
vt 0.2200776 0.8118703
vt 0.06606603 0.7572188
vt 0.8490357 0.3979813
vt 0.02999949 0.7866002
vt 0.04559326 0.7389871
vt 0.8758304 0.4006678
vt 0.05112767 0.7534013
vt 0.05474126 0.7554592
vt 0.8473326 0.3837635
vt 0.05993783 0.742209
vt 0.874221 0.4036453
vt 0.8849647 0.3982498
vt 0.7745158 0.5439762
vt 0.2327911 0.648231
vt 0.8780896 0.401803
vt 0.7188848 0.5238777
vt 0.7488832 0.5407264
vt 0.8055493 0.7030648
vt 0.2474357 0.8254126
vt 0.5365062 0.9795244
vt 0.5512671 0.9862615
vt 0.1279604 0.7775977
vt 0.8108013 0.7686133
vt 0.8368539 0.7619423
vt 0.8845467 0.9803233
vt 0.8295899 0.7310539
vt 0.2326608 0.818036
vt 0.7669028 0.7041589
vt 0.335912 0.5774396
vt 0.4205174 0.7527561
vt 0.7591376 0.9599883
vt 0.3672564 0.5837975
vt 0.4227728 0.7709775
vt 0.7611448 0.7182407
vt 0.834697 0.6849735
vt 0.8430992 0.6871408
vt 0.04623854 0.3074673
vt 0.689935 0.9542205
vt 0.04429817 0.8740234
vt 0.2116875 0.9912109
vt 0.8489546 0.3886768
vt 0.8471192 0.3803838
vt 0.6527493 0.9722673
vt 0.7284893 0.4693356
vt 0.5113087 0.7284946
vt 0.7908256 0.6605625
vt 0.8061184 0.6670836
vt 0.8000128 0.6468803
vt 0.8574807 0.6417119
vt 0.8256785 0.6660239
vt 0.9404297 0.99167
vt 0.8484393 0.3941043
vt 0.7799553 0.6628971
vt 0.8193944 0.6322442
vt 0.7670532 0.6547876
vt 0.8164431 0.6901461
vt 0.7764297 0.6669077
vt 0.7496791 0.6649166
vt 0.9476761 0.9990234
vt 0.06192613 0.9352018
vt 0.9466177 0.9981787
vt 0.9443359 0.9987337
vt 0.8505354 0.3821488
vt 0.2423198 0.6340578
vt 0.2467992 0.9733166
vt 0.6582849 0.3115339
vt 0.8440009 0.714899
vt 0.8501433 0.6921293
vt 0.8151855 0.7014642
vt 0.2538127 0.634291
vt 0.2660463 0.6360096
vt 0.2537133 0.6252688
vt 0.3118869 0.6341031
vt 0.2754325 0.6301876
vt 0.6757293 0.61911
vt 0.2689054 0.6124289
vt 0.7017878 0.630061
vt 0.2899867 0.6266287
vt 0.2887923 0.6118904
vt 0.7223213 0.8154297
vt 0.7307228 0.6205865
vt 0.004298329 0.878418
vt 0.004095316 0.8735427
vt 0.007193446 0.861265
vt 0.1884766 0.8166738
vt 0.1906482 0.8025206
vt 0.2767522 0.5094768
vt 0.2958314 0.5122241
vt 0.8750936 0.6932021
vt 0.730569 0.647617
vt 0.7820245 0.6749263
vt 0.194339 0.7967724
vt 0.8583956 0.7040433
vt 0.8685006 0.7022463
vt 0.7577013 0.6286433
vt 0.7492908 0.6348096
vt 0.7132916 0.6309117
vt 0.3313837 0.4239864
vt 0.8983299 0.7141392
vt 0.3319027 0.386894
vt 0.3370273 0.4297867
vt 0.878475 0.6993277
vt 0.4999883 0.7244304
vt 0.7793102 0.6368465
vt 0.7912691 0.6269147
vt 0.1904253 0.8832836
vt 0.1828775 0.9754745
vt 0.9941901 0.9818745
vt 0.8320549 0.3445051
vt 0.6646562 0.9985352
vt 0.3238075 0.5032498
vt 0.321496 0.4833129
vt 0.872787 0.7502367
vt 0.4648218 0.3483175
vt 0.4863166 0.3136455
vt 0.4743584 0.3318845
vt 0.7646942 0.9951172
vt 0.4362825 0.9966252
vt 0.0990839 0.9016489
vt 0.2714365 0.5870072
vt 0.2695816 0.5825034
vt 0.2405975 0.6033114
vt 0.4974661 0.7048239
vt 0.2152992 0.9990234
vt 0.8260339 0.7415326
vt 0.2442263 0.459592
vt 0.2740531 0.4539406
vt 0.2559168 0.4526471
vt 0.8443153 0.9491717
vt 0.8634461 0.7271473
vt 0.8028596 0.6087121
vt 0.2469743 0.6112826
vt 0.7627759 0.6790463
vt 0.7650789 0.5951668
vt 0.7548184 0.8130948
vt 0.720176 0.791333
vt 0.47787 0.6462106
vt 0.1748094 0.9913551
vt 0.2373579 0.6047006
vt 0.9014145 0.3853318
vt 0.4384766 0.9871793
vt 0.9237201 0.3981553
vt 0.6884766 0.7882432
vt 0.3512436 0.4455051
vt 0.547673 0.9897252
vt 0.08105469 0.9884496
vt 0.5465001 0.9885681
vt 0.0749789 0.9892578
vt 0.5442635 0.9912109
vt 0.8673534 0.6728045
vt 0.005204916 0.8518212
vt 0.0009765625 0.8509099
vt 0.00158608 0.8472222
vt 0.5135931 0.4306306
vt 0.5484926 0.4298615
vt 0.5135816 0.4052245
vt 0.3499383 0.4310288
vt 0.3694919 0.4614341
vt 0.7159997 0.8648709
vt 0.3611452 0.7745349
vt 0.6161454 0.8601445
vt 0.5168155 0.3386879
vt 0.5291072 0.3331361
vt 0.5576172 0.9807838
vt 0.2769184 0.4208984
vt 0.7722859 0.6760244
vt 0.6475947 0.668951
vt 0.655835 0.6353696
vt 0.9246867 0.5013298
vt 0.5695504 0.3890584
vt 0.05312216 0.6494141
vt 0.5823984 0.5921724
vt 0.1737735 0.8115234
vt 0.6502771 0.3211966
vt 0.4292598 0.7538776
vt 0.9826517 0.5082219
vt 0.9912713 0.5109913
vt 0.3212891 0.2829806
vt 0.5604939 0.988516
vt 0.4231694 0.4114189
vt 0.4115034 0.3816227
vt 0.3288412 0.6820015
vt 0.3702947 0.4046121
vt 0.3655679 0.3966219
vt 0.3825212 0.4633791
vt 0.3885741 0.4161569
vt 0.3861543 0.4307514
vt 0.349995 0.3785012
vt 0.6982212 0.6419837
vt 0.4191163 0.3779987
vt 0.4258789 0.3569883
vt 0.1426702 0.9970703
vt 0.6786714 0.6616832
vt 0.4032099 0.688868
vt 0.383013 0.3195537
vt 0.6151925 0.4332501
vt 0.002088189 0.9758986
vt 0.4973212 0.3204731
vt 0.7696632 0.8515565
vt 0.8011241 0.8805847
vt 0.5049287 0.3459256
vt 0.4086591 0.9439387
vt 0.9976785 0.7685547
vt 0.6260178 0.3838707
vt 0.3765723 0.7221658
vt 0.4141258 0.414692
vt 0.4172413 0.4244925
vt 0.4115381 0.4201565
vt 0.3855457 0.7304828
vt 0.4154689 0.4345927
vt 0.2837582 0.5264661
vt 0.6786788 0.7057189
vt 0.4837785 0.5310515
vt 0.7690876 0.8664635
vt 0.3999057 0.4307714
vt 0.1934462 0.9366847
vt 0.1673999 0.9990234
vt 0.1768687 0.9511462
vt 0.1890466 0.9305122
vt 0.8518395 0.986221
vt 0.4541016 0.9729972
vt 0.3874135 0.4645529
vt 0.8819311 0.9829287
vt 0.4853516 0.6793129
vt 0.8666229 0.9882351
vt 0.8462942 0.9927541
vt 0.7771348 0.7584122
vt 0.4013672 0.9455401
vt 0.3507756 0.2689221
vt 0.9338281 0.7519351
vt 0.5104601 0.6941476
vt 0.803738 0.9990234
vt 0.8039516 0.9975359
vt 0.4175907 0.447512
vt 0.2982126 0.9977226
vt 0.3810111 0.3994432
vt 0.3782896 0.3908993
vt 0.3771247 0.3686597
vt 0.2258431 0.9990234
vt 0.3211451 0.3617539
vt 0.2249308 0.9981645
vt 0.2236328 0.9987184
vt 0.3739451 0.3619922
vt 0.5557359 0.3919327
vt 0.8100586 0.9985352
vt 0.3332637 0.8154401
vt 0.8013276 0.8874583
vt 0.5541992 0.9985352
vt 0.8754611 0.5938918
vt 0.362793 0.9981693
vt 0.002277136 0.8943245
vt 0.4751853 0.4006766
vt 0.3996276 0.3976861
vt 0.2978761 0.3703017
vt 0.8984688 0.6491554
vt 0.3031205 0.3587039
vt 0.8761716 0.6226212
vt 0.3904847 0.3467245
vt 0.4102407 0.4069435
vt 0.8271496 0.573624
vt 0.8235351 0.9263283
vt 0.5744387 0.8309015
vt 0.821691 0.9245635
vt 0.8223087 0.9216129
vt 0.7577358 0.8071667
vt 0.4983343 0.3926241
vt 0.9228516 0.8833158
vt 0.8869066 0.6168415
vt 0.2419252 0.8559755
vt 0.7533364 0.8556203
vt 0.8147455 0.6054499
vt 0.8107098 0.6015937
vt 0.8278078 0.6119848
vt 0.4039161 0.4986596
vt 0.8282343 0.6433985
vt 0.8235419 0.6207775
vt 0.8643112 0.6281582
vt 0.5298058 0.3542036
vt 0.8302942 0.6348115
vt 0.2772514 0.3112102
vt 0.8179109 0.6253686
vt 0.2659286 0.3265034
vt 0.3599279 0.3333521
vt 0.2868123 0.3345938
vt 0.4048949 0.5013305
vt 0.8474527 0.6318918
vt 0.4836898 0.384915
vt 0.8191296 0.9539966
vt 0.557257 0.8182216
vt 0.3596591 0.6501847
vt 0.4118063 0.5888248
vt 0.3164433 0.3998555
vt 0.3569809 0.2851404
vt 0.6868958 0.4194229
vt 0.2321575 0.8967033
vt 0.4276035 0.4353114
vt 0.925293 0.9985352
vt 0.3828328 0.2943084
vt 0.3913803 0.2957079
vt 0.1416016 0.991686
vt 0.7469542 0.9909909
vt 0.7353516 0.9843856
vt 0.7422744 0.9990234
vt 0.4020912 0.290485
vt 0.7657028 0.9933452
vt 0.7646484 0.9933866
vt 0.6409161 0.9657874
vt 0.4399637 0.3669714
vt 0.5437986 0.9883952
vt 0.5431361 0.990151
vt 0.1625957 0.8103169
vt 0.7343559 0.9925088
vt 0.7317843 0.9927615
vt 0.8189833 0.6140083
vt 0.8597736 0.6636159
vt 0.8052424 0.5943781
vt 0.7260742 0.9985352
vt 0.6293945 0.9939023
vt 0.6318359 0.9442979
vt 0.6417019 0.9615283
vt 0.4395894 0.997624
vt 0.1484059 0.9945034
vt 0.4526486 0.3481945
vt 0.7688087 0.994709
vt 0.1457094 0.9944502
vt 0.3324878 0.2855684
vt 0.3339354 0.2961828
vt 0.353723 0.3048316
vt 0.5808944 0.2878457
vt 0.7680579 0.9931986
vt 0.2308428 0.9990234
vt 0.2187872 0.9689341
vt 0.2419581 0.9870386
vt 0.4271173 0.3217157
vt 0.8901367 0.9790039
vt 0.4239175 0.6460468
vt 0.7887203 0.9755663
vt 0.4345703 0.9989314
vt 0.6832959 0.9779411
vt 0.4392848 0.9990234
vt 0.4082753 0.9465376
vt 0.5855914 0.3672925
vt 0.459837 0.6671534
vt 0.3186733 0.7174633
vt 0.6416016 0.9687008
vt 0.3567312 0.8374334
vt 0.7800689 0.9363716
vt 0.4498971 0.2775958
vt 0.7721975 0.9567392
vt 0.9205117 0.4580336
vt 0.2998047 0.7408493
vt 0.6960002 0.8186677
vt 0.2529659 0.9624032
vt 0.8107913 0.9192812
vt 0.4336335 0.2973309
vt 0.256974 0.5552537
vt 0.6620032 0.3251953
vt 0.2445856 0.5596508
vt 0.328975 0.443131
vt 0.2490956 0.5485147
vt 0.4383644 0.9806424
vt 0.2374339 0.5431092
vt 0.06996214 0.3007834
vt 0.07845515 0.2900718
vt 0.04549599 0.3040987
vt 0.2428859 0.8598743
vt 0.04908961 0.292604
vt 0.06178318 0.2880841
vt 0.5817488 0.3774186
vt 0.3398633 0.7516735
vt 0.3437392 0.7200124
vt 0.2650137 0.5871276
vt 0.3696158 0.7099202
vt 0.3248027 0.289551
vt 0.09842753 0.9460907
vt 0.07177019 0.93092
vt 0.45012 0.9870108
vt 0.4642368 0.9868611
vt 0.3346815 0.6722116
vt 0.5681157 0.9837427
vt 0.5679979 0.9830339
vt 0.4789311 0.9990234
vt 0.6361222 0.9716797
vt 0.9976978 0.904955
vt 0.3923661 0.2756509
vt 0.3141392 0.7534701
vt 0.8859363 0.8458788
vt 0.3143528 0.7127781
vt 0.422055 0.9796833
vt 0.8824542 0.8486704
vt 0.800508 0.9176859
vt 0.6823369 0.4308649
vt 0.7475586 0.9985352
vt 0.5224609 0.9812102
vt 0.7993395 0.7927942
vt 0.3924298 0.3348962
vt 0.3803359 0.3281984
vt 0.3646041 0.3370412
vt 0.2313626 0.9585993
vt 0.1901515 0.9684902
vt 0.4686805 0.3532847
vt 0.6625977 0.9977028
vt 0.8852081 0.977898
vt 0.4010947 0.5824716
vt 0.4025548 0.5871432
vt 0.7965698 0.9829746
vt 0.2257946 0.8818359
vt 0.3620439 0.3521427
vt 0.3735477 0.3542766
vt 0.02058315 0.980594
vt 0.55047 0.4893452
vt 0.5419922 0.5006202
vt 0.34001 0.338703
vt 0.3448496 0.3495213
vt 0.8084028 0.9106179
vt 0.6287435 0.9718491
vt 0.2736678 0.3486206
vt 0.3254632 0.3265197
vt 0.3306317 0.3523214
vt 0.3470662 0.3558589
vt 0.7605889 0.9983386
vt 0.0009765625 0.9617917
vt 0.03885889 0.6405561
vt 0.318599 0.4455419
vt 0.7155297 0.8381526
vt 0.3301446 0.5132596
vt 0.7064055 0.8150192
vt 0.2985882 0.9984098
vt 0.3574239 0.7574378
vt 0.3610202 0.3574952
vt 0.3679291 0.3631767
vt 0.215719 0.9159899
vt 0.5589751 0.9966262
vt 0.3607252 0.3643932
vt 0.2258371 0.9983181
vt 0.7977648 0.9837605
vt 0.3984504 0.5867411
vt 0.7963867 0.9848633
vt 0.3979495 0.325351
vt 0.3267357 0.3439934
vt 0.5630671 0.9857065
vt 0.3412095 0.7778025
vt 0.8818359 0.978941
vt 0.3305845 0.2586163
vt 0.2691154 0.3414961
vt 0.8305753 0.9290649
vt 0.1278908 0.9479716
vt 0.294165 0.3035682
vt 0.359213 0.6793852
vt 0.8867139 0.979016
vt 0.8876956 0.9814453
vt 0.1355762 0.9971083
vt 0.563018 0.9833984
vt 0.04947233 0.9161843
vt 0.02279711 0.9138935
vt 0.850702 0.9976498
vt 0.05544925 0.9441556
vt 0.3965449 0.3217177
vt 0.3085856 0.3292452
vt 0.903223 0.446368
vt 0.4101014 0.7763672
vt 0.4111832 0.3238435
vt 0.1608491 0.9680555
vt 0.6677482 0.5987988
vt 0.8101572 0.3068669
vt 0.8553427 0.9947643
vt 0.9731324 0.5025115
vt 0.3690708 0.5777908
vt 0.8825156 0.9795321
vt 0.7947476 0.772021
vt 0.3195441 0.2857103
vt 0.3292919 0.3221553
vt 0.1450243 0.9300367
vt 0.4535215 0.5739344
vt 0.1635182 0.9347196
vt 0.1733716 0.9694089
vt 0.4250103 0.9762002
vt 0.2313547 0.9442995
vt 0.1716869 0.9892493
vt 0.3213725 0.5098055
vt 0.3136969 0.5070797
vt 0.06587619 0.329962
vt 0.5699518 0.5014372
vt 0.3942176 0.7285686
vt 0.1362555 0.9857821
vt 0.2074995 0.9244708
vt 0.1394384 0.9455035
vt 0.1250968 0.9426956
vt 0.6826336 0.9768288
vt 0.1702468 0.9363861
vt 0.1801353 0.9243906
vt 0.3537157 0.6137615
vt 0.02035119 0.9970724
vt 0.3313372 0.5057268
vt 0.04316825 0.2854129
vt 0.327317 0.5042732
vt 0.05310194 0.2874936
vt 0.3284917 0.5048841
vt 0.3358498 0.5026433
vt 0.5864085 0.4941617
vt 0.2778246 0.9501325
vt 0.3302822 0.5031581
vt 0.3509392 0.7670338
vt 0.3558276 0.7589167
vt 0.05451627 0.2893802
vt 0.5615506 0.6661241
vt 0.3426878 0.4962667
vt 0.1435547 0.9258492
vt 0.1788576 0.9168361
vt 0.02323054 0.2884731
vt 0.7209653 0.8230314
vt 0.9466529 0.9978224
vt 0.9814665 0.4819545
vt 0.7280945 0.8226447
vt 0.582009 0.5048828
vt 0.2685547 0.9536706
vt 0.4253658 0.9910457
vt 0.4067895 0.9899032
vt 0.1322787 0.9892373
vt 0.1265835 0.996371
vt 0.1098633 0.9894435
vt 0.3425139 0.3058882
vt 0.06516004 0.9881551
vt 0.3467542 0.3092014
vt 0.06464648 0.305473
vt 0.05740523 0.916132
vt 0.07244253 0.9272399
vt 0.3389161 0.4791827
vt 0.3556457 0.4850736
vt 0.1342773 0.9985352
vt 0.4195962 0.9916066
vt 0.3046647 0.7119831
vt 0.3159845 0.9990234
vt 0.1357417 0.9886149
vt 0.2924805 0.9932524
vt 0.3172166 0.9969034
vt 0.5419922 0.9888403
vt 0.3745117 0.9985352
vt 0.6256213 0.3037111
vt 0.07006383 0.9969506
vt 0.05761719 0.9882799
vt 0.1311523 0.9990234
vt 0.4271274 0.2977176
vt 0.09428501 0.9990234
vt 0.3619066 0.325792
vt 0.9013672 0.7231489
vt 0.6454813 0.9657815
vt 0.6591797 0.2520401
vt 0.06565237 0.9300982
vt 0.07988214 0.924551
vt 0.2166385 0.5810547
vt 0.3261404 0.4524138
vt 0.351233 0.4554523
vt 0.6843798 0.3228558
vt 0.08071198 0.2973236
vt 0.09863624 0.2630588
vt 0.2197266 0.889682
vt 0.09988827 0.296234
vt 0.1261207 0.3148702
vt 0.1130019 0.3242556
vt 0.1660304 0.8795459
vt 0.9865736 0.69134
vt 0.1307778 0.2762482
vt 0.7954177 0.3206226
vt 0.1009027 0.2353796
vt 0.922022 0.7213234
vt 0.06005859 0.8188477
vt 0.2751939 0.9619141
vt 0.6591797 0.9785892
vt 0.557144 0.9982567
vt 0.4673839 0.5177816
vt 0.5576129 0.9964422
usemtl Tile_+000_+002_texture_1
f 2/3 1/1 248/2
f 1106/6 630/5 797/7
f 708/10 1717/9 1583/11
f 248/2 1/1 118/12
f 41/15 3/13 402/14
f 1312/17 1290/16 1507/18
f 402/14 3/13 4/19
f 1558/21 234/20 1130/22
f 24/25 6/23 448/24
f 624/27 738/26 1656/28
f 448/24 6/23 7/30
f 448/24 7/30 450/31
f 450/31 7/30 8/32
f 365/33 8/32 5/34
f 114/37 11/35 495/36
f 495/36 11/35 12/38
f 1222/39 234/20 1006/40
f 1759/42 1349/41 807/43
f 91/47 15/45 569/46
f 569/46 15/45 17/48
f 460/49 17/48 14/50
f 20/54 19/51 260/52
f 1736/56 1756/55 446/57
f 260/61 19/53 21/60
f 260/61 21/60 81/62
f 1030/63 797/7 630/5
f 4/19 22/64 454/65
f 454/68 22/66 23/67
f 1826/71 1286/69 1756/58
f 1134/76 234/73 978/75
f 752/80 1807/77 1806/79
f 454/68 23/67 401/81
f 1736/85 1403/82 1391/84
f 401/81 23/67 24/25
f 88/88 25/86 453/87
f 453/87 25/86 26/89
f 119/92 27/90 359/91
f 359/91 27/90 28/93
f 260/52 28/93 20/54
f 1756/55 1736/56 462/94
f 1629/99 754/95 606/97
f 33/103 30/100 552/101
f 620/105 1731/104 815/106
f 552/109 30/102 31/108
f 552/109 31/108 554/110
f 554/110 31/108 32/111
f 388/113 32/112 29/114
f 248/4 34/115 2/116
f 48/119 35/117 416/118
f 416/118 35/117 36/120
f 403/121 36/120 34/115
f 73/125 37/122 485/123
f 967/129 475/126 1604/128
f 485/131 37/124 38/130
f 26/89 39/132 577/133
f 577/133 39/132 41/15
f 5/34 42/134 365/33
f 1125/136 56/135 185/137
f 365/33 42/134 45/138
f 393/140 1529/139 44/141
f 365/33 45/138 46/142
f 365/33 46/142 410/143
f 410/143 46/142 48/119
f 1581/144 1134/74 1164/145
f 556/150 52/148 486/149
f 486/149 52/148 53/151
f 61/154 57/152 385/153
f 385/153 57/152 58/155
f 63/157 60/156 385/153
f 385/153 60/156 61/154
f 29/114 62/158 388/113
f 388/113 62/158 65/159
f 388/162 65/160 66/161
f 568/164 66/163 63/157
f 12/38 70/165 498/166
f 1889/168 1557/167 1918/169
f 498/166 70/165 72/170
f 1889/168 549/171 547/172
f 1220/174 934/173 1221/175
f 1889/168 547/172 546/176
f 1889/168 1913/178 1557/167
f 498/166 72/170 479/179
f 1889/168 600/181 1913/178
f 479/182 72/180 73/125
f 58/155 77/183 581/184
f 581/184 77/183 78/185
f 1134/74 1581/144 234/186
f 1711/189 1501/188 1095/190
f 260/61 81/62 533/191
f 533/194 81/192 84/193
f 515/196 85/195 397/197
f 397/199 85/198 86/200
f 1783/202 537/201 536/203
f 453/87 89/204 88/88
f 38/130 90/205 571/206
f 571/206 90/205 91/47
f 508/208 95/207 94/209
f 536/203 1175/210 1783/202
f 511/213 100/212 97/214
f 53/151 103/215 528/216
f 528/216 103/215 107/217
f 518/218 107/217 101/219
f 1175/222 535/220 534/221
f 68/225 109/223 586/224
f 586/224 109/223 110/226
f 586/224 110/226 561/227
f 561/230 110/228 111/229
f 580/232 113/231 377/233
f 377/233 113/231 114/37
f 582/236 115/235 383/237
f 383/240 115/238 116/239
f 383/240 116/239 117/241
f 586/224 117/242 68/225
f 248/2 118/12 264/243
f 264/243 118/12 119/92
f 177/248 123/245 1582/246
f 1582/250 123/247 266/249
f 1557/167 126/251 124/252
f 1783/254 1638/253 708/10
f 132/259 130/256 1336/257
f 1336/261 130/258 271/260
f 136/265 133/262 646/263
f 646/267 133/264 134/266
f 646/270 134/268 143/269
f 124/252 135/271 1557/167
f 1557/167 135/271 542/272
f 325/275 137/273 1739/274
f 1739/274 137/273 309/276
f 941/278 142/277 140/279
f 646/270 143/269 250/280
f 1638/253 1717/9 708/10
f 553/284 432/281 1139/283
f 944/286 144/285 142/277
f 534/221 654/287 1175/222
f 247/290 148/288 938/289
f 938/289 148/288 144/285
f 1638/253 1783/254 1767/291
f 484/294 149/292 1030/293
f 1783/254 1377/295 1767/291
f 1030/293 149/292 476/296
f 1767/291 1619/297 1638/253
f 1585/300 156/298 1563/299
f 96/304 967/129 1466/303
f 1175/211 1217/305 1783/306
f 1572/310 157/308 159/309
f 1175/211 907/311 1217/305
f 195/316 160/313 1467/314
f 1467/318 160/315 161/317
f 175/322 165/319 720/320
f 510/323 1139/283 432/281
f 1140/328 1298/324 1616/326
f 720/330 165/321 171/329
f 391/332 408/331 526/333
f 1161/334 1221/175 934/173
f 720/330 172/335 1035/336
f 1006/40 1581/187 1034/337
f 1035/336 172/335 224/338
f 1639/340 1817/339 519/341
f 1913/178 174/343 126/251
f 254/346 176/344 1468/345
f 1468/345 176/344 213/347
f 1376/349 1375/348 1374/350
f 678/352 875/351 656/353
f 1710/355 1445/354 1457/356
f 182/358 178/357 1468/345
f 1468/345 178/357 181/359
f 1062/361 184/360 881/362
f 1128/364 525/363 867/365
f 523/369 1274/366 1179/368
f 881/362 184/360 191/370
f 947/372 513/371 509/373
f 881/362 191/370 193/375
f 551/378 194/376 1448/377
f 1448/377 194/376 209/379
f 96/304 1466/303 1328/380
f 558/383 553/284 557/382
f 861/384 557/382 1139/283
f 1448/377 209/379 195/316
f 995/386 1754/385 79/387
f 1468/345 213/347 992/388
f 992/388 213/347 212/389
f 226/393 216/390 673/391
f 673/395 216/392 217/394
f 557/382 553/284 1139/283
f 663/397 670/396 1033/398
f 646/263 217/394 136/265
f 258/402 223/400 1788/401
f 447/403 557/382 861/384
f 1251/405 98/404 1787/406
f 447/403 861/384 525/363
f 947/408 509/374 505/407
f 1788/401 223/400 1832/409
f 1035/336 224/338 226/393
f 243/412 236/410 928/411
f 928/411 236/410 729/413
f 729/413 239/414 282/415
f 474/416 1128/364 979/417
f 282/415 239/414 245/418
f 251/422 240/419 928/420
f 928/411 240/421 243/412
f 282/415 245/418 246/423
f 1641/425 499/424 496/426
f 582/429 475/428 510/323
f 510/323 531/430 582/429
f 517/432 559/431 525/363
f 525/363 500/433 517/432
f 282/415 246/423 71/434
f 71/434 246/423 247/290
f 398/435 447/403 445/436
f 447/403 548/437 445/436
f 276/440 249/438 596/439
f 596/439 249/438 344/441
f 646/270 250/280 988/442
f 988/444 250/443 251/422
f 140/279 253/445 941/278
f 941/278 253/445 252/446
f 374/450 255/447 1028/448
f 1028/451 255/449 1468/345
f 477/455 256/453 1442/454
f 1442/454 256/453 332/456
f 847/458 257/457 175/322
f 866/460 263/459 259/461
f 1582/250 266/249 636/462
f 1459/465 1471/463 972/464
f 636/462 266/249 1454/466
f 379/469 267/467 1519/468
f 1519/468 267/467 348/470
f 262/472 270/471 1454/466
f 577/133 402/14 468/473
f 468/473 522/474 577/133
f 565/477 394/476 588/478
f 565/477 409/479 394/476
f 1454/466 270/471 1816/480
f 1514/482 99/481 1591/483
f 1336/261 271/260 1698/484
f 1698/484 271/260 501/485
f 481/489 272/486 555/487
f 555/492 272/488 429/491
f 1338/494 204/493 601/495
f 1338/494 1907/497 204/493
f 1907/497 197/499 204/493
f 1907/497 612/500 197/499
f 612/500 615/502 197/499
f 205/504 197/499 615/502
f 615/502 705/505 205/504
f 705/505 203/506 205/504
f 705/505 615/502 616/508
f 206/513 198/510 199/512
f 199/512 705/514 206/513
f 198/515 206/511 616/508
f 1904/517 200/516 198/518
f 200/522 201/520 1131/521
f 198/518 207/524 1904/517
f 1131/523 199/512 198/510
f 201/520 202/526 1131/521
f 1131/523 198/510 200/519
f 201/528 200/516 1350/527
f 1914/529 1350/527 200/516
f 613/531 1131/521 202/526
f 1350/527 613/532 201/528
f 1131/523 705/514 199/512
f 202/526 201/520 613/531
f 539/535 601/495 204/493
f 203/537 705/507 1360/536
f 601/496 604/538 1338/498
f 161/317 273/539 639/540
f 197/499 205/504 539/535
f 204/493 197/499 539/535
f 539/535 205/504 203/506
f 616/508 207/525 198/515
f 616/508 206/511 705/505
f 1904/517 1914/529 200/516
f 616/508 1904/541 207/525
f 1350/527 1697/543 613/532
f 1350/544 667/545 1697/546
f 667/545 1762/547 1697/546
f 1762/548 1187/549 1697/551
f 1187/549 1493/552 1697/551
f 1493/554 1148/555 1697/556
f 1148/555 49/557 1697/556
f 1148/555 959/559 49/557
f 959/561 1769/562 49/563
f 639/540 273/539 274/564
f 889/566 275/565 596/439
f 596/439 275/565 276/440
f 947/372 1694/567 120/569
f 308/572 279/570 857/571
f 857/571 279/570 295/573
f 947/408 505/407 491/574
f 288/578 280/576 948/577
f 948/577 280/576 287/579
f 285/582 283/580 823/581
f 823/581 283/580 314/583
f 281/585 284/584 823/581
f 823/581 284/584 285/582
f 823/581 286/586 281/585
f 1030/63 489/587 484/588
f 948/577 287/579 1055/589
f 193/375 291/590 1054/591
f 1054/591 291/590 896/592
f 331/595 292/593 732/594
f 732/594 292/593 293/596
f 857/571 295/573 294/597
f 1442/454 732/594 1901/598
f 297/601 296/599 1198/600
f 1198/600 296/599 350/602
f 1311/605 298/604 297/601
f 328/608 299/606 1060/607
f 1060/607 299/606 1224/609
f 303/612 302/610 1840/611
f 1840/611 302/610 301/613
f 390/616 304/614 862/615
f 862/615 304/614 846/618
f 301/613 305/619 1840/611
f 1840/611 305/619 307/620
f 1840/611 307/620 1184/621
f 1739/274 309/276 320/622
f 1066/624 310/623 308/572
f 316/627 311/625 668/626
f 668/626 311/625 312/628
f 823/581 314/583 1850/629
f 1850/632 314/630 1279/631
f 98/404 1251/405 1621/633
f 1198/636 317/635 1056/637
f 631/643 1089/640 973/642
f 1056/639 317/638 668/626
f 215/648 318/645 761/646
f 761/651 318/647 550/650
f 1493/554 1584/652 1148/555
f 689/656 617/655 1318/657
f 1184/621 319/659 1245/660
f 1245/660 319/659 324/661
f 1739/274 320/622 1154/662
f 1154/662 320/622 363/663
f 1586/665 55/664 1268/666
f 1111/668 321/667 922/669
f 922/669 321/667 322/670
f 690/672 1314/671 602/673
f 1245/660 324/661 1111/668
f 1111/668 324/661 323/674
f 330/677 327/675 1308/676
f 1308/676 327/675 1282/678
f 857/571 329/679 1427/680
f 1427/680 329/679 328/608
f 1442/454 332/456 1695/681
f 1695/681 332/456 331/595
f 889/683 334/682 261/684
f 1023/687 336/686 334/682
f 741/689 337/688 1869/690
f 1869/690 337/688 369/691
f 1364/693 1826/70 1482/694
f 901/696 338/695 641/697
f 641/697 338/695 414/698
f 520/702 339/699 907/700
f 907/312 339/701 340/703
f 1217/704 340/703 335/705
f 125/709 342/707 624/708
f 624/708 342/707 341/710
f 1435/713 1291/712 1458/714
f 596/439 344/441 1548/716
f 1548/716 344/441 345/717
f 594/718 345/717 343/719
f 43/721 347/720 346/722
f 1749/725 1579/724 1626/726
f 573/730 1357/729 1205/731
f 179/733 961/732 138/734
f 1519/468 348/470 901/696
f 901/696 348/470 357/736
f 1198/636 350/603 349/737
f 1595/739 1544/738 1549/740
f 1675/743 351/742 174/343
f 1336/261 1698/484 1600/744
f 1563/299 352/746 1607/747
f 54/749 1177/748 728/750
f 1714/752 1815/751 1477/753
f 1607/747 352/746 354/754
f 1177/748 54/749 1731/755
f 1177/748 1735/756 715/758
f 708/10 356/759 228/760
f 901/696 357/736 358/761
f 1110/762 1435/713 1115/763
f 1543/769 1595/765 1590/767
f 1600/744 1698/484 1697/543
f 1516/771 1174/770 1303/772
f 1451/776 693/773 214/775
f 474/779 565/778 566/780
f 565/778 507/782 566/780
f 1154/662 363/663 1589/785
f 1589/785 363/663 1400/786
f 743/788 367/787 741/689
f 741/689 367/787 532/789
f 697/791 368/790 361/792
f 1869/793 369/692 368/790
f 322/670 370/794 1044/795
f 1044/795 370/794 371/796
f 218/798 372/797 1832/409
f 1832/409 372/797 373/799
f 471/801 467/800 1158/802
f 471/801 521/804 467/800
f 521/804 518/218 467/800
f 941/278 375/805 940/806
f 1018/810 474/416 1460/809
f 500/433 525/363 1128/364
f 525/363 559/431 447/403
f 538/812 1108/811 504/813
f 415/815 812/814 168/816
f 582/429 563/817 475/428
f 504/813 540/819 538/812
f 1126/820 1108/811 409/479
f 188/821 1221/175 406/822
f 504/813 999/824 530/825
f 1404/828 1473/827 462/829
f 510/323 475/428 967/127
f 940/806 375/805 1028/448
f 474/416 979/417 1460/809
f 468/475 1259/830 1142/831
f 967/127 656/353 510/323
f 566/781 1128/364 474/416
f 461/833 1403/832 1756/72
f 1610/837 1803/834 567/836
f 1167/838 474/779 1018/808
f 461/833 1369/839 1403/832
f 1286/844 461/841 446/843
f 1736/847 446/59 1803/846
f 1529/139 411/849 424/850
f 1110/762 1115/763 469/851
f 462/94 1291/712 1110/762
f 1115/763 1263/852 469/851
f 656/353 1139/283 510/323
f 462/829 1473/827 1291/854
f 423/859 395/856 465/858
f 423/857 497/860 395/861
f 259/461 378/863 866/460
f 1238/865 1509/864 1664/866
f 866/460 378/863 379/469
f 469/851 1263/852 465/858
f 474/779 1167/838 565/778
f 811/869 417/868 1359/870
f 407/871 393/140 814/872
f 451/875 382/873 486/874
f 526/333 812/814 391/332
f 812/814 526/333 417/868
f 415/815 1081/876 457/877
f 1081/876 415/815 168/816
f 417/868 407/871 1359/870
f 406/822 1221/175 1161/334
f 1530/879 530/878 999/826
f 1530/879 406/823 530/878
f 406/823 1530/879 188/880
f 486/874 382/873 384/882
f 44/141 289/883 393/140
f 486/874 384/882 386/884
f 393/140 411/849 1529/139
f 538/812 409/479 1108/811
f 1604/128 475/126 423/859
f 326/886 387/885 1282/678
f 407/871 1823/887 1359/870
f 867/365 525/363 861/384
f 1282/678 387/885 390/888
f 471/801 1546/889 1274/890
f 668/626 396/892 1203/893
f 1203/893 396/892 399/894
f 423/859 465/858 1263/852
f 1756/55 462/94 461/895
f 1272/896 399/894 330/897
f 641/697 414/698 74/898
f 461/833 1286/842 1369/839
f 812/814 417/868 811/869
f 814/872 393/140 289/883
f 424/850 392/900 406/822
f 406/822 1161/334 424/850
f 408/331 391/332 415/815
f 424/850 1161/334 1529/139
f 1823/887 407/871 814/872
f 391/332 812/814 415/815
f 415/815 412/901 408/331
f 74/898 414/698 405/902
f 1447/904 695/903 1750/905
f 776/911 1092/908 595/910
f 1613/914 418/913 906/915
f 1760/918 777/917 1764/919
f 906/915 418/913 419/920
f 459/923 420/921 1011/922
f 1176/925 620/924 1576/926
f 1865/927 693/773 1258/928
f 1011/922 420/921 439/930
f 1884/931 973/644 1545/932
f 430/935 421/933 1639/934
f 1639/934 421/933 425/936
f 1499/938 427/937 761/939
f 1537/941 1759/42 757/942
f 761/649 427/940 426/943
f 555/492 429/491 630/5
f 630/5 429/491 1030/63
f 546/177 436/944 1613/914
f 1613/914 436/944 434/945
f 1011/922 439/930 1919/946
f 1919/946 439/930 437/947
f 343/719 444/948 594/718
f 594/951 444/949 442/950
f 1044/795 452/952 431/953
f 431/953 452/952 451/875
f 346/723 456/954 43/955
f 43/955 456/954 459/956
f 624/27 463/957 738/26
f 738/26 463/957 472/958
f 1030/293 476/296 734/959
f 734/961 476/960 477/455
f 738/26 478/962 1393/963
f 1759/42 598/964 466/965
f 1393/963 478/962 480/966
f 1393/963 480/966 1481/967
f 761/651 1467/314 1100/968
f 1481/967 480/966 483/970
f 594/951 482/971 555/490
f 936/973 831/972 1721/974
f 1092/908 1298/975 1088/976
f 555/490 482/971 481/977
f 1639/934 519/342 430/935
f 1481/967 483/970 493/978
f 428/981 487/980 1030/63
f 999/824 504/813 1108/811
f 1030/63 487/980 489/587
f 1490/983 1069/982 606/97
f 624/708 491/575 125/709
f 56/135 1125/136 112/984
f 1481/987 493/979 494/986
f 1803/992 1410/989 1294/991
f 1336/257 496/427 333/993
f 360/995 499/424 1400/994
f 56/135 112/984 1126/820
f 797/997 1089/640 594/998
f 1400/994 499/424 1641/425
f 1030/63 429/491 428/981
f 1698/484 501/485 502/1000
f 1860/1002 1422/1001 1470/1003
f 1698/484 502/1000 120/569
f 120/569 502/1000 512/1006
f 621/1008 1118/1007 796/1009
f 1251/634 965/1011 1555/1012
f 1325/1013 1555/1012 965/1011
f 1707/1017 1827/1014 1543/1016
f 120/569 512/1006 947/372
f 947/372 512/1006 513/371
f 1572/310 514/1018 1817/1019
f 1817/339 514/1020 519/341
f 1499/938 1639/934 425/936
f 815/106 1251/634 620/105
f 228/760 524/1022 708/10
f 708/1025 524/1023 527/1024
f 1291/712 1473/855 1458/714
f 932/1027 1796/1026 1833/1028
f 708/1025 527/1024 537/1029
f 741/689 532/789 529/1030
f 735/1032 1265/1031 1700/1033
f 654/287 534/221 520/702
f 1175/210 536/203 535/1034
f 708/255 537/201 1783/202
f 1557/167 542/272 1918/169
f 961/732 69/1035 242/1036
f 1918/169 542/272 549/171
f 755/1039 1721/974 1709/1040
f 1918/169 549/171 1889/168
f 1833/1028 1796/1026 192/1041
f 761/651 550/650 1398/1043
f 1530/881 102/1044 1125/1045
f 423/859 1263/852 1604/128
f 1398/1043 550/650 551/378
f 1779/1049 856/1047 1894/1048
f 381/1050 556/150 486/149
f 1303/772 214/777 1865/1051
f 817/1053 1065/1052 230/1054
f 1543/769 1590/767 1119/1055
f 575/1058 1870/1057 1867/1059
f 744/1064 1731/755 1659/1063
f 1283/1066 105/1065 1472/1067
f 1030/1070 1442/1068 1428/1069
f 1664/866 1392/1072 1138/1073
f 1482/694 1826/70 1403/1075
f 1613/1078 906/916 1776/1077
f 1621/633 695/903 1447/904
f 1472/1067 695/1079 1239/1080
f 695/1079 1472/1067 105/1065
f 1625/1084 1626/1081 1320/1083
f 238/1086 1195/1085 1766/1087
f 1031/1089 1153/1088 1720/1090
f 1320/1083 1317/1091 1328/380
f 1077/1093 686/1092 1024/1094
f 1138/1074 1843/1095 1664/1096
f 701/1098 1036/1097 1014/1099
f 1737/1102 1576/1100 1251/634
f 1239/1080 186/1103 1283/1066
f 1192/1105 1830/1104 1513/1106
f 462/94 1110/762 469/851
f 701/1098 677/1107 1001/1108
f 1451/1110 1422/1001 1860/1002
f 1891/1113 912/1112 1220/174
f 677/1107 441/1114 674/1115
f 380/1116 701/1098 1014/1099
f 1014/1099 1042/1117 380/1116
f 1523/1119 1437/1118 1537/941
f 74/898 405/902 404/1120
f 1626/728 1325/1013 1749/1121
f 1633/1123 1332/1122 839/1124
f 1626/1081 1579/727 1231/1126
f 788/1127 728/750 1177/748
f 1394/1129 699/1128 1723/1130
f 1216/1132 904/1131 1282/678
f 227/1134 1016/1133 1279/1135
f 1621/633 1239/1137 695/903
f 579/1139 653/1138 1824/1140
f 1317/1091 1231/1126 1476/1142
f 1204/1143 1031/1089 1720/1090
f 1613/914 434/945 400/1144
f 400/1144 418/913 1613/914
f 813/1146 67/1145 997/1147
f 667/545 613/530 1762/547
f 1762/550 613/1148 839/1124
f 1350/527 1914/529 1904/517
f 1555/1012 1626/728 1621/1150
f 767/1152 732/594 743/788
f 1435/713 1110/762 1291/712
f 1626/1081 1231/1126 1320/1083
f 1394/1129 1723/1130 1433/1153
f 1464/1154 186/1103 1328/380
f 977/1156 1630/1155 1385/1157
f 1320/1083 1231/1126 1317/1091
f 1253/1158 1476/1142 1231/1126
f 805/1159 466/965 598/964
f 1411/1161 739/1160 1361/1162
f 1464/1154 1328/380 1466/303
f 1763/1165 1528/1164 1657/1166
f 1137/1169 1074/1168 1068/1170
f 1533/1174 1644/1171 1429/1172
f 1137/1169 851/1175 1074/1168
f 1460/809 1329/1176 1018/810
f 1166/1181 1228/1178 1127/1180
f 1228/1183 1166/1179 895/1182
f 1857/1188 1423/1185 1701/1187
f 750/1190 753/1189 686/1092
f 1424/1192 1057/1191 888/1193
f 949/1195 1196/1194 977/1156
f 1857/1197 683/1196 145/1198
f 1196/1194 709/1200 1630/1155
f 949/1195 1508/1201 1196/1194
f 96/302 1141/1202 656/353
f 1008/1204 649/1203 1412/1205
f 1756/58 1286/69 446/845
f 1510/1207 1677/1206 692/1208
f 877/1210 855/1209 887/1211
f 471/801 1274/890 523/367
f 937/1214 1098/1213 1123/1215
f 1460/809 979/417 1754/385
f 869/1216 904/1131 1216/1132
f 606/1218 754/98 1848/1217
f 1099/1219 1476/1142 1253/1158
f 785/1221 1667/1220 650/1222
f 1724/1224 1499/938 1100/969
f 862/617 1282/678 390/888
f 962/1226 1271/1225 1720/1090
f 1025/1228 909/1227 900/1229
f 565/477 588/478 576/1230
f 563/1234 580/1232 585/1233
f 664/1238 864/1235 898/1237
f 879/1240 878/1239 1409/1241
f 561/227 582/236 586/224
f 79/387 874/1242 995/386
f 561/230 580/232 563/817
f 561/230 563/817 582/429
f 554/1246 578/1243 570/1244
f 553/282 558/381 554/1247
f 552/109 554/110 560/1248
f 1640/1250 1664/1096 1843/1095
f 540/819 544/1252 543/1253
f 538/812 540/819 543/1253
f 531/430 570/1244 568/164
f 531/430 581/184 582/429
f 521/804 523/367 528/216
f 517/432 533/191 559/431
f 515/1254 559/431 533/191
f 515/1254 548/437 559/431
f 1100/969 606/1218 1724/1224
f 1253/1158 1226/1255 1099/1219
f 507/1256 565/783 576/1231
f 504/813 544/1252 540/819
f 503/1257 544/1252 504/813
f 503/1257 504/813 530/825
f 868/1259 881/1258 1054/1260
f 500/433 566/781 507/784
f 495/1262 498/1261 497/862
f 875/351 678/352 1440/1264
f 492/1266 516/1265 545/1267
f 486/149 528/216 523/367
f 485/123 571/1268 569/1269
f 870/1270 874/1242 867/365
f 479/179 506/1271 498/166
f 870/1270 966/1272 874/1242
f 79/387 1754/385 979/417
f 979/417 1128/364 79/387
f 1099/1219 1372/1273 1476/1142
f 1422/1275 1451/1109 1597/1274
f 1322/1276 471/801 1158/802
f 471/801 523/367 521/804
f 470/1278 518/218 511/213
f 470/1278 511/213 508/208
f 469/851 506/1279 479/182
f 469/851 479/182 485/123
f 467/800 518/218 470/1278
f 464/1280 585/1233 495/1281
f 464/1280 563/1234 585/1233
f 464/1280 495/1281 497/1263
f 464/1282 475/126 563/818
f 462/94 469/851 485/123
f 1625/1084 1328/380 186/1103
f 461/1284 569/46 574/1283
f 461/895 485/123 569/1269
f 461/895 462/94 485/123
f 469/851 465/858 506/1279
f 460/1287 461/1286 574/1285
f 453/87 577/133 522/474
f 453/87 470/1278 508/208
f 746/1289 1745/1288 1116/1290
f 450/31 458/1292 526/333
f 447/403 559/431 548/437
f 1116/1290 1745/1288 1084/1293
f 933/1298 1272/1295 1293/1297
f 1372/1273 1099/1219 1157/1299
f 1392/1072 1664/866 1509/864
f 875/351 870/1270 656/353
f 432/281 570/1244 531/430
f 827/1304 935/1300 941/1302
f 432/281 554/1246 570/1244
f 432/1305 553/282 554/1247
f 432/281 531/430 510/323
f 451/875 486/874 431/953
f 431/953 486/874 523/369
f 1269/1306 621/1008 1437/1118
f 705/507 1131/533 618/1307
f 1027/1308 1014/1099 842/1309
f 177/248 1582/246 1481/1310
f 423/859 475/126 464/1282
f 423/857 464/1312 497/860
f 422/1313 470/1278 453/87
f 422/1313 453/87 522/474
f 757/942 1052/1314 1537/941
f 1251/405 1787/406 1737/1315
f 54/749 735/1032 1659/1063
f 752/78 1368/1316 1240/1317
f 1495/1318 1597/1274 1512/1319
f 1575/1321 1704/1320 229/1322
f 417/868 526/333 458/1292
f 416/118 545/1267 455/1323
f 416/118 492/1266 545/1267
f 413/1324 416/118 455/1323
f 412/901 448/24 450/31
f 411/849 545/1267 516/1265
f 411/849 516/1265 424/850
f 410/143 416/118 413/1324
f 410/143 413/1324 458/1292
f 408/331 450/31 526/333
f 408/331 412/901 450/31
f 407/871 458/1292 413/1324
f 407/871 417/868 458/1292
f 407/871 413/1324 455/1323
f 406/823 503/1325 530/878
f 406/822 492/1266 503/1257
f 1703/1327 1090/1326 1770/1328
f 864/1235 1150/1329 1390/1331
f 403/121 544/1252 503/1257
f 403/121 543/1253 544/1252
f 403/121 503/1257 492/1266
f 402/14 457/1332 468/473
f 402/14 454/65 457/1332
f 401/81 457/877 454/68
f 401/81 448/24 412/901
f 401/81 415/815 457/877
f 401/81 412/901 415/815
f 1657/1167 1836/1333 1620/1334
f 1289/1340 1262/1336 1616/1338
f 1240/1317 488/1341 752/78
f 862/615 688/1342 1285/1343
f 1771/1346 1770/1344 1776/1077
f 714/1350 713/1347 746/1349
f 398/1352 560/1351 554/1247
f 398/435 558/383 557/382
f 398/435 557/382 447/403
f 398/1352 554/1247 558/381
f 397/199 560/1249 398/435
f 397/199 552/1353 560/1249
f 397/199 548/437 515/1254
f 397/199 445/436 548/437
f 397/199 398/435 445/436
f 1317/1091 1372/1273 1328/380
f 486/874 386/884 381/1354
f 395/1356 498/166 506/1271
f 395/1355 497/862 498/1261
f 394/476 576/1230 588/478
f 394/476 543/1253 403/121
f 394/476 538/812 543/1253
f 394/476 409/479 538/812
f 393/140 545/1267 411/849
f 393/140 455/1323 545/1267
f 393/140 407/871 455/1323
f 392/900 516/1265 492/1266
f 392/900 492/1266 406/822
f 392/900 424/850 516/1265
f 388/162 570/1357 578/1245
f 385/153 581/184 531/430
f 385/153 531/430 568/164
f 580/232 561/230 111/229
f 75/1359 1679/1358 1670/1360
f 1591/483 99/481 1283/1066
f 383/237 586/224 582/236
f 521/804 528/216 107/217
f 107/217 518/218 521/804
f 518/218 101/219 100/212
f 100/212 511/213 518/218
f 377/234 585/1233 580/1232
f 377/234 495/1281 585/1233
f 511/213 97/214 95/207
f 95/207 508/208 511/213
f 569/46 571/206 91/47
f 508/208 94/209 89/204
f 89/204 453/87 508/208
f 365/33 410/143 458/1292
f 1605/1362 781/1361 1743/1363
f 552/1353 397/199 86/200
f 515/196 533/194 84/193
f 84/193 85/195 515/196
f 359/91 507/1256 576/1231
f 582/429 581/184 78/185
f 78/1365 115/235 582/236
f 485/123 479/182 73/125
f 1701/1187 1423/1185 231/1366
f 117/242 586/224 383/237
f 1727/1370 1528/1367 1605/1369
f 1181/1371 1731/104 620/105
f 570/1357 388/162 66/161
f 66/163 568/164 570/1244
f 1480/1373 723/1372 669/1374
f 1702/1377 1548/716 1755/1378
f 839/1125 1582/246 1441/1379
f 63/157 385/153 568/164
f 1130/22 1222/39 1357/729
f 581/184 385/153 58/155
f 1029/1382 1354/1381 1355/1383
f 1394/1129 1483/1385 1624/1386
f 1624/1386 1483/1385 703/1387
f 1167/867 1126/820 712/1389
f 743/788 741/689 767/1152
f 551/378 1448/377 1398/1043
f 669/1376 1022/1390 1446/1392
f 528/216 486/149 53/151
f 331/595 732/594 1695/681
f 80/1394 1730/1393 1061/1395
f 83/1398 970/1397 597/1399
f 912/1112 1891/1113 222/1400
f 1543/769 815/106 1707/1401
f 1707/1401 815/106 853/1402
f 617/655 689/656 1094/1405
f 889/683 1050/1406 1541/1408
f 1526/1410 1232/1409 1234/1411
f 190/1412 1544/738 1746/1413
f 1512/1417 1488/1414 693/1416
f 539/534 1360/1419 615/509
f 1049/1422 626/1421 858/1423
f 1112/1425 1236/1424 1121/1426
f 1032/1428 1399/1427 1234/1411
f 163/1429 321/667 1111/668
f 1512/1431 1425/1430 622/1432
f 1380/1435 599/1434 1908/1436
f 613/532 1697/543 120/569
f 653/1138 575/1437 1867/1061
f 1176/925 1181/1439 620/924
f 1742/1441 1810/1440 1547/1442
f 1367/1445 1420/1443 742/1444
f 1280/1446 55/664 1586/665
f 1100/969 1499/938 761/939
f 1735/1448 1254/1447 1072/1449
f 1200/1451 1234/1411 1232/1409
f 1225/1452 1226/1255 1253/1158
f 1440/1264 1526/1410 1661/1453
f 1321/1455 1256/1454 1076/1456
f 1116/1291 764/1457 746/1349
f 861/384 870/1270 867/365
f 416/118 410/143 48/119
f 1225/1459 1232/1409 678/352
f 330/677 1308/676 1272/1295
f 573/730 1205/731 1204/1143
f 1227/1462 1101/1461 774/1463
f 465/858 395/856 506/1279
f 1205/731 1337/1464 1215/1465
f 919/1467 724/1466 645/1468
f 1207/1469 1205/731 1215/1465
f 1279/631 1016/1136 1850/632
f 402/14 577/133 41/15
f 1701/1187 1444/1470 1857/1188
f 1367/1445 742/1444 1112/1425
f 1483/1385 1433/1153 707/1472
f 1352/1474 707/1472 658/1473
f 1380/1476 1663/1475 702/1477
f 571/206 485/131 38/130
f 1200/1451 1215/1465 1034/337
f 1234/1411 1200/1451 1032/1428
f 1428/1069 1442/1068 946/1478
f 1004/1480 1081/876 168/816
f 492/1266 416/118 36/120
f 1597/1274 1492/1481 1395/1482
f 36/120 403/121 492/1266
f 1121/1426 1419/1484 1112/1425
f 1301/1486 1289/1340 1616/1338
f 753/1189 1330/1487 840/1488
f 120/569 1694/567 613/532
f 552/101 86/1364 33/103
f 861/384 1139/283 656/353
f 1701/1187 237/1489 1444/1470
f 995/386 874/1242 966/1272
f 1219/1492 1182/1491 1076/1493
f 680/1495 677/1107 674/1115
f 578/1496 554/110 32/111
f 308/572 857/571 1066/624
f 1272/896 933/1296 1665/1497
f 32/112 388/113 578/1243
f 16/1498 1764/919 1685/1499
f 656/353 870/1270 861/384
f 1357/729 1034/337 1215/1465
f 1904/1500 616/542 1360/1419
f 1359/870 129/1501 811/869
f 1232/1409 1526/1410 1440/1264
f 1909/1503 771/1502 607/1504
f 159/309 514/1018 1572/310
f 577/133 453/87 26/89
f 1545/932 946/1479 897/1505
f 1689/1507 1405/1506 1654/1508
f 1383/1510 1381/1509 1512/1319
f 1130/22 234/20 1222/39
f 1516/771 1303/772 1591/483
f 225/1512 1066/624 1401/1513
f 698/1516 153/1515 1651/1517
f 1416/1519 843/1518 750/1190
f 225/1512 1279/1135 1066/624
f 913/1521 863/1520 1496/1522
f 1764/919 1642/1523 1685/1499
f 264/244 576/1230 394/476
f 119/92 359/91 264/243
f 264/243 359/91 576/1231
f 448/24 401/81 24/25
f 867/365 79/387 1128/364
f 1440/1264 870/1270 875/351
f 1112/1425 1419/1484 1367/1445
f 1353/1527 274/1524 122/1526
f 995/386 1661/1453 1754/385
f 1414/1528 1066/624 939/1529
f 1460/809 1661/1453 1526/1410
f 1152/1531 1578/1530 1630/1155
f 1458/715 1430/1532 1275/1534
f 260/61 533/191 517/432
f 260/61 517/432 500/433
f 260/52 507/1256 359/91
f 260/61 500/433 507/784
f 995/386 966/1272 1440/1264
f 28/93 260/52 359/91
f 1380/1435 1487/1535 1402/1536
f 93/1539 1382/1538 1281/1540
f 574/1283 569/46 17/48
f 709/1200 1346/1541 1207/1469
f 17/48 460/49 574/1283
f 580/232 111/229 13/1542
f 13/1542 113/231 580/232
f 498/166 495/36 12/38
f 114/37 495/36 377/233
f 870/1270 1440/1264 966/1272
f 1505/1544 1365/1543 1362/1545
f 1512/1319 1395/1482 1383/1510
f 1356/1546 1153/1088 1230/1547
f 460/49 14/50 10/1548
f 785/1221 1365/1543 1505/1544
f 460/49 10/1548 9/1549
f 1350/544 618/1307 1131/533
f 1337/1464 1357/729 1215/1465
f 940/806 1028/448 1172/1550
f 615/509 612/503 1363/1551
f 612/503 1907/501 601/496
f 739/1160 1640/1552 1843/1251
f 458/1292 450/31 8/32
f 1444/1555 237/1490 696/1554
f 1685/1499 642/1557 16/1498
f 8/32 365/33 458/1292
f 1685/1499 607/1559 642/1557
f 129/1501 1539/1560 910/1561
f 814/872 1366/1562 1823/887
f 910/1561 1443/1563 168/816
f 1607/747 1133/1564 1563/299
f 1381/1509 1797/1565 1900/1566
f 835/1568 836/1567 833/1569
f 769/1571 739/1163 1843/1553
f 825/1573 886/1572 655/1574
f 1081/876 1004/1480 1343/1575
f 1365/1543 785/1221 1342/1576
f 1592/1580 1152/1577 241/1579
f 840/1488 1330/1487 838/1581
f 1043/1582 1042/1117 974/1583
f 1339/1584 771/1502 592/1585
f 1339/1584 1908/1436 599/1434
f 750/1190 843/1518 841/1586
f 1089/999 631/641 1755/1378
f 454/65 402/14 4/19
f 601/496 1907/501 604/538
f 601/496 539/534 1363/1551
f 829/1588 183/1587 185/137
f 974/1583 1042/1117 975/1589
f 261/685 275/565 889/566
f 1907/501 1338/498 604/538
f 1032/1428 1164/147 1399/1427
f 34/115 248/4 403/121
f 248/4 394/476 403/121
f 1523/1119 1052/1314 1703/1327
f 706/1590 1433/1153 1723/1130
f 840/1488 1024/1094 753/1189
f 248/4 264/244 394/476
f 753/1189 750/1190 841/1586
f 753/1189 841/1586 1330/1487
f 1548/716 1345/1591 596/439
f 818/1594 1824/1592 653/1141
f 1220/174 106/1595 1891/1113
f 1378/1597 443/1596 1390/1331
f 1258/929 1602/1598 1591/483
f 1340/1600 1307/1599 1356/1546
f 1527/1602 1811/1601 1045/1603
f 1275/1534 1435/764 1458/715
f 126/251 1557/167 1913/178
f 1269/1605 1082/1604 1045/1606
f 1668/1608 1824/1607 1856/1609
f 1824/1607 1668/1608 643/1610
f 1635/1613 1773/1612 1534/1614
f 849/1616 876/1615 1388/1617
f 849/1616 1388/1617 1384/1618
f 79/387 867/365 874/1242
f 1873/1620 1316/1619 1618/1621
f 1856/1609 1824/1607 818/1593
f 1126/820 1167/867 1146/1622
f 1307/1599 1508/1201 949/1195
f 1218/1623 858/1423 859/1624
f 462/94 1736/56 1404/1625
f 978/75 1486/1627 1134/76
f 1516/771 1591/483 82/1629
f 860/1630 1218/1623 859/1624
f 1486/1627 917/1631 1134/76
f 1180/1633 864/1330 664/1236
f 733/1634 75/1359 930/1635
f 1307/1599 1340/1600 1508/1201
f 169/1637 1730/1636 1737/1638
f 1469/1639 1394/1129 643/1640
f 851/1175 1227/1462 774/1463
f 1828/1642 1300/1641 1174/1643
f 1633/1645 839/1125 1441/1379
f 1340/1600 1230/1547 709/1200
f 1307/1599 770/1646 1356/1546
f 805/1159 598/964 972/464
f 770/1646 1307/1599 949/1195
f 1577/1648 1491/1647 93/1649
f 709/1200 1152/1531 1630/1155
f 1207/1469 1149/1650 1152/1531
f 1848/1654 1334/1652 603/1653
f 1435/764 1275/1534 1842/1655
f 1152/1531 709/1200 1207/1469
f 1028/448 375/805 374/450
f 1090/1326 1703/1327 1889/168
f 1627/1656 1832/409 373/799
f 1357/729 573/730 1130/22
f 151/1658 1506/1657 1485/1659
f 1123/1215 1098/1213 717/1660
f 1604/128 82/1629 1464/1154
f 1508/1201 709/1200 1196/1194
f 1130/22 573/730 219/1661
f 80/1394 1737/1101 1730/1393
f 471/801 1322/1276 1546/889
f 1303/772 1865/1051 1258/929
f 1090/1326 1889/168 1613/1663
f 1254/1447 1176/925 1576/926
f 732/594 767/1152 638/1665
f 1842/1655 1275/1534 1430/1532
f 974/1583 849/1616 1043/1582
f 638/1665 767/1152 1020/1666
f 930/1635 1696/1667 1674/1668
f 917/1632 918/1669 1165/1670
f 152/1672 352/746 1563/299
f 491/575 624/708 947/568
f 1093/1673 1523/1119 1770/1328
f 594/951 1106/1674 797/8
f 467/803 1059/1675 879/1240
f 1058/1676 467/800 422/1313
f 1451/774 1860/1111 693/1677
f 1138/1073 639/1678 1135/1679
f 1770/1328 1090/1326 1613/1663
f 371/796 452/952 1044/795
f 833/1680 467/800 1058/1676
f 523/369 1179/368 431/953
f 431/953 1179/368 1044/795
f 1860/1111 1470/1005 1616/326
f 300/1683 1693/1682 1354/1384
f 1638/253 1619/297 652/1684
f 965/1011 1251/634 815/106
f 1049/1422 1224/609 626/1421
f 1089/999 1755/1378 594/718
f 1717/9 1638/253 1742/1441
f 1071/1687 855/1209 1304/1686
f 1707/1689 853/1404 819/1688
f 1250/1690 169/1637 1375/348
f 833/1680 1059/1691 467/800
f 879/1240 1284/1692 467/803
f 522/1693 468/475 1142/831
f 468/475 457/877 1259/830
f 1081/876 1259/830 457/877
f 1142/1694 704/1695 522/474
f 974/1583 1331/1696 877/1210
f 1650/1698 1156/1697 1510/1207
f 522/474 704/1695 1143/1699
f 1157/1299 96/304 1372/1273
f 1641/1700 1600/745 623/1701
f 470/1278 422/1313 467/800
f 1058/1676 422/1313 220/1704
f 1143/1699 220/1704 422/1313
f 211/1705 1215/1465 151/1706
f 522/474 1143/1699 422/1313
f 467/803 1284/1692 1158/1277
f 440/1708 1712/1707 196/1709
f 1097/1710 237/1490 682/1711
f 712/1389 565/477 1167/867
f 1321/1714 1370/1712 1598/1713
f 1598/1713 1370/1712 1287/1716
f 1128/364 566/781 500/433
f 409/479 712/1389 1126/820
f 1480/1719 660/1718 59/1720
f 565/477 712/1389 409/479
f 1200/1451 151/1706 1215/1465
f 82/1629 1591/483 1283/1066
f 953/1724 1637/1723 1331/1696
f 1147/1725 656/353 1141/1202
f 1054/591 1053/1726 868/1727
f 1063/1728 857/571 1427/680
f 1021/1729 1390/1331 443/1596
f 1803/834 572/1730 567/836
f 446/59 572/1731 1803/846
f 1180/1633 1150/1732 864/1330
f 1440/1264 678/352 1232/1409
f 1145/1734 1289/1337 1301/1485
f 1165/1670 1018/808 1134/1735
f 138/735 938/289 179/1737
f 1402/1537 1623/1738 1663/1475
f 1719/1740 180/1739 713/1347
f 1280/1446 1290/16 55/664
f 151/1658 1200/1722 1535/1742
f 1708/1743 702/1477 1663/1475
f 1288/1745 173/1744 834/1746
f 603/1653 1334/1652 1817/339
f 210/1749 1263/1748 1115/853
f 1663/1475 75/1359 1708/1743
f 1627/1656 373/799 366/1750
f 974/1583 877/1210 849/1616
f 1908/1436 1487/1535 1380/1435
f 1832/409 1767/291 1706/1751
f 174/343 1913/178 1675/743
f 1627/1656 366/1750 364/1752
f 1674/1754 1800/1753 1732/1755
f 1654/1508 221/1757 1689/1507
f 1174/770 1516/771 82/1629
f 189/1758 1135/1679 639/1678
f 546/177 1613/914 1889/1664
f 1040/1760 1248/1759 1375/348
f 1401/1514 1407/1761 998/1762
f 953/1724 868/1763 863/1520
f 1400/786 363/663 362/1765
f 1261/1767 1462/1766 1558/21
f 868/1259 953/1764 881/1258
f 909/1227 1558/21 1462/1766
f 1558/21 219/1661 1261/1767
f 1271/1225 1261/1767 219/1661
f 1371/1769 1501/188 1711/189
f 1501/188 1371/1769 972/464
f 1382/1538 139/1770 1281/1540
f 1787/406 1376/1771 1737/1315
f 169/1637 1374/350 1375/348
f 1661/1453 995/386 1440/1264
f 716/1773 1845/1772 706/1590
f 1334/1774 1848/1217 754/98
f 1526/1410 1329/1176 1460/809
f 1460/809 1754/385 1661/1453
f 1161/334 911/1776 1529/139
f 1314/671 617/658 602/673
f 1024/1094 686/1092 753/1189
f 192/1778 1789/1777 1871/1779
f 1065/1052 920/1781 919/1467
f 441/1114 649/1203 1008/1204
f 1842/1655 1391/1782 1151/1783
f 1480/1373 59/1721 1745/1288
f 1842/1655 1115/853 1435/764
f 173/1785 1092/1784 776/909
f 1400/994 768/1786 1738/1787
f 1359/870 1823/887 129/1501
f 1013/1789 969/1788 970/1397
f 969/1788 1013/1789 886/1572
f 1266/1790 1811/1601 1456/1791
f 1109/1793 1107/1792 83/1398
f 1539/1560 1413/1794 1895/1795
f 1842/1655 1151/1783 1115/853
f 1391/1782 1842/1655 1430/1532
f 368/790 697/791 1869/793
f 1104/1799 884/1798 222/1400
f 1738/1787 768/1786 1641/425
f 1446/1392 1022/1390 660/1718
f 1781/1801 906/915 1583/11
f 799/1805 762/1802 883/1804
f 1062/361 881/362 953/1768
f 1396/1807 1554/1806 1609/1808
f 1062/1810 953/1724 1347/1809
f 1871/1780 763/1812 1565/1813
f 1283/1066 186/1103 1464/1154
f 1094/1405 602/1814 617/655
f 325/275 1739/274 1627/1656
f 151/1658 1587/1816 211/1817
f 681/1818 689/656 682/1819
f 1714/752 1457/356 1445/354
f 895/1184 1335/1820 865/1821
f 696/1556 683/1196 1857/1197
f 376/1822 1314/671 683/1196
f 1390/1331 1049/1422 898/1237
f 1803/848 1296/1823 1364/1824
f 1378/1597 1273/1825 443/1596
f 1225/1452 1535/1742 1200/1722
f 1369/1829 1286/899 1364/1824
f 183/1587 826/1830 1103/1831
f 843/1833 1199/1832 1078/1834
f 1788/401 1832/409 1706/1751
f 736/1839 718/1836 756/1838
f 884/1798 1895/1795 1413/1794
f 1343/1575 141/1841 1386/1842
f 1587/1816 1149/1651 211/1817
f 164/1843 337/688 741/689
f 1456/1791 1118/1010 611/1844
f 673/391 994/1845 1007/1846
f 1451/1847 214/777 1312/17
f 1181/1439 1176/925 1735/1448
f 1149/1651 1587/1816 1183/1848
f 1713/1853 1911/1849 1012/1851
f 168/816 1443/1563 1004/1480
f 1375/348 1376/349 1040/1760
f 982/1856 1237/1855 920/1857
f 912/1112 222/1400 1529/139
f 1041/1858 173/1785 850/1859
f 1041/1858 850/1859 1718/1860
f 83/1398 597/1399 910/1561
f 1788/401 1377/295 1783/254
f 910/1561 1540/1861 129/1501
f 652/1684 1742/1441 1638/253
f 1332/1122 1493/653 1187/553
f 1332/1122 1804/1862 1493/653
f 96/304 1157/1299 1141/1863
f 1400/786 362/1765 360/1865
f 1040/1867 127/1866 1324/1868
f 832/1870 1104/1799 1891/1113
f 1133/1564 806/1871 1563/299
f 842/1309 1014/1099 76/1873
f 1178/1876 155/1875 736/1837
f 1787/406 98/404 1743/1877
f 1332/1122 1805/1878 1804/1862
f 1364/1824 1296/1823 1369/1829
f 1104/1799 222/1400 1891/1113
f 435/1880 1439/1879 633/1881
f 877/1210 876/1615 849/1616
f 1443/1563 597/1399 970/1397
f 1464/1154 82/1629 1283/1066
f 970/1397 969/1788 1443/1563
f 609/1882 1709/1040 1721/974
f 1396/1807 241/1579 1183/1848
f 1183/1848 241/1579 1149/1651
f 1684/1883 1600/1702 1809/1884
f 1384/1618 1043/1582 849/1616
f 985/1887 1113/1885 883/1804
f 1040/1867 687/1888 127/1866
f 1838/1890 579/1139 1624/1889
f 1040/1867 1376/1854 1647/1891
f 775/1893 779/1892 781/1361
f 1627/1656 1739/274 765/1894
f 1408/1897 868/1727 885/1896
f 1820/1899 1774/1898 147/1900
f 1294/991 1586/665 1268/666
f 1265/1901 714/1350 746/1349
f 1109/1793 1895/1795 1104/1799
f 1104/1799 1895/1795 884/1798
f 1134/1735 917/1632 1165/1670
f 1043/1582 1416/1519 1077/1093
f 1061/1395 1262/1902 1289/1337
f 633/1881 629/1904 435/1880
f 633/1905 1534/1614 629/1906
f 1416/1519 750/1190 1077/1093
f 87/1907 67/1145 655/1574
f 633/1905 1324/1868 802/1908
f 1574/1910 128/1909 158/1911
f 1676/1913 614/1912 627/1914
f 1126/820 278/1915 999/824
f 906/915 419/920 356/759
f 919/1467 154/1918 724/1466
f 1042/1117 1043/1582 380/1116
f 1145/1734 1061/1395 1289/1337
f 1529/139 911/1776 912/1112
f 1512/1319 1260/1919 1495/1318
f 1712/1707 975/1589 196/1709
f 1901/598 731/1920 1858/1921
f 1774/1898 1306/1923 614/1912
f 825/1573 1077/1093 1024/1094
f 1134/146 1018/1736 1329/1177
f 1826/70 1364/693 1286/1828
f 1331/1696 974/1583 1373/1925
f 1607/747 354/754 351/742
f 830/1927 1019/1926 1713/1853
f 82/1629 1604/128 1174/770
f 1265/1901 1669/1928 1389/1929
f 1261/1767 962/1226 770/1646
f 1330/1487 841/1586 141/1841
f 747/1931 638/1665 1020/1666
f 1848/1217 1724/1224 606/1218
f 1003/1932 698/1516 991/1933
f 1181/1439 1735/1448 1177/757
f 1756/72 1403/832 1826/1076
f 1690/1935 1195/1085 902/1936
f 196/1709 47/1937 440/1708
f 182/358 1468/345 992/388
f 1468/452 1347/1811 1373/1938
f 842/1309 921/1939 1027/1308
f 43/721 1614/1941 697/1797
f 1443/1563 910/1561 597/1399
f 936/973 968/1942 971/1943
f 56/135 824/1945 829/1588
f 258/402 1788/401 1217/307
f 1062/1946 1347/1811 1468/452
f 1364/693 1482/694 1736/83
f 831/972 936/973 971/1943
f 1504/1950 1455/1949 1513/1106
f 1045/1603 1266/1790 1269/1951
f 1390/1331 1021/1729 1051/1952
f 624/708 1656/29 1694/1953
f 1704/1320 631/641 229/1322
f 840/1488 969/1788 1024/1094
f 655/1574 67/1145 825/1573
f 730/1955 697/1797 1614/1941
f 71/434 938/289 138/735
f 169/1637 622/1956 1571/1957
f 1788/401 1783/254 1217/307
f 1373/1925 1347/1809 953/1724
f 1439/1879 1324/1869 633/1881
f 76/1874 1237/1855 842/1940
f 697/791 361/792 347/1958
f 347/720 43/721 697/1797
f 1237/1855 76/1874 104/1959
f 652/1684 1810/1440 1742/1441
f 698/1516 1165/1960 918/1671
f 970/1397 83/1398 1013/1789
f 840/1488 838/1581 1443/1563
f 1157/1864 1147/1725 1141/1202
f 1443/1563 838/1581 1004/1480
f 1820/1899 1208/1961 1012/1851
f 1485/1659 1506/1657 1556/1962
f 141/1841 1004/1480 838/1581
f 1186/1963 158/1911 128/1909
f 708/10 1583/11 906/915
f 1257/1965 807/1964 1349/44
f 1281/1540 1594/1966 1310/1968
f 1026/1969 900/1229 770/1646
f 1301/1486 1616/1338 1298/327
f 1324/1869 355/1970 1040/1760
f 1559/1972 1652/1971 614/1912
f 1292/1973 1158/1277 1409/1241
f 1462/1766 1261/1767 770/1646
f 634/1975 1267/1974 1890/1976
f 1271/1225 962/1226 1261/1767
f 67/1145 87/1907 997/1147
f 1423/1978 1470/1977 1422/1004
f 376/1822 696/1556 1097/1979
f 345/717 594/718 1548/716
f 1702/1377 631/641 1704/1320
f 1014/1099 975/1589 1042/1117
f 1268/666 55/664 1312/17
f 1092/908 1301/1485 1298/975
f 1905/1981 40/1980 1477/753
f 1905/1981 1297/1982 1475/1983
f 1418/1984 1437/1118 621/1008
f 1499/938 1848/1217 1639/934
f 1690/1935 819/1688 1195/1085
f 1703/1327 600/181 1889/168
f 1014/1099 990/1985 76/1873
f 244/1987 541/1986 609/1882
f 1077/1093 750/1190 686/1092
f 1848/1217 1499/938 1724/1224
f 683/1196 1114/1989 1319/1990
f 825/1573 67/1145 813/1146
f 811/869 1540/1861 146/1991
f 997/1147 832/1870 649/1203
f 1595/1994 1549/741 1551/1992
f 978/1628 234/20 1558/21
f 1236/1424 606/1218 1100/969
f 1121/1426 1236/1424 1100/969
f 1319/1990 1140/325 145/1198
f 1034/337 1032/1428 1200/1451
f 1075/1997 1911/1996 984/1998
f 1895/1795 1109/1793 1539/1560
f 87/1907 810/1999 997/1147
f 1203/893 1166/1181 668/626
f 1540/1861 811/869 129/1501
f 442/950 482/971 594/951
f 1443/1563 969/1788 840/1488
f 847/458 1680/2000 1919/946
f 1151/1783 210/1749 1115/853
f 1125/1045 188/2001 1530/881
f 102/1046 131/2002 278/1917
f 1043/1582 950/2003 1416/1519
f 808/2005 1091/2004 1747/2006
f 832/1870 810/1999 1109/1793
f 1600/745 1641/1700 1336/257
f 628/2008 790/2007 772/2009
f 1775/2011 808/2010 1752/2012
f 726/2014 1019/1926 1020/1666
f 828/2015 1775/2011 1752/2012
f 808/2005 1747/2006 1752/2016
f 1808/2018 749/2017 828/2019
f 106/1595 185/137 183/1587
f 1784/2020 1808/2018 1782/2021
f 1431/2022 1133/1564 666/2023
f 1800/1753 1452/2024 1785/2025
f 1606/2027 839/2026 1656/28
f 808/2005 1786/2028 1503/2029
f 707/1472 1674/1754 1903/2030
f 1452/2024 1800/1753 1818/2031
f 74/898 404/1120 336/686
f 1199/1832 1666/2032 1078/1834
f 707/1472 1800/1753 1674/1754
f 1813/2034 1445/354 74/898
f 1757/2036 1744/2035 1819/2037
f 185/137 106/1595 1220/174
f 1568/2038 1808/2018 828/2019
f 1869/690 1020/1666 741/689
f 1067/2041 1072/1449 92/2040
f 1784/2020 1461/2042 1793/2043
f 628/2008 1594/1966 651/2044
f 340/703 1217/704 907/312
f 1067/2039 1041/1858 1072/1450
f 920/1781 154/1918 919/1467
f 749/2017 1854/2045 1798/2046
f 1503/2029 809/2047 1091/2004
f 127/1866 687/1888 1324/1868
f 1793/2043 1452/2024 1818/2031
f 1735/756 1072/1450 1478/2048
f 1782/2021 1768/2049 1784/2020
f 1379/2050 984/1998 1912/2051
f 808/2005 828/2019 1786/2028
f 1793/2043 1818/2031 749/2017
f 1785/2025 1235/2052 1802/2053
f 1793/2043 1808/2018 1784/2020
f 826/1830 183/1587 871/2055
f 651/2044 790/2007 628/2008
f 167/2056 112/996 1125/985
f 650/1223 795/2058 785/2059
f 435/1880 1438/2060 1439/1879
f 749/2017 1808/2018 1793/2043
f 1801/2062 1729/2061 1214/2063
f 1768/2049 1461/2042 1784/2020
f 74/898 1023/687 1813/2034
f 336/686 1023/687 74/898
f 730/1955 726/2064 697/1797
f 1461/2042 1452/2024 1793/2043
f 1019/1926 1511/2066 1020/1666
f 1366/1562 1413/1794 1539/1560
f 1019/1926 1086/2067 1713/1853
f 1024/1094 886/1572 825/1573
f 790/2007 1210/2070 1015/2071
f 477/455 1442/454 734/961
f 1503/2029 1091/2004 808/2005
f 278/1917 131/2002 1530/879
f 496/427 1336/257 1641/1700
f 1568/2038 1782/2021 1808/2018
f 1437/1118 1523/1119 1093/1673
f 843/1833 220/1704 1199/1832
f 1709/1040 541/1986 755/1039
f 1901/598 732/594 638/1665
f 1752/2012 1568/2074 828/2015
f 1834/2075 1240/1317 1368/1316
f 782/2077 804/2076 873/2078
f 208/2081 1734/2080 1229/2082
f 584/2083 790/2007 651/2044
f 1290/16 1280/1446 1507/18
f 1757/2036 1752/2016 1747/2006
f 1131/533 667/545 1350/544
f 1825/2087 1432/2084 1915/2086
f 886/1572 1024/1094 969/1788
f 1825/2085 737/2088 1875/2089
f 1875/2089 1432/2090 1825/2085
f 1594/1966 1197/2091 651/2044
f 971/1948 782/2092 831/2093
f 793/2095 1882/2094 737/2088
f 1825/2085 793/2095 737/2088
f 1782/2021 1568/2038 1752/2016
f 1235/2052 1785/2025 1729/2061
f 794/2096 818/1594 653/1141
f 739/1163 769/1571 1361/2097
f 1333/2099 745/2098 873/2078
f 1020/1666 767/1152 741/689
f 1170/2102 1577/2101 854/2103
f 1713/1850 1912/2051 1911/1996
f 459/923 1011/922 43/721
f 1753/2104 1022/1800 1039/2105
f 1861/2110 1744/2107 1741/2109
f 1124/2112 1799/2111 438/2113
f 1316/1619 1873/1620 1497/2114
f 1614/1941 43/721 1011/922
f 1379/2050 1086/2069 1019/2068
f 1432/2090 1875/2089 1916/2115
f 1614/1941 1379/2050 927/2117
f 1019/2118 726/2013 730/2065
f 1071/1685 227/2119 225/2120
f 607/1504 771/1502 599/1434
f 1019/1926 830/1927 1511/2066
f 1845/1772 1800/1753 706/1590
f 832/1870 997/1147 810/1999
f 1800/1753 707/1472 1433/1153
f 851/1175 852/2121 1127/1180
f 1374/350 1737/1638 1376/349
f 641/697 1710/355 901/696
f 1262/1339 1571/1957 1616/2123
f 685/2124 1267/1974 1627/1656
f 1497/2114 1079/2125 685/2124
f 685/2124 1608/2126 1497/2114
f 425/936 427/937 1499/938
f 1453/2127 1431/2022 666/2023
f 1901/598 1858/1921 1442/454
f 1800/1753 1845/1772 1818/2031
f 623/2132 1877/2129 1705/2131
f 1485/1659 1587/1816 151/1658
f 699/1128 700/2133 1406/2134
f 1855/2135 1091/2004 1691/2136
f 1797/1565 1381/1509 1552/2137
f 1096/2138 843/1833 1244/2139
f 700/2133 1668/1611 663/2140
f 731/1920 1901/598 638/1665
f 353/2142 607/1559 1685/1499
f 1303/772 1300/1644 1268/666
f 399/894 1272/896 1203/893
f 1071/1687 1304/1686 1295/2143
f 1761/2145 1732/1755 1800/1753
f 1818/2031 1845/1772 749/2017
f 220/1704 1143/1699 1323/2146
f 699/1128 1394/1129 1469/1639
f 836/1570 1216/1132 1059/1691
f 865/1821 1201/2147 835/1568
f 1797/1565 1342/1576 798/2148
f 1390/1331 898/1237 864/1235
f 225/2120 899/2149 855/1212
f 1365/1543 1342/1576 1797/1565
f 1133/1564 1257/2151 806/1871
f 1039/2105 1022/1800 669/1391
f 662/2155 1569/2154 644/2156
f 1409/1241 1158/1277 1284/1692
f 564/2157 1856/1609 818/1593
f 1406/2134 1879/2158 1503/2029
f 1279/1135 225/1512 227/1134
f 946/1479 1545/932 1428/1071
f 1293/1297 1272/1295 1308/676
f 774/1463 1074/1168 851/1175
f 1503/2029 1786/2028 1406/2134
f 1127/1180 1228/1178 1227/1462
f 1285/1343 691/2159 1233/2160
f 1879/2158 1632/2161 809/2047
f 1162/2163 727/2162 1189/2164
f 1282/2165 1285/1343 1233/2160
f 1841/2168 1863/2167 1864/2169
f 1049/1422 858/1423 1218/1623
f 1316/1619 1705/2131 1877/2129
f 231/2170 1438/2060 435/1880
f 1018/808 1165/1670 1167/838
f 1252/2171 878/1239 691/2159
f 1252/2171 691/2159 846/618
f 1853/2173 746/2172 180/2174
f 1292/1973 1252/2171 1184/621
f 878/1239 1233/2160 691/2159
f 1216/1132 1282/678 1233/2166
f 1409/1241 1284/1692 879/1240
f 1798/2046 828/2019 749/2017
f 1233/2160 879/1240 1059/1675
f 1233/2166 1059/1691 1216/1132
f 1282/678 1293/1297 1308/676
f 865/1821 848/2175 1188/2176
f 1409/1241 878/1239 1252/2171
f 1282/678 327/675 326/886
f 1252/2171 1292/1973 1409/1241
f 1233/2160 878/1239 879/1240
f 1879/2158 809/2047 1503/2029
f 933/1298 1293/1297 903/2177
f 794/2096 793/2095 818/1594
f 1245/660 1158/1277 1292/1973
f 1292/1973 1184/621 1245/660
f 964/2180 1082/1604 1269/1605
f 83/1398 1539/1560 1109/1793
f 1915/2086 589/2182 1825/2087
f 865/1821 894/2183 895/1184
f 1759/42 807/43 1431/2022
f 1386/1842 290/2184 1078/1835
f 1293/1297 904/1131 903/2177
f 1202/2186 903/2177 904/1131
f 1452/2024 1729/2061 1785/2025
f 906/915 1781/1801 964/2187
f 836/1570 869/1216 1216/1132
f 904/1131 869/1216 1202/2186
f 869/2188 836/1567 835/1568
f 564/2157 818/1593 1899/2189
f 1201/2147 1202/2185 869/2188
f 1170/2102 1015/2071 720/330
f 1825/2087 589/2182 793/2179
f 851/1175 1073/2191 852/2121
f 1811/1601 1789/1777 1456/1791
f 1140/1995 1470/1977 1423/1978
f 1785/2025 1790/2192 1800/1753
f 1887/2194 1897/2193 1868/2195
f 1887/2194 1868/2195 1872/2196
f 835/1568 1201/2147 869/2188
f 835/1568 848/2175 865/1821
f 1235/2052 1729/2061 1801/2062
f 1461/2042 1729/2061 1452/2024
f 1049/1422 1247/2198 898/1237
f 1874/2199 1182/1494 664/1238
f 1326/2202 1244/2200 1416/1519
f 822/2205 1594/2203 1281/1967
f 1083/2206 1219/1492 1076/1493
f 168/816 146/1991 910/1561
f 664/1238 1247/2198 893/2207
f 812/814 146/1991 168/816
f 1768/2049 1729/2061 1461/2042
f 1866/2208 737/2088 1882/2094
f 939/1529 837/2209 1414/1528
f 893/2207 1057/1191 1874/2199
f 855/1212 1071/1685 225/2120
f 1899/2189 793/2179 589/2182
f 1057/1191 893/2207 888/1193
f 1904/1149 618/1307 1350/544
f 1496/1522 1408/1895 1689/2211
f 1882/2094 1867/1438 1866/2208
f 1675/743 1453/2127 666/2023
f 214/777 1303/772 1268/666
f 208/2081 1235/2054 1801/2197
f 1295/2143 1573/2212 1071/1687
f 1310/1968 1594/1966 628/2008
f 1789/1777 816/2213 1870/2214
f 987/2215 932/1027 625/2216
f 666/2023 1133/1564 1675/743
f 1866/2208 987/2215 625/2216
f 1729/2061 1768/2049 1214/2063
f 1882/2094 793/2095 794/2096
f 1316/1619 1497/2114 1498/2219
f 1866/2220 1868/2195 1897/2193
f 987/2215 1866/2208 1867/1438
f 625/2218 1868/2195 1866/2220
f 1654/1508 1055/589 221/1757
f 910/1561 1539/1560 83/1398
f 64/2226 672/2222 1255/2224
f 1627/1656 364/1752 325/275
f 1789/1777 1894/1048 1456/1791
f 984/1998 1011/922 1075/1997
f 1807/2227 1861/2110 1741/2109
f 1882/2094 794/2096 653/1141
f 1240/1317 1834/2075 1849/2229
f 1867/1438 1870/1060 987/2215
f 1733/2230 221/1757 1055/589
f 1197/2091 822/2204 1306/2231
f 1867/1438 1882/2094 653/1141
f 1016/1133 227/1134 1733/2230
f 1897/2221 737/2088 1866/2208
f 625/2218 932/2217 1868/2195
f 1348/2232 221/1757 1733/2230
f 221/1757 844/2233 1689/1507
f 932/1027 1833/1028 1872/2235
f 1733/2230 227/1134 1348/2232
f 1071/1687 1348/2236 1276/2237
f 1348/2232 227/1134 1276/2239
f 1897/2221 1875/2089 737/2088
f 1898/2240 1887/2194 1917/2241
f 1305/2242 1306/1923 822/2205
f 1276/2238 227/2119 1071/1685
f 1496/1522 844/2234 1573/2212
f 1071/1687 1573/2212 1348/2236
f 1833/1028 1917/2243 1872/2235
f 1885/2244 192/1041 1564/2245
f 1871/1780 1564/2245 192/1041
f 844/2234 1496/1522 1689/2211
f 1885/2244 1917/2243 1833/1028
f 221/1757 1348/2232 844/2233
f 1496/1522 1573/2212 1295/2143
f 1348/2236 1573/2212 844/2234
f 1896/2246 1885/2244 1564/2245
f 1370/2248 1611/2247 1525/2249
f 660/1718 1480/1719 1446/1392
f 1871/1780 1565/1813 1564/2245
f 1321/1455 1874/2199 1611/2247
f 1400/994 1738/1787 623/1703
f 1322/1662 1158/1277 1245/660
f 1384/2254 605/2251 1622/2253
f 939/2210 443/2255 1273/1827
f 1245/660 1111/668 1322/1662
f 1870/2214 816/2213 1796/1042
f 1780/2258 1916/2256 1898/2240
f 1322/1662 922/669 1546/891
f 1896/2259 1898/2240 1917/2241
f 1872/2196 1917/2241 1887/2194
f 1917/2243 1885/2244 1896/2246
f 1368/2261 1821/2260 1851/2262
f 1887/2194 1916/2256 1875/2116
f 1525/2249 1611/2247 1874/2199
f 1256/2264 1570/2263 1326/2201
f 1849/2266 1822/2265 803/2267
f 803/2268 1240/1317 1849/2229
f 1326/2201 1622/2253 1256/2264
f 1645/2269 1096/2138 1570/2263
f 1083/2270 1076/1456 1256/1454
f 1256/2264 1270/2271 1083/2206
f 1598/2274 1287/1717 1878/2272
f 1432/2090 1916/2115 1780/2257
f 822/2204 1197/2091 1594/1966
f 1570/2263 1598/2274 1358/2275
f 1321/1455 1076/1456 1182/1494
f 1256/1454 1321/1455 1598/1715
f 1598/2274 1570/2263 1256/2264
f 1370/2248 1321/1455 1611/2247
f 664/1236 1182/1491 1180/1633
f 1270/2271 1622/2253 605/2251
f 1645/2269 1570/2263 1358/2275
f 1916/2256 1887/2194 1898/2240
f 1525/2250 1287/1716 1370/1712
f 1058/1676 1212/2277 1878/2272
f 1559/1972 614/1912 1305/2242
f 1057/1191 848/2175 835/1568
f 1874/2199 1057/1191 1880/2279
f 1780/2257 1892/2280 1877/2129
f 1432/2090 1780/2257 1877/2129
f 1878/2278 1812/2282 1058/1681
f 1874/2199 1880/2279 1525/2249
f 1525/2249 1880/2279 1812/2282
f 1072/1450 1041/1858 1478/2048
f 1812/2282 1287/2273 1525/2249
f 1598/2274 1878/2272 1358/2275
f 1154/662 1589/785 1705/2131
f 1322/1662 1111/668 922/669
f 1058/1681 1812/2282 1880/2279
f 822/2205 1281/1967 1305/2242
f 1618/1621 1316/1619 1892/2280
f 1358/2275 1878/2272 1212/2277
f 1588/2283 1618/1621 1538/2284
f 1212/2277 1645/2269 1358/2275
f 841/1586 290/2184 141/1841
f 1892/2280 1538/2284 1618/1621
f 1859/2285 1368/2261 1851/2262
f 1044/795 1179/368 1546/891
f 92/2040 1145/1734 1288/1745
f 1538/2284 1896/2246 1588/2283
f 1330/1487 141/1841 838/1581
f 1323/2288 1243/2287 1666/2033
f 1323/2146 704/1695 1243/2289
f 1456/1791 611/1844 1266/1790
f 220/1704 1323/2146 1199/1832
f 595/910 1264/2290 180/2291
f 1898/2240 1538/2286 1780/2258
f 1881/2294 1861/2110 488/1341
f 1896/2259 1538/2286 1898/2240
f 1885/2244 1833/1028 192/1041
f 1887/2194 1875/2116 1897/2193
f 1807/2227 488/1341 1861/2110
f 1873/1620 1588/2283 1565/1813
f 1806/79 1855/2135 1748/2295
f 139/1770 632/2296 1281/1540
f 1538/2284 1892/2280 1780/2257
f 1614/1941 927/2117 730/1955
f 139/1770 1562/2299 632/2296
f 1413/1794 1366/1562 884/1798
f 1305/2242 1281/1967 1559/1972
f 1129/2301 1744/2035 1747/2006
f 1881/2293 1819/2037 1861/2108
f 1807/77 1741/2228 1806/79
f 1847/2302 1905/1981 1726/2303
f 627/1914 614/1912 1652/1971
f 18/2304 1578/1530 1592/1578
f 1281/1540 1310/1968 93/1539
f 1796/1042 1789/1777 192/1778
f 1061/1395 1145/1734 80/1394
f 887/1211 899/2305 998/1762
f 950/2003 1384/1618 1326/2202
f 1266/1790 1045/1603 1811/1601
f 1259/830 1081/876 1343/1575
f 598/964 1759/42 1537/941
f 1343/1575 1243/2287 1142/831
f 1078/1835 290/2184 843/1518
f 765/1894 1154/662 1608/2126
f 841/1586 843/1518 290/2184
f 1154/662 765/1894 1739/274
f 1248/1759 355/1970 1439/1879
f 1142/1694 1243/2289 704/1695
f 1061/1903 1571/2307 1262/2122
f 1741/2228 1855/2135 1806/79
f 1564/2245 1588/2283 1896/2246
f 1627/1656 765/1894 1608/2126
f 1091/2004 1855/2135 1741/2228
f 1565/1813 763/1812 1079/2125
f 1445/354 1710/355 641/697
f 1343/1575 1142/831 1259/830
f 732/594 1442/454 1695/681
f 1044/795 922/669 322/670
f 1666/2032 1199/1832 1323/2146
f 1326/2201 1384/2254 1622/2253
f 1267/1974 685/2124 1890/1976
f 1622/2253 1270/2271 1256/2264
f 1219/1492 1180/1633 1182/1491
f 1874/2199 1321/1455 1182/1494
f 1058/1676 220/1704 1096/2138
f 1096/2138 1645/2269 1212/2277
f 1415/2310 1384/1618 1388/1617
f 1705/2131 1589/785 623/2132
f 1212/2277 1058/1676 1096/2138
f 843/1833 1096/2138 220/1704
f 1082/2311 1890/1976 763/1812
f 972/464 598/964 1437/1118
f 833/1569 1880/2279 1057/1191
f 1497/2114 1608/2126 1498/2219
f 1129/2301 1747/2006 1091/2004
f 1058/1681 1880/2279 833/1569
f 1401/1514 899/2305 225/2150
f 730/2065 927/2298 1019/2118
f 1847/2302 1297/1982 1905/1981
f 93/1539 1310/1968 1577/2101
f 1864/2169 1658/2313 1910/2314
f 814/872 884/1798 1366/1562
f 1206/2315 1910/2314 1658/2313
f 1069/982 1629/99 606/97
f 166/2316 1475/1983 923/2317
f 1869/2318 697/1797 726/2064
f 1407/1761 1415/2310 876/1615
f 605/2276 1219/2308 1270/2319
f 1864/2169 1844/2320 1658/2313
f 1295/2143 913/1521 1496/1522
f 923/2317 1910/2314 1596/2321
f 1270/2271 1219/1492 1083/2206
f 1844/2320 957/2322 1658/2313
f 1077/1093 380/1116 1043/1582
f 1431/2022 757/942 1759/42
f 1864/2169 1722/2323 1841/2168
f 1637/1723 913/1521 1295/2143
f 1431/2022 807/43 1133/1564
f 1851/2262 1863/2167 1841/2168
f 1844/2320 1211/2324 783/2325
f 913/1521 1637/1723 953/1724
f 1479/2329 648/2326 1193/2328
f 1841/2168 1859/2285 1851/2262
f 1841/2168 1722/2323 1859/2285
f 1401/1513 1414/1528 1415/2309
f 1267/1974 634/1975 1832/409
f 1415/2310 1407/1761 1401/1514
f 1378/1597 1150/1329 1387/2330
f 943/2331 1915/2086 1432/2084
f 927/2117 1379/2050 1019/2068
f 1150/1329 1180/1733 1387/2330
f 1863/2167 1211/2324 1844/2320
f 441/1114 813/1146 997/1147
f 1031/1089 1346/1541 1230/1547
f 1414/1528 1401/1513 1066/624
f 1877/2281 1809/1884 943/2331
f 1387/2330 837/2209 1378/1597
f 898/1237 1247/2198 664/1238
f 835/1568 833/1569 1057/1191
f 1068/1170 859/1624 1137/1169
f 1722/2323 1864/2169 1297/1982
f 1415/2309 1414/1528 837/2209
f 1789/1777 1796/1042 816/2213
f 1864/2169 1910/2314 1297/1982
f 1230/1547 1153/1088 1031/1089
f 621/1008 611/2333 1118/1007
f 1894/1048 1118/1010 1456/1791
f 1219/2308 1387/2330 1180/1733
f 1835/2334 1726/2303 1831/2335
f 1871/1779 1811/1601 1527/1602
f 1847/2302 1722/2323 1297/1982
f 1243/2287 1078/1835 1666/2033
f 1015/2190 1210/2072 1680/2000
f 1243/2287 1386/1842 1078/1835
f 655/1574 1013/1789 1107/1792
f 1371/1769 1711/189 805/1159
f 614/1912 1306/1923 1305/2242
f 1607/747 1675/743 1133/1564
f 1154/662 1498/2219 1608/2126
f 720/320 1015/2190 847/458
f 1722/2323 1847/2302 1715/2336
f 1244/2200 843/1518 1416/1519
f 887/2306 855/1212 899/2149
f 1037/2338 1102/2337 784/2339
f 1387/2330 1415/2309 837/2209
f 108/2340 1037/2338 1144/2341
f 605/2276 1415/2309 1387/2330
f 876/1615 998/1762 1407/1761
f 1144/2341 784/2339 1883/2343
f 1863/2167 1844/2320 1864/2169
f 943/2331 1432/2084 1877/2281
f 1722/2323 1715/2336 1859/2285
f 1401/1514 998/1762 899/2305
f 887/1211 998/1762 876/1615
f 1681/2345 1144/2341 1883/2343
f 1681/2345 1883/2343 1120/2346
f 627/1914 1652/1971 1562/2300
f 1847/2302 1726/2303 1715/2336
f 747/2351 745/2349 748/2350
f 1388/1617 876/1615 1415/2310
f 1834/2075 1835/2352 1814/2353
f 1170/2102 983/2354 872/2355
f 1905/1981 1477/753 1190/2356
f 1859/2285 1835/2334 1368/2261
f 679/2357 783/2325 1632/2161
f 1243/2287 1343/1575 1386/1842
f 141/1841 1343/1575 1004/1480
f 679/2357 1632/2161 1879/2158
f 1862/2358 783/2325 1211/2324
f 1244/2139 1570/2263 1096/2138
f 783/2325 957/2322 1844/2320
f 1834/2075 1814/2353 1839/2359
f 1839/2359 1849/2229 1834/2075
f 1313/2362 957/2322 1132/2363
f 1132/2363 679/2357 1886/2364
f 957/2322 783/2325 1132/2363
f 605/2276 1384/2252 1415/2309
f 887/1211 876/1615 877/1210
f 1835/2334 1831/2335 1814/2360
f 1539/1560 129/1501 1366/1562
f 1313/2362 1132/2363 1120/2348
f 1846/2368 1050/2365 1704/2367
f 1465/2369 1846/2366 1839/2361
f 1527/1602 1682/2370 763/2312
f 655/1574 886/1572 1013/1789
f 1304/1686 1331/1696 1637/1723
f 1366/1562 129/1501 1823/887
f 1331/1696 1304/1686 877/1210
f 877/1210 1304/1686 855/1209
f 1871/1779 1789/1777 1811/1601
f 1748/2295 1821/2260 1806/79
f 1304/1686 1637/1723 1295/2143
f 1863/2167 1862/2358 1211/2324
f 1250/1690 1375/348 1248/1759
f 1819/2037 1744/2035 1861/2108
f 1852/2372 1888/2371 1313/2362
f 1205/731 1031/1089 1204/1143
f 1331/1696 1373/1925 953/1724
f 752/80 1821/2260 1368/2261
f 668/626 317/638 316/627
f 1888/2371 1852/2372 1206/2315
f 1206/2315 1852/2372 1596/2321
f 1198/636 349/737 315/2373
f 315/2373 317/635 1198/636
f 1201/2147 1335/1820 1202/2185
f 1530/879 131/2002 102/1046
f 1747/2006 1744/2035 1757/2036
f 964/2180 1547/2374 1082/1604
f 1744/2035 1129/2301 1741/2228
f 1091/2004 1741/2228 1129/2301
f 1053/1726 885/1896 868/1727
f 1118/1010 1894/1048 856/1047
f 1279/631 314/630 313/2375
f 660/2377 1022/1800 1753/2104
f 282/415 71/434 138/735
f 868/1763 1408/1895 863/1520
f 83/1398 1107/1792 1013/1789
f 863/1520 1408/1895 1496/1522
f 880/2379 908/2378 994/1845
f 1269/2181 1771/1346 964/2380
f 896/592 948/577 1055/589
f 1669/2382 300/2381 926/2383
f 1498/2219 1705/2131 1316/1619
f 1279/1135 313/2376 310/623
f 1007/1846 717/1660 1098/1213
f 1627/1656 1608/2126 685/2124
f 1809/1884 1877/2281 1684/1883
f 1805/1878 1313/2362 1120/2348
f 722/2386 714/1348 1265/1031
f 1266/1790 611/1844 1269/1951
f 1705/2131 1498/2219 1154/662
f 376/1822 1097/1979 1314/671
f 621/1008 1269/1306 611/2333
f 1733/2230 1055/589 1850/629
f 175/322 720/320 847/458
f 1571/2307 1061/1903 1730/1396
f 1774/1924 1906/2387 1185/2388
f 1405/1506 885/1896 1053/1726
f 1857/1186 145/1199 1423/1978
f 1886/2364 1120/2348 1132/2363
f 784/2339 1144/2341 1037/2338
f 1015/2071 772/2009 790/2007
f 1654/1508 1405/1506 1053/1726
f 1883/2343 773/2389 1769/562
f 1082/2390 763/2312 1682/2370
f 771/1502 1909/1503 592/1585
f 1654/1508 896/592 1055/589
f 1053/1726 896/592 1654/1508
f 774/1463 1188/2176 1068/1170
f 1068/1170 1074/1168 774/1463
f 310/623 1066/624 1279/1135
f 860/1630 859/1624 1068/1170
f 1068/1170 888/1193 860/1630
f 1757/2036 1819/2037 1740/2392
f 1553/2394 1069/2393 1309/2395
f 1309/2396 1069/982 1490/983
f 1101/1461 1188/2176 774/1463
f 1057/1191 1424/1192 848/2175
f 1188/2176 1424/1192 1068/1170
f 1293/1297 1282/678 904/1131
f 1101/1461 894/2183 865/1821
f 1881/2293 803/2267 1837/2397
f 1313/2362 1805/1878 1852/2372
f 884/1798 814/872 289/883
f 1332/1122 121/2398 1805/1878
f 1313/2362 1888/2371 957/2322
f 1059/1691 833/1680 836/1570
f 1285/1343 688/1342 691/2159
f 1044/795 1546/891 922/669
f 1835/2334 1859/2285 1715/2336
f 755/1039 968/1942 936/973
f 1272/896 1665/1497 1203/893
f 1194/2399 773/2389 1883/2343
f 903/2178 1202/2185 1335/1820
f 1855/2135 1397/2400 1748/2295
f 1804/1862 1805/1878 1584/2401
f 1584/654 1120/2402 1500/2403
f 1821/2260 1862/2358 1863/2167
f 1073/2191 858/1423 852/2121
f 1584/2401 1493/653 1804/1862
f 488/1341 803/2268 1881/2294
f 1335/1820 1201/2147 865/1821
f 1752/2016 1801/2062 1782/2021
f 1863/2167 1851/2262 1821/2260
f 1274/366 1546/891 1179/368
f 1247/2198 1049/1422 1218/1623
f 1831/2335 1465/2369 1839/2361
f 1063/1728 1021/1729 443/1596
f 1060/607 1021/1729 1063/1728
f 716/1773 706/1590 1723/1130
f 1465/2369 1831/2335 1190/2356
f 1602/1598 1488/2404 1591/483
f 858/1423 1073/2191 859/1624
f 859/1624 1073/2191 1137/1169
f 1120/2348 1886/2364 1681/2344
f 1102/2337 1915/2086 784/2339
f 1188/2176 848/2175 1424/1192
f 865/1821 1188/2176 1101/1461
f 1285/1343 1282/2165 862/615
f 1831/2335 1839/2361 1814/2360
f 1319/1990 145/1198 683/1196
f 1336/257 333/993 132/259
f 1831/2335 1726/2303 1190/2356
f 773/2389 1194/2399 1191/2406
f 1278/2408 895/1182 1166/1179
f 1184/621 307/620 306/2409
f 1107/1792 1109/1793 810/1999
f 846/618 304/614 303/612
f 1079/2125 1873/1620 1565/1813
f 1883/2343 784/2339 1194/2399
f 1191/2406 1809/1884 1769/562
f 959/2410 1500/2403 1883/2347
f 1704/2367 1837/2411 1846/2368
f 1421/2416 1746/2412 1827/2414
f 1484/2417 1477/753 40/1980
f 783/2325 679/2357 1132/2363
f 731/2420 1417/2418 968/2419
f 884/1798 289/883 222/1400
f 846/618 691/2159 688/1342
f 846/618 1184/621 1252/2171
f 846/618 1840/611 1184/621
f 1553/2394 1236/1424 742/1444
f 1849/2266 1839/2361 1822/2265
f 1876/2422 665/2421 659/2423
f 895/1184 894/2183 1227/1462
f 846/618 688/1342 862/615
f 303/612 1840/611 846/618
f 1191/2406 943/2331 1809/1884
f 860/1630 888/1193 1218/1623
f 49/563 1769/562 1809/1884
f 1227/1462 1228/1178 895/1184
f 1127/1180 1056/639 668/626
f 443/1596 939/1529 1063/1728
f 1063/1728 939/1529 1066/624
f 1837/2411 1434/2424 1740/2425
f 589/2182 1102/2337 1037/2338
f 1191/2406 1194/2399 784/2339
f 1060/607 1051/1952 1021/1729
f 984/1998 1911/1996 1912/2051
f 981/2426 817/1053 196/1709
f 1626/728 1555/1012 1325/1013
f 1427/680 1060/607 1063/1728
f 1126/820 1146/1622 56/135
f 1548/716 1702/1377 1345/1591
f 1418/1984 621/1008 796/1009
f 1051/1952 1224/609 1049/1422
f 1051/1952 1060/607 1224/609
f 1224/609 299/606 298/604
f 1120/2402 1883/2347 1500/2403
f 1301/1485 1288/1745 1145/1734
f 128/1909 1574/1910 1551/2427
f 1497/2114 1873/1620 1079/2125
f 1915/2086 943/2331 784/2339
f 328/608 1060/607 1427/680
f 1049/1422 1390/1331 1051/1952
f 355/1970 1248/1759 1040/1760
f 298/604 1311/605 1224/609
f 626/1421 1224/609 1311/605
f 1236/1424 1553/2394 1309/2395
f 541/1986 244/1987 731/1922
f 1771/1345 1093/1673 1770/1328
f 1127/1180 1227/1462 851/1175
f 1045/1603 1682/2370 1527/1602
f 871/2055 153/1515 996/2428
f 672/2430 1655/2429 1084/1294
f 1020/1666 745/2100 747/1931
f 1434/2432 1704/1320 1575/1321
f 852/2121 1056/639 1127/1180
f 1056/639 1311/605 1198/600
f 1796/1026 932/1027 987/2215
f 1862/2358 1821/2260 1748/2295
f 1691/2136 1397/2400 1855/2135
f 1748/2295 1397/2400 1249/2433
f 663/2140 1033/399 676/2434
f 1748/2295 1249/2433 1862/2358
f 668/626 1166/1181 1127/1180
f 1037/2338 108/2340 1033/398
f 51/2436 1764/919 16/1498
f 1278/2407 1166/1181 1203/893
f 626/1421 1311/605 852/2121
f 1843/2438 1138/1073 1135/1679
f 1278/2407 1665/1497 895/1184
f 895/1184 1665/1497 1335/1820
f 1904/1149 1360/536 618/1307
f 1203/893 1665/1497 1278/2407
f 1294/991 1296/2439 1803/992
f 1731/755 54/749 1659/1063
f 639/540 1353/1525 189/2440
f 742/1444 1420/1443 1553/2394
f 1881/2293 1740/2392 1819/2037
f 1412/1205 832/1870 1891/1113
f 796/1009 856/2441 1418/1984
f 777/917 1760/918 1653/2443
f 1653/2443 787/2444 777/917
f 1249/2433 1397/2400 783/2325
f 312/628 396/892 668/626
f 690/672 683/1196 1314/671
f 1872/2196 1868/2195 932/2217
f 1749/1121 1601/2446 1119/1055
f 1397/2400 1691/2136 809/2047
f 1119/1055 1601/2446 1543/769
f 809/2047 783/2325 1397/2400
f 809/2047 1691/2136 1091/2004
f 685/2124 1079/2125 1890/1976
f 1799/2111 162/2447 801/2448
f 670/396 564/2157 1899/2189
f 1850/629 1016/1133 1733/2230
f 1624/2449 1824/1607 643/1610
f 590/2451 1277/2450 1678/2452
f 222/1400 44/141 1529/139
f 1277/2450 792/2453 1687/2454
f 1072/1449 1254/1447 92/2040
f 934/173 1220/174 912/1112
f 852/2121 858/1423 626/1421
f 589/2182 1915/2086 1102/2337
f 1740/2425 1434/2424 657/2455
f 934/173 912/1112 911/1776
f 1020/1666 830/1927 745/2100
f 679/2357 740/2456 1681/2344
f 1406/2134 676/2434 1033/399
f 1161/334 934/173 911/1776
f 818/1593 793/2179 1899/2189
f 856/1047 796/2442 1118/1010
f 562/2457 1355/1383 1693/2458
f 756/1840 237/1489 231/1366
f 653/1138 579/1139 575/1437
f 661/2460 108/2435 740/2456
f 661/2460 740/2456 1879/2158
f 1073/2191 851/1175 1137/1169
f 1620/1334 1763/2461 1657/1167
f 628/2008 1577/2101 1310/1968
f 743/788 732/594 293/596
f 1681/2344 1886/2364 679/2357
f 740/2456 108/2435 1144/2342
f 1033/399 661/2460 1406/2134
f 49/558 1600/744 1697/543
f 1103/1831 1412/1205 1891/1113
f 1694/1953 947/568 624/708
f 784/2339 943/2331 1191/2406
f 594/951 555/490 1106/1674
f 763/2312 1871/1779 1527/1602
f 1681/2344 740/2456 1144/2342
f 1298/975 1319/1990 1114/1989
f 1075/1997 1680/2000 1911/1996
f 1798/2046 1786/2028 828/2019
f 763/1812 1890/1976 1079/2125
f 1467/314 639/1678 1138/1073
f 810/1999 87/1907 1107/1792
f 1434/2424 1837/2411 1704/2367
f 783/2325 809/2047 1632/2161
f 1862/2358 1249/2433 783/2325
f 826/1830 871/2055 996/2428
f 1786/2028 699/1128 1406/2134
f 1900/1566 1209/2463 1381/1509
f 984/1998 1379/2050 1614/1941
f 1669/2382 764/2465 692/1208
f 1711/189 1095/190 805/1159
f 241/1579 1382/1538 1592/1580
f 1092/908 173/1744 1288/1745
f 1879/2158 740/2456 679/2357
f 1798/2046 699/1128 1786/2028
f 1798/2046 1854/2045 699/1128
f 562/2457 438/2113 801/2448
f 87/1907 655/1574 1107/1792
f 297/601 1198/600 1311/605
f 1709/1040 609/1882 541/1986
f 929/2466 944/286 1171/2467
f 896/592 291/590 288/578
f 1080/2468 1084/1294 1655/2429
f 1260/2470 231/1366 1423/1185
f 801/2448 1355/1383 562/2457
f 1891/1113 106/1595 1103/1831
f 1109/1793 1104/1799 832/1870
f 1799/2111 1156/1697 162/2447
f 1746/1413 1544/738 1543/766
f 1716/2472 1713/1853 1012/1851
f 699/1128 1469/1639 700/2133
f 1406/2134 700/2133 676/2434
f 1055/589 287/579 286/586
f 663/2140 676/2434 700/2133
f 1874/2199 664/1238 893/2207
f 1210/2072 1911/1996 1680/2000
f 760/2473 162/2447 1156/1697
f 984/1998 1614/1941 1011/922
f 146/1991 1540/1861 910/1561
f 1084/1294 1080/2468 1116/1458
f 1084/1293 1745/1288 59/1721
f 670/396 1899/2189 589/2182
f 286/586 823/581 1055/589
f 1033/398 670/396 1037/2338
f 1406/2134 661/2460 1879/2158
f 1745/1288 723/1372 1480/1373
f 760/2473 1688/2474 1169/2475
f 146/1991 812/814 811/869
f 1077/1093 825/1573 441/1114
f 1820/1899 1436/2476 1208/1961
f 1856/1609 670/396 1668/1608
f 1433/1153 1483/1385 1394/1129
f 792/2453 1169/2475 1017/2477
f 854/2103 772/2009 845/2478
f 1854/2045 716/1773 1902/2479
f 1856/1609 564/2157 670/396
f 1157/1299 1099/1219 1147/2480
f 700/2133 1469/1639 1668/1611
f 1850/629 1055/589 823/581
f 1171/2467 187/2481 929/2466
f 1447/904 1743/1877 98/404
f 583/2482 1734/2080 1687/2454
f 671/2486 1009/2483 1521/2485
f 699/1128 1854/2045 1902/2479
f 1829/2488 1838/1890 703/1388
f 731/1922 755/1039 541/1986
f 792/2453 583/2482 1687/2454
f 1687/2454 1734/2080 1683/2489
f 696/1556 376/1822 683/1196
f 288/578 948/577 896/592
f 1008/1204 674/1115 441/1114
f 1624/1889 579/1139 1824/1140
f 1412/1205 649/1203 832/1870
f 1277/2450 1683/2489 1678/2452
f 1001/1108 996/2428 153/1515
f 108/2435 661/2460 1033/399
f 1829/2487 719/2490 1087/2492
f 1087/2492 759/2493 1829/2487
f 1576/926 1737/1101 80/1394
f 1647/1891 687/1888 1040/1867
f 208/2081 1740/2425 1678/2452
f 1624/1889 703/1388 1838/1890
f 231/2170 435/1880 1524/2495
f 719/2498 703/1387 1483/1385
f 1829/2491 703/1387 719/2498
f 1404/2500 1736/1626 1430/2499
f 1734/2080 1223/2501 1229/2082
f 1229/2082 1235/2054 208/2081
f 1678/2452 1683/2489 208/2081
f 761/649 426/943 277/2502
f 792/2453 1277/2450 780/2503
f 1795/2504 1277/2450 590/2451
f 1715/2336 1726/2303 1835/2334
f 490/2505 1795/2504 590/2451
f 490/2509 1302/2506 1792/2508
f 1412/1205 1103/1831 1008/1204
f 780/2503 1277/2450 1795/2504
f 1298/975 1140/325 1319/1990
f 293/596 367/787 743/788
f 1569/2154 16/2437 640/2511
f 634/1975 1082/2311 652/1684
f 1902/2479 1723/1130 699/1128
f 1353/1525 639/540 274/564
f 1332/1122 1633/1123 121/2398
f 759/2493 1838/2512 1829/2487
f 1172/1550 440/1708 187/2481
f 1680/2000 1075/1997 1919/946
f 75/1359 733/1634 1708/1743
f 1768/2049 1782/2021 1214/2063
f 1743/1363 781/1361 779/1892
f 1877/2281 623/2130 1684/1883
f 1140/1995 1423/1978 145/1199
f 1683/2489 1734/2080 208/2081
f 1172/1550 1171/2467 1173/2514
f 1576/926 80/1394 1254/1447
f 1757/2036 1740/2392 208/2494
f 1012/1851 1208/1961 1716/2472
f 1816/480 270/471 269/2516
f 112/996 167/2056 1126/2517
f 167/2518 1125/2057 278/1917
f 1775/2011 828/2015 808/2010
f 1001/1108 677/1107 996/2428
f 1708/1743 1751/2519 659/2423
f 792/2453 780/2503 1662/2520
f 490/2505 590/2451 657/2455
f 901/696 358/761 268/2522
f 490/2507 657/2521 1302/2523
f 1710/355 1449/2524 1519/468
f 380/1116 441/1114 701/1098
f 1604/128 1464/1154 1466/303
f 1399/1427 1329/1176 1526/1410
f 1854/2045 749/2017 716/1773
f 801/2448 1662/2520 490/2505
f 1372/1273 1317/1091 1476/1142
f 490/2505 1046/2525 1355/1383
f 490/2505 1662/2520 1795/2504
f 441/1114 380/1116 1077/1093
f 1795/2504 1662/2520 780/2503
f 1386/1842 141/1841 290/2184
f 1145/1734 92/2040 80/1394
f 441/1114 677/1107 701/1098
f 490/2505 1792/2510 1046/2525
f 433/2526 801/2448 162/2447
f 674/1115 1008/1204 680/1495
f 1454/466 266/249 265/2527
f 268/2522 338/695 901/696
f 1082/2311 1547/1442 1810/1440
f 916/2528 1237/1855 104/1959
f 1799/2111 801/2448 438/2113
f 1757/2036 208/2494 1752/2016
f 153/1515 871/2055 989/2529
f 924/2530 242/1038 724/2531
f 1169/2475 1662/2520 433/2526
f 208/2494 1801/2062 1752/2016
f 1687/2454 1683/2489 1277/2450
f 1519/468 901/696 1710/355
f 1662/2520 1169/2475 792/2453
f 1816/480 269/2516 263/459
f 1751/2519 1560/2533 659/2423
f 1329/1176 1399/1427 1164/147
f 1454/466 265/2527 262/472
f 990/1985 1014/1099 1036/1097
f 162/2447 760/2473 433/2526
f 1782/2021 1801/2062 1214/2063
f 1740/2425 590/2451 1678/2452
f 1329/1177 1164/2534 1134/146
f 1169/2475 433/2526 760/2473
f 379/469 1519/468 866/460
f 334/682 889/683 1023/687
f 1845/1772 716/1773 749/2017
f 433/2526 1662/2520 801/2448
f 1894/1048 1789/1777 1870/2214
f 866/460 766/2535 1449/2524
f 1020/1666 1869/690 726/2014
f 1316/1619 1877/2129 1892/2280
f 1519/468 766/2535 866/460
f 263/459 866/460 1816/480
f 75/1359 1670/1360 930/1635
f 1723/1130 1902/2479 716/1773
f 930/1635 1670/1360 1696/1667
f 889/683 1541/1408 1023/687
f 1650/1698 1510/1207 1751/2519
f 1036/1097 701/1098 1001/1108
f 92/2040 1288/1745 834/1746
f 634/1975 1619/297 1767/291
f 607/1504 353/2141 150/2536
f 47/1937 230/1054 1064/2537
f 1454/466 1646/2538 1672/2539
f 1708/1743 733/1634 1751/2519
f 1420/1443 1069/2393 1553/2394
f 854/2103 628/2008 772/2009
f 1217/307 335/706 258/402
f 1454/466 1816/480 1474/2540
f 1641/425 768/1786 1400/994
f 1229/2082 1802/2541 1235/2054
f 923/2317 1596/2321 751/2542
f 341/711 463/957 624/27
f 610/2543 1449/2524 1628/2544
f 1449/2524 1816/480 866/460
f 1080/2468 1655/2429 449/2545
f 185/137 1221/175 1125/136
f 1449/2524 1474/2540 1816/480
f 981/2426 975/1589 1014/1099
f 1919/946 437/947 257/457
f 1086/2069 1379/2050 1912/2051
f 659/2423 640/2511 1876/2422
f 1474/2540 1449/2524 610/2543
f 1596/2321 1699/2546 751/2542
f 973/644 1884/931 1502/2547
f 1767/291 1832/409 634/1975
f 659/2423 1560/2533 644/2156
f 1876/2422 640/2511 16/2437
f 1805/1878 121/2398 647/2548
f 121/2398 610/2543 647/2548
f 1242/2551 473/2549 1502/2547
f 826/1830 1008/1204 1103/1831
f 1577/2101 628/2008 854/2103
f 1805/1878 1120/2348 1584/2401
f 1229/2082 1790/2552 1802/2541
f 659/2423 702/1477 1708/1743
f 1805/1878 647/2548 1596/2321
f 1596/2321 1852/2372 1805/1878
f 677/1107 680/1495 826/1830
f 996/2428 677/1107 826/1830
f 1306/2231 1774/1924 1197/2091
f 647/2548 1699/2546 1596/2321
f 751/2542 1699/2546 721/2553
f 1560/2533 1751/2519 1494/2554
f 1146/1622 1165/1960 1651/1517
f 820/2556 1651/1517 989/2529
f 1417/2557 731/1920 638/1665
f 644/2156 1569/2154 640/2511
f 755/1039 731/1922 968/1942
f 1556/1962 1660/2558 1485/1659
f 1050/2365 1345/2559 1704/2367
f 889/566 596/439 1345/1591
f 1704/1320 1345/1591 1702/1377
f 644/2156 640/2511 659/2423
f 166/2316 721/2553 1628/2544
f 1628/2544 721/2553 610/2543
f 751/2542 721/2553 166/2316
f 593/2560 629/1906 1534/1614
f 185/137 56/135 829/1588
f 964/2380 1771/1346 1776/1077
f 1735/756 1478/2048 713/1741
f 244/2562 609/1988 946/1478
f 1686/2563 1156/1697 1650/1698
f 623/2132 1589/785 1400/786
f 599/1434 771/1502 1339/1584
f 583/2482 1017/2477 1223/2501
f 1404/2500 1430/2499 1458/1533
f 1223/2501 1734/2080 583/2482
f 1583/11 1717/9 1742/1441
f 1686/2563 1223/2501 1017/2477
f 1542/2566 1772/2565 1635/1613
f 593/2560 1534/1614 1773/1612
f 300/1683 692/2567 1693/1682
f 1357/729 1222/39 1006/40
f 711/2569 1603/2568 1635/2570
f 166/2316 1628/2544 1449/2524
f 871/2055 183/1587 989/2529
f 1170/2102 854/2103 845/2478
f 1156/1697 1688/2474 760/2473
f 1223/2501 1686/2563 1650/1698
f 923/2317 751/2542 166/2316
f 889/1407 1345/2559 1050/2365
f 926/2573 300/2384 915/2572
f 1223/2501 1650/1698 1229/2082
f 1761/2144 1229/2082 1650/1698
f 1017/2477 583/2482 792/2453
f 1206/2315 1658/2313 1888/2371
f 1156/1697 1686/2563 1688/2474
f 1688/2474 1686/2563 1017/2477
f 1688/2474 1017/2477 1169/2475
f 610/2543 721/2553 1699/2546
f 1888/2371 1658/2313 957/2322
f 1163/2575 562/2457 1693/2458
f 1146/1622 1651/1517 820/2556
f 1912/2051 1713/1850 1086/2069
f 1721/974 755/1039 936/973
f 1189/2577 1421/2416 1246/2576
f 1163/2575 1677/1206 1124/2112
f 702/1477 665/2421 1380/1476
f 642/1558 1380/1476 1876/2422
f 1206/2315 1596/2321 1910/2314
f 647/2548 610/2543 1699/2546
f 1082/2311 1810/1440 652/1684
f 1441/2580 1582/1380 1580/2579
f 702/1477 659/2423 665/2421
f 1474/2540 1646/2538 1454/466
f 1612/2581 1474/2540 610/2543
f 692/1208 1163/2575 1693/2458
f 1449/2524 766/2535 1519/468
f 166/2316 1457/356 1725/2582
f 1449/2524 1457/356 166/2316
f 1612/2581 121/2398 1672/2539
f 16/2437 642/1558 1876/2422
f 1672/2539 636/462 1454/466
f 562/2457 1163/2575 438/2113
f 1468/345 255/449 254/346
f 355/1970 1324/1869 1439/1879
f 1612/2581 610/2543 121/2398
f 1580/2583 1672/2539 121/2398
f 1376/1771 1787/406 779/2513
f 1646/2538 1474/2540 1612/2581
f 1591/483 1303/772 1258/929
f 121/2584 1441/2580 1580/2579
f 1799/2111 1124/2112 1677/1206
f 1163/2575 1124/2112 438/2113
f 1436/2476 1820/1899 147/1900
f 1187/553 839/1124 1332/1122
f 1510/1207 1156/1697 1799/2111
f 1656/28 738/26 1393/963
f 1712/1707 974/1583 975/1589
f 1582/250 636/462 1672/2539
f 1672/2539 1580/2583 1582/250
f 926/2587 915/2574 1315/2586
f 945/2592 1213/2589 300/1683
f 613/1148 1656/29 839/1124
f 1612/2581 1672/2539 1646/2538
f 1457/356 1449/2524 1710/355
f 802/1908 687/1888 633/1905
f 166/2316 1725/2582 1475/1983
f 1813/2034 1541/1408 1815/751
f 1815/751 1714/752 1445/354
f 1457/356 1714/752 1484/2417
f 435/2496 789/2593 1653/2445
f 1774/1924 1185/2388 651/2044
f 1185/2388 584/2083 651/2044
f 964/2187 1776/2561 906/915
f 826/1830 680/1495 1008/1204
f 1636/2594 789/2593 1531/2595
f 435/2496 629/1906 593/2560
f 1190/2356 1726/2303 1905/1981
f 187/2481 1171/2467 1172/1550
f 600/181 1038/2596 1453/2127
f 1221/175 188/821 1125/136
f 1465/2369 1050/1406 1846/2366
f 300/2384 1213/2591 1344/2597
f 1050/1406 1465/2369 1190/2356
f 1344/2600 1213/2598 1299/2599
f 1815/751 1190/2356 1477/753
f 1190/2356 1815/751 1050/1406
f 918/1671 991/1933 698/1516
f 1445/354 1813/2034 1815/751
f 1815/751 1541/1408 1050/1406
f 1036/1097 1001/1108 1003/1932
f 1297/1982 1910/2314 923/2317
f 1799/2111 1677/1206 1510/1207
f 40/1980 1725/2582 1484/2417
f 1354/1384 945/2592 300/1683
f 923/2317 1475/1983 1297/1982
f 986/2601 945/2590 1354/1381
f 1484/2417 1714/752 1477/753
f 1475/1983 40/1980 1905/1981
f 1029/1382 986/2601 1354/1381
f 1028/2602 1468/452 1373/1938
f 1626/1151 1625/1082 1621/633
f 1475/1983 1725/2582 40/1980
f 105/1065 1615/2603 695/1079
f 842/1940 1237/1855 982/1856
f 1725/2582 1457/356 1484/2417
f 1351/2607 1669/2605 926/2385
f 76/1873 991/1933 918/1671
f 1204/1143 1271/1225 573/730
f 1657/1167 105/1065 99/481
f 662/2155 449/2545 64/2223
f 1260/2469 622/1956 1567/2608
f 64/2226 155/1875 1178/1876
f 155/1875 64/2226 1255/2224
f 1659/1063 735/1032 744/1064
f 1591/483 1522/2610 1514/482
f 672/2430 64/2223 449/2545
f 1511/2066 830/1927 1020/1666
f 1802/2053 1790/2192 1785/2025
f 902/1936 1162/2163 1160/2611
f 1162/2163 902/1936 238/1086
f 1625/1082 1239/1137 1621/633
f 106/1595 183/1587 1103/1831
f 1593/2612 1817/1021 1334/1747
f 999/826 278/1917 1530/879
f 1447/904 1728/2613 1743/1877
f 1283/1066 99/481 105/1065
f 1554/1806 1396/1807 1595/768
f 1746/2415 1543/1016 1827/1014
f 1728/2616 1447/2614 1750/907
f 226/393 673/391 1035/336
f 1727/1370 1750/907 695/906
f 155/1875 1255/2224 718/2617
f 975/1589 981/2426 196/1709
f 991/1933 990/1985 1003/1932
f 1189/2164 727/2162 1421/2618
f 727/2162 238/1086 1766/1087
f 797/7 1545/932 973/644
f 1421/2416 1827/2414 1246/2576
f 802/1908 1324/1868 687/1888
f 918/1671 104/2619 76/1873
f 824/1945 56/135 1146/1622
f 1616/326 693/1677 1860/1111
f 829/1588 820/2556 183/1587
f 924/2530 104/1959 1168/2621
f 186/1103 1239/1080 1625/1084
f 1003/1932 990/1985 1036/1097
f 1615/2604 1727/1370 695/906
f 960/2627 963/2623 958/2625
f 980/2629 960/2627 958/2625
f 739/1160 1411/1161 1640/1552
f 956/2631 954/2630 1000/2632
f 607/1504 1341/2633 1909/1503
f 1000/2632 993/2634 694/2635
f 727/2162 1162/2163 238/1086
f 1035/336 673/391 983/2354
f 662/2155 1178/2609 51/2636
f 50/2637 1192/1105 1186/1963
f 1463/2638 1192/1105 50/2637
f 622/1433 1260/1919 1512/1319
f 1192/1105 819/1688 1830/1104
f 950/2003 1326/2202 1416/1519
f 1513/1106 1186/1963 1192/1105
f 1797/1565 798/2148 1900/1566
f 1423/2471 1495/1318 1260/1919
f 607/1504 150/2536 1341/2633
f 1911/1852 584/2083 1012/2639
f 990/1985 991/1933 76/1873
f 662/2155 64/2223 1178/2609
f 1455/1949 158/1911 1186/1963
f 1750/907 1727/1370 1728/2616
f 1455/1949 1186/1963 1513/1106
f 1822/2265 1839/2361 1846/2366
f 1822/2265 1846/2366 1837/2397
f 830/1927 1893/2640 745/2100
f 183/1587 820/2556 989/2529
f 1404/828 1458/2564 1473/827
f 1657/1167 1615/2603 105/1065
f 1743/1363 1728/2615 1605/1362
f 1893/2640 873/2079 745/2100
f 1548/716 594/718 1755/1378
f 789/2593 1636/2594 787/2641
f 1389/1930 1450/2642 791/2643
f 960/2644 988/442 928/2645
f 50/2637 1766/1087 1463/2638
f 1463/2638 819/1688 1192/1105
f 645/1468 47/1937 1064/2537
f 1730/1636 169/1637 1571/1957
f 1534/1614 633/1905 687/1888
f 770/1646 900/1229 1462/1766
f 1232/1409 1225/1459 1200/1451
f 662/2155 644/2156 449/2545
f 1229/2082 1761/2144 1790/2552
f 217/394 646/263 673/395
f 1296/1823 1300/1641 1828/1642
f 1195/1085 1463/2638 1766/1087
f 799/1803 819/1688 762/2646
f 1828/1642 1369/1829 1296/1823
f 1151/1783 1391/1782 210/1749
f 1328/380 1372/1273 96/304
f 1369/840 210/2648 1391/84
f 1605/1369 1728/2616 1727/1370
f 1605/1362 775/1893 781/1361
f 916/2528 920/1857 1237/1855
f 282/415 928/411 729/413
f 1828/2647 210/2648 1369/840
f 824/1945 820/2556 829/1588
f 1344/2650 1315/2586 915/2574
f 748/2651 745/2098 1333/2099
f 662/2155 51/2636 1569/2154
f 873/2079 1893/2640 1513/1106
f 1569/2154 51/2636 16/2437
f 775/1893 1605/1362 711/2652
f 1655/2429 672/2430 449/2545
f 1234/1411 1399/1427 1526/1410
f 1101/1461 1227/1462 894/2183
f 1647/1891 1376/1854 779/1892
f 727/2162 190/2653 1421/2618
f 729/413 236/410 233/2654
f 779/1892 775/1893 1647/1891
f 1159/2655 1160/2611 1162/2163
f 729/413 233/2654 232/2657
f 356/759 708/10 906/915
f 1463/2638 1195/1085 819/1688
f 1014/1099 1027/1308 981/2426
f 1567/2608 1250/1690 1248/1759
f 944/286 935/1303 1171/2467
f 656/353 967/127 96/302
f 711/2652 1647/1891 775/1893
f 1758/2658 104/1959 917/1632
f 1489/2659 1383/1510 1395/1482
f 779/2513 1787/406 1743/1877
f 1097/1710 682/1711 1318/2661
f 1426/2664 1070/2663 1122/2665
f 690/672 602/673 1088/976
f 1668/1608 670/396 663/397
f 1299/2599 1315/2666 1344/2600
f 1335/1820 1665/1497 933/1296
f 1689/1507 1408/1897 885/1896
f 1913/178 600/181 1675/743
f 1006/40 234/20 1581/187
f 251/422 928/420 988/444
f 885/1896 1405/1506 1689/1507
f 488/1341 1240/1317 803/2268
f 1581/187 1164/147 1032/1428
f 999/824 1108/811 1126/820
f 1832/409 223/400 218/798
f 986/2667 1299/2599 1213/2598
f 718/2669 660/2377 1753/2104
f 804/2076 1333/2099 873/2078
f 1599/2672 1617/2671 1660/2558
f 1835/2352 1834/2075 1368/1316
f 944/286 929/2466 724/1466
f 589/2182 1037/2338 670/396
f 1360/1419 616/542 615/509
f 584/2083 1210/2070 790/2007
f 1032/1428 1034/337 1581/187
f 817/1053 230/1054 196/1709
f 1213/2668 945/2590 986/2601
f 657/2455 590/2451 1740/2425
f 1909/1503 1341/2633 591/2674
f 1513/1106 1830/1104 873/2079
f 104/1959 918/1669 917/1632
f 1168/2621 242/1038 924/2530
f 1006/40 1034/337 1357/729
f 1766/1087 190/2653 727/2162
f 1333/2099 804/2076 748/2651
f 196/1709 230/1054 47/1937
f 1089/640 797/997 973/642
f 803/2267 1822/2265 1837/2397
f 1873/1620 1618/1621 1588/2283
f 1027/1308 1065/1052 817/1053
f 704/1695 1323/2146 1143/1699
f 449/2545 644/2156 1080/2468
f 891/2676 1085/2675 1122/2665
f 731/1922 244/1987 1858/2677
f 1070/2663 891/2676 1122/2665
f 944/286 242/2532 69/1037
f 599/1434 642/2578 607/1504
f 997/1147 649/1203 441/1114
f 1781/1801 1583/11 1742/1441
f 1031/1089 1205/731 1207/1469
f 1552/2137 1365/1543 1797/1565
f 1426/2664 1122/2665 1242/2550
f 1643/2679 795/2678 650/1222
f 241/1579 1152/1577 1149/1651
f 1642/1523 353/2142 1685/1499
f 1226/1255 1225/1452 1147/2480
f 778/2681 914/2680 1085/2675
f 1207/1469 1346/1541 1031/1089
f 919/1467 1064/2537 230/1054
f 820/2556 824/1945 1146/1622
f 1857/1197 1444/1471 696/1556
f 1168/2621 961/2682 242/1038
f 698/1516 1003/1932 153/1515
f 1779/2683 1870/1057 575/1058
f 914/2680 1122/2665 1085/2675
f 153/1515 1003/1932 1001/1108
f 615/509 1363/1551 539/534
f 657/2521 1575/1321 1794/2684
f 914/2680 473/2685 1242/2550
f 1794/2686 778/2681 389/2687
f 1738/1787 1641/425 623/1703
f 1387/2330 1219/2308 605/2276
f 1395/2660 1492/1483 1489/2688
f 1832/409 1627/1656 1267/1974
f 1774/1924 651/2044 1197/2091
f 1592/1578 1578/1530 1152/1531
f 1806/79 1821/2260 752/80
f 1512/2689 1381/1511 1209/2464
f 1512/1319 1597/1274 1395/1482
f 1121/2690 1509/864 1238/865
f 1238/2691 1419/1484 1121/1426
f 1221/175 185/137 1220/174
f 584/2083 1911/1852 1210/2070
f 1027/1308 982/2692 1065/1052
f 278/1917 1125/2057 102/1046
f 1309/2395 606/1218 1236/1424
f 1492/1481 1597/1274 1451/1109
f 1577/2101 1170/2102 925/2693
f 603/1653 1817/339 1639/340
f 603/1653 1639/340 1848/1654
f 1236/1424 1112/1425 742/1444
f 837/2332 939/2210 1273/1827
f 933/1296 903/2178 1335/1820
f 761/649 277/2502 215/2695
f 278/1917 1126/1916 167/2518
f 852/2121 1311/605 1056/639
f 654/287 907/700 1175/222
f 1703/1327 1038/2596 600/181
f 1796/1026 987/2215 1870/1060
f 1494/2554 1751/2519 1510/1207
f 1438/2060 1567/2608 1439/1879
f 1273/1827 1378/1826 837/2332
f 896/592 1053/1726 1054/591
f 219/1661 1558/21 1130/22
f 128/1909 1673/2696 1186/1963
f 1138/1073 1392/1072 1467/314
f 1117/2697 891/2676 1791/2698
f 222/1400 289/883 44/141
f 632/2297 1652/1971 1559/1972
f 1281/1967 632/2297 1559/1972
f 614/1912 1676/1913 147/1900
f 754/1775 1629/96 1334/2699
f 602/673 1092/908 1088/976
f 1355/2459 1354/1384 1693/1682
f 1591/483 1488/2404 1512/1415
f 252/446 375/805 941/278
f 941/1302 940/807 827/1304
f 1355/1383 801/2448 490/2505
f 441/1114 825/1573 813/1146
f 1713/1853 1893/2640 830/1927
f 644/2156 1560/2533 1494/2554
f 1029/1382 1046/2525 1070/2663
f 1535/1742 1253/1158 1506/1657
f 891/2676 1070/2663 1046/2525
f 1830/1104 819/1688 799/1803
f 1545/932 897/1505 1884/931
f 1439/1879 1567/2608 1248/1759
f 1066/624 857/571 1063/1728
f 744/1062 815/1403 1731/107
f 1523/1119 1703/1327 1770/1328
f 1268/666 1296/2439 1294/991
f 294/597 329/679 857/571
f 466/965 1349/41 1759/42
f 1302/2523 657/2521 1794/2684
f 1117/2697 1791/2698 1302/2701
f 1390/1331 1150/1329 1378/1597
f 1792/2508 1302/2506 1791/2702
f 1792/2510 1791/2698 1046/2525
f 1084/2431 59/1720 672/2225
f 1590/1056 1599/2703 1119/2705
f 1070/2663 1327/2706 1029/1382
f 1595/739 1543/766 1544/738
f 891/2676 1046/2525 1791/2698
f 746/1349 764/1457 1265/1901
f 1737/1638 1374/350 169/1637
f 1837/2397 1740/2392 1881/2293
f 778/2681 1794/2686 882/2707
f 1117/2697 1085/2675 891/2676
f 1698/484 120/569 1697/543
f 1794/2686 389/2687 1302/2701
f 1660/2673 1119/2705 1599/2703
f 389/2687 1117/2697 1302/2701
f 1660/2708 1749/1121 1119/1055
f 1396/1807 1183/1848 1595/768
f 815/106 1543/769 1601/2446
f 1893/2640 1713/1853 1716/2472
f 1030/63 1428/1071 797/7
f 1769/562 959/561 1883/2343
f 1117/2697 389/2687 778/2681
f 989/2529 1651/1517 153/1515
f 718/2710 1753/2670 1264/2292
f 1575/1321 657/2521 1434/2432
f 1769/562 773/2389 1191/2406
f 1653/2445 1524/2711 435/2496
f 1494/2554 1080/2468 644/2156
f 473/2549 229/1322 631/641
f 1794/2684 1575/1321 882/2712
f 982/2692 1027/1308 921/1939
f 1448/377 1467/314 1398/1043
f 237/1490 1097/1710 696/1554
f 756/1840 231/1366 1524/2497
f 609/1882 1450/2642 1105/2714
f 634/1975 1890/1976 1082/2311
f 1502/2547 1566/2715 1242/2551
f 1054/591 881/362 193/375
f 1186/1963 1673/2696 50/2637
f 972/464 1371/1769 805/1159
f 747/2351 748/2350 968/2419
f 229/1322 882/2712 1575/1321
f 772/2009 1015/2071 845/2478
f 180/2718 1264/2292 710/2717
f 1255/2720 672/2225 59/1720
f 1513/1106 1893/2640 1504/1950
f 744/1064 675/2721 853/2722
f 669/1376 1446/1392 1480/1719
f 1660/2558 1617/2671 1485/1659
f 173/1744 1067/2041 834/1746
f 609/1882 648/2724 1450/2642
f 1070/2663 1426/2664 637/2725
f 1609/1808 241/1579 1396/1807
f 914/2680 778/2681 882/2707
f 1745/1288 746/1289 723/1372
f 520/702 907/700 654/287
f 992/388 212/389 182/358
f 968/2419 1417/2418 747/2351
f 748/2716 971/1948 968/1944
f 718/2617 1255/2224 660/2727
f 1609/2728 1574/1910 1562/2300
f 1504/1950 147/1900 1676/1913
f 1327/2706 637/2725 587/2729
f 972/464 1437/1118 1418/1984
f 1062/2731 1468/345 181/359
f 1481/1311 494/988 177/2733
f 1765/2734 1764/919 51/2436
f 440/1708 1172/1550 1712/1707
f 92/2040 834/1746 1067/2041
f 1136/2735 241/1579 1609/1808
f 645/1468 1064/2537 919/1467
f 1264/2292 800/2736 718/2710
f 1523/1119 1537/941 1052/1314
f 637/2739 1426/2726 1005/2738
f 257/457 847/458 1919/946
f 1517/2741 1253/1158 1231/1126
f 1676/1913 158/1911 1455/1949
f 587/2743 637/2730 684/2742
f 693/773 1602/2744 1258/928
f 1616/326 1470/1005 1140/328
f 1351/2745 986/2667 587/2743
f 734/959 1442/2073 1030/293
f 1521/2485 1009/2483 1351/2745
f 1682/2391 1045/1606 1082/1604
f 1436/2476 1504/1950 1208/1961
f 637/2725 1327/2706 1070/2663
f 1136/2735 1382/1538 241/1579
f 733/1634 1761/2144 1650/1698
f 351/742 1675/743 1607/747
f 1668/1611 1469/1639 643/1640
f 1652/1971 632/2297 1562/2300
f 1242/2550 1122/2665 914/2680
f 919/1467 230/1054 1065/1052
f 1676/1913 627/1914 158/1911
f 1903/2030 658/1473 707/1472
f 1010/2748 890/2747 1170/2102
f 242/2532 944/286 724/1466
f 1720/1090 1155/2749 962/1226
f 627/1914 1574/1910 158/1911
f 1619/297 634/1975 652/1684
f 709/1200 1508/1201 1340/1600
f 804/2076 782/2077 748/2651
f 1422/1275 1597/1274 1495/1318
f 1495/1318 1423/2471 1422/1275
f 1550/2750 1643/2679 650/1222
f 1215/1465 211/1705 1207/1469
f 1170/2102 872/2355 1010/2748
f 1564/2245 1565/1813 1588/2283
f 1098/1213 1010/2748 1007/1846
f 882/2712 229/1322 473/2549
f 473/2685 914/2680 882/2707
f 1893/2640 1716/2472 1504/1950
f 1701/1187 231/1366 237/1489
f 1425/1430 693/1418 1616/2620
f 98/404 1621/633 1447/904
f 678/1460 1147/2480 1225/1452
f 1426/2726 1884/931 1005/2738
f 1136/2735 1562/2299 139/1770
f 1820/1899 1906/2751 1774/1898
f 598/964 1537/941 1437/1118
f 587/2729 986/2601 1029/1382
f 587/2743 1521/2485 1351/2745
f 1736/83 1482/694 1403/1075
f 673/391 1010/2748 872/2355
f 746/2172 1853/2173 723/1375
f 1355/1383 1046/2525 1029/1382
f 1521/2485 587/2743 684/2742
f 1012/2639 584/2083 1185/2388
f 637/2730 1005/2740 684/2742
f 1512/1415 1522/2610 1591/483
f 1609/1808 1562/2299 1136/2735
f 778/2681 1085/2675 1117/2697
f 1720/1090 1271/1225 1204/1143
f 1602/2405 693/1416 1488/1414
f 1621/1150 1251/634 1555/1012
f 872/2355 983/2354 673/391
f 1242/2551 1566/2715 1426/2726
f 1425/1430 1616/2620 622/1432
f 717/1660 1007/1846 994/1845
f 1706/1751 1767/291 1377/295
f 1029/1382 1327/2706 587/2729
f 1574/1910 1609/2728 1551/2427
f 1105/2714 635/2752 609/1882
f 1309/2396 1490/983 606/97
f 627/1914 1562/2300 1574/1910
f 614/1912 147/1900 1774/1898
f 238/1086 902/1936 1195/1085
f 75/1359 1663/1475 1623/1738
f 1007/1846 1010/2748 673/391
f 1099/1219 1226/1255 1147/2480
f 1351/2754 1105/2714 786/2755
f 890/2747 925/2693 1170/2102
f 671/2486 1515/2757 684/2742
f 601/496 1363/1551 612/503
f 1351/2745 1299/2599 986/2667
f 1005/2740 1241/2758 684/2742
f 671/2486 684/2742 1241/2758
f 1170/2102 720/330 983/2354
f 1174/1643 1263/1748 210/1749
f 925/2694 1491/1647 1577/1648
f 1514/482 1522/2610 1533/1174
f 1431/2022 1453/2127 757/942
f 1551/2759 1609/1808 1554/1806
f 1325/1013 965/1011 1601/2446
f 684/2742 1515/2757 1521/2485
f 937/1214 890/2747 1098/1213
f 890/2747 1047/2761 925/2693
f 1510/1207 1116/1458 1080/2468
f 671/2486 1241/2758 635/2753
f 839/1124 1187/553 1762/550
f 1450/2642 786/2755 1105/2714
f 1100/968 1467/314 1121/2690
f 946/1478 1442/1068 1858/2128
f 1521/2485 1515/2757 671/2486
f 807/1964 1257/1965 1133/2152
f 1453/2127 1675/743 600/181
f 693/1418 1425/1430 1512/1431
f 1500/2403 1148/560 1584/654
f 1048/2763 1123/1215 908/2378
f 717/1660 908/2378 1123/1215
f 1002/2766 1047/2761 892/2765
f 785/1221 1520/2767 1667/1220
f 741/689 529/1030 164/1843
f 1764/919 1765/2734 1760/918
f 1123/1215 892/2765 937/1214
f 758/2769 908/2378 880/2379
f 1601/2446 965/1011 815/106
f 1601/2446 1749/1121 1325/1013
f 937/1214 1047/2761 890/2747
f 1571/1957 622/1956 1616/2123
f 1604/128 1466/303 967/129
f 1373/1925 1712/1707 1028/448
f 1393/963 1481/967 839/2026
f 170/2770 50/2637 1692/2771
f 613/532 1694/567 1656/1954
f 955/2772 1002/2764 694/2635
f 937/1214 892/2765 1047/2761
f 1507/18 1492/2773 1312/17
f 1467/314 1509/864 1121/2690
f 1392/1072 1509/864 1467/314
f 1453/2127 1038/2596 1703/1327
f 631/641 1502/2547 473/2549
f 1549/1993 170/2770 1551/2427
f 1048/2763 758/2769 892/2765
f 170/2770 1692/2771 128/1909
f 853/2723 815/1403 744/1062
f 959/2410 1148/560 1500/2403
f 1360/536 539/1420 203/537
f 128/1909 1692/2771 1673/2696
f 1393/963 1606/2027 1656/28
f 631/641 973/644 1502/2547
f 1402/1537 1663/1475 1380/1476
f 1002/2766 880/2379 694/2774
f 1002/2766 758/2769 880/2379
f 1779/1049 1894/1048 1870/2214
f 1566/2715 1502/2547 1884/931
f 50/2637 170/2770 1766/1087
f 1547/1442 964/2187 1781/1801
f 694/2635 993/2634 955/2772
f 1426/2726 1566/2715 1884/931
f 1005/2740 897/2775 608/2776
f 1673/2696 1692/2771 50/2637
f 1605/1369 1528/1367 1603/2568
f 1551/2427 170/2770 128/1909
f 993/2634 1047/2762 1002/2764
f 1009/2746 671/2484 635/2752
f 187/2481 440/1708 47/1937
f 1241/2758 1005/2740 608/2776
f 1549/1993 1766/1087 170/2770
f 897/1505 1005/2738 1884/931
f 1002/2764 955/2772 993/2634
f 1549/1993 190/2653 1766/1087
f 757/942 1453/2127 1052/1314
f 599/1434 1380/1435 642/2578
f 892/2765 1123/1215 1048/2763
f 1763/1165 1542/2566 1528/1164
f 1303/772 1174/770 1300/1644
f 1592/1578 1000/2632 18/2304
f 946/1478 608/2776 897/2775
f 925/2777 993/2634 1000/2632
f 1369/840 1391/84 1403/82
f 608/2776 946/1478 609/1988
f 1357/729 1337/1464 1205/731
f 1876/2422 1380/1476 665/2421
f 1428/1071 1545/932 797/7
f 1009/2746 635/2752 1351/2754
f 1000/2632 1592/1578 925/2777
f 693/773 1865/927 214/775
f 1761/2144 733/1634 1732/1756
f 1755/1378 631/641 1702/1377
f 946/1478 1858/2128 244/2562
f 1776/1077 1770/1344 1613/1078
f 18/2304 1630/1155 1578/1530
f 190/1412 1549/740 1544/738
f 925/2777 1047/2762 993/2634
f 648/2724 1721/974 799/1805
f 1592/2778 1491/1647 925/2694
f 799/1805 1113/1885 648/2724
f 1481/1310 1582/246 839/1125
f 839/2026 1606/2027 1393/963
f 1340/1600 1356/1546 1230/1547
f 782/2092 971/1948 748/2716
f 1592/1580 1382/1538 93/1539
f 799/1803 873/2079 1830/1104
f 782/2092 873/2079 799/1803
f 1635/1613 1534/1614 711/2652
f 1765/2734 1178/1876 1524/2780
f 831/2093 782/2092 799/1803
f 93/1649 1491/1647 1592/2778
f 1635/1613 1603/2571 1542/2566
f 799/1805 1721/974 831/972
f 752/78 488/1341 1807/2227
f 1377/295 1788/401 1706/1751
f 924/2781 724/1466 154/1918
f 892/2765 758/2769 1002/2766
f 900/1229 1026/1969 1025/1228
f 1155/2749 1356/1546 962/1226
f 219/1661 573/730 1271/1225
f 1667/1220 1561/2782 1550/2750
f 1620/2462 1531/2595 1773/1612
f 609/1988 635/2753 1241/2758
f 787/2641 1653/2445 789/2593
f 1721/974 648/2724 609/1882
f 883/1804 1113/1885 799/1805
f 908/2378 717/1660 994/1845
f 758/2769 1048/2763 908/2378
f 1155/2749 1153/1088 1356/1546
f 59/1720 660/1718 1255/2720
f 1585/2784 1563/301 806/1872
f 1707/1689 1690/1935 1159/2655
f 171/329 172/335 720/330
f 985/1887 883/1804 853/2722
f 1648/2788 1536/2786 1631/2787
f 1492/2773 1451/1847 1312/17
f 1067/2039 173/1785 1041/1858
f 1634/2791 1532/2789 1531/2595
f 1000/2632 954/2630 951/2792
f 675/2721 1777/2793 821/2794
f 694/2774 942/2795 956/2796
f 1732/1756 733/1634 930/1635
f 853/2722 675/2721 985/1887
f 929/2466 645/1468 724/1466
f 1250/1690 1567/2608 622/1956
f 890/2747 1010/2748 1098/1213
f 306/2409 319/659 1184/621
f 1690/1935 1160/2611 1159/2655
f 1749/725 1660/2709 1579/724
f 1690/1935 1707/1689 819/1688
f 1634/2791 1531/2595 1836/1335
f 650/1222 1667/1220 1550/2750
f 1620/2462 1773/1612 1763/1165
f 956/2631 1000/2632 694/2635
f 710/2717 1039/2106 669/2153
f 725/2799 1162/2163 1189/2164
f 1827/2414 1707/1015 1246/2576
f 723/1375 710/2719 669/2797
f 1531/2595 1532/2789 1636/2594
f 1111/668 323/674 163/1429
f 1160/2611 1690/1935 902/1936
f 1391/84 1430/1796 1736/85
f 1532/2803 1536/2800 787/2802
f 725/2804 1246/2576 1707/1015
f 1531/2595 789/2593 593/2560
f 1418/1984 619/2806 972/464
f 1433/1153 706/1590 1800/1753
f 1536/2786 1532/2801 1631/2787
f 1772/2565 1542/2566 1763/1165
f 639/540 1467/318 161/317
f 1773/1612 1635/1613 1772/2565
f 1707/2805 1159/2785 725/2798
f 1146/2555 1167/838 1165/1670
f 1634/2790 1649/2807 1532/2808
f 1631/2787 1532/2801 1649/2809
f 1163/2575 692/1208 1677/1206
f 1727/1368 1518/2810 1528/1164
f 1246/2576 725/2804 1189/2577
f 435/2496 593/2560 789/2593
f 853/2722 883/1804 762/1802
f 692/1208 300/2381 1669/2382
f 1603/2568 711/2569 1605/1369
f 962/1226 1356/1546 770/1646
f 1650/1698 1751/2519 733/1634
f 1746/1413 1421/2413 190/1412
f 953/1724 863/1520 913/1521
f 926/2385 1315/2588 1351/2607
f 1351/2606 786/2756 1669/1928
f 1429/2812 1644/1173 1634/2791
f 710/2717 1753/2670 1039/2106
f 756/1840 1524/2497 736/2813
f 673/391 880/2379 994/1845
f 1817/1021 1593/2612 1572/2814
f 1878/2278 1287/2273 1812/2282
f 710/2719 1853/2173 180/2174
f 710/2719 723/1375 1853/2173
f 1563/299 156/298 152/1672
f 1504/1950 1716/2472 1208/1961
f 1241/2758 608/2776 609/1988
f 1105/2714 1351/2754 635/2752
f 928/2645 282/2649 960/2644
f 1207/1469 211/1705 1149/1650
f 1068/1170 1424/1192 888/1193
f 1389/1929 1669/1928 786/2756
f 1674/1668 1732/1756 930/1635
f 1351/2745 1315/2666 1299/2599
f 747/1931 1417/2557 638/1665
f 985/1887 675/2721 1671/2816
f 1094/1815 718/1836 800/2737
f 817/1053 981/2426 1027/1308
f 791/2643 821/2794 235/2817
f 791/2643 235/2817 1389/1930
f 1450/2642 1389/1930 786/2755
f 1170/2102 845/2478 1015/2071
f 980/2628 988/442 960/2644
f 1551/1992 1554/2760 1595/1994
f 646/263 980/2629 880/2818
f 915/2572 300/2384 1344/2597
f 880/2818 673/395 646/263
f 1113/2779 985/1886 1193/2328
f 1671/2816 1479/2327 985/1887
f 942/2795 880/2379 958/2819
f 1510/1207 692/1208 764/2465
f 983/2354 720/330 1035/336
f 1450/2642 1479/2327 791/2643
f 1479/2329 1193/2328 985/1886
f 713/1741 714/1348 715/758
f 47/1937 929/2466 187/2481
f 646/270 988/442 980/2628
f 791/2643 1479/2327 1671/2816
f 1727/1368 1615/2622 1518/2810
f 958/2625 880/2818 980/2629
f 1253/1158 1535/1742 1225/1452
f 942/2795 694/2774 880/2379
f 47/1937 645/1468 929/2466
f 787/2641 1636/2594 1532/2789
f 74/898 1445/354 641/697
f 942/2795 958/2819 952/2820
f 235/2817 1265/1031 1389/1930
f 1649/2807 1634/2790 1644/2811
f 180/1739 746/1349 713/1347
f 821/2794 791/2643 1671/2816
f 1174/770 1604/128 1263/852
f 622/1956 169/1637 1250/1690
f 1603/2571 1528/1164 1542/2566
f 1518/2810 1615/2622 1657/1166
f 1518/2810 1657/1166 1528/1164
f 1600/1702 1684/1883 623/2130
f 1836/1333 1657/1167 1514/482
f 1438/2060 231/2170 1260/2469
f 960/2624 138/734 963/2821
f 1531/2595 1620/2462 1836/1335
f 952/2823 905/2822 956/2631
f 1836/1335 1429/2812 1634/2791
f 1410/2824 1803/990 1610/835
f 1394/1129 1624/1386 643/1640
f 181/2732 184/360 1062/361
f 1520/2767 785/1221 1505/1544
f 1265/1031 735/1032 722/2386
f 722/2386 728/750 788/1127
f 656/353 1147/1725 678/352
f 709/1200 1230/1547 1346/1541
f 1828/1642 1174/1643 210/1749
f 905/2822 952/2823 976/2825
f 49/563 1809/1884 1600/1702
f 173/1785 776/909 850/1859
f 1763/1165 1773/1612 1772/2565
f 972/464 619/2806 1459/465
f 1781/1801 1742/1441 1547/1442
f 952/2823 1486/2826 976/2825
f 1777/2793 735/1032 1700/1033
f 931/2827 976/2825 1486/2826
f 1718/1860 1719/2828 1041/1858
f 1162/2656 725/2798 1159/2785
f 931/2827 1558/21 909/1227
f 235/2817 1777/2793 1265/1031
f 1312/17 214/777 1268/666
f 711/2652 687/1888 1647/1891
f 1758/2830 1486/2826 952/2823
f 1758/2831 963/2821 961/732
f 1680/2000 847/458 1015/2190
f 776/909 1718/1860 850/1859
f 1510/1207 764/2465 1116/1458
f 762/2646 819/1688 853/1404
f 235/2817 821/2794 1777/2793
f 1633/1645 1441/1379 121/2585
f 1552/2137 1362/1545 1365/1543
f 1700/1033 1265/1031 1777/2793
f 952/2823 963/2832 1758/2830
f 1462/1766 900/1229 909/1227
f 1777/2793 675/2721 744/1064
f 1268/666 1300/1644 1296/2439
f 958/2819 963/2626 952/2820
f 788/1127 715/758 714/1348
f 963/2821 138/734 961/732
f 1718/1860 776/909 1719/2828
f 138/734 960/2624 282/2815
f 1450/2642 648/2724 1479/2327
f 1534/1614 687/1888 711/2652
f 1703/1327 1052/1314 1453/2127
f 1360/536 705/507 618/1307
f 593/2560 1773/1612 1531/2595
f 1168/2621 1758/2658 961/2682
f 715/758 788/1127 1177/748
f 179/733 69/1035 961/732
f 232/2657 239/414 729/413
f 956/2796 942/2795 952/2820
f 1381/1509 1383/1510 1552/2137
f 1617/2671 1590/2704 1183/1848
f 144/285 944/286 938/289
f 944/286 179/1737 938/289
f 1576/1100 620/105 1251/634
f 744/1064 735/1032 1777/2793
f 1836/1333 1533/1174 1429/1172
f 788/1127 714/1348 722/2386
f 735/1032 54/749 722/2386
f 1731/104 1181/1371 1177/1934
f 722/2386 54/749 728/750
f 905/2822 976/2825 909/1227
f 956/2631 905/2822 954/2630
f 713/1741 1478/2048 1041/1858
f 1735/756 713/1741 715/758
f 707/1472 719/2498 1483/1385
f 821/2794 1671/2816 675/2721
f 80/1394 92/2040 1254/1447
f 1312/17 55/664 1290/16
f 1712/1707 1373/1925 974/1583
f 1239/1080 1283/1066 1472/1067
f 139/1770 1382/1538 1136/2735
f 1556/1962 1579/727 1660/2558
f 1719/2828 713/1741 1041/1858
f 1651/1517 1165/1960 698/1516
f 1800/1753 1790/2192 1761/2145
f 1011/922 1919/946 1075/1997
f 893/2207 1247/2198 1218/1623
f 951/2792 18/2304 1000/2632
f 909/1227 951/2792 954/2630
f 761/651 1398/1043 1467/314
f 1765/2734 1653/2443 1760/918
f 602/673 595/910 1092/908
f 950/2003 1043/1582 1384/1618
f 909/1227 954/2630 905/2822
f 909/1227 976/2825 931/2827
f 1630/1155 18/2304 951/2792
f 1617/2671 1599/2672 1590/2704
f 1318/2662 617/658 1314/671
f 951/2792 909/1227 1025/1228
f 195/316 1467/314 1448/377
f 1385/1157 1630/1155 951/2792
f 977/1156 1385/1157 1026/1969
f 1506/1657 1517/2741 1556/1962
f 690/672 1088/976 1114/1989
f 1026/1969 949/1195 977/1156
f 682/1819 689/656 1318/657
f 1753/2670 710/2717 1264/2292
f 602/673 1094/1815 595/910
f 682/2833 237/1489 756/1840
f 1720/1090 1153/1088 1155/2749
f 1218/1623 888/1193 893/2207
f 1314/671 1097/1979 1318/2662
f 756/2834 681/1818 682/1819
f 770/1646 949/1195 1026/1969
f 1630/1155 977/1156 1196/1194
f 1385/1157 1025/1228 1026/1969
f 1025/1228 1385/1157 951/2792
f 1514/482 1533/1174 1836/1333
f 1517/2741 1506/1657 1253/1158
f 690/672 1114/1989 683/1196
f 1517/2741 1231/1126 1556/1962
f 1556/1962 1231/1126 1579/727
f 1906/2387 1012/2639 1185/2388
f 1320/1083 1328/380 1625/1084
f 1803/848 1364/1824 1736/1947
f 1617/2671 1183/1848 1485/1659
f 1094/1405 681/1818 756/2834
f 1595/768 1183/1848 1590/2704
f 1561/2835 1667/2783 1520/2768
f 776/909 595/912 1719/2828
f 931/2827 978/1628 1558/21
f 1906/2751 1820/1899 1012/1851
f 1094/1405 689/656 681/1818
f 1524/2780 1178/1876 736/1837
f 1065/1052 982/2692 920/1781
f 982/1856 921/2713 842/1940
f 1269/1306 1437/1118 1093/1673
f 1193/2328 648/2326 1113/2779
f 1485/1659 1183/1848 1587/1816
f 916/2528 104/1959 924/2530
f 1486/2826 978/1628 931/2827
f 924/2530 920/1857 916/2528
f 154/1918 920/1781 924/2781
f 1771/1345 1269/1306 1093/1673
f 1567/2608 1438/2060 1260/2469
f 1486/1627 1758/2829 917/1631
f 104/1959 1758/2658 1168/2621
f 1535/1742 1506/1657 151/1658
f 1172/1550 1173/2514 940/806
f 736/1837 155/1875 718/2617
f 1623/1738 1679/1358 75/1359
f 944/286 69/1037 179/1737
f 1778/2838 1670/1360 1679/1358
f 1504/1950 1676/1913 1455/1949
f 180/1739 1719/1740 595/2836
f 1765/2734 1524/2780 1653/2443
f 1504/1950 1436/2476 147/1900
f 827/1301 1171/2467 935/1303
f 247/290 938/289 71/434
f 764/1457 1669/1928 1265/1901
f 800/2737 595/910 1094/1815
f 142/277 941/278 944/286
f 1173/2837 1171/2515 827/2839
f 1028/448 1712/1707 1172/1550
f 99/481 1514/482 1657/1167
f 1254/1447 1735/1448 1176/925
f 827/2839 940/2700 1173/2837
f 472/958 478/962 738/26
f 1114/1989 1088/976 1298/975
f 941/278 935/1303 944/286
f 51/2436 1178/1876 1765/2734
f 1092/908 1288/1745 1301/1485
f 1264/2290 595/910 800/2737
f 1094/1815 756/1838 718/1836
f 1813/2034 1023/687 1541/1408
f 630/5 1106/6 555/492
f 1494/2554 1510/1207 1080/2468
f 1131/533 613/530 667/545
f 1570/2263 1244/2139 1326/2201
