# 1365 vertices, 2345 faces
mtllib Tile_+001_+000.mtl
v 290.584 200.193 38.18753
v 290.419 200.193 38.20026
v 314.1907 200.193 38.27679
v 387.8732 154.1426 38.58849
v 384.3635 200.193 36.73717
v 332.7523 200.193 42.86459
v 331.9136 200.193 43.34761
v 386.2874 200.193 38.32307
v 394.3565 194.832 48.91691
v 345.4591 60.41628 42.45724
v 385.5958 193.3945 43.3801
v 351.157 128.1079 44.70655
v 379.1905 136.4563 35.60171
v 297.6568 121.4147 37.40996
v 385.2725 193.269 42.18736
v 327.4629 130.2069 33.05092
v 384 193.4016 44.35478
v 311.0436 136.9376 35.76924
v 338.3787 170.8497 43.71684
v 391.2222 193.0775 47.05622
v 323.3415 200.193 42.80494
v 293.8962 200.193 39.89939
v 392.9694 194.0539 48.09951
v 391.3375 196.3248 47.6505
v 387.6054 194.5074 42.98774
v 387.6443 194.615 44.08094
v 339.1801 100.3278 45.69261
v 389.5086 194.903 45.18982
v 340.3934 77.12305 46.79604
v 390.1555 195.3122 46.65905
v 391.0083 195.101 47.32118
v 395.7696 200.193 42.2462
v 390.6105 196.8019 47.32874
v 336.8788 140.3588 37.83448
v 398.7853 190.3263 40.85336
v 375.6018 54.04146 39.62614
v 387.0166 195.1855 45.20909
v 395.7003 200.193 42.2514
v 387.5698 194.4277 41.54959
v 394.1812 193.9166 48.69408
v 340.9435 66.5061 44.10192
v 324.5866 200.193 43.12834
v 397.9955 200.193 42.62934
v 397.475 200.193 42.59678
v 373.4604 167.8419 47.59402
v 399.9515 200.193 43.01729
v 391.6371 180.4392 45.06931
v 381.1786 191.3576 42.12418
v 395.1855 130.8792 43.80396
v 398.0929 200.193 42.64354
v 386.3114 200.193 38.36351
v 379.8155 123.8213 34.65065
v 328.0732 182.1945 42.27457
v 375.3437 188.9787 40.84631
v 283.0352 200.193 38.22412
v 282.8798 200.193 38.2247
v 385.6202 193.4265 42.5661
v 344.642 158.7637 51.3115
v 282.8021 200.193 38.22499
v 393.1932 131.9653 45.08205
v 394.2897 197.4129 44.87465
v 391.8557 196.1552 43.91144
v 282.742 200.193 38.22527
v 300.1848 138.617 37.76345
v 399.2692 110.0013 44.73881
v 380.5027 189.2387 46.38354
v 295.1184 200.193 40.46915
v 398.7099 126.5899 33.75161
v 386.2018 194.8692 45.16764
v 386.9913 195.064 45.26149
v 388.9975 195.2902 44.58619
v 294.7318 200.193 40.46425
v 374.9127 200.193 38.00823
v 391.0073 196.0637 46.22066
v 390.4272 196.6197 47.23103
v 392.4495 120.6904 41.65139
v 314.6511 200.193 38.28399
v 388.2788 127.771 43.75517
v 314.5708 200.193 38.28307
v 390.0642 195.7725 45.07665
v 290.8406 200.193 38.18782
v 386.2931 131.173 33.87381
v 392.3274 196.3514 41.38901
v 389.299 68.85729 34.78908
v 291.2492 200.193 38.18594
v 381.9585 195.099 40.18013
v 376.5728 190.1509 44.20151
v 383.8801 200.193 36.69931
v 398.7908 67.89127 40.61022
v 395.6021 128.3516 38.47201
v 382.6966 200.193 36.34986
v 387.9298 122.6221 35.83646
v 375.8629 200.193 37.62427
v 392.5622 196.4113 43.66047
v 328.197 200.193 38.21159
v 369.1134 49.57837 35.11535
v 397.4455 200.193 42.59319
v 389.5856 130.1874 45.16189
v 397.3653 200.193 42.58061
v 391.8671 131.5766 45.4509
v 396.8049 200.193 41.92024
v 388.3438 130.3151 45.78682
v 373.6228 135.5436 37.2425
v 390.049 130.2915 40.37026
v 390.8083 200.193 41.21638
v 374.6708 117.702 42.91937
v 372.2293 118.5681 42.82113
v 391.6287 130.7644 46.74685
v 289.9245 200.193 38.19858
v 396.6255 121.6408 34.46708
v 395.7392 124.7499 31.46602
v 380.159 193.7091 34.56454
v 289.6695 200.193 38.19967
v 289.8642 200.193 38.1988
v 381.8821 200.193 36.67259
v 395.521 126.1053 37.11699
v 312.5256 200.193 38.23597
v 392.4876 177.0403 48.02418
v 312.2284 200.193 38.22869
v 312.1427 200.193 38.22659
v 388.0139 200.193 40.4351
v 395.3202 72.35517 35.17199
v 293.7755 200.193 39.81362
v 383.7294 193.0722 39.83648
v 293.8334 200.193 39.87135
v 390.8734 200.193 41.23329
v 379.1576 200.193 36.89043
v 369.9114 109.4223 43.75432
v 381.09 191.3646 42.78699
v 378.2397 200.193 36.8144
v 388.3745 180.0947 51.66919
v 388.4791 63.54279 40.23542
v 389.8995 200.193 41.05632
v 389.5278 200.193 40.92867
v 379.892 192.0093 45.04423
v 390.813 130.2279 34.55026
v 354.39 154.4508 53.45619
v 389.0265 200.193 40.89824
v 387.1132 200.193 39.97048
v 322.3789 200.193 42.47717
v 381.9773 192.1812 43.96762
v 381.2425 191.8263 43.92334
v 321.8765 200.193 43.01204
v 374.3134 200.193 38.19161
v 381.2071 191.4156 40.4393
v 373.6193 200.193 38.47269
v 377.9956 189.8731 42.22457
v 390.8063 132.3767 40.8037
v 379.2587 200.193 36.88266
v 379.2397 200.193 36.89066
v 373.8687 188.6173 43.53143
v 381.1956 200.193 36.72421
v 380.4182 200.193 36.55106
v 289.0881 200.193 38.20174
v 289.1315 200.193 38.20159
v 399.9877 187.1534 44.75544
v 283.6855 200.193 38.22194
v 283.7564 200.193 38.22168
v 395.0937 200.193 41.92241
v 376.7297 200.193 37.0084
v 397.0483 115.1173 38.95837
v 390.8716 65.09928 41.4179
v 391.4203 130.7972 36.08662
v 376.3947 200.193 37.34097
v 333.5616 200.193 42.63939
v 334.3572 200.193 42.87657
v 334.8461 200.193 43.69018
v 386.5406 200.193 39.62965
v 336.5559 200.193 43.92371
v 305.1487 137.1014 36.25855
v 370.7905 155.3077 50.71785
v 335.4535 200.193 44.52821
v 384.6406 65.22751 34.68096
v 380.3883 119.241 34.99746
v 394.8835 131.8885 46.4026
v 380.8733 191.61 43.85453
v 386.3034 200.193 38.95449
v 386.4239 200.193 38.63212
v 393.1843 129.0349 31.93519
v 383.2639 192.9986 39.84933
v 399.7716 200.193 42.98073
v 397.1126 122.4023 32.27964
v 384.6011 193.2733 43.48547
v 389.6287 130.6777 34.41811
v 390.621 123.5909 42.37168
v 399.6362 200.193 42.95786
v 338.8246 129.1595 45.73351
v 391.742 200.193 41.61992
v 386.2574 200.193 38.23226
v 388.7493 125.5029 35.78743
v 385.4087 200.193 37.0647
v 385.5947 200.193 37.33566
v 386.0057 200.193 37.73238
v 382.1881 115.4405 30.96775
v 386.335 200.193 38.09989
v 391.85 196.3227 45.19041
v 392.008 196.2915 44.56273
v 372.1264 200.193 38.92739
v 337.6022 200.193 43.92683
v 382.1774 192.1528 43.30811
v 339.1556 200.193 42.51897
v 388.0152 114.19 34.65292
v 371.7063 200.193 39.37556
v 339.5359 200.193 41.54533
v 371.313 200.193 39.70036
v 377.6955 104.6004 45.10659
v 296.8894 124.5752 36.83733
v 370.4178 200.193 39.71485
v 370.3278 200.193 39.8721
v 369.9531 200.193 39.6431
v 389.258 128.3662 36.23434
v 375.461 112.2329 41.90238
v 368.5647 200.193 38.98982
v 339.3755 145.5931 41.43893
v 369.2526 200.193 39.58318
v 339.8137 200.193 40.99623
v 340.8914 200.193 40.28288
v 377.3048 190.2216 40.86542
v 365.9847 108.8603 44.46105
v 394.7378 177.4314 48.1264
v 340.3185 200.193 40.49149
v 341.3829 200.193 40.17199
v 366.5296 54.1371 40.17957
v 379.0716 191.1327 44.25336
v 378.4089 191.3903 45.06907
v 341.4696 200.193 40.14603
v 382.9435 192.639 42.18766
v 363.7712 172.0959 50.83548
v 379.6037 191.2119 43.06355
v 342.5976 200.193 39.10627
v 342.8272 200.193 39.07078
v 343.9925 200.193 39.1344
v 344.2834 200.193 39.1989
v 344.6152 200.193 40.10857
v 390.2496 66.49856 35.22983
v 345.5161 200.193 40.46659
v 348.9286 200.193 38.55033
v 346.5506 200.193 40.16412
v 348.4652 200.193 39.75802
v 348.6967 200.193 38.60817
v 397.9368 107.9404 45.54421
v 346.8871 200.193 40.12352
v 347.4183 200.193 39.93088
v 349.2 200.193 38.5731
v 349.965 200.193 39.04127
v 388.3745 60.15155 33.66404
v 350.117 200.193 39.09179
v 383.5697 105.3841 41.3102
v 382.3386 56.19031 33.57328
v 393.9867 67.22107 34.41691
v 391.7176 196.1942 43.76757
v 350.8477 200.193 39.72324
v 351.3245 131.4199 44.98424
v 399.4225 126.9002 36.29661
v 352.23 200.193 39.85566
v 395.6134 121.2821 36.93139
v 361.9924 151.2476 56.21758
v 352.3997 200.193 39.90835
v 353.8142 200.193 40.32841
v 395.8842 122.2605 38.03457
v 390.4658 102.4839 36.02571
v 354.9034 200.193 40.12797
v 355.4093 200.193 40.07373
v 385.7713 194.5647 40.84653
v 400.054 181.2034 49.87062
v 356.2266 200.193 40.07372
v 356.9827 200.193 40.15765
v 357.5452 200.193 40.08073
v 358.5431 200.193 40.06187
v 359.5233 200.193 40.13063
v 360.2153 200.193 40.23368
v 361.5402 200.193 39.34888
v 368.4883 200.193 39.789
v 368.3895 200.193 39.98889
v 368.5069 200.193 39.00412
v 368.454 200.193 39.32571
v 378.1949 133.1103 35.93369
v 367.9289 200.193 40.2848
v 367.7222 200.193 40.49039
v 341.5356 131.2566 41.48167
v 350.2984 176.9906 56.37683
v 346.7892 178.3891 55.66001
v 387.2875 96.69378 39.92199
v 342.6144 88.90274 48.93583
v 344.5049 177.2381 54.55515
v 382.5841 120.7671 34.28381
v 374.3591 110.6613 42.3571
v 342.2892 169.0711 51.65887
v 391.6623 131.0076 32.73267
v 333.2215 169.4825 42.62939
v 342.3191 176.3352 53.13179
v 388.0458 94.18794 34.69408
v 393.6117 120.6708 40.61521
v 397.3943 180.4706 51.17313
v 342.7132 93.02868 49.36475
v 300.0062 175.4428 46.10395
v 311.0874 133.8794 41.76942
v 337.0694 171.0128 43.34956
v 340.9354 183.6305 53.15637
v 367.4158 142.4762 49.06335
v 353.3572 183.36 48.13283
v 397.2253 96.87644 41.33297
v 391.3912 85.88308 37.67353
v 387.0877 121.0334 36.28302
v 365.299 200.193 39.16693
v 384.0064 193.3352 43.41283
v 399.63 187.6129 51.05969
v 334.1327 128.6188 34.65398
v 365.1238 200.193 38.59128
v 355.7704 93.68527 47.49242
v 399.759 182.7098 52.76363
v 397.5959 196.0828 49.34251
v 387.2284 119.1365 34.93892
v 348.7659 187.8349 52.89853
v 291.9518 186.5917 45.36394
v 368.2164 169.874 52.4631
v 297.7095 127.168 35.12038
v 386.3459 53.87933 40.29713
v 378.2183 117.5138 35.55212
v 365.6127 200.193 39.25487
v 379.2124 191.5096 39.7825
v 379.548 191.412 40.15387
v 358.96 154.9964 55.32323
v 349.7089 154.27 52.52257
v 376.4198 52.66621 35.29388
v 376.807 52.10902 34.59035
v 366.6118 200.193 40.55272
v 387.8571 127.7794 41.87399
v 389.157 130.325 47.85691
v 383.2378 105.7274 29.79922
v 390.1442 126.1187 45.55662
v 359.1093 180.1412 46.33857
v 394.1481 106.994 41.40229
v 379.476 116.3339 32.18385
v 370.1622 119.1934 43.92936
v 365.0507 200.193 38.5917
v 363.8038 200.193 39.46811
v 348.4654 88.78631 48.15689
v 378.3852 53.86409 39.66834
v 379.4424 174.7028 47.50001
v 393.7024 124.5759 42.63289
v 389.0157 129.4424 43.53016
v 377.6494 151.0091 40.29982
v 365.2518 151.7818 39.21256
v 395.616 124.3654 38.44321
v 381.9824 108.2465 31.81429
v 395.5988 123.5241 40.63853
v 344.2611 116.1934 45.32721
v 394.7623 124.7705 43.5111
v 398.8556 164.4587 40.36434
v 385.8905 98.91474 31.77083
v 379.8446 113.0267 41.44722
v 371.9867 139.2698 37.19323
v 362.5173 111.5476 45.49043
v 388.0761 64.24316 41.51897
v 380.8882 54.41215 34.80629
v 371.6071 126.4396 35.59048
v 375.5384 114.0508 40.69482
v 363.4645 103.83 43.49218
v 383.4143 56.52143 38.63726
v 378.0024 106.6569 44.41501
v 371.0656 100.7288 45.87318
v 386.7213 98.41602 41.13449
v 341.9715 165.6435 48.01727
v 385.1862 193.1954 42.9371
v 395.9589 198.0099 43.5122
v 334.6739 96.09769 44.97907
v 364.4084 111.224 45.17191
v 364.2098 51.43837 40.11802
v 328.2059 174.9761 44.44423
v 366.1341 114.3661 46.02778
v 392.4401 66.38995 33.84595
v 316.6314 186.8539 47.01133
v 339.6878 89.77269 48.14772
v 361.486 82.97366 43.97514
v 371.3525 60.85403 36.29113
v 347.6899 105.5526 45.32168
v 371.4513 47.01862 34.24461
v 393.502 197.9354 47.42643
v 350.4708 107.3405 45.68054
v 327.8452 128.2062 33.12014
v 310.0083 161.4857 44.18678
v 351.9018 174.98 56.00512
v 380.9124 192.4032 45.03675
v 355.0909 100.8226 43.68419
v 341.4694 48.56364 42.8812
v 382.1549 192.9391 45.05521
v 341.3424 163.8513 48.67557
v 310.6492 140.0941 36.75971
v 389.5276 62.66797 33.48638
v 365.1764 200.193 39.17255
v 349.5789 97.98637 44.72326
v 357.6208 168.1577 54.85163
v 344.7543 111.3532 45.41878
v 328.5428 150.2744 37.81755
v 350.2683 190.2282 51.70957
v 334.2195 128.1745 32.69877
v 353.142 118.1109 44.94635
v 386.8607 100.1137 31.19386
v 398.5435 112.65 41.76962
v 307.9719 188.5166 45.25272
v 347.1018 144.2027 47.89312
v 383.8504 193.1829 42.18074
v 354.5516 137.5654 48.59686
v 332.574 134.7897 40.84827
v 396.4205 70.42495 40.84319
v 342.9726 113.0725 46.08217
v 349.5885 190.872 47.64101
v 374.1937 122.459 35.3502
v 397.2882 109.9856 44.9927
v 345.159 167.3968 52.66441
v 340.8525 92.4773 48.76985
v 396.7368 64.19682 36.46842
v 377.6379 174.1765 48.3157
v 385.6058 96.22719 40.5156
v 379.0017 190.5036 42.35891
v 344.5616 55.24612 41.3394
v 297.6342 136.9855 38.29384
v 392.1978 196.5194 46.11357
v 314.9337 142.539 37.21774
v 328.1553 162.7647 40.96448
v 330.9681 167.7976 42.23185
v 374.0137 187.9472 40.425
v 308.1742 134.8917 35.16715
v 385.0059 101.4214 30.47341
v 380.9409 191.4428 41.75177
v 379.8214 191.0221 41.06978
v 353.3556 110.6941 46.17674
v 348.0562 115.5818 44.91501
v 386.4853 56.31118 33.69548
v 346.2739 120.4963 45.01188
v 343.4087 47.33708 42.42833
v 365.9595 120.0762 44.02056
v 338.0281 95.64676 44.65784
v 333.4548 92.94534 45.34653
v 362.3417 184.5625 39.81277
v 318.8645 138.4438 35.76546
v 361.9535 200.193 39.32487
v 369.1693 143.2396 39.50706
v 350.9947 93.45299 46.90935
v 339.9258 111.0487 47.60471
v 345.2242 105.2688 45.85355
v 391.9085 197.3561 47.39304
v 393.9655 181.2735 52.32177
v 354.2763 114.356 46.02732
v 336.0076 113.4867 47.04033
v 339.0661 123.4006 46.32727
v 356.2833 112.6443 45.70995
v 379.4405 190.7603 40.72446
v 370.5434 145.5005 50.9912
v 398.7596 195.2936 50.70961
v 368.2897 160.4818 50.98605
v 334.1722 93.85323 44.68024
v 371.5474 150.0229 50.60051
v 347.0596 162.5033 52.56412
v 346.9468 163.8838 52.42928
v 335.81 92.83173 46.41808
v 322.6794 188.1251 44.34415
v 369.4387 145.3383 38.33308
v 393.1617 131.1176 34.22691
v 353.3948 95.55443 46.32227
v 343.8097 94.41643 48.34709
v 381.4337 179.5934 50.63897
v 331.9171 131.8005 43.2901
v 330.0427 130.8066 44.90835
v 311.0769 175.6244 45.78537
v 377.731 189.6648 41.35174
v 341.1702 93.82008 47.81797
v 377.0796 190.2482 42.07626
v 338.4937 48.07606 41.2295
v 312.3687 185.9435 43.58442
v 380.6479 191.7686 43.8856
v 333.6318 123.4268 46.02703
v 379.0963 54.37974 33.90756
v 327.6148 134.9904 41.59385
v 380.6954 191.7978 44.17906
v 338.8185 47.09561 41.56594
v 337.4818 171.9895 42.01826
v 339.7924 169.7304 45.31803
v 323.7916 136.1892 34.81119
v 347.3414 148.9602 50.35687
v 363.4884 200.193 39.53827
v 321.7725 134.1009 43.23423
v 363.8194 183.773 41.43958
v 324.5625 134.305 42.15854
v 304.8954 128.1776 38.41757
v 300.9771 123.4264 37.73729
v 340.2686 47.71153 41.46658
v 313.8703 134.837 43.69028
v 342.7774 171.2193 52.89566
v 358.1173 151.6372 54.75105
v 343.7361 170.9472 53.49881
v 300.9624 189.8485 45.05344
v 330.1934 134.0105 41.3464
v 344.003 169.496 54.19086
v 362.821 52.1041 36.6629
v 312.6157 135.4643 42.32486
v 374.9633 170.6334 48.3953
v 329.529 128.743 45.95548
v 327.5387 200.193 38.9251
v 399.3084 58.8887 42.80779
v 394.7985 86.72202 38.72809
v 301.6107 158.8029 44.21622
v 391.8277 130.7819 36.74921
v 320.676 133.9151 43.06428
v 369.6286 73.42091 39.47459
v 390.8265 130.1175 37.96575
v 387.838 176.2343 46.60231
v 382.1269 175.2007 47.81734
v 339.6278 55.43784 41.21999
v 352.234 47.10555 42.00307
v 320.6152 131.4123 44.13129
v 354.18 147.4865 52.02649
v 360.6362 153.6011 56.13882
v 390.2234 67.03174 41.51435
v 351.482 151.1757 52.2476
v 379.2412 190.6303 41.58719
v 329.6372 133.0866 43.60384
v 369.556 152.6347 51.67092
v 305.3043 170.5021 45.44175
v 337.0921 133.2051 42.26013
v 339.3373 136.8356 41.02378
v 388.3624 129.8332 35.43518
v 303.7451 173.3145 47.73954
v 377.4837 190.1833 40.08109
v 294.4393 189.3226 45.3173
v 298.0063 174.4872 47.46901
v 385.2484 54.64545 34.09904
v 304.8158 172.4035 45.93374
v 357.5421 183.9014 47.32568
v 307.2089 170.3814 46.26313
v 311.5582 174.1389 45.44024
v 370.0886 162.4367 45.50911
v 340.3809 179.8083 52.15976
v 338.3575 181.4863 50.70647
v 380.0714 170.897 44.4719
v 367.3653 153.0532 42.0123
v 394.09 178.2674 47.23954
v 348.4208 67.90831 43.67043
v 339.4045 184.9763 51.81391
v 304.9294 170.9985 45.03048
v 344.848 173.4369 54.21393
v 320.7937 187.1314 46.64302
v 325.994 200.193 42.1398
v 381.0703 191.4264 43.4357
v 365.4386 165.6256 52.03875
v 341.7722 174.7486 52.72166
v 301.9081 173.4726 47.94417
v 373.8045 174.1398 51.59406
v 327.9094 181.2331 46.39519
v 335.8817 171.7046 42.24009
v 302.9762 188.2273 46.21981
v 370.5697 154.9409 46.47735
v 312.3294 169.3984 45.34263
v 315.532 167.1446 42.82364
v 341.0269 147.7008 43.23027
v 387.738 60.02497 33.10652
v 304.9487 189.8791 44.96032
v 314.498 156.8839 40.8797
v 324.1931 182.7414 44.12215
v 337.8558 134.764 40.75827
v 309.7972 155.4039 41.65498
v 348.7232 160.1023 52.25315
v 399.2982 199.7585 45.72459
v 399.6202 199.7299 44.85748
v 312.3229 172.5879 44.15244
v 329.3031 199.8044 40.77046
v 398.3506 129.0613 34.72336
v 327.6879 199.7382 41.4215
v 361.8119 199.2363 43.7574
v 359.598 199.0455 43.78461
v 360.7926 198.9497 45.14257
v 363.109 199.0977 45.43692
v 360.2673 199.4622 42.11115
v 362.3839 199.6711 41.53326
v 364.0386 199.3933 43.63146
v 364.578 199.7735 41.34907
v 363.579 199.9761 39.61523
v 365.2493 200.0647 39.21524
v 365.524 199.3944 44.80793
v 366.3091 199.7498 42.88861
v 365.0807 200.1217 38.56704
v 366.4873 200.0608 40.83657
v 367.7395 200.1781 40.5207
v 326.616 200.193 41.19906
v 368.0368 199.9739 42.0012
v 358.7211 199.4005 42.16314
v 361.8849 199.955 39.38594
v 360.2528 200.0356 40.38533
v 358.5143 199.6985 40.69947
v 330.8953 200.193 43.17642
v 356.9809 199.4288 41.633
v 357.6955 199.0646 43.17556
v 356.0581 199.0679 43.1621
v 356.9619 200.0724 40.24707
v 355.2002 199.5566 40.98888
v 353.6941 199.1734 42.94117
v 329.9349 200.193 40.7723
v 353.7067 199.9151 40.64605
v 352.2988 200.1364 39.94961
v 351.4148 199.5213 41.5344
v 350.5049 199.9377 40.08418
v 349.9443 200.1289 39.10757
v 350.3523 199.3238 43.13328
v 351.8217 199.1575 43.89419
v 350.8204 199.1267 44.53078
v 349.0749 199.3481 43.25671
v 352.8087 198.7635 45.50048
v 350.998 198.8833 44.9208
v 349.8119 199.1372 44.38353
v 349.2212 199.5797 41.64795
v 348.3063 198.8045 46.54734
v 347.8623 199.2709 43.96294
v 348.593 200.0472 39.87799
v 347.1385 199.6814 41.34166
v 345.3147 199.0032 44.64972
v 347.085 198.5046 45.95616
v 345.6959 199.5539 42.6683
v 348.8698 200.0352 38.56542
v 329.5756 200.193 40.33519
v 345.6205 199.9768 40.80411
v 344.2352 198.6291 47.48927
v 344.3879 198.6132 45.9738
v 344.521 200.0751 40.23247
v 344.1589 199.7598 41.58305
v 343.7256 199.4305 44.17325
v 343.682 199.0749 46.93623
v 350.3859 198.7128 44.86831
v 341.9646 199.3846 44.98895
v 343.4124 199.9128 40.50966
v 342.2438 199.7256 42.04929
v 341.2325 199.6384 43.3073
v 344.1161 200.0613 39.16689
v 342.8486 200.0529 39.09936
v 341.4793 200.1513 40.20393
v 340.3038 199.8746 41.52837
v 348.4795 198.7229 47.01741
v 368.5591 200.1733 38.98867
v 368.8731 200.0378 40.86526
v 369.292 200.0694 39.6403
v 353.356 198.6172 47.15228
v 354.9996 198.7542 45.08432
v 369.6023 199.9215 42.3387
v 329.3695 200.193 40.17077
v 354.0556 198.5819 46.77868
v 353.4002 198.6587 47.48611
v 341.6587 199.2258 46.639
v 339.8058 199.5297 45.51224
v 348.7236 198.5148 46.75922
v 349.4298 198.6674 45.63206
v 343.9893 198.9842 47.44828
v 370.3945 199.7915 41.21627
v 328.3824 200.193 38.27322
v 344.1715 198.6217 47.01631
v 371.1252 199.7183 40.20528
v 329.2564 200.193 40.35632
v 339.3783 199.9714 42.9019
v 348.0974 198.2402 46.97575
v 348.3958 197.0235 45.91155
v 355.4707 198.1971 46.68032
v 354.2158 196.3756 48.0419
v 343.9207 198.0844 46.90054
v 342.5429 196.5996 46.46224
v 371.9035 199.3888 39.80534
v 341.3079 196.1174 46.80532
v 385.9715 199.882 37.24384
v 390.1419 125.3031 43.82321
v 338.9131 161.5772 44.02165
v 337.472 156.7484 42.2878
v 339.8223 165.6179 45.27292
v 337.5325 167.1289 42.59867
v 336.0913 150.8611 40.95026
v 333.4578 156.0657 40.34627
v 394.7594 200.193 42.11858
v 399.5093 181.4885 48.86215
v 394.4963 200.193 42.07717
v 308.1251 156.1344 42.48781
v 391.8496 200.193 41.64532
v 350.5221 187.5025 45.1726
v 400.193 187.2806 44.86483
v 400.193 120.0463 35.12534
v 400.193 110.7572 44.13895
v 394.9262 129.5752 32.85062
v 400.193 191.3322 41.33738
v 389.8286 200.0481 41.0622
v 400.193 187.4037 44.75674
v 390.8458 200.1382 41.22992
v 400.193 187.7944 44.39832
v 400.193 60.79182 43.61206
v 400.193 113.0256 37.67401
v 400.193 127.309 38.61355
v 334.9428 132.237 38.59245
v 400.193 112.1708 39.02704
v 400.193 200.0832 43.71304
v 400.193 200.0817 43.73122
v 400.193 110.3628 41.35745
v 400.193 200.1016 46.64069
v 400.193 84.02336 42.01848
v 400.193 199.7849 42.58142
v 329.052 135.3164 40.37331
v 400.193 84.90005 42.33746
v 400.193 198.6675 48.51808
v 400.193 200.0861 46.88302
v 400.193 200.1175 47.58202
v 392.3716 67.93284 37.67889
v 320.288 134.1635 42.61534
v 389.3691 117.5546 37.18656
v 367.0079 130.9371 37.80459
v 400.193 196.5995 49.73652
v 400.193 125.5074 37.0167
v 400.193 196.9453 49.65704
v 400.193 197.6814 49.18227
v 400.193 197.9066 49.00716
v 400.193 198.0616 48.8288
v 388.32 194.7895 39.67949
v 342.3358 130.0477 44.78547
v 400.193 199.5476 42.52433
v 400.193 199.5483 42.40394
v 400.193 91.20755 42.96312
v 390.0321 194.6492 45.69624
v 388.8908 195.1016 45.78796
v 394.0394 125.5084 30.57471
v 400.193 199.5631 42.81869
v 400.193 199.6067 43.12529
v 400.193 199.7127 43.56495
v 380.5618 199.6229 36.05573
v 400.193 199.645 43.3382
v 353.3306 179.7062 54.76019
v 400.193 109.0191 44.55453
v 376.904 190.2258 43.68673
v 342.94 186.7694 45.81926
v 394.8001 74.43083 35.43382
v 400.193 108.2138 44.67949
v 379.2459 200.1735 36.87082
v 400.193 100.5069 44.08896
v 328.2864 200.0187 38.18026
v 340.9121 190.0419 45.69243
v 328.1965 135.6058 40.05969
v 400.193 195.4402 49.9543
v 337.5629 133.4067 43.74916
v 400.193 110.9341 44.02518
v 400.193 111.3377 43.52301
v 400.193 118.8258 34.93634
v 322.9541 181.566 45.7125
v 400.193 115.0615 34.21857
v 400.193 86.90757 42.5094
v 322.4688 179.5786 45.33158
v 311.5626 178.4593 45.77053
v 400.193 90.41172 42.90186
v 334.0345 184.449 42.78708
v 287.9632 180.6458 44.46761
v 400.193 129.357 38.16648
v 400.193 130.2111 35.46327
v 400.193 130.625 35.56435
v 336.4312 131.5935 44.22997
v 399.3469 128.5149 34.00631
v 400.193 130.6279 36.39808
v 376.6665 117.2997 37.38652
v 313.5704 170.1238 43.60622
v 400.193 130.942 35.98238
v 400.193 114.741 34.61429
v 400.193 114.1082 35.68058
v 311.8065 175.4112 45.13346
v 400.193 181.8393 49.24711
v 400.193 187.201 44.92824
v 400.193 181.3037 49.91283
v 400.193 186.8573 45.19516
v 322.2449 194.8001 45.89916
v 400.193 187.0913 45.00942
v 347.2367 131.2542 44.18455
v 318.8071 188.1141 44.77876
v 400.193 187.2829 51.24981
v 400.193 182.7742 52.46387
v 400.193 189.9568 50.78265
v 400.193 156.1271 39.57935
v 305.2298 171.4278 47.21933
v 400.193 66.40359 42.65405
v 400.193 200.1709 43.07166
v 400.193 200.1509 43.21962
v 400.0037 200.0577 46.6609
v 400.193 200.0843 43.7073
v 305.0372 167.9855 46.21767
v 313.8162 177.9714 45.31795
v 400.193 200.0705 43.69908
v 375.5412 51.69471 34.63117
v 400.193 199.8127 43.21672
v 312.9902 174.2185 44.13378
v 400.193 199.8236 42.80349
v 400.193 200.0167 42.86908
v 400.193 199.9327 44.56809
v 400.193 199.9486 44.84248
v 400.193 199.9942 45.63442
v 312.7517 183.5299 44.07002
v 400.193 200.0108 45.75701
v 400.193 200.0438 46.05672
v 400.193 101.3924 44.421
v 315.7618 183.8157 46.47682
v 400.193 105.1664 45.12749
v 400.193 94.88818 43.23195
v 394.9059 70.06672 34.63766
v 400.193 99.66828 43.82143
v 311.2274 175.9952 45.47203
v 400.193 67.81713 42.37897
v 355.5884 121.0199 44.39231
v 316.5857 134.3124 43.81832
v 322.7647 183.5341 45.68596
v 400.193 69.05894 42.06668
v 400.193 73.80373 41.52158
v 325.5639 179.2186 45.28674
v 400.193 93.2829 43.08121
v 400.193 94.5791 43.12918
v 335.2563 178.1005 45.97016
v 337.5014 84.39595 47.72484
v 343.4976 141.9232 45.06825
v 334.444 130.2925 36.97813
v 291.2409 183.6131 44.93117
v 302.2895 178.0402 45.98042
v 399.5578 90.52742 42.37604
v 400.193 78.88605 41.87598
v 400.193 189.9182 50.78554
v 400.193 188.322 50.82763
v 400.193 190.0429 50.77716
v 400.193 182.8923 52.65617
v 400.193 182.9494 52.74026
v 400.193 191.7622 50.60714
v 400.193 193.9722 50.24191
v 400.193 125.0121 36.43457
v 400.193 122.2736 35.12386
v 400.193 131.3306 36.38538
v 400.193 129.5704 35.53777
v 291.3851 182.3875 45.1961
v 400.193 181.9486 40.03721
v 400.193 186.1967 40.11204
v 293.8029 184.371 45.57848
v 312.0418 200.0853 38.22163
v 400.193 76.61957 41.74097
v 302.0781 128.9504 36.33648
v 297.3973 121.5716 37.62639
v 400.193 75.12357 41.28447
v 400.193 129.3793 36.53059
v 321.2233 184.638 46.28984
v 357.7377 184.7353 51.49628
v 400.193 129.32 36.53157
v 400.193 167.5748 40.49061
v 399.0949 193.8989 50.7714
v 374.928 199.8403 37.96964
v 362.2718 118.2679 42.23377
v 369.1335 151.4707 44.26002
v 391.7457 177.7091 49.36834
v 390.4868 195.9034 45.36863
v 327.6581 184.9885 45.8558
v 400.193 167.5079 40.48851
v 400.193 133.2508 36.84529
v 363.7711 125.0695 40.9439
v 400.193 137.541 37.6384
v 387.0399 127.8462 40.27014
v 400.193 200.193 43.06639
v 361.5498 130.1922 42.32766
v 387.2522 79.32985 37.17302
v 379.1188 176.0533 48.51736
v 299.3949 128.8611 35.3664
v 399.9565 130.214 35.3508
v 359.91 178.8321 47.14792
v 314.6485 175.8634 44.7912
v 300.9693 186.4253 46.23907
v 325.3361 131.7067 34.88817
v 381.1536 54.12864 40.09192
v 356.7355 183.1008 44.47034
v 334.6778 139.0304 35.7822
v 394.548 200.0999 42.10106
v 381.1933 53.66483 34.17552
v 382.2571 90.92203 40.38214
v 328.8136 184.1872 44.36536
v 391.5233 123.732 43.60938
v 357.495 183.585 45.95675
v 392.8537 127.1437 36.71457
v 304.4947 131.2574 35.47731
v 352.6265 161.3037 53.40374
v 330.1456 134.8379 40.85616
v 386.2085 60.73288 41.03846
v 329.6836 133.056 39.09132
v 370.4951 122.1107 40.96661
v 324.7152 184.5831 43.20761
v 391.6083 123.0983 33.03296
v 392.6682 195.6005 48.19713
v 302.5335 150.687 41.45411
v 299.3813 169.856 47.15675
v 388.3095 195.5927 45.33788
v 325.1065 133.2385 45.6153
v 308.9556 190.5869 44.63045
v 318.2657 134.0348 43.45463
v 395.5445 194.9748 49.18478
v 395.6132 194.3389 49.41851
v 353.5527 184.0925 51.61909
v 398.7721 118.2423 33.36501
v 317.1213 137.2052 36.86041
v 305.296 173.9502 46.69537
v 314.4315 162.6891 42.17194
v 394.255 122.7299 42.11869
v 366.2019 151.7279 40.6447
v 293.8515 174.8884 47.10474
v 392.3906 131.9922 44.92866
v 387.0002 110.8256 33.31422
v 310.6828 174.1024 45.56792
v 396.8519 195.0427 49.99801
v 312.8582 159.6578 43.19236
v 308.9212 172.9252 46.06537
v 315.0638 188.2553 44.81985
v 341.8576 143.8108 44.08768
v 390.1806 124.0776 41.67187
v 330.3752 194.0824 45.36205
v 333.3999 118.2292 46.38956
v 367.1756 192.5367 41.70397
v 282.9278 200.0535 38.22492
v 294.3411 187.3015 45.20231
v 363.9687 192.6354 43.31242
v 364.413 119.3177 45.01738
v 314.9686 192.1332 44.95192
v 295.091 199.6783 41.48223
v 370.7527 194.1232 39.5828
v 362.1272 112.3668 43.5544
v 376.638 127.2079 34.72184
v 371.2547 143.1978 42.98043
v 387.5885 62.82943 36.917
v 395.1895 127.1874 43.05299
v 359.2547 195.1729 46.59803
v 368.2626 118.2426 44.05272
v 362.7835 194.5097 44.96614
v 330.4738 123.6089 46.89581
v 367.6613 106.111 43.26905
v 394.1816 71.7105 34.99619
v 389.0422 195.3586 46.33947
v 369.7208 117.3103 45.38263
v 340.8164 168.5021 46.58446
v 289.1497 200.1488 38.20153
v 350.1957 154.178 51.98187
v 362.9463 168.1081 52.31839
v 335.0938 103.5379 46.7468
v 317.3475 166.8283 42.56596
v 337.9812 51.64986 40.64444
v 362.6886 120.5996 41.81612
v 344.9318 182.8423 55.41298
v 334.284 170.2936 40.80544
v 282.8288 200.0535 38.22529
v 366.9459 186.3777 45.12274
v 334.5615 89.8011 45.97676
v 389.1435 91.85154 36.9889
v 373.541 188.7618 44.13225
v 335.088 134.726 40.87687
v 376.1851 117.6335 36.9862
v 333.9151 182.5087 45.22062
v 335.231 133.0937 38.88536
v 360.9146 163.2345 54.25139
v 374.7654 189.7963 45.07193
v 283.1258 200.0535 38.22418
v 321.6942 130.7861 44.46892
v 329.7467 183.8094 44.30591
v 393.6974 134.6839 35.993
v 373.6643 55.60207 38.43034
v 375.4443 189.2779 42.38774
v 390.6557 94.61187 34.13612
v 309.1938 170.8467 45.22647
v 385.2873 111.327 31.2042
v 392.991 197.4177 41.34663
v 294.4559 190.3087 45.59932
v 328.1339 127.729 46.83521
v 316.6437 178.8965 45.4128
v 380.0474 191.4596 41.14917
v 369.3146 48.42538 36.23844
v 336.354 171.6626 45.79003
v 354.3172 150.6396 53.22107
v 347.9854 175.9023 55.63797
v 344.9985 163.4068 54.12409
v 375.9322 189.8805 44.15131
v 314.3799 166.8712 43.7044
v 361.016 117.8733 42.95163
v 365.0486 184.8411 43.23124
v 392.1293 130.4239 37.22251
v 381.0331 191.4312 39.77341
v 369.5937 112.7607 44.68415
v 346.152 160.0552 53.52121
v 360.3906 182.3113 40.96427
v 347.812 159.0506 52.57767
v 363.3231 183.3607 40.27804
v 358.5599 183.5158 41.42813
v 385.6116 92.07846 39.22282
v 371.0452 138.6738 38.55899
v 360.4705 182.4585 39.76157
v 339.2571 47.52382 42.62471
v 359.699 182.0127 42.75613
v 379.5607 113.1942 33.07118
v 370.8796 140.4132 39.20716
v 392.1647 92.35299 35.73568
v 386.275 200.168 38.23322
v 363.1821 184.6829 45.17245
v 348.6502 108.9777 44.62142
v 345.7866 107.051 45.71928
v 295.2621 178.8359 46.76951
v 291.0712 181.0487 45.42781
v 375.2354 117.7122 41.65242
v 300.8787 192.5842 44.46318
v 335.9123 183.7583 44.53251
v 397.4791 78.58662 37.89104
v 331.0673 182.9967 42.70521
v 397.7805 102.7469 43.50457
v 392.8702 125.3943 44.36175
v 362.5219 183.8393 43.58537
v 364.6914 184.3376 42.18041
v 365.9947 183.091 46.35087
v 338.9382 185.1648 43.57089
v 377.856 189.7272 40.69866
v 377.3751 175.0795 49.61914
v 357.5503 183.2611 44.70531
v 384.1549 119.3578 33.69508
v 393.3817 64.75588 41.23937
v 350.7102 100.0188 43.73193
v 363.4898 150.2355 55.37629
v 363.1932 135.0255 45.39762
v 376.3058 189.8423 42.75309
v 358.7247 50.25296 37.33554
v 333.3936 189.8505 44.54115
v 339.8626 47.57871 42.09591
v 399.7749 200.0402 43.01786
v 299.6888 195.7323 44.99561
v 356.4486 184.4152 43.07151
v 369.9104 144.9671 49.88058
v 399.6423 74.54126 40.81217
v 359.3445 183.001 45.0773
v 339.1653 140.3405 40.41693
v 390.3466 195.8079 46.13026
v 355.3458 183.2226 45.46318
v 373.8158 188.0758 41.29591
v 358.6016 181.6819 47.63505
v 335.3702 161.7658 39.22625
v 373.7761 187.8794 45.70855
v 283.7155 200.1672 38.22185
v 380.9564 117.224 31.30644
v 346.0963 172.1327 54.23025
v 394.7095 197.3121 41.4145
v 372.1005 152.5672 50.28369
v 290.331 200.0314 38.20123
v 333.979 183.5071 43.62277
v 359.188 102.0692 43.62521
v 290.5217 200.0314 38.18652
v 344.7809 187.5485 51.74159
v 399.4177 199.4081 42.17413
v 358.2218 189.7965 44.17687
v 385.8606 194.2198 44.42675
v 344.2798 169.9471 53.18987
v 377.9083 190.5859 40.39446
v 341.1814 193.8835 46.1139
v 297.3 194.1617 45.66533
v 344.8473 164.9398 54.73026
v 350.7413 166.5234 53.88389
v 350.1977 198.4337 42.75201
v 375.4307 193.274 34.42553
v 386.023 198.8014 35.09217
v 386.7147 199.7933 37.94488
v 298.1006 192.8237 44.24224
v 339.9525 196.5927 46.83045
v 382.493 191.885 45.62024
v 367.3631 144.9271 51.13896
v 382.3189 194.9686 33.00087
v 373.9543 188.3652 41.32432
v 347.8673 162.3928 52.46982
v 398.5973 199.9011 41.64255
v 327.7059 198.5698 46.13144
v 293.8116 175.714 46.85371
v 338.0527 191.0674 45.22922
v 378.0014 198.7516 34.80156
v 395.8304 123.9719 35.83717
v 392.7737 196.4956 42.56863
v 376.5501 114.3547 34.49306
v 391.3805 131.361 39.00111
v 373.4104 188.6172 43.17615
v 352.7489 180.7739 52.61255
v 397.4641 196.8676 48.83525
v 379.5221 191.421 40.33571
v 304.2543 198.372 41.65868
v 331.1012 199.6792 45.78045
v 378.829 190.4116 40.3581
v 347.5582 198.3193 49.24465
v 304.1986 192.9741 44.15519
v 357.7624 198.5271 44.7659
v 364.8627 198.7818 47.2916
v 336.3763 172.2399 41.0458
v 382.4152 129.8184 34.44296
v 360.2126 182.7461 43.69605
v 381.2595 191.3865 41.26783
v 365.6927 153.6848 53.73766
v 370.0749 187.1411 43.35612
v 384.0882 122.3454 34.91218
v 338.8666 193.4239 46.01194
v 359.1323 196.9008 47.62691
v 373.7901 188.3914 42.42069
v 331.0935 145.1884 36.58496
v 357.9639 157.2564 54.23779
v 369.2726 189.7007 40.19969
v 390.0935 57.23435 40.92779
v 371.3773 196.7157 40.10939
v 380.3948 176.0922 48.39897
v 367.9071 155.0324 44.20769
v 373.586 188.5112 42.40975
v 348.178 194.536 46.79016
v 386.1514 120.7911 34.9599
v 372.9881 188.5918 40.61451
v 350.9644 152.856 52.01921
v 308.9122 195.6533 44.51725
v 374.8539 188.772 41.75184
v 315.9858 197.471 45.83247
v 395.6682 194.0902 49.40886
v 319.4403 197.4984 45.92451
v 373.4627 198.756 38.64582
v 371.1195 187.0653 41.59043
v 346.3785 195.7106 47.27105
v 372.4847 188.1123 42.98151
v 300.6969 195.3769 44.50813
v 368.1807 148.1285 42.53926
v 368.7581 185.4833 45.78466
v 373.8727 188.508 42.99208
v 397.178 93.69203 40.23337
v 385.1096 193.2541 43.53408
v 344.7211 197.4881 44.71011
v 344.9667 192.3769 46.729
v 332.9787 121.8438 46.29085
v 360.0585 183.2902 45.10556
v 350.2545 178.134 54.15877
v 341.5849 197.4124 47.78755
v 293.8799 200.1592 39.93931
v 377.8481 191.4609 39.0712
v 363.9439 156.9846 53.96482
v 380.2313 194.2494 32.96001
v 361.4784 183.1833 42.66447
v 360.1674 182.126 42.02555
v 356.4622 156.0464 54.04441
v 391.7708 200.1115 41.64599
v 398.6881 197.4292 48.86013
v 374.5176 188.4138 40.45876
v 313.5986 196.8992 45.51802
v 294.8837 199.0636 42.93158
v 361.4627 183.9327 45.19956
v 371.4514 199.859 42.86748
v 364.2184 189.9852 41.96755
v 314.5864 200.0916 38.28416
v 346.9482 51.03863 41.68785
v 339.0342 194.9886 46.40022
v 379.3257 190.9937 43.80561
v 364.5374 48.98989 36.22859
v 289.7843 200.0314 38.19928
v 352.074 196.2081 48.17169
v 358.2283 182.0343 46.45841
v 373.1122 188.6099 41.9864
v 388.001 88.86627 38.3514
v 397.4437 200.1503 42.60117
v 336.2255 196.2922 45.98998
v 334.361 172.9686 44.20965
v 348.7002 100.5077 44.28095
v 371.3778 198.4678 41.5316
v 395.0475 130.1242 44.52257
v 367.5161 195.5331 42.7539
v 377.9927 189.8618 39.9286
v 365.5285 184.2091 40.64063
v 308.0652 148.9788 39.90233
v 336.9222 129.2981 45.23999
v 378.8792 190.6265 43.74811
v 379.7068 191.2678 42.66055
v 391.673 196.33 44.37554
v 382.8166 199.4833 35.71088
v 378.2263 190.6024 39.81858
v 356.2483 196.6178 48.00894
v 368.9795 134.7015 37.84779
v 397.7961 199.4627 41.53206
v 395.4446 104.0127 42.88796
v 393.5511 132.0311 43.99695
v 373.3579 188.7573 43.90126
v 366.8303 123.4524 38.88287
v 398.2496 198.8165 41.78604
v 393.7908 117.8156 41.99325
v 379.3268 190.8177 43.01198
v 349.537 157.5875 52.19823
v 334.7362 167.3239 40.2901
v 373.6995 190.0481 39.37865
v 379.0013 111.1517 42.55154
v 362.1707 175.4952 51.20224
v 399.9315 198.0179 48.91479
v 355.5262 152.242 53.75093
v 337.2198 199.4452 46.24698
v 372.9137 188.9861 45.06121
v 373.4614 188.7717 44.00774
v 379.6452 191.2935 43.49456
v 356.7044 47.59173 37.60377
v 289.6468 200.0314 38.19979
v 347.79 106.9923 44.72616
v 397.5703 179.3715 48.95501
v 391.0478 129.9336 41.4948
v 327.4153 130.7025 46.20975
v 308.6958 198.3484 45.06708
v 385.9885 198.9715 40.07386
v 400.0346 199.447 42.42068
v 376.9658 190.1498 44.00939
v 377.4989 190.2064 43.96437
v 399.2362 199.1193 42.22258
v 400.1038 196.7821 49.74507
v 339.4917 169.484 45.5762
v 397.4133 195.4902 50.17086
v 368.4328 51.94748 38.44585
v 336.7335 108.6702 46.84093
v 374.2698 188.3872 41.67747
v 396.9118 61.77006 40.97377
v 373.5874 124.4572 34.92687
v 354.5875 150.5338 53.14733
v 379.7852 191.1774 41.75362
v 380.5003 192.2047 39.77677
v 380.0589 191.7353 39.80948
v 346.2147 134.9307 44.3481
v 387.5893 176.5597 48.71966
v 398.6327 196.4389 50.51751
v 372.5653 187.9151 42.04214
v 383.8043 103.9145 33.45668
v 369.1614 177.5606 49.35259
v 399.7163 199.7281 44.18746
v 328.4252 128.6843 34.34387
v 394.5616 198.1831 47.46038
v 377.3687 189.6909 43.43299
v 379.981 191.4515 41.81626
v 389.9148 199.134 41.79438
v 391.2778 196.0692 41.40941
v 359.8053 182.5444 43.78135
v 373.7769 118.4033 38.51656
v 383.2282 97.35233 41.71413
v 391.8511 199.3655 41.29448
v 362.2187 183.4546 42.41755
v 297.9818 123.0866 36.71909
v 398.3101 199.9323 47.53849
v 377.3786 194.0664 32.75376
v 398.2627 199.0388 43.61971
v 345.2607 187.7322 46.03542
v 305.1871 199.9284 44.59018
v 367.4111 123.4815 43.42542
v 337.038 179.2971 49.13219
v 349.0172 169.8694 54.39098
v 383.8576 179.3225 51.07011
v 397.4607 198.4501 41.61708
v 385.8975 196.1868 40.19767
v 332.8529 182.9781 42.2716
v 337.2268 133.3927 38.75309
v 300.4827 196.3476 44.74128
v 382.3319 176.4898 48.69881
v 365.3136 167.6027 52.66355
v 335.2097 133.1907 35.37387
v 386.5165 98.28458 38.46095
v 379.0397 54.52579 39.7116
v 383.5102 196.4216 40.1908
v 393.9828 128.1547 30.75391
v 379.4529 190.825 42.32785
v 334.7122 131.3516 33.16254
v 341.9687 167.6557 47.51568
v 392.1166 197.8034 41.23692
v 291.4527 200.0314 38.18224
v 334.5819 175.3937 45.24462
v 390.0621 199.2513 41.06621
v 400.1869 200.0818 43.71115
v 328.6144 133.169 33.65356
v 390.8116 196.0156 47.36559
v 370.6941 52.55472 39.10944
v 335.5825 181.8223 45.07777
v 321.4534 199.8088 46.50835
v 339.7782 192.0781 45.90819
v 387.5368 189.1836 47.80719
v 377.8359 174.4838 47.48261
v 399.1978 190.732 50.48046
v 353.5112 183.2021 46.77852
v 295.3368 173.0873 47.46527
v 370.3906 164.375 49.11472
v 310.493 158.9767 43.43423
v 368.2182 146.622 52.41745
v 395.1882 55.92311 41.10593
v 397.9811 200.0632 42.64774
v 394.5236 199.5522 41.28331
v 348.6109 156.9346 52.33525
v 296.3084 182.2024 46.51344
v 304.9912 180.6006 45.85745
v 306.2089 133.0364 35.01143
v 391.115 125.6559 44.87561
v 369.5844 184.5534 46.35117
v 397.015 199.7539 41.42871
v 300.4461 196.5959 44.78871
v 303.1523 175.2415 45.49314
v 398.5979 115.5428 37.07487
v 376.7604 190.433 44.61979
v 335.3518 133.7089 38.68444
v 397.5141 56.81839 42.34832
v 341.0915 198.0337 47.59748
v 394.9334 194.4108 49.16415
v 361.8577 183.1755 41.38396
v 322.6883 135.6437 36.45271
v 334.1201 134.3627 33.772
v 297.5757 197.6884 47.12883
v 358.0189 182.166 44.61494
v 358.6177 182.1143 44.07547
v 357.7889 182.8933 43.63126
v 372.6372 188.7267 41.39519
v 348.6128 156.1124 52.70324
v 306.3698 199.2451 44.51702
v 393.0984 195.2777 48.3891
v 347.2949 167.7201 53.44833
v 360.5747 148.7417 54.96628
v 343.6064 198.7263 48.62843
v 377.5248 191.0149 45.06903
v 325.3193 135.1409 37.41885
v 329.9893 132.8368 42.70633
v 314.1312 138.7625 36.5639
v 360.6096 158.2027 53.89901
v 324.7636 180.4284 44.6483
v 354.1423 150.6126 52.96192
v 400.1265 189.9388 50.8102
v 395.4451 191.0121 48.82812
v 354.216 194.1596 47.20393
v 390.698 65.20091 33.40431
v 362.4965 183.262 40.82064
v 313.992 196.1578 45.36797
v 369.2797 199.9637 44.78748
v 391.9887 67.39713 41.06477
v 316.8826 199.0975 46.31543
v 331.7893 197.5759 45.79099
v 349.8516 193.914 47.57683
v 288.7423 179.0559 45.05531
v 381.2643 197.6165 33.01839
v 333.4831 199.3344 45.72749
v 377.1491 195.9735 34.08703
v 354.2964 198.5022 48.76656
v 376.0136 196.5973 35.61507
v 318.5184 199.6533 46.53242
v 312.0004 161.9947 43.55807
v 390.2068 195.5435 47.04063
v 373.8234 196.3747 37.59047
v 338.07 199.9593 46.61561
v 346.7206 53.25247 41.68103
v 348.2579 54.18887 40.88151
v 371.7515 124.676 36.19788
v 311.2895 196.8133 45.15929
v 377.452 189.6395 43.00809
v 368.2488 144.0736 50.3488
v 340.0855 168.8119 47.95277
v 383.6893 198.1707 33.09487
v 355.5179 154.1359 53.94705
v 310.2689 176.9296 45.73977
v 390.4947 125.3977 31.43111
v 380.6335 191.6225 43.05841
v 380.122 196.5503 33.33513
v 378.7942 197.1654 32.89484
v 335.1445 199.8334 45.98978
v 336.728 184.1293 46.2701
v 379.7031 191.4101 44.16704
v 323.5372 199.6384 45.64014
v 339.2349 199.4134 47.12914
v 311.4144 173.1706 45.32755
v 357.0807 98.09308 45.39745
v 361.6668 198.8468 47.9477
v 375.5406 198.4249 37.03054
v 391.8596 182.3189 51.51307
v 388.8089 195.2199 45.62678
v 308.9714 183.0576 45.84338
v 332.9993 139.7398 35.18953
v 301.4273 196.7849 43.99395
vt 0.1229926 0.5424463
vt 0.1226974 0.543062
vt 0.1218091 0.5415623
vt 0.1237318 0.5431641
vt 0.9760491 0.9070225
vt 0.9624023 0.9423828
vt 0.5279937 0.4620155
vt 0.9721448 0.9010133
vt 0.5328614 0.5101129
vt 0.5364943 0.4653647
vt 0.1048517 0.5509238
vt 0.10474 0.551535
vt 0.09998325 0.5546899
vt 0.9869477 0.5510932
vt 0.9758147 0.5863855
vt 0.9914346 0.5917969
vt 0.4341022 0.8191197
vt 0.4661146 0.8456923
vt 0.1051906 0.5508162
vt 0.06380893 0.6870899
vt 0.05509651 0.6827651
vt 0.05635487 0.6862949
vt 0.8821686 0.9876094
vt 0.06427701 0.6869253
vt 0.04972115 0.6995893
vt 0.05014837 0.7004353
vt 0.04910119 0.7001023
vt 0.05311015 0.6974229
vt 0.03748421 0.7112042
vt 0.03900421 0.7113872
vt 0.03597942 0.7126507
vt 0.03860527 0.710122
vt 0.3103275 0.9841281
vt 0.3102959 0.9840459
vt 0.3103218 0.984095
vt 0.1572318 0.5686326
vt 0.1579278 0.5691625
vt 0.1563224 0.5686737
vt 0.006046325 0.9968021
vt 0.05515206 0.9476384
vt 0.0009765625 0.9473599
vt 0.35858 0.835583
vt 0.1582756 0.5694273
vt 0.1572089 0.5693486
vt 0.1576519 0.5696859
vt 0.1585442 0.5696329
vt 0.09816442 0.5533923
vt 0.0947451 0.5667261
vt 0.007039161 0.4566232
vt 0.00744487 0.4569168
vt 0.0069969 0.457152
vt 0.9203611 0.9963756
vt 0.1199281 0.5401257
vt 0.1184117 0.539789
vt 0.2615547 0.9955273
vt 0.2608808 0.9935014
vt 0.2609699 0.9962258
vt 0.2613526 0.9964871
vt 0.4352598 0.992539
vt 0.4353805 0.9931939
vt 0.434865 0.9925298
vt 0.05329884 0.6972763
vt 0.0534234 0.6975905
vt 0.05380912 0.6968422
vt 0.8831075 0.9891389
vt 0.1020116 0.7247362
vt 0.1031939 0.7449389
vt 0.1042072 0.732417
vt 0.8828222 0.9876114
vt 0.8830735 0.9892968
vt 0.09510047 0.6567087
vt 0.09499586 0.6572977
vt 0.09469403 0.6571545
vt 0.1009177 0.6514892
vt 0.4956675 0.988111
vt 0.4958917 0.9882833
vt 0.4956055 0.9888653
vt 0.4961164 0.9892578
vt 0.126284 0.5450644
vt 0.1271771 0.5457457
vt 0.1266973 0.5462353
vt 0.3054965 0.8831156
vt 0.2998562 0.8916125
vt 0.3073097 0.9016519
vt 0.4354264 0.9937521
vt 0.2912512 0.8833849
vt 0.2931511 0.8779906
vt 0.2977844 0.9007562
vt 0.2909478 0.8968823
vt 0.6638885 0.996487
vt 0.6650885 0.997308
vt 0.6654511 0.9980469
vt 0.6654341 0.9975448
vt 0.1055547 0.5503423
vt 0.4355659 0.9954091
vt 0.4355505 0.9953396
vt 0.435562 0.9953421
vt 0.4355904 0.9961597
vt 0.1017283 0.6520711
vt 0.1031835 0.6485317
vt 0.1065097 0.6464001
vt 0.294453 0.9073118
vt 0.9484802 0.7438188
vt 0.9642246 0.7506801
vt 0.955702 0.742348
vt 0.9622446 0.7404107
vt 0.289465 0.8832058
vt 0.9664935 0.7386141
vt 0.004935847 0.9162356
vt 0.2935585 0.9074067
vt 0.2918012 0.9040389
vt 0.3271985 0.6965368
vt 0.61206 0.4135249
vt 0.6145879 0.4662859
vt 0.6052458 0.4222902
vt 0.6182986 0.41899
vt 0.3125597 0.8923875
vt 0.3027838 0.9097883
vt 0.4760494 0.9840366
vt 0.03461638 0.9930406
vt 0.03516828 0.997391
vt 0.03173828 0.9979266
vt 0.1737331 0.996465
vt 0.3104675 0.8954768
vt 0.6846901 0.388143
vt 0.6809899 0.3844219
vt 0.6823285 0.3840153
vt 0.6873454 0.3937092
vt 0.6824495 0.3998873
vt 0.3111677 0.6945176
vt 0.9443583 0.5896977
vt 0.3057569 0.6717368
vt 0.6932141 0.4039318
vt 0.2889506 0.8782268
vt 0.5361308 0.9904214
vt 0.4355591 0.9953268
vt 0.4354196 0.994391
vt 0.5372347 0.9925566
vt 0.5352184 0.9916781
vt 0.1727579 0.9980469
vt 0.1699219 0.997318
vt 0.3598267 0.9945422
vt 0.4351048 0.9943445
vt 0.5362591 0.9938865
vt 0.5341797 0.9911762
vt 0.7255216 0.9971949
vt 0.3596828 0.9926638
vt 0.3569384 0.9943395
vt 0.3424966 0.3814485
vt 0.3364642 0.4218001
vt 0.3415968 0.4046172
vt 0.5644989 0.9943181
vt 0.4716577 0.9887856
vt 0.4678022 0.9853943
vt 0.2893729 0.897384
vt 0.2971352 0.9121094
vt 0.2991593 0.910656
vt 0.1296404 0.5476215
vt 0.1298382 0.5477725
vt 0.1293976 0.5476701
vt 0.1539981 0.5661728
vt 0.1543163 0.5664153
vt 0.1540886 0.5663772
vt 0.09472656 0.9960816
vt 0.3173037 0.8866934
vt 0.1029972 0.9967777
vt 0.1045258 0.9980469
vt 0.06771744 0.6805609
vt 0.0718075 0.6734961
vt 0.2980657 0.9106478
vt 0.5470857 0.9942528
vt 0.3799123 0.9980469
vt 0.5022746 0.5836177
vt 0.5307103 0.5933544
vt 0.5431758 0.5751025
vt 0.07030535 0.6820054
vt 0.5393273 0.9914079
vt 0.3537045 0.9918723
vt 0.3514083 0.9970703
vt 0.3520856 0.9913985
vt 0.4357117 0.9973853
vt 0.4346304 0.9965546
vt 0.7764608 0.9956396
vt 0.515946 0.8131246
vt 0.5180172 0.8309597
vt 0.5210201 0.8000866
vt 0.6322608 0.8043653
vt 0.7765648 0.9960995
vt 0.7751451 0.9939415
vt 0.6767286 0.3713131
vt 0.6786826 0.3763755
vt 0.5138193 0.4820346
vt 0.5150963 0.468715
vt 0.3716832 0.727597
vt 0.3655649 0.7398354
vt 0.3835796 0.7624211
vt 0.6179938 0.7251818
vt 0.2893763 0.8766946
vt 0.2902365 0.8770228
vt 0.3884593 0.9965498
vt 0.004694836 0.9060014
vt 0.01269746 0.9277344
vt 0.03957992 0.5474374
vt 0.01284102 0.5592009
vt 0.0009765625 0.5879427
vt 0.00702797 0.5550542
vt 0.5041269 0.5317037
vt 0.01760195 0.5711613
vt 0.03968598 0.5428635
vt 0.03421202 0.566959
vt 0.03946013 0.7093717
vt 0.3529679 0.9899788
vt 0.08958221 0.665204
vt 0.3103045 0.9840305
vt 0.3102569 0.9839876
vt 0.9290278 0.9958072
vt 0.9289212 0.9962487
vt 0.9292059 0.9962416
vt 0.9277344 0.996323
vt 0.3100586 0.9841765
vt 0.9293703 0.9966
vt 0.9292161 0.9970703
vt 0.9116933 0.4695863
vt 0.9420286 0.4917341
vt 0.9361731 0.4729507
vt 0.6944867 0.4105125
vt 0.4755485 0.4830292
vt 0.4925036 0.4965517
vt 0.6901305 0.4168732
vt 0.6957912 0.4155757
vt 0.694229 0.4232467
vt 0.2266872 0.5678244
vt 0.2330831 0.5647388
vt 0.2301203 0.576415
vt 0.2340903 0.5665028
vt 0.2375354 0.5868044
vt 0.6964508 0.4372228
vt 0.2362284 0.5620891
vt 0.1492862 0.7021691
vt 0.1532024 0.703285
vt 0.1515864 0.6959406
vt 0.2411786 0.5603095
vt 0.4962257 0.7838504
vt 0.5193576 0.7331795
vt 0.4790078 0.7056802
vt 0.2410846 0.5587251
vt 0.4305822 0.7813679
vt 0.2446803 0.548426
vt 0.4580771 0.8081839
vt 0.4655808 0.4647816
vt 0.4753247 0.4905196
vt 0.4694933 0.4712132
vt 0.4549296 0.459387
vt 0.4501547 0.4609182
vt 0.4507457 0.4598475
vt 0.4600528 0.4599335
vt 0.4380806 0.4502897
vt 0.4499891 0.4598454
vt 0.4273784 0.4562251
vt 0.4267286 0.4579462
vt 0.4253227 0.4582573
vt 0.08243954 0.8197414
vt 0.07386851 0.8082124
vt 0.07797039 0.8217418
vt 0.4932238 0.8399639
vt 0.507337 0.823662
vt 0.4985906 0.825363
vt 0.4363295 0.4520441
vt 0.4254597 0.4718505
vt 0.4888943 0.8166606
vt 0.7701443 0.9262525
vt 0.7679393 0.9306865
vt 0.4195637 0.4802593
vt 0.7649921 0.9180916
vt 0.4267412 0.4738518
vt 0.4201008 0.4865187
vt 0.271362 0.9980469
vt 0.3260093 0.4654245
vt 0.268551 0.9972075
vt 0.1422589 0.9980469
vt 0.27122 0.9948822
vt 0.387945 0.4678829
vt 0.3886973 0.4687836
vt 0.3859557 0.4692517
vt 0.3898742 0.4677431
vt 0.3945104 0.4852397
vt 0.7631665 0.916166
vt 0.4034001 0.4804901
vt 0.3949005 0.4822648
vt 0.4104666 0.5015043
vt 0.3814808 0.4785067
vt 0.3767214 0.491101
vt 0.3819309 0.4796889
vt 0.3804742 0.4797757
vt 0.3666462 0.4982273
vt 0.380751 0.4961016
vt 0.5121821 0.8155544
vt 0.3560321 0.5106958
vt 0.366485 0.5000833
vt 0.3655158 0.4995919
vt 0.3433985 0.513387
vt 0.3581861 0.5161521
vt 0.3473362 0.5121784
vt 0.3373082 0.5164998
vt 0.3325087 0.5223209
vt 0.3319019 0.5205128
vt 0.3485421 0.5285362
vt 0.4831687 0.8328648
vt 0.5062884 0.8144828
vt 0.545628 0.8301493
vt 0.5515917 0.8193466
vt 0.5475309 0.8145679
vt 0.3200861 0.5251594
vt 0.3228551 0.5364
vt 0.3130324 0.5297769
vt 0.4801248 0.8483043
vt 0.2962386 0.5269445
vt 0.3085979 0.5368335
vt 0.3081969 0.5337732
vt 0.2470387 0.5586457
vt 0.2461897 0.5523905
vt 0.2482167 0.5609393
vt 0.2450527 0.5483282
vt 0.2446043 0.5483526
vt 0.2522309 0.5631786
vt 0.2471257 0.5752249
vt 0.2541813 0.5657007
vt 0.6713061 0.5492166
vt 0.6475869 0.5509949
vt 0.6571485 0.5878906
vt 0.2542045 0.5651511
vt 0.262365 0.5619003
vt 0.2684785 0.5386035
vt 0.2691993 0.5397753
vt 0.2664306 0.5409347
vt 0.2683436 0.5303368
vt 0.268732 0.5302543
vt 0.2688734 0.5300688
vt 0.2642008 0.5659507
vt 0.2693782 0.5382194
vt 0.2824448 0.5393586
vt 0.282506 0.5367702
vt 0.2800436 0.5370292
vt 0.2942458 0.530089
vt 0.5570424 0.3862884
vt 0.5485929 0.3803462
vt 0.5491958 0.37929
vt 0.572371 0.4134954
vt 0.5807856 0.4240455
vt 0.5961043 0.4320479
vt 0.5346171 0.7006218
vt 0.5252541 0.7012517
vt 0.1565279 0.7008371
vt 0.162165 0.7097212
vt 0.5649263 0.4239036
vt 0.4557651 0.8555739
vt 0.5828158 0.4970559
vt 0.09372079 0.7598957
vt 0.09770286 0.7980607
vt 0.1042157 0.7846658
vt 0.5441807 0.458873
vt 0.5520726 0.4991363
vt 0.5234884 0.7763576
vt 0.5437859 0.4214589
vt 0.5494307 0.4212323
vt 0.5452231 0.4139803
vt 0.5463359 0.4108753
vt 0.09866273 0.8186712
vt 0.09521568 0.8053079
vt 0.09144127 0.812526
vt 0.5478827 0.4129439
vt 0.1072303 0.786296
vt 0.1060485 0.7790868
vt 0.1004919 0.7989088
vt 0.07189429 0.6815336
vt 0.4320961 0.7104785
vt 0.4510585 0.734874
vt 0.07198486 0.6805685
vt 0.5047516 0.7989625
vt 0.09127486 0.8112853
vt 0.08987463 0.8048291
vt 0.08890636 0.6659065
vt 0.1049659 0.9970101
vt 0.04360634 0.9968196
vt 0.80962 0.9162197
vt 0.7724609 0.9385121
vt 0.7903324 0.9914503
vt 1 0.8105469
vt 0.04149199 0.9932793
vt 0.04274819 0.9980469
vt 0.363527 0.9913973
vt 0.3618922 0.9884357
vt 0.3654258 0.9893481
vt 0.1479277 0.9971678
vt 0.09553492 0.9233163
vt 0.8781931 0.9395869
vt 0.8818758 0.919604
vt 0.8530246 0.9272289
vt 0.04107142 0.9929636
vt 0.3162188 0.8855935
vt 0.5611545 0.988089
vt 0.01988673 0.9199219
vt 0.5641669 0.9962662
vt 0.0824827 0.8776758
vt 0.1361893 0.9064671
vt 0.04125552 0.9928715
vt 0.4052123 0.6441302
vt 0.3971623 0.6136627
vt 0.4104385 0.6390871
vt 0.5294565 0.6182393
vt 0.3347359 0.7145159
vt 0.3365724 0.6877643
vt 0.3361489 0.702406
vt 0.3301046 0.7025365
vt 0.9032078 0.9976759
vt 0.07036281 0.8343103
vt 0.5661577 0.7807019
vt 0.5661409 0.7419881
vt 0.5623029 0.761803
vt 0.04239306 0.7606078
vt 0.04378915 0.7604752
vt 0.04285083 0.7639415
vt 0.04150748 0.7530768
vt 0.4468222 0.9864737
vt 0.4424557 0.9901499
vt 0.4470166 0.9942285
vt 0.5996364 0.7238449
vt 0.3871437 0.6788862
vt 0.4043852 0.690499
vt 0.3706385 0.6442713
vt 0.4799939 0.941875
vt 0.4164258 0.7531047
vt 0.5969437 0.7193593
vt 0.6200552 0.6652399
vt 0.365451 0.8191427
vt 0.04904468 0.7929034
vt 0.05300581 0.8005769
vt 0.0510113 0.8000447
vt 0.0009765625 0.8767105
vt 0.008387804 0.8804843
vt 0.001928449 0.8602583
vt 0.9274426 0.8434965
vt 0.8330078 0.6253341
vt 0.04401586 0.7731871
vt 0.3072125 0.8063818
vt 0.2861122 0.8677602
vt 0.3348814 0.8821666
vt 0.4700861 0.9976183
vt 0.3670586 0.7195594
vt 0.6123047 0.7117451
vt 0.07140589 0.8428299
vt 0.07733476 0.8540748
vt 0.05695677 0.7673563
vt 0.05506826 0.8166489
vt 0.0561986 0.8183421
vt 0.05600987 0.8193825
vt 0.0525162 0.8066646
vt 0.1501492 0.9980469
vt 0.1492324 0.9943881
vt 0.05168312 0.803205
vt 0.4761027 0.6203032
vt 0.457496 0.6264929
vt 0.6226051 0.9965172
vt 0.6223031 0.9966472
vt 0.6227456 0.9957247
vt 0.07676028 0.8730018
vt 0.07355285 0.8651019
vt 0.07311507 0.8650683
vt 0.9359328 0.817987
vt 0.9262926 0.8306484
vt 0.9370422 0.8342944
vt 0.7234553 0.9969465
vt 0.6225518 0.9968401
vt 0.6225961 0.9946611
vt 0.6227701 0.9963198
vt 0.5912838 0.710806
vt 0.5947807 0.7048493
vt 0.5923892 0.712662
vt 0.5883263 0.7054019
vt 0.6229081 0.9948941
vt 0.6231666 0.993695
vt 0.622862 0.9915202
vt 0.6234369 0.9932684
vt 0.4704682 0.8628635
vt 0.4625901 0.8867123
vt 0.4932967 0.8538162
vt 0.5184246 0.7758879
vt 0.8664879 0.9953
vt 0.8658406 0.9927351
vt 0.8679664 0.9948905
vt 0.5502402 0.8095645
vt 0.6230257 0.9943159
vt 0.6210312 0.9963989
vt 0.5587296 0.988966
vt 0.5575282 0.9961239
vt 0.5523782 0.9980469
vt 0.894043 0.9970703
vt 0.5828053 0.8608907
vt 0.5977845 0.8669802
vt 0.5885141 0.8765571
vt 0.6137463 0.9960927
vt 0.5853038 0.8533306
vt 0.1205109 0.9922342
vt 0.1217579 0.995208
vt 0.1200013 0.9923089
vt 0.1210575 0.9921301
vt 0.05907233 0.8278773
vt 0.5771812 0.8437403
vt 0.597225 0.8518568
vt 0.4979819 0.8432053
vt 0.9906561 0.5392277
vt 0.02702561 0.5928674
vt 0.9803886 0.5148386
vt 0.9956815 0.501824
vt 0.5755954 0.8363684
vt 0.5478245 0.7091622
vt 0.5546672 0.6575046
vt 0.5461242 0.7067562
vt 0.1149988 0.9951941
vt 0.5528454 0.7146915
vt 0.5540924 0.6897364
vt 0.5540795 0.7204295
vt 0.903285 0.9951516
vt 0.9013672 0.9973524
vt 0.2841144 0.9923654
vt 0.2838175 0.9922561
vt 0.2843646 0.9923187
vt 0.9027407 0.9943766
vt 0.8092332 0.9034684
vt 0.8265573 0.9043833
vt 0.817233 0.8845931
vt 0.6325746 0.7832604
vt 0.9307563 0.7518523
vt 0.7883499 0.8817809
vt 0.9093101 0.7690075
vt 0.9206021 0.7337558
vt 0.1191458 0.7713364
vt 0.1539208 0.788438
vt 0.1465026 0.8843749
vt 0.7026131 0.6959076
vt 0.6858501 0.7272788
vt 0.6827955 0.7874216
vt 0.2838814 0.9925302
vt 0.7810093 0.9936457
vt 0.7823858 0.9970642
vt 0.7826726 0.9930716
vt 0.9384766 0.4022272
vt 0.9033105 0.9945486
vt 0.5570258 0.7349727
vt 0.6631861 0.8037871
vt 0.6702874 0.7565624
vt 0.6605132 0.7746755
vt 0.7011311 0.722809
vt 0.6533988 0.9924279
vt 0.6523599 0.9960318
vt 0.6499023 0.9953934
vt 0.113857 0.4658673
vt 0.8917958 0.7206635
vt 0.8677379 0.7507393
vt 0.883202 0.7792969
vt 0.5200195 0.8435197
vt 0.9123038 0.8984318
vt 0.5309661 0.8279061
vt 0.5342515 0.8373747
vt 0.5395015 0.8314647
vt 0.1554671 0.4872702
vt 0.1331657 0.4861915
vt 0.7955009 0.9967661
vt 0.1641592 0.4724118
vt 0.1252819 0.4623037
vt 0.4894546 0.8643524
vt 0.3584955 0.9875585
vt 0.3570898 0.9923587
vt 0.3557766 0.9867574
vt 0.1748565 0.8860559
vt 0.9027249 0.9229659
vt 0.5541117 0.894241
vt 0.268102 0.9960345
vt 0.8970812 0.9347546
vt 0.9008003 0.9479627
vt 0.5692341 0.918113
vt 0.5399182 0.9922636
vt 0.3461944 0.9050756
vt 0.3895632 0.948018
vt 0.4021825 0.9149068
vt 0.008789062 0.8528088
vt 0.2491786 0.4950767
vt 0.242823 0.4993806
vt 0.2486242 0.5114383
vt 0.7380208 0.3394711
vt 0.7430575 0.310575
vt 0.7287371 0.3453093
vt 0.5993099 0.6645806
vt 0.6350248 0.9416426
vt 0.6149838 0.9303617
vt 0.6361427 0.9706962
vt 0.8817722 0.9580286
vt 0.9454507 0.4028053
vt 0.9388398 0.4293333
vt 0.5397528 0.9943565
vt 0.3376033 0.6585081
vt 0.7772563 0.5277287
vt 0.789762 0.5430248
vt 0.8118844 0.5335399
vt 0.9910533 0.7886113
vt 0.7847037 0.9022385
vt 0.9472082 0.7882156
vt 0.1107371 0.9950691
vt 0.1123174 0.9960049
vt 0.1095964 0.9958019
vt 0.8817661 0.9934018
vt 0.2439542 0.445987
vt 0.2500935 0.462414
vt 0.2400855 0.4338328
vt 0.00194025 0.8473644
vt 0.5382879 0.8367699
vt 0.06174895 0.4255762
vt 0.5429415 0.8327442
vt 0.07153341 0.434043
vt 0.06375521 0.4411628
vt 0.07080007 0.4673002
vt 0.05957031 0.4658397
vt 0.07781544 0.4825019
vt 0.5420794 0.8379994
vt 0.3364284 0.4412502
vt 0.3157177 0.3996445
vt 0.3195426 0.4455866
vt 0.9194775 0.9943761
vt 0.9166856 0.9957748
vt 0.9145508 0.9945774
vt 0.6464021 0.9971195
vt 0.138068 0.4976979
vt 0.7090819 0.7654549
vt 0.7122276 0.782692
vt 0.7279751 0.7752479
vt 0.1379212 0.6538968
vt 0.1408349 0.655335
vt 0.1605778 0.5831914
vt 0.5274275 0.8303139
vt 0.7114267 0.7646117
vt 0.6585205 0.68835
vt 0.6488454 0.6991653
vt 0.5386399 0.8389673
vt 0.5406134 0.8368864
vt 0.7655368 0.7118005
vt 0.752898 0.7501508
vt 0.7832775 0.7714161
vt 0.7485681 0.7575756
vt 0.7612095 0.7700065
vt 0.07176138 0.992879
vt 0.7538757 0.351453
vt 0.06840733 0.9950266
vt 0.06542969 0.989868
vt 0.8875978 0.6342391
vt 0.003817364 0.9965934
vt 0.136697 0.4939113
vt 0.001464844 0.9970703
vt 0.6416016 0.9948947
vt 0.003040725 0.9952125
vt 0.7445486 0.7529798
vt 0.7433898 0.7685014
vt 0.6945136 0.7885602
vt 0.6959102 0.7680383
vt 0.2209383 0.8530185
vt 0.4745018 0.9962918
vt 0.6500932 0.9960061
vt 0.7928208 0.9970703
vt 0.8025782 0.4455482
vt 0.1503588 0.4061786
vt 0.7868364 0.487018
vt 0.8005252 0.4248918
vt 0.123937 0.4544421
vt 0.1177738 0.4581625
vt 0.111711 0.4424728
vt 0.8240263 0.4984847
vt 0.1135381 0.4535863
vt 0.905344 0.5292969
vt 0.777385 0.481497
vt 0.8801074 0.5054501
vt 0.9104047 0.5249023
vt 0.6689453 0.9898858
vt 0.5611684 0.8864679
vt 0.6710208 0.9873577
vt 0.6691201 0.9980469
vt 0.1166179 0.4633665
vt 0.8062699 0.4947434
vt 0.7845528 0.5008777
vt 0.801662 0.5011863
vt 0.9597467 0.9834157
vt 0.9903301 0.9041435
vt 0.9683546 0.9922675
vt 0.6433636 0.9980469
vt 0.6451851 0.9933293
vt 0.07667853 0.9899337
vt 0.07404917 0.9967212
vt 0.8615042 0.5002544
vt 0.08983523 0.4425573
vt 0.788847 0.5253906
vt 0.07460564 0.4490854
vt 0.9638672 0.7776622
vt 0.9678307 0.7761778
vt 0.5724549 0.9365752
vt 0.9653915 0.7743093
vt 0.07848396 0.9936002
vt 0.07761465 0.9912443
vt 0.07750626 0.9952845
vt 0.8693013 0.6403507
vt 0.04113494 0.9926718
vt 0.04118175 0.9927469
vt 0.5641298 0.9637946
vt 0.5317626 0.9471208
vt 0.65119 0.996349
vt 0.6540942 0.9980469
vt 0.117256 0.4948683
vt 0.5412082 0.8342332
vt 0.04107138 0.9925734
vt 0.09003031 0.4692629
vt 0.8647461 0.9970703
vt 0.5487663 0.8123264
vt 0.03762747 0.9868681
vt 0.0376467 0.9883311
vt 0.03754144 0.9869844
vt 0.1493426 0.9943768
vt 0.7627447 0.4112251
vt 0.7643325 0.4460149
vt 0.7695339 0.4367032
vt 0.9974897 0.7486825
vt 0.3956761 0.9964995
vt 0.3970658 0.9970703
vt 0.394043 0.9965107
vt 0.9935266 0.7844079
vt 0.1033424 0.4471476
vt 0.1098132 0.4612871
vt 0.1055392 0.4405619
vt 0.8141279 0.4951643
vt 0.1200834 0.5071697
vt 0.1287471 0.5102684
vt 0.547601 0.8457093
vt 0.07663223 0.9937803
vt 0.9964941 0.7498589
vt 0.9974713 0.7501378
vt 0.9957803 0.754337
vt 0.5455057 0.8451754
vt 0.1503267 0.9974857
vt 0.1074771 0.4628282
vt 0.2146985 0.6476888
vt 0.1868832 0.628426
vt 0.2097013 0.6315985
vt 0.001883164 0.9948072
vt 0.708632 0.5422186
vt 0.7037146 0.5973738
vt 0.7080221 0.5921759
vt 0.9873047 0.9958873
vt 0.2907498 0.9336782
vt 0.9987717 0.977367
vt 0.9973736 0.9980469
vt 0.7245406 0.3298361
vt 0.5574313 0.9845611
vt 0.04093392 0.9923531
vt 0.0379767 0.9875718
vt 0.2657645 0.992397
vt 0.7830986 0.9980469
vt 0.2667636 0.9956229
vt 0.2646484 0.9946841
vt 0.1374432 0.9972202
vt 0.9517061 0.9669806
vt 0.8125846 0.7658129
vt 0.7069941 0.7608442
vt 0.7420785 0.8156982
vt 0.7453935 0.7780667
vt 0.5553514 0.8210851
vt 0.5478472 0.6418079
vt 0.552591 0.8122192
vt 0.5542842 0.8120258
vt 0.5541431 0.6440803
vt 0.6855115 0.4893885
vt 0.6826689 0.4709948
vt 0.665158 0.4538668
vt 0.4850499 0.9364995
vt 0.7898633 0.8205594
vt 0.4201363 0.8903112
vt 0.9208984 0.5684378
vt 0.7793956 0.6904851
vt 0.07985973 0.8834336
vt 0.09211566 0.9232188
vt 0.8045089 0.7779432
vt 0.5599849 0.979856
vt 0.5683265 0.9705635
vt 0.9840589 0.9980469
vt 0.8146248 0.6726846
vt 0.7051206 0.8300004
vt 0.6783738 0.8211466
vt 0.7216797 0.9851963
vt 0.7515738 0.7990946
vt 0.5864378 0.7017308
vt 0.7118225 0.5284263
vt 0.7924805 0.9965451
vt 0.7556715 0.8082661
vt 0.8140502 0.5105675
vt 0.5257086 0.737302
vt 0.6319451 0.7482417
vt 0.7049651 0.8111876
vt 0.9537214 0.3843696
vt 0.9578457 0.3940914
vt 0.7135866 0.7517342
vt 0.5734022 0.9755207
vt 0.7127482 0.9853516
vt 0.5735555 0.9638085
vt 0.831636 0.6534584
vt 0.8573279 0.7584003
vt 0.1512065 0.5789573
vt 0.955923 0.9314229
vt 0.7802734 0.9945719
vt 0.9254439 0.9149748
vt 0.9560844 0.8808637
vt 0.1177058 0.4806408
vt 0.7216187 0.6085424
vt 0.7073888 0.6035379
vt 0.8486831 0.5458264
vt 0.8222983 0.5455285
vt 0.8515904 0.5509685
vt 0.6958342 0.9515021
vt 0.7303088 0.9676715
vt 0.7056348 0.9491335
vt 0.8694241 0.4953961
vt 0.7834901 0.9949594
vt 0.2671628 0.9918342
vt 0.7845506 0.9929591
vt 0.6142578 0.7997974
vt 0.7506745 0.5627247
vt 0.7312963 0.5986086
vt 0.7708883 0.6039182
vt 0.9096313 0.9936357
vt 0.5738184 0.9560852
vt 0.7124023 0.9845473
vt 0.1504035 0.997722
vt 0.3029475 0.4297565
vt 0.3086705 0.4430174
vt 0.3138297 0.4384993
vt 0.9688487 0.4543656
vt 0.07302274 0.8648508
vt 0.7132234 0.9846275
vt 0.07281836 0.8643771
vt 0.2440963 0.9838421
vt 0.2551086 0.9739006
vt 0.2490406 0.9578717
vt 0.9918492 0.9679674
vt 0.2811346 0.9308616
vt 0.3017484 0.8806889
vt 0.04185677 0.9069497
vt 0.7205502 0.495397
vt 0.7478437 0.4092866
vt 0.7382456 0.4046037
vt 0.4994098 0.8520323
vt 0.8903841 0.5047483
vt 0.88894 0.4669489
vt 0.8713188 0.594472
vt 0.8363998 0.650877
vt 0.9423716 0.9695798
vt 0.02686882 0.8894685
vt 0.07876889 0.9891808
vt 0.02618361 0.8978088
vt 0.5602102 0.9862103
vt 0.01813471 0.8891811
vt 0.9280173 0.5000054
vt 0.9082565 0.4864234
vt 0.3124859 0.3789347
vt 0.31899 0.3806915
vt 0.304544 0.3625516
vt 0.8650293 0.777827
vt 0.8730041 0.7979543
vt 0.8877989 0.8071543
vt 0.8809949 0.9980469
vt 0.9845594 0.3388101
vt 0.8798828 0.9953419
vt 0.9964347 0.77871
vt 0.9972436 0.7761
vt 0.9965051 0.780693
vt 0.6617991 0.5135287
vt 0.6484914 0.4940422
vt 0.6569693 0.526119
vt 0.2180069 0.4534019
vt 0.1987092 0.438549
vt 0.2002036 0.4646444
vt 0.7073738 0.5336312
vt 0.4838836 0.9433594
vt 0.6863101 0.5155509
vt 0.6762439 0.4833138
vt 0.6765429 0.4933412
vt 0.2111742 0.890398
vt 0.1865234 0.8849154
vt 0.1912982 0.9042969
vt 0.9361211 0.500651
vt 0.1990532 0.746047
vt 0.3069934 0.8823106
vt 0.3989851 0.5812134
vt 0.1507477 0.5248517
vt 0.1742432 0.5293062
vt 0.1703863 0.5043396
vt 0.7158003 0.9045272
vt 0.6918254 0.9317871
vt 0.2621433 0.8827777
vt 0.2451373 0.8790529
vt 0.2725458 0.8964844
vt 0.6862228 0.9775964
vt 0.7101321 0.988868
vt 0.6962712 0.9727332
vt 0.7023458 0.9792474
vt 0.1086352 0.9934146
vt 0.5593801 0.9960936
vt 0.1678467 0.5892835
vt 0.5272129 0.8311883
vt 0.1563178 0.6475994
vt 0.3138537 0.9134216
vt 0.5445255 0.9923421
vt 0.2903719 0.9734632
vt 0.3111111 0.9044112
vt 0.2803018 0.9900255
vt 0.395007 0.6055803
vt 0.7174085 0.631416
vt 0.3058346 0.6906869
vt 0.9271091 0.5877119
vt 0.7412126 0.5158786
vt 0.03733531 0.7216432
vt 0.03738773 0.7216865
vt 0.03734786 0.7217246
vt 0.6727927 0.9171233
vt 0.62307 0.9946104
vt 0.6234414 0.9932275
vt 0.7285113 0.5278395
vt 0.7301221 0.5698895
vt 0.8454189 0.6621094
vt 0.6230348 0.9955049
vt 0.8337938 0.830418
vt 0.8628216 0.8059274
vt 0.8261135 0.807372
vt 0.7241082 0.5273333
vt 0.6689842 0.9381623
vt 0.6772938 0.7651932
vt 0.6228919 0.9957169
vt 0.6311696 0.8972218
vt 0.1782647 0.4350784
vt 0.03917472 0.733792
vt 0.03738264 0.7219729
vt 0.03961594 0.7373536
vt 0.04214239 0.7281858
vt 0.1224567 0.9980469
vt 0.1249721 0.9943876
vt 0.2406284 0.4836159
vt 0.2471179 0.4797475
vt 0.9431714 0.9539281
vt 0.5510617 0.8118818
vt 0.04106015 0.7492272
vt 0.04394197 0.7367484
vt 0.04088409 0.7476763
vt 0.04753351 0.7471004
vt 0.2292522 0.4397378
vt 0.6742809 0.9595127
vt 0.6846353 0.9820968
vt 0.6875184 0.9960147
vt 0.6882604 0.9840616
vt 0.6096928 0.9969082
vt 0.7247381 0.4926829
vt 0.6208656 0.606634
vt 0.7462044 0.4369573
vt 0.9235201 0.8367161
vt 0.3148451 0.3352726
vt 0.2470752 0.7213467
vt 0.8322225 0.5360889
vt 0.98756 0.7904285
vt 0.7992134 0.5499798
vt 0.7018597 0.7028234
vt 0.5278668 0.8038273
vt 0.5783962 0.5667922
vt 0.5989989 0.5735368
vt 0.58556 0.5619041
vt 0.2348633 0.8681477
vt 0.1836658 0.9079406
vt 0.04844351 0.9970559
vt 0.6725781 0.9979448
vt 0.6117226 0.9950718
vt 0.64729 0.9831322
vt 0.6262894 0.9775361
vt 0.6680796 0.9821254
vt 0.04785156 0.9896039
vt 0.6823714 0.965705
vt 0.04971367 0.9886271
vt 0.5286664 0.8280813
vt 0.5290852 0.8323483
vt 0.7226776 0.9955114
vt 0.7215537 0.9980469
vt 0.7192383 0.9967784
vt 0.2889529 0.8894733
vt 0.5061651 0.5696849
vt 0.4988912 0.5701396
vt 0.4933017 0.5799027
vt 0.1819315 0.9250435
vt 0.1698785 0.9081358
vt 0.4322201 0.9328647
vt 0.4110564 0.9318709
vt 0.4313968 0.9607464
vt 0.6360052 0.7616782
vt 0.6355979 0.7267607
vt 0.6447217 0.7763422
vt 0.1645138 0.9629533
vt 0.1835628 0.971985
vt 0.05099352 0.9978349
vt 0.99642 0.7585958
vt 0.993789 0.7540118
vt 0.141058 0.9154824
vt 0.7697132 0.610063
vt 0.9101487 0.9980469
vt 0.7831895 0.6267259
vt 0.7561984 0.6141746
vt 0.1600079 0.6605769
vt 0.1733708 0.6583681
vt 0.1686596 0.6699219
vt 0.7114339 0.5286362
vt 0.5861588 0.7018824
vt 0.5797938 0.692993
vt 0.5962458 0.6667178
vt 0.7862976 0.6081393
vt 0.1557757 0.994072
vt 0.1572433 0.9980469
vt 0.1552734 0.9977903
vt 0.1569778 0.9944619
vt 0.1636028 0.9959827
vt 0.5804763 0.9946271
vt 0.5887222 0.9663266
vt 0.5672078 0.9980469
vt 0.05809648 0.9898238
vt 0.7674671 0.9915816
vt 0.7698588 0.9980469
vt 0.7666016 0.9972648
vt 0.5853627 0.9373237
vt 0.8157308 0.590125
vt 0.7817862 0.5602859
vt 0.2867529 0.6757513
vt 0.2612706 0.6536971
vt 0.2514937 0.657972
vt 0.8554837 0.9763762
vt 0.7704487 0.9932782
vt 0.8602889 0.9370915
vt 0.7150733 0.6242063
vt 0.181902 0.4187994
vt 0.2332859 0.8671564
vt 0.1562663 0.3972617
vt 0.3030517 0.6972656
vt 0.9209048 0.8206702
vt 0.9596171 0.9471565
vt 0.5463051 0.9960656
vt 0.5464545 0.9906943
vt 0.06864279 0.8540412
vt 0.1045629 0.6666928
vt 0.0916692 0.6736281
vt 0.1014091 0.6818265
vt 0.08689916 0.6799589
vt 0.1019205 0.6570237
vt 0.09008539 0.6655346
vt 0.07584763 0.6871355
vt 0.6490158 0.9892578
vt 0.6491558 0.9887422
vt 0.6499472 0.988903
vt 0.05235541 0.7192949
vt 0.8355483 0.9535648
vt 0.06124002 0.9902685
vt 0.1504391 0.9978268
vt 0.4336593 0.9940578
vt 0.2595193 0.9970703
vt 0.2599316 0.9952743
vt 0.06297939 0.8387529
vt 0.336347 0.6975377
vt 0.1141776 0.9931974
vt 0.1117133 0.9907354
vt 0.3398824 0.691883
vt 0.8699327 0.5707241
vt 0.8243058 0.549444
vt 0.2835692 0.9928394
vt 0.2828125 0.9909602
vt 0.1013876 0.9964628
vt 0.0959558 0.9953052
vt 0.03634008 0.7148795
vt 0.03604013 0.7128299
vt 0.83389 0.6089368
vt 0.8442132 0.5992517
vt 0.8462372 0.9796622
vt 0.05890542 0.9970191
vt 0.8308023 0.9589097
vt 0.5639657 0.5240598
vt 0.5424744 0.5492927
vt 0.6304477 0.5147964
vt 0.8666224 0.4341903
vt 0.7006868 0.5918902
vt 0.6354238 0.9942772
vt 0.7050387 0.5968655
vt 0.5867289 0.541874
vt 0.5387939 0.558609
vt 0.5482408 0.5554787
vt 0.0634784 0.9949822
vt 0.9534461 0.8031933
vt 0.9896833 0.7388948
vt 0.3891551 0.9947541
vt 0.3842773 0.9950275
vt 0.3891761 0.9946995
vt 0.2893311 0.8767698
vt 0.307024 0.8823197
vt 0.2911427 0.8773299
vt 0.1400567 0.7234852
vt 0.1740728 0.9979028
vt 0.361161 0.9950854
vt 0.05616035 0.9978071
vt 0.8634825 0.9980469
vt 0.05712124 0.9886851
vt 0.05347641 0.9980469
vt 0.591404 0.9930166
vt 0.5349081 0.9913705
vt 0.5351009 0.9980469
vt 0.9926657 0.360691
vt 0.8674128 0.8841298
vt 0.8963475 0.8686205
vt 0.7602208 0.3352479
vt 0.8779297 0.6793681
vt 0.7617278 0.3595319
vt 0.7675526 0.671475
vt 0.4859337 0.8926139
vt 0.4947761 0.8799084
vt 0.4867479 0.8778652
vt 0.8268543 0.887603
vt 0.8291433 0.8342666
vt 0.1345983 0.9935889
vt 0.7184436 0.8629699
vt 0.7159562 0.8401525
vt 0.7078197 0.8745587
vt 0.3818578 0.9644104
vt 0.842786 0.9090326
vt 0.8451365 0.8541628
vt 0.1980671 0.6988493
vt 0.1966904 0.6892179
vt 0.1941055 0.6888352
vt 0.1456779 0.7205666
vt 0.1783105 0.7292106
vt 0.1869177 0.7134888
vt 0.1772779 0.7152085
vt 0.3136632 0.9266819
vt 0.4849124 0.9329713
vt 0.4812769 0.9355038
vt 0.7582996 0.9105341
vt 0.7559433 0.8945922
vt 0.1683888 0.4891385
vt 0.05850621 0.9931224
vt 0.05963881 0.9868723
vt 0.6947343 0.4994378
vt 0.06077562 0.9942017
vt 0.2588761 0.9040507
vt 0.2859461 0.9013758
vt 0.2814968 0.8977255
vt 0.7031228 0.9885352
vt 0.05193831 0.985995
vt 0.6139096 0.5279244
vt 0.6661463 0.6553748
vt 0.1360271 0.9513375
vt 0.1136916 0.920285
vt 0.04736328 0.9811841
vt 0.3069141 0.353581
vt 0.2957959 0.338412
vt 0.9238611 0.8613281
vt 0.08961976 0.6660639
vt 0.7240574 0.9785095
vt 0.7256992 0.9821548
vt 0.1528652 0.4526175
vt 0.141521 0.5168229
vt 0.8956158 0.4414127
vt 0.6757886 0.4311829
vt 0.5478966 0.3809139
vt 0.8803101 0.8181978
vt 0.8461559 0.9504184
vt 0.4802715 0.5777838
vt 0.4866794 0.5927565
vt 0.2149649 0.4235707
vt 0.1235515 0.5438915
vt 0.9884553 0.4253548
vt 0.9724499 0.4685202
vt 0.484127 0.9301323
vt 0.4819181 0.9285448
vt 0.2965418 0.5622556
vt 0.3072416 0.5926437
vt 0.3139924 0.5633224
vt 0.3240865 0.5858701
vt 0.2902199 0.5982687
vt 0.3189341 0.6094026
vt 0.3022226 0.6211359
vt 0.3256985 0.558584
vt 0.3413478 0.5953608
vt 0.3366259 0.5703657
vt 0.3199762 0.6519625
vt 0.294578 0.6548029
vt 0.4833699 0.9239944
vt 0.2822696 0.6197188
vt 0.2798561 0.5673512
vt 0.2710971 0.5945734
vt 0.2931482 0.5281883
vt 0.734938 0.9896032
vt 0.7396332 0.9927813
vt 0.7389445 0.9903408
vt 0.4908987 0.8980761
vt 0.2537113 0.6299663
vt 0.2509766 0.9972422
vt 0.255983 0.587715
vt 0.2036484 0.476117
vt 0.2338142 0.5118508
vt 0.2374019 0.5049484
vt 0.2384794 0.5195552
vt 0.9380289 0.9899557
vt 0.929714 0.9919441
vt 0.9478849 0.9715341
vt 0.2500522 0.4806507
vt 0.1823662 0.5410156
vt 0.5475517 0.8574219
vt 0.2456058 0.598241
vt 0.6977108 0.4823562
vt 0.3371948 0.5447072
vt 0.1546178 0.9897454
vt 0.3275334 0.5216225
vt 0.348852 0.5640128
vt 0.3658811 0.551461
vt 0.362657 0.5881451
vt 0.3828048 0.5574683
vt 0.3804861 0.5855952
vt 0.3786284 0.5216244
vt 0.6484382 0.4293812
vt 0.6456694 0.4593484
vt 0.9815474 0.7537494
vt 0.9758351 0.7423253
vt 0.9805075 0.7401632
vt 0.3915867 0.5404621
vt 0.4814453 0.972638
vt 0.20786 0.9980469
vt 0.5776712 0.8457047
vt 0.4919876 0.9569986
vt 0.4941531 0.9832628
vt 0.4828059 0.9980469
vt 0.3955561 0.5143597
vt 0.5039599 0.9622771
vt 0.9728588 0.7399712
vt 0.9696024 0.7514973
vt 0.9694926 0.7430093
vt 0.2474916 0.9932735
vt 0.4016973 0.5370989
vt 0.3923353 0.5625864
vt 0.3996416 0.5566418
vt 0.3924996 0.5700382
vt 0.5678769 0.9881712
vt 0.4132322 0.5425773
vt 0.3812343 0.6114377
vt 0.3748778 0.6090469
vt 0.5679795 0.9878834
vt 0.5680999 0.9870787
vt 0.5677017 0.9884626
vt 0.406999 0.5751522
vt 0.5673386 0.9892578
vt 0.4181868 0.5828304
vt 0.4183682 0.5905348
vt 0.4160417 0.5890396
vt 0.9123029 0.9883733
vt 0.4264215 0.5716317
vt 0.4220058 0.5912552
vt 0.4355077 0.5437646
vt 0.3627288 0.771395
vt 0.4257208 0.514724
vt 0.7568359 0.9319309
vt 0.4080176 0.4810144
vt 0.3636596 0.7912713
vt 0.359761 0.7779004
vt 0.4458236 0.528477
vt 0.8897125 0.9980469
vt 0.4329292 0.620741
vt 0.3509129 0.7824931
vt 0.8865972 0.988845
vt 0.8862305 0.9888506
vt 0.8865772 0.9892578
vt 0.3625355 0.8052523
vt 0.8867552 0.9887816
vt 0.4474159 0.5608641
vt 0.4340781 0.4926432
vt 0.7613451 0.9550781
vt 0.1594573 0.9951644
vt 0.1648151 0.9962427
vt 0.9220711 0.9975775
vt 0.9199219 0.9965954
vt 0.8857422 0.9760078
vt 0.4545349 0.5778618
vt 0.4532686 0.5814453
vt 0.4616598 0.5945746
vt 0.8614058 0.9892578
vt 0.4552358 0.5689369
vt 0.8862684 0.960759
vt 0.8942919 0.9766387
vt 0.8917711 0.9941406
vt 0.4364103 0.4741836
vt 0.4504777 0.4916551
vt 0.4622847 0.5331743
vt 0.4624392 0.5054692
vt 0.4701346 0.5560037
vt 0.5676848 0.986816
vt 0.6259766 0.996205
vt 0.3788012 0.6382204
vt 0.9121808 0.9884936
vt 0.4808706 0.5311256
vt 0.463863 0.4759241
vt 0.4361894 0.4507309
vt 0.9121869 0.9880233
vt 0.2112743 0.6721349
vt 0.2230088 0.6565526
vt 0.2071208 0.6571268
vt 0.049826 0.6573403
vt 0.5173136 0.9952973
vt 0.7650125 0.5273049
vt 0.7594078 0.5358111
vt 0.6990249 0.4525908
vt 0.4735476 0.9904341
vt 0.4763156 0.9910864
vt 0.7125862 0.7300322
vt 0.3817748 0.616035
vt 0.3644778 0.615112
vt 0.7188964 0.4583998
vt 0.5517578 0.9917547
vt 0.6902147 0.4529618
vt 0.2539049 0.9957082
vt 0.2616087 0.995139
vt 0.07510095 0.9980469
vt 0.1279297 0.9913862
vt 0.4908146 0.5523064
vt 0.497723 0.5372129
vt 0.9119275 0.9892578
vt 0.5665095 0.9891055
vt 0.9116211 0.9880505
vt 0.3494363 0.9761834
vt 0.8614937 0.9875453
vt 0.8617009 0.9882146
vt 0.6869025 0.4409993
vt 0.2555839 0.9959765
vt 0.2617923 0.9942907
vt 0.1293716 0.992668
vt 0.8147538 0.7691662
vt 0.1282798 0.9970403
vt 0.3432617 0.8212891
vt 0.8878799 0.9930268
vt 0.553825 0.8232493
vt 0.9549502 0.9942983
vt 0.8682411 0.4551536
vt 0.6234432 0.5491714
vt 0.5215571 0.962212
vt 0.5095813 0.9533377
vt 0.9695181 0.7786343
vt 0.3476182 0.9917302
vt 0.8894688 0.9962358
vt 0.3451111 0.9654448
vt 0.8878266 0.99706
vt 0.5654464 0.9881175
vt 0.3356823 0.9830252
vt 0.3650004 0.6452436
vt 0.4790458 0.9237039
vt 0.4789374 0.9263717
vt 0.4801098 0.9262061
vt 0.4776933 0.9264082
vt 0.6309176 0.9980469
vt 0.4788859 0.9291905
vt 0.9543173 0.995603
vt 0.9545919 0.9929842
vt 0.9547796 0.9967741
vt 0.8603516 0.9882191
vt 0.954165 0.9968897
vt 0.08324794 0.9885327
vt 0.9530942 0.9970703
vt 0.0823349 0.9882687
vt 0.957087 0.544171
vt 0.9231508 0.5480688
vt 0.9718239 0.5513175
vt 0.08231046 0.9899213
vt 0.08105469 0.9874642
vt 0.4771041 0.5824769
vt 0.04587933 0.5052526
vt 0.9289071 0.9955913
vt 0.5961914 0.997586
vt 0.4384766 0.9845905
vt 0.599445 0.9980469
vt 0.960673 0.4896656
vt 0.5975478 0.9968113
vt 0.1664654 0.6813166
vt 0.01724291 0.6360314
vt 0.1750413 0.6959936
vt 0.1603085 0.6975614
vt 0.1607957 0.997404
vt 0.1607909 0.9952368
vt 0.1673078 0.9967434
vt 0.2109404 0.5050695
vt 0.2322116 0.4969118
vt 0.167234 0.9973655
vt 0.1686203 0.9970918
vt 0.6374629 0.7015906
vt 0.9699474 0.3854892
vt 0.9076409 0.8411843
vt 0.5222025 0.9699096
vt 0.9304867 0.5394706
vt 0.8964508 0.6171392
vt 0.8794665 0.6352902
vt 0.8379045 0.7749254
vt 0.232722 0.9687393
vt 0.33167 0.9079881
vt 0.2976328 0.9090608
vt 0.9971211 0.7784159
vt 0.4384766 0.9923799
vt 0.5368081 0.813637
vt 0.9946044 0.7837096
vt 0.3980825 0.9962529
vt 0.9091797 0.9958234
vt 0.9105595 0.9946802
vt 0.8819609 0.4207216
vt 0.9720701 0.76429
vt 0.1393953 0.997578
vt 0.140093 0.9942294
vt 0.1418658 0.9955487
vt 0.3469582 0.4450783
vt 0.3474052 0.4746094
vt 0.300724 0.465575
vt 0.2701985 0.9905702
vt 0.2716008 0.99097
vt 0.9548028 0.4602922
vt 0.1385384 0.996131
vt 0.1372221 0.9954964
vt 0.9172362 0.9980469
vt 0.6438138 0.9946006
vt 0.6899261 0.6806439
vt 0.5441786 0.8079496
vt 0.6671102 0.7139034
vt 0.6658494 0.6466423
vt 0.6538827 0.718887
vt 0.6440742 0.7196834
vt 0.6821632 0.7187513
vt 0.6314631 0.7461756
vt 0.6506422 0.6714808
vt 0.6413567 0.6713496
vt 0.6635778 0.6325297
vt 0.54739 0.8098
vt 0.5246155 0.9980469
vt 0.7246861 0.6603722
vt 0.5409194 0.8094012
vt 0.5243946 0.9950081
vt 0.1655689 0.9973804
vt 0.5205078 0.9960691
vt 0.5238469 0.9932954
vt 0.164063 0.9980469
vt 0.8683329 0.9963877
vt 0.5442335 0.8167373
vt 0.8561254 0.5449469
vt 0.03923897 0.8623806
vt 0.04504256 0.865513
vt 0.01449785 0.8114217
vt 0.4687139 0.9897079
vt 0.9580078 0.9967912
vt 0.6226484 0.8254707
vt 0.9602905 0.9944819
vt 0.9596421 0.9977521
vt 0.4765661 0.937289
vt 0.4776005 0.9415136
vt 0.4153556 0.6350412
vt 0.696393 0.5385207
vt 0.2004966 0.4044023
vt 0.4518857 0.9980469
vt 0.4548403 0.6092027
vt 0.9521484 0.993992
vt 0.2880859 0.8929104
vt 0.2348633 0.6325364
vt 0.7352202 0.6607934
vt 0.7407289 0.6272271
vt 0.7466929 0.6582387
vt 0.7471223 0.7105138
vt 0.8625621 0.4731814
vt 0.4818253 0.9261814
vt 0.341662 0.6489092
vt 0.5543386 0.8242579
vt 0.6033059 0.603334
vt 0.8603516 0.6923984
vt 0.850338 0.4837129
vt 0.6233238 0.5718556
vt 0.9974381 0.747901
vt 0.7776499 0.4399088
vt 0.772306 0.4667709
vt 0.9006929 0.7988441
vt 0.9938236 0.7375483
vt 0.4441723 0.9311589
vt 0.4596175 0.9240878
vt 0.3743509 0.9931588
vt 0.3731679 0.9905186
vt 0.3744021 0.9909169
vt 0.5616902 0.9960524
vt 0.1352539 0.9967347
vt 0.3541507 0.9902354
vt 0.550198 0.6023522
vt 0.2634778 0.9732552
vt 0.7287257 0.989848
vt 0.7317205 0.9870038
vt 0.3544313 0.985852
vt 0.5279737 0.8162122
vt 0.8484964 0.5994599
vt 0.8635347 0.5928056
vt 0.9903954 0.7819374
vt 0.968004 0.7629768
vt 0.969209 0.771044
vt 0.6630886 0.6581655
vt 0.8913341 0.5815961
vt 0.9031601 0.5714432
vt 0.7377772 0.9863102
vt 0.4814814 0.9136664
vt 0.8235016 0.49067
vt 0.1389854 0.4169186
vt 0.6364157 0.7957608
vt 0.633327 0.8623654
vt 0.6396124 0.7142766
vt 0.3511501 0.9909193
vt 0.3522639 0.9893875
vt 0.9338496 0.9980469
vt 0.9348471 0.9954177
vt 0.9326172 0.995596
vt 0.6958086 0.9869409
vt 0.6941261 0.9847265
vt 0.6964316 0.9978107
vt 0.7368979 0.5324542
vt 0.7452173 0.5256139
vt 0.4237598 0.982933
vt 0.6578984 0.8281665
vt 0.7237846 0.9915626
vt 0.7091219 0.9820781
vt 0.2058069 0.86764
vt 0.5461047 0.8521695
vt 0.5397068 0.8472257
vt 0.3748337 0.8720896
vt 0.3597006 0.8864789
vt 0.05105142 0.9121094
vt 0.2813625 0.9823072
vt 0.6338432 0.8774434
vt 0.03600924 0.9891846
vt 0.5266113 0.8099458
vt 0.5309737 0.8062717
vt 0.8000503 0.6096646
vt 0.8063953 0.6223066
vt 0.7490885 0.8869393
vt 0.1395186 0.722259
vt 0.1341985 0.7121839
vt 0.1300849 0.7262586
vt 0.1020955 0.7162651
vt 0.09375346 0.6836589
vt 0.09266436 0.6998945
vt 0.74984 0.9425201
vt 0.7512019 0.9592311
vt 0.7679358 0.8547191
vt 0.7709501 0.8889621
vt 0.9241263 0.6238929
vt 0.682071 0.4288117
vt 0.6733345 0.3925575
vt 0.6910628 0.47487
vt 0.4899916 0.9301295
vt 0.7824848 0.5967208
vt 0.5348544 0.8443091
vt 0.7216797 0.5101597
vt 0.5375978 0.6103664
vt 0.705719 0.990941
vt 0.7109653 0.9980469
vt 0.132517 0.6981167
vt 0.1721852 0.6106498
vt 0.1709558 0.5971181
vt 0.527311 0.8443315
vt 0.267772 0.9940227
vt 0.6373479 0.8422413
vt 0.496941 0.8887509
vt 0.9476405 0.4496452
vt 0.9608307 0.9980469
vt 0.9504542 0.4752389
vt 0.7021484 0.9919621
vt 0.7365794 0.9808519
vt 0.995434 0.747592
vt 0.4822823 0.9014531
vt 0.4242641 0.6473116
vt 0.116711 0.7642748
vt 0.1206456 0.7556686
vt 0.1161352 0.7597096
vt 0.7936171 0.995955
vt 0.6301799 0.8703399
vt 0.3510742 0.9904532
vt 0.4985195 0.8708994
vt 0.5183378 0.8628412
vt 0.5122837 0.8740131
vt 0.6335413 0.8611175
vt 0.7412009 0.9980469
vt 0.4406477 0.9651773
vt 0.4533674 0.9355559
vt 0.6734155 0.9852417
vt 0.8580309 0.5025722
vt 0.4090976 0.7077219
vt 0.9311762 0.5829716
vt 0.8972821 0.559803
vt 0.9841003 0.7672895
vt 0.9942747 0.768141
vt 0.2288173 0.6678296
vt 0.2251762 0.6756377
vt 0.2384449 0.6749731
vt 0.6357422 0.4562985
vt 0.4653023 0.9337325
vt 0.7419038 0.9742278
vt 0.7405943 0.9789739
vt 0.7427056 0.9773563
vt 0.4178623 0.9980469
vt 0.7385777 0.9823284
vt 0.7593191 0.8347903
vt 0.4554156 0.9413148
vt 0.4872611 0.9301465
vt 0.7126145 0.6750706
vt 0.6589176 0.3589759
vt 0.6299219 0.8330544
vt 0.3426907 0.9980469
vt 0.3144531 0.9978823
vt 0.4759149 0.9324529
vt 0.174187 0.6312933
vt 0.985554 0.7910156
vt 0.9136537 0.9954258
vt 0.5193337 0.8634959
vt 0.5482726 0.9826928
vt 0.4956055 0.9970703
vt 0.6158819 0.8419208
vt 0.3744642 0.6709514
vt 0.7384398 0.9829007
vt 0.7398888 0.9823916
vt 0.9626978 0.8201277
vt 0.8951304 0.6444784
vt 0.9045649 0.6340068
vt 0.8130886 0.7857682
vt 0.7398624 0.9742485
vt 0.6972185 0.9874434
vt 0.5461865 0.9980469
vt 0.6984082 0.9980469
vt 0.4066445 0.9951386
vt 0.6981887 0.9955783
vt 0.6315195 0.7193112
vt 0.6265224 0.7675781
vt 0.3749563 0.7083222
vt 0.3728006 0.9951544
vt 0.8415825 0.7471498
vt 0.2843643 0.7326914
vt 0.04362077 0.598139
vt 0.05699736 0.6130185
vt 0.06263623 0.5409217
vt 0.5281996 0.9935004
vt 0.372043 0.9839306
vt 0.7051401 0.6870514
vt 0.5340373 0.809628
vt 0.368888 0.6761101
vt 0.3721195 0.6911526
vt 0.625571 0.8885627
vt 0.6826172 0.9948777
vt 0.7306111 0.9741647
vt 0.3517796 0.9522832
vt 0.3367909 0.9316159
vt 0.3006619 0.9980469
vt 0.5636109 0.5545223
vt 0.9827483 0.7812477
vt 0.8722041 0.5255461
vt 0.6970667 0.9837366
vt 0.6954833 0.9852151
vt 0.3398706 0.9549047
vt 0.6994866 0.984381
vt 0.6800361 0.5566687
vt 0.3670455 0.6822028
vt 0.6969748 0.7019055
vt 0.7579389 0.6425767
vt 0.738578 0.9826812
vt 0.7638178 0.6958262
vt 0.7484996 0.6964228
vt 0.8937908 0.7061303
vt 0.6230367 0.7112988
vt 0.5812644 0.8566285
vt 0.02077132 0.6215172
vt 0.1591495 0.6815305
vt 0.4803619 0.9944438
vt 0.1307954 0.9942266
vt 0.1293676 0.9974769
vt 0.1317937 0.9980469
vt 0.3742126 0.9980469
vt 0.1089183 0.9908843
vt 0.5288663 0.8224341
vt 0.4763407 0.9291123
vt 0.6300649 0.9938965
vt 0.1146847 0.7323638
vt 0.117262 0.7277137
vt 0.1038247 0.7209429
vt 0.6166537 0.8319444
vt 0.6132622 0.8124641
vt 0.6132734 0.8432745
vt 0.9577619 0.8484733
vt 0.9391815 0.837557
vt 0.7480631 0.686216
vt 0.7082922 0.7090653
vt 0.4677734 0.9980469
vt 0.5261481 0.8025326
vt 0.5247418 0.8106682
vt 0.1181641 0.996461
vt 0.7194974 0.4873703
vt 0.6387284 0.4552055
vt 0.6446474 0.449518
vt 0.6375672 0.4432478
vt 0.290912 0.9960284
vt 0.5158001 0.5428563
vt 0.1396831 0.9921572
vt 0.3442278 0.4300328
vt 0.137362 0.9944177
vt 0.9934372 0.7799119
vt 0.8206059 0.789048
vt 0.3051954 0.9762303
vt 0.9578809 0.4499522
vt 0.9576579 0.4785156
vt 0.6329025 0.7037466
vt 0.3706669 0.7085015
vt 0.2841797 0.9851165
vt 0.1321 0.9933875
vt 0.9229445 0.4481698
vt 0.6963328 0.983582
vt 0.7667918 0.3570128
vt 0.8851182 0.6620577
vt 0.09631526 0.7140132
vt 0.2776844 0.9980469
vt 0.9203783 0.8417745
vt 0.95751 0.6162208
vt 0.9194336 0.7080078
vt 0.2744141 0.9906273
vt 0.6796635 0.9936252
vt 0.0847832 0.7308668
vt 0.1124641 0.7447022
vt 0.105769 0.7570565
vt 0.1124331 0.7637631
vt 0.9915274 0.8452443
vt 0.8841089 0.996179
vt 0.9655456 0.8607494
vt 0.9696904 0.3580692
vt 0.1026636 0.7137052
vt 0.06979322 0.7153618
vt 0.3345999 0.9748322
vt 0.3754883 0.9946901
vt 0.6749961 0.5537637
vt 0.3516761 0.6900159
vt 0.666792 0.5420373
vt 0.6606285 0.4837784
vt 0.6459326 0.4704503
vt 0.4396529 0.9932293
vt 0.1157085 0.7546467
vt 0.1173307 0.7425736
vt 0.279693 0.9929547
vt 0.0251703 0.9980469
vt 0.1171669 0.7536253
vt 0.1207465 0.7515071
vt 0.1280817 0.7366742
vt 0.1275922 0.7432969
vt 0.1245729 0.7200353
vt 0.1231335 0.7317151
vt 0.5419922 0.9949926
vt 0.2959207 0.9092991
vt 0.1280638 0.7336535
vt 0.1211311 0.7414742
vt 0.6778514 0.9955938
vt 0.8947129 0.5435215
vt 0.6769176 0.9874465
vt 0.9225129 0.5841336
vt 0.3803675 0.9907416
vt 0.1279297 0.6669844
vt 0.5256832 0.8340418
vt 0.5267646 0.8380914
vt 0.5244141 0.8359666
vt 0.7675414 0.9724293
vt 0.03180099 0.6509266
vt 0.03265202 0.6337391
vt 0.0289194 0.6464227
vt 0.1861836 0.6901644
vt 0.02413684 0.6271337
vt 0.1809992 0.6810191
vt 0.03181836 0.6265178
vt 0.03004295 0.6377132
vt 0.6824851 0.8684376
vt 0.6491265 0.8689767
vt 0.6408858 0.615683
vt 0.312517 0.7280125
vt 0.1843849 0.6976295
vt 0.1862615 0.7015968
vt 0.1834291 0.7026615
vt 0.8828449 0.5467953
vt 0.829 0.8091047
vt 0.1829954 0.689424
vt 0.1892757 0.6338518
vt 0.03428704 0.6162656
vt 0.1777476 0.7039295
vt 0.1478745 0.7128001
vt 0.9825925 0.3857959
vt 0.194332 0.6805694
vt 0.1901132 0.6723413
vt 0.1924156 0.683569
vt 0.4765669 0.9930021
vt 0.4778053 0.9916112
vt 0.1945871 0.6942761
vt 0.1945804 0.6710961
vt 0.1887172 0.6642818
vt 0.0393191 0.6311257
vt 0.1864618 0.6638566
vt 0.1883541 0.6724319
vt 0.03806746 0.638483
vt 0.04424757 0.6219388
vt 0.04143488 0.629199
vt 0.04768324 0.6160526
vt 0.5154043 0.9962747
vt 0.5179793 0.9957123
vt 0.0294385 0.5952306
vt 0.201759 0.6984392
vt 0.2005209 0.7032486
vt 0.2063967 0.7106095
vt 0.2160982 0.6929783
vt 0.2165362 0.6978689
vt 0.2196964 0.6990941
vt 0.2133652 0.6938981
vt 0.7804286 0.8660832
vt 0.2060224 0.6791135
vt 0.03663817 0.6582031
vt 0.2119511 0.6888096
vt 0.03936473 0.6298143
vt 0.3676758 0.9936314
vt 0.04290786 0.6566418
vt 0.2063488 0.6678
vt 0.03902206 0.6522782
vt 0.04582393 0.6474372
vt 0.05139035 0.6413816
vt 0.04692209 0.6385921
vt 0.4932542 0.9939045
vt 0.9165039 0.9888573
vt 0.4897461 0.995338
vt 0.05002612 0.6234103
vt 0.4922169 0.9951861
vt 0.4913202 0.9935934
vt 0.7181997 0.9901312
vt 0.203792 0.5195156
vt 0.2126237 0.6987849
vt 0.218922 0.6805158
vt 0.03999621 0.6412157
vt 0.2905273 0.996589
vt 0.6381308 0.4684206
vt 0.6383129 0.4560259
vt 0.04848832 0.6280448
vt 0.04460651 0.6282373
vt 0.7151155 0.9875761
vt 0.04277256 0.6084418
vt 0.03690615 0.6508131
vt 0.7796297 0.84451
vt 0.1878022 0.7043656
vt 0.9032126 0.9488603
vt 0.5797055 0.8071722
vt 0.9976654 0.7563899
vt 0.6258723 0.8457031
vt 0.1472211 0.9944074
vt 0.277832 0.3824186
vt 0.8969727 0.8500236
vt 0.2389499 0.682221
vt 0.2400016 0.6888099
vt 0.2920706 0.996609
vt 0.2910735 0.9970703
vt 0.2349855 0.7064201
vt 0.2187725 0.7038816
vt 0.2132994 0.7095268
vt 0.2433978 0.6949632
vt 0.2495283 0.7041218
vt 0.6396399 0.4779
vt 0.6374604 0.474546
vt 0.2423884 0.6825313
vt 0.3572632 0.6886728
vt 0.3613614 0.6772962
vt 0.4240954 0.9980469
vt 0.4228516 0.9952576
vt 0.4370226 0.9844239
vt 0.7255155 0.9740475
vt 0.6779863 0.5488213
vt 0.5427145 0.6855496
vt 0.1822639 0.6595
vt 0.636982 0.4582459
vt 0.6542087 0.6387561
vt 0.5485097 0.8500063
vt 0.6858212 0.556618
vt 0.3648981 0.6644329
vt 0.6847415 0.5444108
vt 0.1998132 0.5324739
vt 0.1875588 0.7004483
vt 0.988858 0.5449219
vt 0.1493243 0.6859782
vt 0.8818359 0.9890504
vt 0.8828921 0.9902344
vt 0.0507915 0.6881953
vt 0.7747569 0.534687
vt 0.04469907 0.6901177
vt 0.6479492 0.9873995
vt 0.1947993 0.7121438
vt 0.1954089 0.7028232
vt 0.9480536 0.3741612
vt 0.9231159 0.8872229
vt 0.03699571 0.6086317
vt 0.6445866 0.9926051
vt 0.3103743 0.9843285
vt 0.03827628 0.5343035
vt 0.1963271 0.5372441
vt 0.01269531 0.6153387
vt 0.3359874 0.6600362
vt 0.2822266 0.9934291
vt 0.244156 0.691283
vt 0.2436491 0.6929812
vt 0.8942082 0.6837392
vt 0.2968158 0.6979637
vt 0.6407372 0.5007116
vt 0.2871565 0.7175868
vt 0.650218 0.9869284
vt 0.2245744 0.6976302
vt 0.6394491 0.4862211
vt 0.1981417 0.6810854
vt 0.3820316 0.9954922
vt 0.63816 0.6485819
vt 0.642074 0.4797778
vt 0.6394711 0.4686506
vt 0.1630859 0.9975844
vt 0.6714406 0.5058987
vt 0.6697472 0.497339
vt 0.4852774 0.9244869
vt 0.6424333 0.4649874
vt 0.03430124 0.9915572
vt 0.9936874 0.4848703
vt 0.01779458 0.5920689
vt 0.03929788 0.5874275
vt 0.4899033 0.927577
vt 0.4795004 0.574273
vt 0.6060932 0.9980469
vt 0.4334533 0.9950855
vt 0.4931002 0.9960938
vt 0.5186356 0.9980469
vt 0.4336017 0.99612
vt 0.7744582 0.9968923
vt 0.7757007 0.9973311
vt 0.7807987 0.9736927
vt 0.7794067 0.9902344
vt 0.6742133 0.3751648
vt 0.773472 0.9606493
vt 0.7143555 0.9970703
vt 0.7737093 0.9953586
vt 0.7738626 0.9928578
vt 0.870511 0.4241911
vt 0.8677169 0.4117132
vt 0.5983651 0.9952984
vt 0.5993728 0.9952605
vt 0.4565983 0.9746361
vt 0.4543035 0.9781366
vt 0.4733121 0.9616179
vt 0.2560134 0.9980469
vt 0.6697095 0.5159784
vt 0.6652989 0.4991794
vt 0.6672867 0.4884121
vt 0.006073415 0.8484562
vt 0.007069588 0.8485377
vt 0.004515231 0.8357946
vt 0.006968617 0.8553057
vt 0.4326426 0.9975848
vt 0.7724609 0.9951928
vt 0.0860554 0.7626188
vt 0.6203994 0.9916407
vt 0.02447581 0.5780599
vt 0.9748483 0.4964023
vt 0.0682441 0.8258131
vt 0.6431375 0.7411289
vt 0.9975949 0.7629215
vt 0.05546713 0.6932589
vt 0.04973209 0.6962615
vt 0.5195228 0.5174726
vt 0.8408203 0.4130267
vt 0.4965507 0.5671648
vt 0.06258535 0.7986798
vt 0.6044922 0.9979454
vt 0.4326172 0.9952347
vt 0.5284688 0.9976764
vt 0.8857422 0.9976689
vt 0.6010076 0.9962209
vt 0.6020918 0.9975543
vt 0.4907403 0.9419509
vt 0.4913359 0.9504449
vt 0.5058203 0.9203767
vt 0.8033668 0.9980469
vt 0.5145962 0.8781872
vt 0.8032243 0.9964842
vt 0.8012695 0.997348
vt 0.0009765625 0.7959952
vt 0.5556293 0.9208072
vt 0.5303679 0.9429234
vt 0.07203496 0.7971155
vt 0.1474034 0.6913386
vt 0.3512963 0.6752276
vt 0.350284 0.663949
vt 0.3478011 0.6744474
vt 0.6740493 0.538297
vt 0.4462841 0.9980469
vt 0.0433073 0.7037416
vt 0.9560547 0.5079801
vt 0.6749486 0.5075512
vt 0.6067984 0.996399
vt 0.2587891 0.9955234
vt 0.6049543 0.9950488
vt 0.5273635 0.9948196
vt 0.4882776 0.567436
vt 0.05860513 0.5085932
vt 0.7726333 0.9980469
vt 0.7646484 0.9571283
vt 0.5301489 0.9980469
vt 0.6292121 0.9897462
vt 0.5654297 0.9868938
vt 0.4755859 0.928683
vt 0.08124496 0.9902344
vt 0.5367515 0.9953858
vt 0.6422018 0.4690616
vt 0.0146102 0.5917969
vt 0.6381016 0.4456223
vt 0.292217 0.9964402
vt 0.02288514 0.5631033
vt 0.5207279 0.4622549
vt 0.1206273 0.655799
vt 0.1300837 0.6794821
vt 0.9694688 0.4776155
vt 0.5263672 0.9929358
vt 0.6739728 0.520727
vt 0.09106332 0.5861838
vt 0.06593263 0.6308594
vt 0.6181641 0.9962779
vt 0.7170215 0.9838827
vt 0.6684314 0.5275981
vt 0.6715428 0.5216663
vt 0.6746615 0.5307277
vt 0.4881749 0.9377915
vt 0.6627651 0.5036893
vt 0.2289311 0.6515574
vt 0.705778 0.9970956
vt 0.1281329 0.6314411
vt 0.9370117 0.7548828
vt 0.01077527 0.8740234
vt 0.9684656 0.5327211
vt 0.04451272 0.6195938
vt 0.1450195 0.9946988
vt 0.5315724 0.9916632
vt 0.6359518 0.4087541
vt 0.5146484 0.9972472
vt 0.9387778 0.3930104
vt 0.63527 0.4688779
vt 0.9293391 0.8170055
vt 0.04356977 0.6121694
vt 0.6370114 0.9965354
vt 0.6342773 0.9970703
vt 0.4462809 0.9864464
vt 0.1083984 0.9980469
vt 0.5733199 0.8141453
usemtl Tile_+001_+000_texture_1
f 81/3 1/1 1044/2
f 1044/2 1/1 2/4
f 165/8 6/5 1329/6
f 1329/9 6/7 7/10
f 72/13 22/11 1129/12
f 383/15 728/14 281/16
f 1129/12 22/11 125/19
f 101/22 32/20 1286/21
f 1286/21 32/20 38/24
f 50/27 43/25 1278/26
f 1278/26 43/25 44/28
f 857/31 46/29 1023/30
f 1023/30 46/29 181/32
f 994/34 51/33 8/35
f 955/38 55/36 56/37
f 863/40 228/39 1220/41
f 914/44 59/43 944/45
f 944/45 59/43 63/46
f 919/48 67/47 72/13
f 1144/51 77/49 79/50
f 1259/54 85/53 1044/2
f 1057/56 88/55 1168/57
f 1168/57 88/55 91/58
f 1168/61 91/59 115/60
f 44/28 97/62 1154/63
f 1154/63 97/62 99/64
f 419/67 197/66 196/68
f 1154/70 99/65 101/69
f 126/73 105/71 687/72
f 687/72 105/71 133/74
f 1149/77 109/75 114/76
f 1149/77 114/76 1192/78
f 1192/81 114/79 113/80
f 4/83 350/82 536/84
f 1168/61 115/60 152/85
f 4/83 958/86 855/87
f 958/86 343/88 13/89
f 4/83 343/88 958/86
f 835/92 117/90 119/91
f 536/84 343/88 4/83
f 835/92 119/91 120/93
f 1129/12 125/19 123/94
f 150/97 127/95 734/96
f 734/96 127/95 130/98
f 687/72 133/74 685/99
f 685/99 133/74 134/100
f 685/99 134/100 138/101
f 343/88 459/102 13/89
f 1198/104 138/103 121/105
f 121/105 139/106 1198/104
f 13/89 460/107 958/86
f 1198/104 139/106 168/108
f 459/102 439/110 353/111
f 21/115 140/113 1355/114
f 1355/114 140/113 143/116
f 350/82 47/117 536/84
f 343/88 536/84 533/118
f 47/121 538/120 508/122
f 73/127 144/125 846/126
f 846/126 144/125 146/128
f 846/126 146/128 1113/129
f 439/112 992/130 353/132
f 1113/129 146/128 198/133
f 460/107 568/134 958/86
f 153/137 149/136 734/96
f 683/138 460/135 289/139
f 538/123 118/140 508/141
f 734/96 149/136 150/97
f 1168/61 152/85 726/143
f 726/143 152/85 153/137
f 289/139 179/144 683/138
f 460/135 184/145 289/139
f 353/111 13/89 459/102
f 118/142 849/147 508/148
f 342/150 856/149 328/151
f 536/119 45/153 533/154
f 353/111 277/155 13/89
f 1102/157 344/156 343/88
f 935/160 155/158 154/159
f 1036/163 158/161 157/162
f 35/167 350/164 833/166
f 38/24 159/168 1279/169
f 1102/157 537/170 344/156
f 533/118 1102/157 343/88
f 1002/174 1010/173 1042/175
f 1279/169 159/168 674/176
f 683/138 568/177 460/135
f 508/124 536/84 47/117
f 536/179 508/148 509/178
f 509/178 340/180 536/179
f 130/98 160/181 1070/182
f 495/185 492/184 490/186
f 1070/189 160/183 164/188
f 846/126 164/190 93/191
f 1329/9 167/192 166/193
f 863/195 1033/194 842/196
f 958/86 830/198 829/199
f 1198/202 168/109 177/201
f 199/206 169/204 1187/205
f 1187/205 169/204 172/208
f 1198/210 177/203 178/209
f 1023/30 181/32 186/211
f 509/178 1101/212 340/180
f 1278/26 186/211 50/27
f 687/72 188/213 126/73
f 8/35 189/214 994/34
f 994/34 189/214 195/215
f 193/218 192/216 666/217
f 666/217 192/216 1057/219
f 994/34 195/215 1058/220
f 1058/222 195/221 666/217
f 918/224 768/223 1112/225
f 1113/129 198/133 203/226
f 1187/207 201/227 199/228
f 1113/129 203/226 664/229
f 664/229 203/226 205/230
f 664/229 205/230 655/231
f 655/234 205/232 208/233
f 655/234 208/233 209/235
f 655/234 209/235 652/236
f 652/236 209/235 210/238
f 1122/240 11/239 365/241
f 652/236 210/238 640/242
f 299/244 942/243 1045/245
f 640/242 210/238 215/246
f 842/196 1076/247 728/17
f 640/242 215/246 638/248
f 281/18 728/17 1127/249
f 657/251 216/250 204/252
f 222/255 217/253 635/254
f 635/254 217/253 221/256
f 635/254 230/257 226/258
f 233/261 232/259 633/260
f 312/263 905/262 1205/264
f 411/266 1306/265 1038/267
f 633/260 232/259 634/268
f 633/260 234/269 233/261
f 281/18 1127/249 282/270
f 238/274 236/271 621/272
f 621/276 236/273 624/275
f 108/281 329/277 331/279
f 244/284 237/282 619/283
f 619/283 237/282 240/285
f 619/283 240/285 614/286
f 621/272 242/287 238/274
f 239/289 243/288 614/286
f 614/286 243/288 615/290
f 619/283 245/291 244/284
f 603/293 252/292 247/294
f 602/296 255/295 252/292
f 1049/297 495/185 411/266
f 600/299 259/298 258/300
f 599/302 263/301 262/303
f 267/306 266/304 595/305
f 595/305 266/304 596/307
f 542/309 972/308 282/270
f 370/311 939/310 422/312
f 270/315 269/313 590/314
f 1038/267 1306/265 1241/316
f 590/314 269/313 595/305
f 589/318 272/317 271/319
f 276/321 273/320 640/242
f 640/242 273/320 274/322
f 213/324 275/323 638/248
f 638/248 275/323 276/321
f 639/326 278/325 584/327
f 1009/329 1141/328 863/330
f 584/327 278/325 279/331
f 584/327 279/331 327/332
f 320/335 305/333 579/334
f 579/334 305/333 309/336
f 579/334 309/336 582/337
f 582/337 309/336 336/338
f 584/327 327/332 583/339
f 583/339 327/332 579/334
f 582/337 336/338 391/340
f 582/337 391/340 579/334
f 579/334 391/340 578/341
f 337/343 482/342 578/341
f 578/341 482/342 588/344
f 95/347 500/345 736/346
f 736/346 500/345 585/348
f 1355/114 544/349 42/350
f 540/352 535/351 299/244
f 1122/240 183/353 17/354
f 736/346 585/348 569/355
f 972/308 1241/316 383/356
f 972/308 1038/267 1241/316
f 569/355 585/348 1067/357
f 9/359 379/358 1305/360
f 7/10 591/361 1080/362
f 547/363 492/184 542/309
f 1080/362 591/361 598/364
f 1080/362 598/364 567/365
f 567/365 598/364 620/366
f 567/365 620/366 644/367
f 1294/369 1317/368 1111/370
f 567/365 644/367 656/371
f 567/365 656/371 736/346
f 885/373 23/372 1305/360
f 40/374 23/372 1317/368
f 1279/169 674/176 870/375
f 314/377 396/376 1045/245
f 870/375 674/176 676/378
f 282/270 285/379 542/309
f 892/381 893/380 905/262
f 1045/245 540/352 299/244
f 870/375 676/378 678/382
f 833/166 684/383 35/167
f 361/386 287/385 362/387
f 35/390 684/384 688/389
f 444/392 294/391 311/393
f 40/374 1317/368 1294/369
f 1239/397 433/396 335/398
f 35/390 688/389 156/399
f 328/403 856/152 304/401
f 444/405 311/395 307/404
f 156/399 688/389 686/406
f 501/409 689/407 777/408
f 1353/410 535/351 540/352
f 710/413 691/411 254/412
f 254/412 691/411 752/414
f 1205/264 905/262 451/416
f 1289/418 693/417 690/419
f 703/422 697/420 780/421
f 780/421 697/420 795/423
f 1003/425 701/424 502/426
f 1272/429 1031/428 1025/430
f 1076/247 842/196 894/432
f 502/434 701/427 746/433
f 1184/435 842/196 728/17
f 714/438 702/436 1185/437
f 190/440 211/439 523/441
f 1185/437 702/436 704/444
f 885/373 1305/360 379/358
f 549/446 1220/445 316/447
f 863/195 332/449 1033/194
f 845/451 905/262 1271/452
f 1185/437 704/444 1234/453
f 1234/453 704/444 780/421
f 709/456 711/454 1203/455
f 1203/455 711/454 712/457
f 905/262 845/451 451/416
f 190/440 856/402 211/439
f 265/459 311/458 294/394
f 712/457 713/460 1185/437
f 1237/462 731/461 540/352
f 1185/437 713/460 714/438
f 723/465 717/463 1199/464
f 1316/467 821/466 820/468
f 163/470 184/469 523/471
f 1199/464 717/463 718/473
f 1023/474 718/473 699/475
f 749/478 719/476 818/477
f 818/477 719/476 810/479
f 1038/267 1049/297 411/266
f 1199/464 724/480 723/465
f 784/483 725/481 1221/482
f 878/485 1054/484 1065/486
f 291/487 547/363 542/309
f 290/489 943/488 551/490
f 1221/482 725/481 727/492
f 1202/493 727/492 724/480
f 1178/495 707/494 410/496
f 798/500 733/498 241/499
f 241/499 733/498 65/502
f 801/505 735/503 1005/504
f 1005/504 735/503 796/506
f 1203/455 739/507 709/456
f 65/502 741/508 410/509
f 456/510 1054/484 1306/265
f 124/514 15/511 264/513
f 410/509 741/508 742/515
f 182/517 743/516 681/518
f 761/522 745/520 895/521
f 895/521 745/520 743/516
f 502/434 746/433 818/477
f 818/477 746/433 749/478
f 254/524 752/415 757/523
f 760/527 754/525 862/526
f 106/530 212/529 358/531
f 547/363 490/186 492/184
f 352/536 1183/533 248/535
f 1317/368 20/537 1269/538
f 1269/538 1361/539 1317/368
f 34/541 1297/540 522/542
f 862/526 754/525 753/543
f 293/545 260/544 347/546
f 254/524 757/523 862/528
f 862/528 757/523 760/548
f 690/419 762/549 1289/418
f 214/551 909/550 556/552
f 522/542 1297/540 1250/553
f 962/555 904/554 541/556
f 1176/559 708/558 854/560
f 1163/564 420/563 559/565
f 904/557 1288/566 541/567
f 1282/569 1288/566 1347/570
f 1065/486 563/571 878/485
f 1216/573 131/572 1242/574
f 433/396 854/562 941/576
f 108/281 331/279 1284/578
f 847/579 941/576 976/580
f 756/582 568/177 683/138
f 1131/584 452/583 953/585
f 816/588 315/587 751/589
f 963/591 903/590 202/592
f 818/477 1121/593 502/434
f 804/595 398/594 445/596
f 847/579 917/597 433/396
f 260/547 345/598 347/599
f 568/177 756/582 68/600
f 430/603 557/602 249/604
f 1183/606 287/385 361/386
f 182/609 111/608 722/610
f 1052/613 1059/612 1117/614
f 444/405 1317/368 1361/539
f 559/565 562/616 1163/564
f 898/620 939/617 555/619
f 906/622 1334/621 382/623
f 1195/626 98/625 100/627
f 907/629 554/628 897/630
f 949/634 952/633 405/635
f 297/637 497/636 18/638
f 692/640 405/635 952/633
f 970/641 547/532 1240/642
f 1275/644 677/643 562/616
f 738/646 1310/645 485/647
f 700/648 738/646 475/649
f 399/653 963/650 330/652
f 529/659 897/655 531/657
f 881/660 700/648 879/661
f 952/633 561/662 1246/663
f 1183/606 212/529 287/385
f 549/446 463/664 1220/445
f 962/555 541/556 520/666
f 471/671 793/668 797/670
f 802/673 748/672 1347/570
f 763/676 783/674 802/673
f 373/680 797/677 841/679
f 858/684 708/681 1171/683
f 1347/570 466/685 802/673
f 797/670 793/668 783/686
f 967/687 783/686 864/688
f 805/691 891/689 896/690
f 1357/693 531/692 897/658
f 963/650 313/694 194/695
f 1289/418 762/549 761/522
f 797/677 744/696 841/679
f 939/617 759/697 555/619
f 898/620 555/619 975/699
f 510/703 940/700 417/701
f 1105/705 1092/704 286/706
f 680/709 765/708 156/399
f 940/702 488/710 417/711
f 962/555 531/712 554/713
f 906/715 1275/644 562/616
f 156/399 765/708 769/716
f 897/658 554/631 1357/693
f 906/622 898/620 1334/621
f 1181/718 943/488 290/489
f 675/721 766/720 265/722
f 898/618 906/715 559/565
f 947/725 292/724 1251/726
f 759/697 975/699 555/619
f 554/713 904/554 962/555
f 557/730 390/728 1319/729
f 554/717 759/697 566/732
f 763/676 532/733 787/734
f 1334/621 975/699 554/717
f 554/717 531/714 782/736
f 1183/533 361/607 248/535
f 782/736 531/714 776/737
f 194/695 313/694 1014/739
f 283/741 415/740 986/742
f 382/623 554/717 782/736
f 265/459 766/723 773/744
f 566/732 1357/745 554/717
f 64/748 418/746 861/747
f 520/666 531/712 962/555
f 836/751 1003/750 1027/752
f 941/581 854/577 804/595
f 946/756 457/753 435/755
f 202/592 313/757 963/591
f 675/721 767/759 764/760
f 76/764 899/761 874/763
f 896/690 891/689 706/766
f 1246/663 1250/553 1291/768
f 494/770 464/769 405/635
f 812/774 550/771 1260/773
f 156/399 769/716 767/759
f 913/777 1143/776 1098/778
f 475/649 485/647 889/780
f 383/356 1054/484 393/781
f 1296/783 706/767 1310/645
f 824/785 772/784 307/404
f 1310/645 483/786 485/647
f 1022/788 386/787 488/710
f 896/690 489/789 805/691
f 522/542 740/791 280/792
f 1291/768 692/640 952/633
f 307/404 772/784 821/466
f 405/635 692/640 881/660
f 464/769 494/770 1311/794
f 1121/593 818/477 811/795
f 475/649 494/770 879/661
f 520/797 541/667 1288/568
f 1311/794 518/798 464/769
f 864/688 787/735 759/799
f 547/363 291/487 534/800
f 949/634 521/802 561/662
f 561/662 952/633 949/634
f 879/661 405/635 881/660
f 405/635 879/661 494/770
f 345/598 116/803 90/804
f 881/660 692/640 815/805
f 477/808 989/806 1022/788
f 532/733 1357/745 787/734
f 489/810 896/790 1312/809
f 256/815 293/812 161/814
f 228/42 316/447 1220/445
f 265/459 773/744 311/458
f 1250/553 1246/663 522/542
f 776/737 531/714 907/816
f 1027/752 89/817 808/818
f 871/820 326/819 325/821
f 441/823 394/822 407/824
f 841/679 744/696 806/825
f 349/828 899/826 347/546
f 406/831 705/830 515/832
f 488/710 470/834 477/808
f 311/458 773/744 823/836
f 470/834 488/710 940/702
f 874/763 899/761 349/827
f 1022/788 488/710 477/808
f 60/838 1174/837 902/839
f 820/468 774/841 1316/467
f 370/311 422/312 290/719
f 470/835 989/842 477/807
f 1316/467 774/841 822/843
f 412/845 295/844 468/846
f 453/847 435/755 457/753
f 855/87 775/849 350/82
f 863/40 1220/41 1009/850
f 961/852 302/851 261/853
f 456/510 455/854 1065/486
f 458/856 543/855 806/825
f 190/858 1087/857 1092/707
f 706/767 1296/783 896/790
f 1163/564 562/616 677/643
f 889/780 485/647 483/786
f 475/649 889/780 518/798
f 92/864 313/860 304/862
f 771/866 908/865 373/680
f 104/868 148/867 1074/869
f 1210/871 922/870 357/872
f 1348/875 884/873 722/611
f 732/877 931/876 800/878
f 1091/880 977/879 945/881
f 558/883 493/882 552/884
f 436/888 1047/885 985/887
f 985/887 988/889 436/888
f 918/891 471/890 908/892
f 1269/538 66/894 463/664
f 350/82 775/849 852/895
f 501/409 777/408 89/896
f 527/898 548/897 296/899
f 468/846 457/848 412/845
f 348/901 447/900 407/824
f 1157/903 377/902 442/904
f 442/908 377/905 997/907
f 1254/909 722/610 111/608
f 304/401 707/494 76/910
f 18/638 424/911 486/913
f 1118/917 848/914 1040/916
f 1241/316 1054/484 383/356
f 89/896 777/408 803/919
f 992/130 987/921 353/132
f 967/687 864/688 747/923
f 285/379 299/244 534/800
f 694/926 781/924 1262/925
f 202/758 707/494 313/863
f 431/927 447/900 348/901
f 1262/925 781/924 1023/30
f 1262/929 786/928 784/483
f 89/817 800/930 413/931
f 1092/707 92/932 190/858
f 699/475 789/933 1023/474
f 409/935 950/934 319/936
f 122/937 89/817 1027/752
f 429/938 431/927 348/901
f 522/542 1029/939 34/541
f 1023/474 789/933 788/940
f 431/927 398/594 12/941
f 558/883 552/884 401/942
f 1262/925 790/943 695/944
f 12/941 398/594 804/595
f 1221/946 791/945 790/943
f 241/948 1173/947 1005/504
f 915/949 1059/612 526/950
f 161/814 293/812 1178/951
f 429/938 398/594 431/927
f 290/719 1156/952 370/311
f 565/954 794/953 792/955
f 780/421 795/423 564/956
f 34/541 1029/939 214/551
f 1059/612 493/882 1001/957
f 429/938 996/958 398/594
f 939/698 747/923 759/799
f 759/799 747/923 864/688
f 404/960 858/959 1018/961
f 1005/504 796/506 241/948
f 993/965 1121/963 961/852
f 961/852 1121/963 302/851
f 523/471 211/442 504/966
f 1035/968 1220/445 463/664
f 871/820 249/604 474/969
f 871/820 528/971 249/604
f 1297/540 1256/972 1250/553
f 851/975 957/974 873/976
f 377/902 1157/903 1016/977
f 1171/683 1018/980 858/684
f 241/501 796/962 798/981
f 394/822 996/958 429/938
f 445/596 428/982 448/983
f 377/905 380/984 1193/986
f 380/987 377/985 1016/979
f 18/912 1312/988 389/989
f 1087/992 523/990 82/991
f 429/938 348/901 394/822
f 1093/995 1069/994 1268/996
f 1157/978 392/997 1016/998
f 1313/1000 1097/999 323/1001
f 348/901 407/824 394/822
f 934/1003 364/1002 388/1004
f 996/958 1193/986 380/984
f 771/866 918/224 908/865
f 394/822 1193/986 996/958
f 461/1005 392/997 440/1006
f 486/913 297/637 18/638
f 996/958 380/984 428/982
f 380/987 1016/979 385/1007
f 1153/1008 986/742 872/1009
f 385/1010 1016/998 461/1005
f 392/997 461/1005 1016/998
f 1015/1014 162/1011 1099/1013
f 14/1017 487/1015 1233/1016
f 811/796 799/1018 302/851
f 302/1021 799/1019 801/1020
f 534/800 291/487 285/379
f 162/1011 355/1022 1099/1013
f 1156/1025 551/1023 970/1024
f 970/1024 551/1023 298/1026
f 921/1029 368/1028 371/1030
f 371/1032 976/1033 921/1034
f 430/603 360/1036 924/1037
f 277/1039 103/1038 922/1040
f 917/597 371/1041 927/1043
f 335/398 433/396 927/1043
f 89/817 803/920 807/1044
f 890/1046 471/890 918/891
f 922/1040 103/1038 1171/1048
f 76/1050 1178/951 293/812
f 89/817 807/1044 808/818
f 818/477 810/479 811/795
f 848/1052 1118/915 900/1051
f 307/404 821/466 1316/467
f 1316/467 822/843 825/1053
f 1258/1055 1226/1054 1227/1056
f 1227/1056 964/1057 1258/1055
f 964/1057 1279/169 1258/1055
f 1258/1055 1261/1058 1226/1054
f 1279/169 1231/1059 1258/1055
f 964/1057 1039/1060 1279/169
f 1046/1062 1202/1061 1199/1063
f 564/956 1234/453 780/421
f 564/956 795/423 794/953
f 564/956 565/954 1236/1064
f 794/953 565/954 564/956
f 1236/1064 1234/453 564/956
f 565/954 792/955 791/945
f 212/529 980/1065 287/385
f 1236/1064 565/954 1221/946
f 791/945 1221/946 565/954
f 311/458 823/836 824/1067
f 726/143 1328/1068 1168/61
f 1328/1069 1345/1070 1168/57
f 1316/467 825/1053 845/451
f 845/451 825/1053 826/1071
f 254/412 827/1072 710/413
f 182/609 828/1073 68/1074
f 68/601 828/1075 827/1072
f 325/821 959/1076 356/1077
f 862/526 830/1078 568/1079
f 568/134 830/198 958/86
f 844/1081 832/1080 350/164
f 1023/474 788/940 786/928
f 786/928 1262/929 1023/474
f 1023/30 781/924 779/1082
f 1023/30 779/1082 778/1083
f 867/1084 360/1036 1252/1085
f 930/1088 359/1086 362/387
f 1021/1090 911/1089 458/1091
f 350/164 832/1080 833/166
f 1003/750 836/751 819/1093
f 808/818 839/1095 1027/752
f 750/1097 53/1096 1245/1098
f 930/1088 362/387 287/385
f 362/388 206/1100 361/607
f 485/647 475/649 738/646
f 1027/752 839/1095 836/751
f 829/200 840/1102 958/1103
f 958/1103 840/1102 843/1104
f 350/82 852/895 844/1106
f 843/1105 853/1107 958/86
f 958/86 853/1107 855/87
f 778/1083 857/31 1023/30
f 70/1108 1269/538 20/537
f 156/399 686/406 680/709
f 538/123 220/1109 118/140
f 1043/1114 359/1111 354/1113
f 921/1029 354/1115 368/1028
f 184/145 136/1116 1348/1117
f 952/633 1246/663 1291/768
f 1239/397 882/1119 1176/1120
f 1184/435 728/17 393/781
f 399/651 425/1121 351/1123
f 480/1124 1296/783 1310/645
f 1280/1126 936/1125 1180/1127
f 758/1129 1000/1128 358/531
f 755/1132 1164/1131 187/1133
f 452/583 1131/584 1090/1134
f 882/1119 107/1135 1229/1136
f 1179/1138 1147/1137 229/1139
f 1269/538 69/1140 1061/1141
f 384/1142 1061/1141 387/1143
f 771/866 543/855 458/856
f 553/1144 1040/916 848/914
f 1143/779 916/1145 1047/1146
f 1125/1148 912/1147 447/900
f 433/396 941/576 847/579
f 817/1149 1288/566 1282/569
f 371/1151 368/1031 219/1150
f 913/777 916/1152 1143/776
f 219/1150 128/1153 980/1066
f 219/1150 368/1031 354/1113
f 453/1155 434/1154 367/1156
f 445/596 448/983 976/1035
f 448/983 428/982 354/1115
f 445/596 976/1035 804/595
f 976/1035 941/581 804/595
f 750/1097 883/1159 53/1096
f 445/596 398/594 996/958
f 370/311 1156/952 1260/773
f 1043/1162 1358/1161 362/1163
f 362/387 359/1086 1043/1112
f 996/958 428/982 445/596
f 107/1135 882/1119 1239/397
f 504/1165 507/1164 1074/869
f 493/882 1059/612 915/949
f 883/1159 750/1097 458/1091
f 1136/1167 870/375 678/382
f 816/588 526/950 315/587
f 280/793 770/1168 1215/1169
f 552/884 1282/569 1363/1170
f 356/1077 528/971 871/820
f 524/1171 897/632 1288/566
f 299/244 285/379 942/243
f 567/365 1067/357 1080/362
f 1098/778 920/1173 913/777
f 567/365 569/355 1067/357
f 736/346 656/371 653/1174
f 1340/1175 1176/1120 882/1119
f 107/1135 335/398 933/1176
f 737/1178 1051/1177 1268/996
f 1083/1179 493/882 558/883
f 1041/1180 1044/2 2/4
f 736/346 569/355 567/365
f 1067/357 585/348 544/349
f 1347/570 1363/1170 1282/569
f 1000/1128 758/1129 1229/1136
f 371/1041 933/1176 927/1043
f 902/1182 1174/840 148/1181
f 1047/1146 928/1183 926/1184
f 570/1186 575/1185 574/1187
f 574/1187 571/1188 570/1186
f 570/1186 576/1189 575/1185
f 571/1188 572/1190 570/1186
f 576/1189 570/1186 573/1191
f 572/1190 573/1191 570/1186
f 574/1187 587/1192 571/1188
f 572/1190 571/1188 1084/1193
f 571/1188 587/1192 593/1194
f 573/1191 572/1190 1359/1195
f 1084/1193 1359/1195 572/1190
f 1359/1195 1085/1196 573/1191
f 576/1189 573/1191 580/1198
f 1085/1196 580/1198 573/1191
f 574/1187 589/318 590/314
f 575/1185 589/318 574/1187
f 575/1185 578/341 588/344
f 578/341 575/1185 577/1199
f 576/1189 577/1199 575/1185
f 577/1199 576/1189 581/1200
f 580/1198 581/1200 576/1189
f 578/341 577/1199 579/334
f 577/1199 581/1200 583/339
f 588/344 589/318 575/1185
f 588/344 482/342 438/1201
f 578/341 391/340 337/343
f 1210/871 1340/1175 409/935
f 1303/1203 481/1202 324/1204
f 579/334 327/332 320/335
f 583/339 579/334 577/1199
f 581/1200 580/1198 1322/1206
f 1085/1196 1322/1206 580/1198
f 583/339 581/1200 586/1208
f 915/949 865/1209 493/882
f 586/1208 584/327 583/339
f 707/494 1178/495 76/910
f 751/589 999/1210 831/1211
f 1239/397 335/398 107/1135
f 335/398 927/1043 933/1176
f 1327/1212 999/1210 751/589
f 584/327 586/1208 639/326
f 505/1215 512/1213 956/1214
f 921/1029 448/983 354/1115
f 965/1216 526/950 1052/613
f 921/1029 976/1035 448/983
f 527/898 1273/1217 548/897
f 748/672 1363/1170 1347/570
f 639/326 640/242 274/322
f 274/322 278/325 639/326
f 586/1208 1322/1206 643/1219
f 1322/1206 586/1208 581/1200
f 593/1194 1084/1193 571/1188
f 587/1192 590/314 592/1221
f 590/314 587/1192 574/1187
f 537/171 848/1052 900/1051
f 588/344 438/1201 272/317
f 461/1005 440/1006 310/1222
f 106/530 107/1135 933/1176
f 272/317 589/318 588/344
f 1083/1179 558/883 890/1045
f 589/318 271/319 270/315
f 592/1221 593/1194 587/1192
f 595/305 269/313 268/1223
f 270/315 590/314 589/318
f 1061/1141 66/894 1269/538
f 831/1211 816/588 751/589
f 595/305 592/1221 590/314
f 930/1087 219/1150 359/1111
f 592/1221 596/307 594/1224
f 595/305 596/307 592/1221
f 1084/1193 593/1194 594/1224
f 594/1224 593/1194 592/1221
f 596/307 597/1225 594/1224
f 1084/1193 594/1224 642/1226
f 597/1225 642/1226 594/1224
f 595/305 268/1223 267/306
f 596/307 266/304 263/301
f 373/678 471/671 797/670
f 597/1225 596/307 599/302
f 263/301 599/302 596/307
f 597/1225 605/1227 608/1228
f 605/1227 597/1225 601/1229
f 599/302 601/1229 597/1225
f 980/1065 212/529 933/1176
f 1302/1231 1182/1230 1098/778
f 338/1233 375/1232 310/1234
f 601/1229 599/302 600/299
f 599/302 262/303 259/298
f 601/1229 604/1235 605/1227
f 259/298 600/299 599/302
f 600/299 258/300 255/295
f 440/1006 338/1237 310/1222
f 682/1238 741/508 65/502
f 601/1236 602/1239 611/1240
f 602/296 601/1229 600/299
f 611/1240 604/1241 601/1236
f 602/296 603/293 614/286
f 29/1245 284/1244 813/1246
f 255/295 602/296 600/299
f 614/1243 611/1240 602/1239
f 252/292 603/293 602/296
f 614/286 603/293 619/283
f 603/293 247/294 245/291
f 245/291 619/283 603/293
f 611/1242 607/1248 604/1235
f 605/1227 604/1235 606/1249
f 604/1235 607/1248 610/1250
f 608/1228 642/1226 597/1225
f 605/1227 606/1249 609/1251
f 610/1250 606/1249 604/1235
f 609/1251 608/1228 605/1227
f 610/1250 609/1251 606/1249
f 610/1250 607/1248 613/1253
f 611/1242 613/1253 607/1248
f 608/1228 641/1254 645/1255
f 608/1257 609/1252 1055/1256
f 609/1252 628/1258 1055/1256
f 609/1251 610/1250 650/1259
f 650/1259 610/1250 613/1253
f 613/1253 612/1261 650/1259
f 613/1253 611/1242 615/290
f 614/286 615/290 611/1242
f 612/1261 637/1262 649/1263
f 612/1261 617/1265 658/1266
f 613/1253 617/1265 612/1261
f 617/1265 613/1253 616/1267
f 613/1253 615/290 618/1269
f 615/290 243/288 242/1271
f 614/286 240/285 239/289
f 618/1269 616/1267 613/1253
f 242/287 621/272 615/1270
f 616/1268 623/1272 1123/1273
f 616/1267 618/1269 626/1274
f 1082/1276 658/1266 617/1265
f 623/1279 654/1278 662/1280
f 623/1279 622/1282 654/1278
f 618/1269 625/1284 626/1274
f 625/1284 618/1269 621/276
f 621/272 618/1285 615/1270
f 1204/1286 970/1024 298/1026
f 212/529 106/530 933/1176
f 219/1150 930/1087 128/1153
f 1144/1289 79/52 3/1288
f 621/276 624/275 625/1284
f 624/275 236/273 234/269
f 286/706 1014/739 1105/705
f 622/1292 651/1291 1308/1293
f 651/1291 622/1292 627/1295
f 623/1283 627/1295 622/1292
f 627/1295 623/1283 626/1274
f 626/1274 623/1283 616/1267
f 234/269 633/260 624/275
f 625/1298 624/1290 630/1297
f 633/1296 630/1297 624/1290
f 626/1274 625/1284 631/1300
f 630/1299 631/1300 625/1284
f 627/1295 626/1274 629/1301
f 626/1274 631/1300 632/1302
f 651/1291 627/1295 1308/1293
f 627/1295 629/1301 647/1303
f 1055/1256 1331/1304 608/1257
f 612/1261 649/1263 650/1259
f 647/1303 1308/1293 627/1295
f 629/1301 632/1302 648/1308
f 632/1302 629/1301 626/1274
f 630/1299 634/268 635/254
f 633/260 634/268 630/1299
f 631/1300 635/254 636/1309
f 635/254 631/1300 630/1299
f 648/1308 647/1303 629/1301
f 632/1302 636/1309 657/251
f 636/1309 632/1302 631/1300
f 634/268 232/259 231/1310
f 471/669 401/942 1363/1170
f 362/1101 310/1234 375/1232
f 634/268 231/1310 230/257
f 230/257 635/254 634/268
f 635/254 226/258 222/255
f 392/997 338/1237 440/1006
f 636/1309 635/254 221/256
f 657/251 648/1308 632/1302
f 636/1309 221/256 216/250
f 650/1260 628/1258 609/1252
f 658/1266 637/1262 612/1261
f 54/1313 469/1312 218/1314
f 390/1317 924/1037 235/1318
f 815/805 1250/553 1256/972
f 638/248 215/246 213/324
f 276/321 640/242 638/248
f 639/326 643/1219 652/236
f 643/1219 639/326 586/1208
f 652/236 640/242 639/326
f 498/1320 536/119 414/1321
f 1256/972 308/1322 815/805
f 645/1255 642/1226 608/1228
f 646/1323 645/1255 641/1254
f 1084/1193 642/1226 660/1324
f 645/1255 660/1324 642/1226
f 202/592 903/590 333/1325
f 493/882 865/1209 552/884
f 1322/1220 1142/1327 643/1319
f 5/1329 88/55 1057/56
f 1142/1327 652/237 643/1319
f 1361/539 1269/538 131/575
f 286/706 1037/1330 1014/739
f 660/1324 645/1255 1331/1306
f 1331/1306 645/1255 646/1323
f 628/1258 650/1260 1055/1256
f 1331/1306 646/1323 641/1254
f 1331/1306 641/1254 608/1228
f 1308/1293 647/1303 1356/1332
f 648/1308 1356/1332 647/1303
f 1356/1332 648/1308 1337/1333
f 648/1308 657/251 1187/207
f 650/1334 649/1307 658/1311
f 658/1311 649/1307 637/1264
f 1055/1256 650/1260 659/1335
f 658/1311 659/1336 650/1334
f 1123/1273 617/1277 616/1268
f 622/1339 1308/1294 662/1338
f 652/237 1142/1327 1158/1340
f 997/907 377/905 1193/986
f 532/733 763/676 466/685
f 216/250 657/251 636/1309
f 1057/56 191/1342 5/1329
f 1037/1345 286/1331 174/1343
f 617/1277 1123/1273 1082/1346
f 370/311 550/771 809/1348
f 662/1281 1123/1273 623/1272
f 662/1280 654/1278 622/1282
f 806/825 883/1350 458/856
f 997/907 1193/986 394/822
f 664/229 655/231 1158/1340
f 1158/1340 655/231 652/237
f 883/1159 560/1351 53/1096
f 855/87 350/82 4/83
f 657/251 204/252 201/227
f 417/711 1338/1352 1339/1353
f 1187/207 1337/1333 648/1308
f 201/227 1187/207 657/251
f 659/1357 658/1337 1115/1355
f 1082/1275 1115/1358 658/1356
f 1055/1256 659/1335 1104/1359
f 1115/1355 1104/1360 659/1357
f 1084/1193 660/1324 1170/1361
f 1331/1306 1170/1361 660/1324
f 1331/1362 661/1363 1170/1364
f 1331/1362 1150/1365 661/1363
f 1170/1364 661/1363 1318/1367
f 1150/1365 1318/1367 661/1363
f 662/1349 663/1368 1123/1369
f 663/1368 662/1349 1128/1370
f 1308/1294 1128/1371 662/1338
f 1128/1370 665/1372 663/1368
f 1123/1369 663/1368 1051/1374
f 665/1372 1051/1374 663/1368
f 399/651 903/590 963/591
f 1148/1377 1020/1376 1191/1378
f 1158/1340 1113/129 664/229
f 1051/1380 665/1375 1060/1379
f 1128/1373 1060/1379 665/1375
f 666/217 195/221 193/218
f 666/217 1057/219 1058/222
f 1057/219 192/216 191/1383
f 1110/1388 1321/1384 1112/1386
f 1338/1352 417/711 386/787
f 306/1392 227/1389 200/1391
f 148/867 104/868 1195/626
f 916/1145 928/1183 1047/1146
f 1344/1393 1204/1286 934/1394
f 834/1397 1281/1396 915/949
f 934/1399 1204/1395 479/1398
f 1358/1161 1043/1162 385/1010
f 116/803 876/1401 90/804
f 386/787 1145/1403 1338/1352
f 1020/1376 1148/1377 496/1404
f 286/1406 1092/707 52/1405
f 338/1237 392/997 462/1408
f 1102/1409 553/1144 848/914
f 800/878 122/1411 732/877
f 395/1413 898/618 559/565
f 841/679 543/855 373/680
f 372/1415 1319/729 390/728
f 1323/1417 162/1416 1015/1012
f 1080/362 1329/9 7/10
f 539/1419 338/1233 29/1245
f 78/1421 331/1420 102/1422
f 331/1420 329/280 102/1422
f 329/1424 98/625 102/1423
f 329/1424 108/278 98/625
f 108/278 100/627 98/625
f 108/278 175/1425 100/627
f 108/281 1159/1426 175/1427
f 78/1421 667/1429 331/1420
f 667/1429 874/765 331/1420
f 874/765 667/1429 185/1430
f 78/1421 185/1430 667/1429
f 874/763 1284/578 331/279
f 175/1425 60/838 100/627
f 60/838 902/839 100/627
f 908/865 471/893 373/680
f 554/628 907/629 904/1431
f 1034/1436 673/1433 669/1435
f 669/1435 668/1437 1034/1436
f 668/1437 670/1438 1034/1436
f 670/1438 668/1437 388/1004
f 668/1437 669/1435 388/1004
f 673/1433 672/1439 669/1435
f 672/1439 556/552 669/1435
f 364/1002 1257/1440 670/1438
f 1257/1440 934/1003 670/1438
f 388/1004 364/1002 670/1438
f 556/552 388/1004 669/1435
f 1034/1436 670/1438 671/1441
f 670/1438 934/1003 479/1400
f 479/1400 671/1441 670/1438
f 479/1400 19/1442 671/1441
f 1034/1436 671/1441 1181/1443
f 19/1442 1181/1443 671/1441
f 672/1439 214/551 556/552
f 214/551 672/1439 395/1446
f 673/1433 395/1446 672/1439
f 19/1445 478/1448 1181/1450
f 478/1448 1086/1451 1181/1450
f 1086/1453 943/488 1181/718
f 395/1413 673/1447 421/1454
f 1034/1434 421/1454 673/1447
f 1034/1434 422/312 421/1454
f 1034/1434 290/719 422/312
f 959/1076 325/821 785/1455
f 523/471 504/966 163/470
f 1249/1457 546/1456 1274/1458
f 783/686 763/675 787/735
f 347/599 345/598 90/804
f 898/618 395/1413 939/310
f 341/1463 347/1460 925/1462
f 1025/431 679/1464 1272/1465
f 1047/1146 679/1464 1025/431
f 461/1005 1358/1161 385/1010
f 878/485 1097/999 1313/1000
f 354/1113 359/1111 219/1150
f 354/1113 428/1158 1043/1114
f 918/1047 1108/1468 890/1045
f 737/1178 1124/1470 1051/1177
f 1087/1473 277/1039 922/1040
f 1292/1476 501/1474 1209/1475
f 1222/1477 881/660 815/805
f 806/825 560/1478 883/1350
f 926/1184 1094/1479 1170/1364
f 51/33 994/34 1058/220
f 104/868 1074/869 507/1164
f 370/311 809/1348 939/310
f 462/1408 295/844 338/1237
f 1353/410 540/352 731/461
f 809/1348 550/771 1314/1481
f 357/872 1340/1175 1210/871
f 538/120 47/121 675/721
f 1176/1120 1340/1175 357/872
f 18/912 497/639 1312/988
f 744/696 1314/1484 560/1478
f 363/1488 1251/726 248/1487
f 248/535 206/1100 363/1489
f 137/1492 1135/1491 1180/1127
f 1180/1127 1135/1491 878/485
f 1037/1495 334/1493 194/1494
f 1355/114 42/350 21/115
f 806/825 543/855 841/679
f 560/1478 806/825 744/696
f 748/672 802/673 783/674
f 1274/1459 498/1320 549/665
f 76/910 910/1496 304/401
f 156/399 675/721 47/121
f 1242/574 1248/1498 1216/573
f 851/975 951/1499 957/974
f 412/845 374/1500 284/1247
f 402/1502 814/1501 1215/1169
f 1101/212 1248/1498 463/1503
f 295/844 462/1408 468/846
f 1312/809 896/790 480/1124
f 339/1505 1252/1085 36/1506
f 36/1506 1252/1085 959/1076
f 1319/731 173/1507 557/605
f 10/1509 539/1419 41/1508
f 566/732 787/734 1357/745
f 970/641 1260/1510 1156/1160
f 1265/1511 959/1076 1206/1512
f 412/845 284/1247 295/844
f 370/311 1260/773 550/771
f 468/846 462/1408 434/1154
f 338/1237 295/844 284/1247
f 324/1204 481/1202 516/1513
f 412/845 457/848 374/1500
f 793/668 748/1515 783/686
f 1053/1518 288/1517 388/1004
f 1034/1434 1181/1444 290/719
f 854/577 858/682 804/595
f 728/14 383/15 393/782
f 299/244 535/351 534/800
f 737/1178 1268/996 1069/994
f 860/1521 1270/1520 1101/212
f 1101/212 1270/1520 340/180
f 369/1524 223/1522 1206/1523
f 466/685 1347/570 1288/566
f 300/1526 1062/1525 1307/1527
f 372/1529 250/1528 800/930
f 131/572 1216/573 444/392
f 360/1036 430/603 528/971
f 845/451 1271/452 1316/467
f 1136/1167 678/382 188/213
f 1313/1000 323/1001 514/1530
f 522/542 814/1531 1029/939
f 434/1154 462/1408 1157/978
f 468/846 434/1154 457/848
f 76/1497 874/765 185/1430
f 457/848 434/1154 453/1155
f 1339/1354 10/1509 417/701
f 1269/538 463/664 1242/1534
f 776/738 887/1535 782/743
f 782/743 887/1535 503/1536
f 937/1537 953/585 1249/1538
f 374/1500 946/754 813/1540
f 814/1501 402/1502 481/1202
f 675/721 1194/1542 538/120
f 1313/1000 953/585 878/485
f 480/1504 1263/1543 1364/1544
f 318/1546 1099/1013 880/1545
f 447/900 473/1547 1125/1148
f 498/1320 1274/1459 45/153
f 318/1546 880/1545 360/1036
f 787/735 864/688 783/686
f 1363/1170 793/1516 471/669
f 804/595 858/682 12/941
f 26/1549 37/1548 888/1550
f 1010/173 750/1097 1245/1098
f 360/1036 528/971 356/1077
f 83/1552 62/1551 1072/1553
f 441/823 446/1554 1207/1555
f 942/243 314/377 1045/245
f 473/1547 499/1556 929/1557
f 912/1147 446/1554 447/900
f 1323/1417 515/833 162/1416
f 923/1558 992/922 439/131
f 1363/1170 748/672 793/1516
f 1336/1560 1100/1559 920/1173
f 920/1173 1100/1559 1160/1561
f 72/13 1129/12 919/48
f 880/1545 132/1563 924/1037
f 441/823 447/900 446/1554
f 503/1536 886/1564 677/643
f 959/1076 1265/1511 36/1506
f 1314/1565 747/923 939/698
f 1266/1566 1353/410 1002/174
f 441/1568 27/1567 442/906
f 11/239 26/1549 25/1569
f 681/519 828/1073 182/609
f 447/900 441/823 407/824
f 861/747 877/1570 1283/1571
f 293/545 899/826 76/762
f 1163/564 886/1564 64/1572
f 108/281 1284/578 1006/1573
f 556/552 58/1574 388/1004
f 936/1125 1303/1575 324/1205
f 1006/1578 925/1576 1159/1428
f 360/1036 867/1084 318/1546
f 560/1351 1314/1485 550/1482
f 433/396 917/597 927/1043
f 1135/1491 323/1001 1097/999
f 190/858 523/443 1087/857
f 1269/538 70/1108 69/1140
f 27/1567 367/1579 434/1157
f 516/1513 481/1202 513/1580
f 82/993 13/89 1087/1472
f 1317/368 307/404 1271/452
f 922/870 1210/871 52/1407
f 1230/1581 872/1009 986/742
f 324/1205 516/1514 1107/1582
f 408/1583 1045/245 396/376
f 408/1583 1237/462 1045/245
f 1335/1585 31/1584 1264/1586
f 66/894 1061/1141 384/1142
f 878/485 393/781 1054/484
f 529/656 1288/566 897/632
f 481/1541 981/1588 58/1574
f 1270/1520 414/1589 536/179
f 867/1084 1252/1085 339/1505
f 1303/1575 983/1590 973/1591
f 524/1171 776/737 907/816
f 1029/939 909/550 214/551
f 973/1591 981/1592 1303/1575
f 812/772 851/975 550/1482
f 417/711 488/710 386/787
f 326/819 785/1455 325/821
f 1346/1596 491/1595 323/1001
f 983/1590 1303/1575 1280/1126
f 987/1597 1018/980 1171/683
f 40/374 9/359 1305/360
f 1314/1484 744/696 747/1598
f 515/832 705/830 235/1318
f 301/1599 1272/429 679/1466
f 969/1601 369/1600 1206/1512
f 859/1603 506/1602 173/1507
f 1037/1330 194/695 1014/739
f 404/960 1018/961 300/1526
f 960/1605 1109/1604 1095/1606
f 824/785 307/404 311/395
f 960/1605 54/1313 1109/1604
f 516/1514 1315/1608 1107/1582
f 513/1580 481/1202 402/1502
f 491/1610 257/1609 514/1611
f 1230/1581 206/1490 362/1101
f 1211/1613 513/1580 491/1610
f 1180/1127 878/485 563/571
f 372/1529 705/830 250/1528
f 1131/584 257/1612 1090/1134
f 1280/1126 563/571 983/1590
f 1216/573 509/178 508/148
f 464/769 465/1614 473/1547
f 503/1536 382/624 782/743
f 936/1125 137/1492 1180/1127
f 1107/1582 137/1492 936/1125
f 137/1492 1186/1615 1346/1596
f 916/1145 1160/1616 928/1183
f 137/1492 1107/1582 1315/1608
f 1306/265 411/266 456/510
f 34/541 214/551 1096/1617
f 550/1482 851/975 560/1351
f 1230/1581 363/1486 206/1490
f 509/178 1248/1498 1101/212
f 1251/726 292/724 351/1123
f 1182/1230 1056/1618 1098/778
f 313/694 1105/705 1014/739
f 490/187 288/1517 495/1619
f 1104/1360 1124/1620 408/1621
f 326/819 474/969 785/1455
f 298/1287 19/1449 1204/1395
f 486/913 837/1623 487/1015
f 249/970 173/1507 474/1624
f 1015/1012 406/1625 1323/1417
f 495/185 1053/1626 411/266
f 474/969 326/819 871/820
f 10/1509 41/1508 510/703
f 511/1628 1145/1403 432/1627
f 1053/1518 973/1593 456/1629
f 708/561 858/682 854/577
f 89/817 406/831 1015/1014
f 456/510 411/266 1053/1626
f 323/1001 1135/1491 1346/1596
f 1229/1136 107/1135 1000/1128
f 455/854 456/510 973/1591
f 235/1318 132/1563 515/832
f 284/1247 374/1500 813/1540
f 868/1630 1025/430 1031/428
f 1315/1631 516/1513 513/1580
f 103/1038 353/132 987/921
f 1346/1596 1186/1615 491/1595
f 743/516 182/517 895/521
f 1186/1615 137/1492 1315/1608
f 1346/1596 1135/1491 137/1492
f 107/1135 106/530 1000/1128
f 352/536 346/1634 991/1635
f 491/1610 1307/1637 257/1609
f 514/1530 323/1001 491/1595
f 283/741 1251/727 363/1486
f 1276/1638 1307/1527 1062/1525
f 1303/1575 936/1125 1280/1126
f 514/1530 1131/584 1313/1000
f 536/119 498/1320 45/153
f 1107/1582 936/1125 324/1205
f 458/856 768/223 771/866
f 510/703 417/701 10/1509
f 52/1407 1210/871 409/935
f 459/102 343/88 344/156
f 1017/1642 257/1640 1307/1527
f 842/1644 1033/197 530/1643
f 194/1494 334/1493 991/1646
f 1092/707 1087/857 52/1405
f 1285/1648 1220/445 1035/968
f 1130/1650 86/1649 112/1651
f 1276/1638 1017/1642 1307/1527
f 1096/1617 1364/1654 34/541
f 1279/169 1286/21 38/24
f 1087/1647 922/870 52/1407
f 1111/370 1317/368 1271/452
f 875/1657 1013/1656 868/1630
f 352/534 358/531 212/529
f 253/1659 858/959 404/960
f 1364/1544 1263/1543 1297/973
f 1090/1134 519/1661 171/1662
f 1042/175 1004/1664 951/1499
f 173/1507 376/1665 474/1624
f 481/1541 909/550 814/1531
f 1343/1668 450/1667 1276/1638
f 454/1670 1276/1638 450/1667
f 1299/1672 1013/1656 875/1657
f 869/1673 1297/540 34/541
f 1209/1475 1099/1013 1277/1674
f 513/1580 971/1675 1315/1631
f 381/1677 866/1676 1222/1477
f 1276/1638 1062/1525 1343/1668
f 1171/1049 357/872 922/870
f 1033/197 1151/1679 530/1643
f 65/502 729/1680 682/1238
f 1248/1498 1242/574 463/1503
f 403/1682 306/1392 183/353
f 463/1503 860/1521 1101/212
f 1307/1637 513/1580 404/1660
f 404/1660 513/1580 402/1502
f 334/1685 319/1684 1073/1686
f 111/608 68/1074 683/1688
f 480/1504 437/1689 1312/988
f 971/1675 1211/1613 1186/1632
f 19/1449 479/1398 1204/1395
f 1318/1367 1150/1365 1326/1690
f 1186/1632 1315/1631 971/1675
f 971/1675 513/1580 1211/1613
f 80/1693 850/1692 1167/1694
f 347/829 341/1461 349/1695
f 298/1287 478/1452 19/1449
f 241/499 333/1696 1173/1697
f 1280/1126 1180/1127 563/571
f 110/1698 256/815 895/1699
f 228/42 937/1537 1249/1538
f 895/1699 182/1633 110/1698
f 397/1701 16/1700 381/1677
f 767/759 675/721 156/399
f 981/1588 973/1593 58/1574
f 973/1593 388/1004 58/1574
f 1274/1459 316/448 1249/1702
f 316/447 228/42 1249/1538
f 983/1590 455/854 973/1591
f 16/1704 1256/1703 1263/1543
f 764/760 766/720 675/721
f 302/1705 1005/504 1173/947
f 1310/645 866/1676 480/1124
f 1106/1708 1064/1707 1138/1709
f 1155/1711 1069/994 1093/995
f 347/546 899/826 293/545
f 78/1421 328/1712 910/1714
f 173/1507 84/1715 859/1603
f 319/1684 334/1685 174/1343
f 171/1662 452/583 1090/1134
f 1317/368 444/405 307/404
f 976/1033 371/1032 917/1042
f 285/379 282/270 942/243
f 866/1676 381/1677 16/1700
f 175/1719 49/1718 1174/840
f 875/1720 530/1643 1151/1679
f 16/1704 1263/1543 480/1504
f 1263/1543 1256/1703 1297/973
f 16/1700 397/1701 1256/972
f 1276/1653 454/1669 519/1661
f 758/1723 1073/1686 319/1684
f 37/1548 70/1108 888/1550
f 12/941 858/682 253/1658
f 1174/837 60/838 175/1425
f 544/349 1355/114 1067/357
f 450/1667 1343/1668 1026/1725
f 332/449 1299/1672 1151/1721
f 425/1121 1219/1726 351/1123
f 94/1728 1072/1553 62/1551
f 1049/297 492/184 495/185
f 450/1667 1026/1725 454/1670
f 542/309 285/379 291/487
f 196/68 1167/1694 850/1692
f 1074/1166 978/1730 504/966
f 923/1558 1118/1731 1026/1732
f 82/991 523/990 184/472
f 892/381 9/359 1294/369
f 68/600 756/582 683/138
f 492/184 1049/297 1038/267
f 61/1735 419/67 379/358
f 466/685 904/557 532/733
f 872/1009 362/1101 375/1232
f 419/67 74/1736 443/1737
f 443/1737 379/358 419/67
f 1167/1694 196/68 197/66
f 885/373 24/1738 31/1584
f 182/1633 884/1739 1071/1741
f 190/440 92/864 856/402
f 62/1551 251/1743 1167/1694
f 61/1735 366/1744 94/1728
f 452/1745 171/1717 1102/1409
f 16/1700 480/1124 866/1676
f 863/330 1141/328 1126/1747
f 519/1663 1040/916 171/1717
f 995/1749 1141/328 1009/329
f 419/67 94/1728 197/66
f 174/1716 52/1407 319/936
f 419/67 61/1735 94/1728
f 1098/778 1162/1750 1114/1751
f 1206/1512 785/1455 969/1601
f 866/1676 1310/645 881/660
f 332/450 1151/1679 1033/197
f 174/1716 286/1344 52/1407
f 381/1677 308/1322 397/1701
f 732/1752 1003/425 502/426
f 33/1753 74/1736 1030/1754
f 249/604 528/971 430/603
f 69/1140 70/1108 37/1548
f 850/1692 74/1736 196/68
f 410/509 333/1696 241/499
f 443/1737 74/1736 33/1753
f 1040/916 519/1663 454/1722
f 1266/1566 951/1499 812/772
f 1184/1756 228/39 863/40
f 443/1737 24/1738 885/373
f 1030/1754 75/1757 33/1753
f 1030/1754 30/1758 1335/1585
f 553/1144 171/1717 1040/916
f 932/1760 721/1759 888/1550
f 399/651 351/1123 961/852
f 848/1410 537/170 1102/157
f 363/1486 415/740 283/741
f 251/1743 62/1551 83/1552
f 475/649 1311/794 494/770
f 80/1693 71/1761 28/1762
f 1118/915 459/1763 900/1051
f 721/1759 1362/1765 888/1550
f 1099/1013 1209/1475 1015/1014
f 30/1758 1030/1754 720/1766
f 1026/1725 1343/1668 300/1526
f 71/1761 1362/1765 28/1762
f 1291/768 1250/553 692/640
f 1310/645 738/646 700/648
f 815/805 308/1322 1222/1477
f 1000/1128 106/530 358/531
f 90/804 925/1576 347/599
f 496/1404 96/1768 376/1666
f 20/537 23/372 31/1584
f 1030/1754 74/1736 850/1692
f 1362/1765 71/1761 888/1550
f 74/1736 419/67 196/68
f 987/1597 923/1769 1026/1734
f 1026/1734 300/1767 987/1597
f 212/529 1183/606 352/534
f 885/373 379/358 443/1737
f 1317/368 23/372 20/537
f 1026/1729 1118/1733 454/1755
f 175/1719 1159/1428 49/1718
f 1209/1475 1277/1674 1292/1476
f 932/1760 30/1758 720/1766
f 1127/249 728/17 1076/247
f 313/694 92/861 1105/705
f 785/1455 1206/1512 959/1076
f 1274/1458 546/1456 452/586
f 888/1550 71/1761 26/1549
f 1163/564 389/989 420/563
f 1093/995 1268/996 1051/1177
f 452/1771 1102/1746 533/172
f 1312/811 497/636 489/1772
f 975/699 1334/621 898/620
f 953/1539 452/586 546/1456
f 1031/428 1272/429 301/1599
f 1127/249 1076/247 942/243
f 983/1590 563/571 455/854
f 31/1584 1335/1585 20/537
f 1283/1775 424/1773 170/1774
f 938/1776 1207/1555 446/1554
f 170/1774 64/1572 1283/1775
f 1312/988 437/1689 420/563
f 395/1413 421/1454 939/310
f 720/1766 80/1693 28/1762
f 80/1693 720/1766 1030/1754
f 426/1778 1349/1777 129/1779
f 48/1784 227/1781 1089/1783
f 1163/564 64/1572 170/1774
f 530/1645 875/1657 1031/428
f 187/1133 716/1785 280/792
f 1121/593 993/964 502/434
f 770/1786 431/927 12/941
f 292/724 947/725 993/965
f 995/1749 1009/329 945/881
f 894/432 396/376 314/377
f 314/377 1076/247 894/432
f 771/866 768/223 918/224
f 521/802 755/1132 740/791
f 993/965 961/852 292/724
f 424/1773 18/912 389/989
f 545/1789 1349/1780 176/1790
f 837/1623 877/1570 861/747
f 545/1789 176/1790 142/1791
f 235/1318 924/1037 132/1563
f 96/1768 378/1792 785/1455
f 851/975 812/772 951/1499
f 740/791 522/542 561/662
f 991/1646 334/1493 1073/1687
f 352/534 991/1636 358/531
f 200/1391 227/1389 48/1782
f 129/1794 545/1789 200/1391
f 837/1623 861/747 317/1795
f 376/1666 785/1455 474/969
f 1089/1783 227/1781 145/1796
f 142/1791 141/1797 545/1789
f 1030/1754 850/1692 80/1693
f 888/1550 70/1108 932/1760
f 187/1133 740/791 755/1132
f 1048/1798 26/1549 11/239
f 1048/1798 11/239 1122/240
f 785/1455 376/1666 96/1768
f 170/1774 389/989 1163/564
f 978/1799 884/1742 1348/874
f 1164/1131 755/1132 464/769
f 395/1413 559/565 420/563
f 913/777 1160/1561 916/1152
f 41/1508 539/1419 29/1245
f 1215/1169 404/1660 402/1502
f 1212/1801 1255/1800 1166/1802
f 170/1774 424/1773 389/989
f 306/1392 17/354 183/353
f 82/993 460/107 13/89
f 875/1657 1151/1721 1299/1672
f 463/1683 1012/1803 860/1804
f 978/1799 876/1401 884/1742
f 861/747 1283/1571 64/748
f 280/792 716/1785 770/1786
f 1166/1802 229/1139 1190/1805
f 439/110 459/102 1118/1764
f 1349/1780 1166/1802 1190/1805
f 447/900 716/1785 187/1133
f 229/1139 1147/1137 1190/1805
f 365/241 183/353 1122/240
f 92/861 1092/704 1105/705
f 517/1806 1255/1800 427/1807
f 849/147 294/391 444/392
f 473/1547 447/900 187/1133
f 187/1133 1164/1131 473/1547
f 282/270 972/308 281/18
f 903/590 399/651 261/853
f 968/1809 1212/1801 1225/1810
f 530/1645 894/432 842/196
f 1038/267 542/309 492/184
f 770/1786 716/1785 431/927
f 716/1785 447/900 431/927
f 449/1813 1078/1812 321/1814
f 464/769 473/1547 1164/1131
f 1050/1816 54/1815 218/1316
f 187/1133 280/792 740/791
f 332/449 863/195 1126/1748
f 145/1796 227/1781 180/1817
f 224/1819 1165/1818 225/1820
f 381/1677 1222/1477 308/1322
f 1200/1822 730/1821 87/1823
f 1200/1822 1224/1824 730/1821
f 966/1825 929/1557 499/1556
f 518/798 1311/794 475/649
f 1179/1138 147/1826 1342/1828
f 426/1778 1225/1811 1349/1777
f 1089/1783 145/1796 968/1829
f 426/1778 48/1784 1089/1783
f 991/1635 346/1634 330/654
f 464/769 518/798 465/1614
f 521/802 464/769 755/1132
f 464/769 521/802 949/634
f 375/1232 506/1602 872/1009
f 467/1834 147/1831 416/1833
f 1248/1498 509/178 1216/573
f 69/1140 17/354 387/1143
f 218/1835 467/1834 1011/1836
f 467/1834 416/1833 1011/1836
f 889/1838 483/859 505/1215
f 141/1797 17/354 200/1391
f 1169/1842 1130/1839 525/1841
f 497/636 297/637 489/1772
f 834/1397 998/1844 1281/1396
f 1047/1146 408/1622 679/1464
f 1200/1822 1201/1845 1224/1824
f 1072/1553 94/1728 366/1744
f 218/1835 469/1315 467/1834
f 1019/1846 54/1313 960/1605
f 427/1808 449/1813 517/1847
f 1032/1850 1064/1707 1095/1849
f 1081/1852 1161/1851 1011/1836
f 473/1547 465/1614 499/1556
f 706/766 891/689 505/1215
f 346/1634 352/536 248/535
f 1213/1854 86/1649 1130/1650
f 1166/1802 1225/1810 1212/1801
f 889/780 465/1614 518/798
f 465/1614 1196/1856 499/1556
f 1342/1828 730/1821 1224/1824
f 889/780 1196/1856 465/1614
f 129/1794 1349/1780 545/1789
f 476/1857 142/1791 176/1790
f 505/1215 483/859 706/766
f 1165/1818 1342/1828 1224/1824
f 26/1549 1048/1798 69/1140
f 1165/1818 1179/1138 1342/1828
f 383/356 281/18 972/308
f 1245/1098 1042/175 1010/173
f 400/1859 410/509 742/515
f 1015/1014 1209/1475 89/817
f 562/616 559/565 906/715
f 986/742 947/1860 283/741
f 330/652 963/650 194/695
f 463/664 66/894 1035/968
f 1006/1577 341/1463 925/1462
f 265/459 294/394 1194/1862
f 863/195 842/196 1184/435
f 1074/869 148/867 90/1863
f 960/1605 1120/1865 151/1866
f 706/767 483/786 1310/645
f 700/648 475/649 879/661
f 423/1868 1138/1867 1064/1710
f 515/832 355/1022 162/1011
f 886/1564 1163/564 677/643
f 557/605 173/1507 249/970
f 1071/1741 110/1698 182/1633
f 1290/1870 954/1869 1309/1871
f 954/1869 948/1872 1188/1873
f 849/147 1216/573 508/148
f 865/1209 817/1149 1282/569
f 1188/1873 1035/968 954/1869
f 942/243 282/270 1127/249
f 677/643 1275/644 503/1536
f 1275/644 382/624 503/1536
f 421/1454 422/312 939/310
f 382/624 1275/644 906/715
f 683/1688 1254/909 111/608
f 1078/1812 449/1813 427/1808
f 1120/1875 1095/1849 1075/1874
f 332/449 1028/1877 1300/1878
f 504/1165 211/967 507/1164
f 207/1881 838/1879 14/1880
f 253/1882 404/1660 1215/1169
f 1215/1169 770/1168 253/1882
f 1154/63 1278/26 44/28
f 1300/1878 1299/1672 332/449
f 1266/1566 812/772 1240/1884
f 443/1737 33/1753 24/1738
f 386/787 432/1627 1145/1403
f 332/449 1126/1748 1028/1877
f 907/816 897/632 524/1171
f 14/1017 1233/1016 207/1885
f 505/1215 956/1214 889/1838
f 66/894 954/1869 1035/968
f 759/697 554/717 975/699
f 34/541 1364/1654 869/1673
f 1208/1886 1032/1850 1095/1849
f 317/1795 1233/1016 487/1015
f 207/1885 1233/1016 317/1795
f 947/1860 986/742 1153/1008
f 330/1830 194/1494 991/1646
f 554/717 382/623 1334/621
f 409/935 319/936 52/1407
f 887/1535 548/1888 1273/1218
f 1288/568 529/1587 520/797
f 330/654 425/1727 399/1122
f 1288/566 904/557 466/685
f 859/1603 84/1715 931/876
f 498/1320 414/1321 1012/1803
f 487/1015 837/1623 317/1795
f 880/1545 1099/1013 355/1022
f 942/243 1076/247 314/377
f 1301/1891 1013/1889 1299/1671
f 501/1474 89/817 1209/1475
f 731/461 1010/173 1353/410
f 972/308 542/309 1038/267
f 1068/1892 296/899 998/1844
f 1309/1871 954/1869 66/894
f 472/1893 476/1857 176/1790
f 437/1689 480/1504 395/1413
f 151/1866 1120/1865 1075/1876
f 180/1817 227/1781 403/1681
f 264/513 15/511 57/1894
f 180/1817 124/512 86/1649
f 1278/1897 1154/70 1172/1896
f 430/603 246/1899 557/602
f 186/211 1278/26 1023/30
f 1278/26 1066/1900 1023/30
f 225/1820 135/1902 1354/1903
f 524/1171 548/897 776/737
f 1278/26 1172/1898 1066/1900
f 1071/1904 345/598 260/547
f 907/1432 531/692 1357/693
f 1354/1903 224/1819 225/1820
f 894/432 301/1599 396/376
f 396/376 301/1599 679/1466
f 161/814 410/497 400/1858
f 161/814 400/1858 1289/1905
f 145/1796 979/1906 968/1829
f 1357/693 904/1907 907/1432
f 1058/220 178/1908 51/33
f 527/898 1068/1892 901/1910
f 410/497 161/814 1178/951
f 707/494 202/758 410/496
f 1230/1581 986/742 415/740
f 527/898 296/899 1068/1892
f 333/1326 410/496 202/758
f 261/853 302/851 1173/1706
f 250/1528 705/830 406/831
f 124/512 180/1817 403/1681
f 1071/1904 884/1742 876/1401
f 1045/245 1237/462 540/352
f 142/1791 476/1857 384/1142
f 1174/840 49/1718 148/1181
f 15/1895 403/1682 365/241
f 557/602 246/1899 390/1317
f 1074/1166 90/1864 978/1730
f 68/601 254/412 568/1912
f 135/1902 384/1142 476/1857
f 151/1866 1175/1914 1189/1915
f 330/654 346/1634 1219/1916
f 909/550 481/1541 556/552
f 1349/1777 1225/1811 1166/1855
f 1251/726 351/1123 1219/1726
f 476/1857 472/1893 1354/1903
f 531/657 520/749 529/659
f 141/1797 142/1791 384/1142
f 679/1466 408/1583 396/376
f 998/1844 296/899 817/1149
f 845/451 826/1071 739/507
f 1299/1671 1300/1883 1301/1891
f 1305/360 23/372 40/374
f 1264/1586 31/1584 24/1738
f 1239/397 854/562 433/396
f 31/1584 23/372 885/373
f 122/937 800/930 89/817
f 847/579 976/580 917/597
f 180/1817 979/1906 145/1796
f 65/502 733/498 729/1680
f 390/1317 235/1318 372/1529
f 1166/1802 1255/1800 1179/1138
f 1179/1138 1165/1818 1147/1137
f 995/1749 945/881 977/879
f 257/1612 1017/1641 1090/1134
f 362/1101 872/1009 1230/1581
f 708/558 1176/559 357/1483
f 261/853 399/651 961/852
f 1120/1865 960/1605 1095/1606
f 1188/1873 945/1917 1119/1919
f 1285/1648 1188/1873 1119/1919
f 458/1091 750/1097 1021/1090
f 923/1558 987/1770 992/922
f 307/404 1316/467 1271/452
f 71/1761 25/1569 26/1549
f 700/648 881/660 1310/645
f 730/1821 1342/1828 469/1312
f 1188/1873 1285/1648 1035/968
f 1201/1845 1309/1871 225/1820
f 498/1320 1012/1803 549/665
f 1294/369 9/359 40/374
f 1023/1920 1066/1901 1046/1062
f 1012/1803 463/1683 549/665
f 1264/1586 75/1757 1335/1585
f 960/1605 974/1921 1019/1846
f 1059/612 1052/613 526/950
f 776/738 548/1888 887/1535
f 515/833 1323/1417 406/1625
f 180/1817 86/1649 1213/1854
f 1175/1914 1188/1873 1189/1915
f 1153/1887 993/964 947/1787
f 1011/1836 416/1833 517/1847
f 930/1087 287/1099 128/1153
f 45/153 1274/1459 533/154
f 1188/1873 948/1872 1189/1915
f 730/1821 1019/1846 974/1921
f 993/964 1153/1887 303/1925
f 1165/1818 1201/1845 225/1820
f 987/1597 300/1767 1018/980
f 416/1833 147/1831 1179/1827
f 877/1570 837/1623 486/913
f 129/1779 48/1784 426/1778
f 356/1077 959/1076 360/1036
f 1189/1915 948/1872 151/1866
f 444/405 1361/539 131/575
f 987/921 1171/1048 103/1038
f 730/1821 469/1312 1019/1846
f 420/563 437/1689 395/1413
f 1019/1846 469/1312 54/1313
f 20/537 1335/1585 932/1760
f 1116/1926 1075/1874 1103/1927
f 943/488 1086/1453 551/490
f 1167/1694 197/66 62/1551
f 860/1521 414/1589 1270/1520
f 345/598 1071/1904 116/803
f 978/1730 163/470 504/966
f 1283/1571 877/1570 486/913
f 878/485 953/585 393/781
f 1313/1000 1131/584 953/585
f 988/889 1295/1929 1320/1930
f 932/1760 1335/1585 30/1758
f 980/1066 128/1153 287/1099
f 928/1183 1085/1931 926/1184
f 1335/1585 75/1757 1030/1754
f 974/1921 1290/1870 87/1823
f 1003/425 732/1752 122/1412
f 926/1184 1085/1931 1094/1479
f 1251/727 283/741 947/1860
f 1075/1876 1175/1914 151/1866
f 974/1921 954/1869 1290/1870
f 720/1766 721/1759 932/1760
f 1124/1470 737/1178 731/461
f 1119/1919 945/1917 1009/1788
f 1106/1708 1302/1231 1152/1932
f 538/120 1194/1542 220/1933
f 87/1823 1290/1870 1200/1822
f 1091/880 1116/1926 1114/1751
f 294/391 849/147 118/142
f 1116/1926 1188/1918 1175/1922
f 62/1551 197/66 94/1728
f 926/1184 1170/1364 1318/1367
f 1095/1849 1109/1607 1208/1886
f 1354/1903 1147/1137 224/1819
f 48/1782 129/1794 200/1391
f 920/1173 1160/1561 913/777
f 124/514 264/513 1253/1934
f 253/1658 770/1786 12/941
f 290/719 551/491 1156/952
f 427/1807 1255/1800 1212/1801
f 1160/1616 1100/1562 1158/1937
f 1308/1293 1293/1938 1128/1381
f 1350/1940 1328/1068 1070/182
f 1359/1197 1094/1479 1085/1931
f 218/1941 525/1841 1130/1839
f 1356/1332 1293/1938 1308/1293
f 1351/1943 1350/1940 1070/182
f 1332/1944 1070/189 1360/1945
f 1332/1949 1360/1946 1336/1947
f 525/1841 218/1941 1011/1837
f 1330/1951 1070/189 1332/1944
f 1330/1951 1351/1952 1070/189
f 1325/1953 1080/1418 1067/1172
f 1325/1953 1067/1172 911/1092
f 1325/1953 1329/1954 1080/1418
f 1324/1955 1110/1388 1112/1386
f 1324/1955 1112/1386 1333/1956
f 1175/1922 1075/1874 1116/1926
f 1321/1958 1110/1385 1139/1957
f 1321/1958 1139/1957 1341/1959
f 1158/1960 1142/1341 1322/1328
f 1320/1930 1232/1961 484/1962
f 484/1962 984/1963 1320/1930
f 954/1869 151/1866 948/1872
f 1287/1965 1247/1964 1365/1966
f 1287/1965 1024/1967 1247/1964
f 151/1866 954/1869 974/1921
f 89/817 413/931 406/831
f 1219/1726 248/1487 1251/726
f 403/1681 15/1911 124/512
f 1235/1969 1351/1952 1330/1951
f 1234/453 1236/1064 366/1744
f 1231/1059 1261/1058 1258/1055
f 464/769 949/634 405/635
f 1223/1970 1234/453 366/1744
f 458/856 911/1092 1067/1172
f 1236/1971 1221/482 727/492
f 727/492 1202/493 1236/1971
f 724/480 1199/464 1202/493
f 753/543 830/1078 862/526
f 355/1022 515/832 132/1563
f 1188/1918 1091/880 945/881
f 873/976 560/1351 851/975
f 1198/210 1057/1382 1253/1936
f 1198/210 1253/1936 1244/1972
f 384/1142 387/1143 141/1797
f 1027/752 1003/750 122/937
f 1185/437 1217/1974 1203/455
f 970/641 490/187 547/532
f 1344/1975 490/187 970/641
f 277/1039 353/132 103/1038
f 56/37 59/43 914/44
f 914/44 955/38 56/37
f 859/1603 303/1976 1153/1008
f 1172/1898 1286/21 1243/1977
f 1172/1898 1243/1977 1177/1978
f 1086/1928 478/1452 551/1027
f 176/1790 1349/1780 472/1893
f 970/1024 1204/1286 1344/1393
f 876/1401 116/803 1071/1904
f 1185/437 1203/455 712/457
f 896/790 1296/783 480/1124
f 1122/240 17/354 1048/1798
f 1155/1711 1187/207 1352/1979
f 1155/1711 1337/1333 1187/207
f 1155/1711 1356/1332 1337/1333
f 1155/1711 1352/1979 1329/9
f 1155/1980 1329/1954 1325/1953
f 66/894 135/1902 225/1820
f 66/894 384/1142 135/1902
f 135/1902 476/1857 1354/1903
f 1309/1871 66/894 225/1820
f 1051/1177 1146/1981 1093/995
f 406/831 413/931 250/1528
f 1137/1982 1217/1974 1185/437
f 1137/1982 1185/437 1234/453
f 1132/1984 1350/1940 1351/1943
f 1132/1984 1351/1943 1235/1968
f 1117/615 1365/1966 1247/1964
f 1115/1358 1082/1275 1123/1347
f 1115/1358 1123/1347 1124/1986
f 1179/1138 1255/1800 416/1923
f 1113/129 1100/1559 1336/1560
f 416/1923 1255/1800 517/1806
f 1113/129 1158/1340 1100/1559
f 1113/129 1336/1560 1360/1948
f 1112/1386 1267/1987 1333/1956
f 1112/1386 1355/1988 1267/1987
f 1112/225 1067/1172 1355/1724
f 1112/225 768/223 1067/1172
f 974/1921 87/1823 730/1821
f 1108/1990 1197/1989 1304/1991
f 1108/1990 1341/1959 1197/1989
f 1108/1990 1321/1958 1341/1959
f 1104/1360 1115/1355 1124/1620
f 58/1574 556/552 481/1541
f 868/1630 1031/428 875/1657
f 1085/1931 928/1183 1160/1616
f 1195/626 104/868 856/149
f 1085/1207 1158/1960 1322/1328
f 1085/1931 1160/1616 1158/1937
f 827/1072 254/412 68/601
f 28/1762 1362/1765 721/1759
f 1084/1193 1094/1480 1359/1195
f 1084/1193 1170/1361 1094/1480
f 731/461 1237/462 1124/1470
f 1079/1995 1304/1992 1238/1994
f 1079/1996 1365/1966 1117/615
f 1079/1993 1117/1997 1083/1998
f 1079/1993 1108/1990 1304/1991
f 1079/1993 1083/1998 1108/1990
f 721/1759 720/1766 28/1762
f 254/1913 862/526 568/1079
f 1077/1999 1234/453 1223/1970
f 1077/1999 1137/1982 1234/453
f 57/2000 15/1895 365/241
f 959/1076 1252/1085 360/1036
f 1219/1916 425/1727 330/654
f 449/1813 1081/1852 517/1847
f 866/1676 881/660 1222/1477
f 892/381 1294/369 893/380
f 990/2002 1228/2001 1088/2003
f 502/426 303/2005 732/1752
f 1088/2003 1228/2001 1126/1748
f 1066/1900 1177/1978 1202/2006
f 1066/1900 1172/1898 1177/1978
f 737/1178 1069/994 1010/173
f 715/2007 1244/1973 264/513
f 1295/1929 988/889 982/2008
f 264/1935 1244/1972 1253/1936
f 1063/2011 1328/2009 1350/1939
f 517/1847 1081/1852 1011/1836
f 1063/2011 1350/1939 1132/1983
f 1063/2010 1345/1070 1328/1069
f 1060/2013 1128/1381 1293/1938
f 1060/2013 1293/1938 1356/1332
f 1060/2013 1356/1332 1155/1711
f 880/1545 355/1022 132/1563
f 1058/1909 1057/1382 1198/210
f 1010/173 1069/994 1021/1090
f 1111/370 893/380 1294/369
f 1309/1871 1200/1822 1290/1870
f 1057/56 1345/1070 1063/2010
f 1056/2016 1332/1949 1336/1947
f 1056/2015 1330/1951 1332/1944
f 1056/2015 1235/1969 1330/1951
f 1055/1305 1150/1691 1331/1366
f 1055/1305 1326/2018 1150/1691
f 1055/1256 1104/1359 1326/2019
f 1190/1805 472/1893 1349/1780
f 1051/1374 1124/1471 1123/1369
f 739/507 1203/455 845/451
f 1046/1062 1066/1901 1202/1061
f 859/1603 732/877 303/1976
f 1039/1060 1286/21 1279/169
f 1039/1060 1243/1977 1286/21
f 200/1391 17/354 306/1392
f 726/143 1070/182 1328/1068
f 726/143 734/96 1070/182
f 1093/995 1146/1981 1155/1711
f 1060/2013 1155/1711 1146/1981
f 1336/1560 920/1173 1056/1618
f 909/550 1029/939 814/1531
f 141/1797 387/1143 17/354
f 251/1743 1227/1056 80/1693
f 1117/614 1001/957 1083/1179
f 1254/2022 683/138 179/144
f 1116/1926 1218/2023 1114/1751
f 1058/1909 1198/210 178/209
f 229/1139 1166/1802 1179/1138
f 1021/1090 750/1097 1010/173
f 392/997 1157/978 462/1408
f 685/99 1226/1054 1261/1058
f 687/72 1261/1058 1231/1059
f 687/72 685/99 1261/1058
f 1352/2024 1187/205 172/208
f 692/640 1250/553 815/805
f 1032/1850 1208/1886 423/2025
f 1136/1167 1231/1059 1279/169
f 1069/994 1155/1711 1021/1090
f 423/2025 1208/1886 1109/1607
f 931/876 732/877 859/1603
f 1218/2023 1152/1932 1302/1231
f 1297/540 869/1673 1364/1654
f 69/1140 37/1548 26/1549
f 69/1140 1048/1798 17/354
f 1229/1136 758/1129 950/934
f 472/1893 1190/1805 1354/1903
f 1173/1706 333/1325 261/853
f 387/1143 1061/1141 69/1140
f 408/1583 1124/1470 1237/462
f 1001/957 1117/614 1059/612
f 890/1045 1108/1468 1083/1179
f 1235/1985 1056/2017 112/1652
f 75/1757 1264/1586 33/1753
f 780/421 704/444 703/422
f 33/1753 1264/1586 24/1738
f 1352/2024 172/208 167/2027
f 167/192 1329/9 1352/1979
f 1329/9 166/193 165/2028
f 800/878 84/1715 372/1414
f 1360/1945 1070/189 164/188
f 1051/1380 1060/1379 1146/2021
f 965/1216 315/587 526/950
f 926/1184 1318/1367 1047/1146
f 1167/1694 251/1743 80/1693
f 1227/1056 715/2029 39/2030
f 1198/2031 1244/1973 715/2007
f 366/1744 1243/1977 1039/1060
f 1039/1060 83/1552 1072/1553
f 78/1713 102/1423 98/625
f 1227/1056 83/1552 964/1057
f 964/1057 83/1552 1039/1060
f 1326/1690 1104/2020 408/1622
f 761/522 895/521 1289/418
f 846/126 1113/129 1360/1948
f 1232/1961 1320/1930 1295/1929
f 86/1649 1063/2014 112/1651
f 878/485 1135/1491 1097/999
f 1103/1927 1075/1874 1095/1849
f 379/358 1223/1970 61/1735
f 1136/1167 687/72 1231/1059
f 870/375 1136/1167 1279/169
f 1117/615 1247/1964 1024/1967
f 251/1743 83/1552 1227/1056
f 1116/1926 1091/880 1188/1918
f 71/1761 1227/1056 25/1569
f 427/1808 968/1829 1078/1812
f 1295/1929 982/2008 1134/2033
f 1088/2004 1126/1747 1141/328
f 321/1814 1081/1852 449/1813
f 1161/1851 1081/1852 321/1814
f 395/1413 480/1504 1096/1655
f 227/1781 306/1390 403/1681
f 200/1391 545/1789 141/1797
f 1091/880 1114/1751 1162/1750
f 919/48 1140/2034 1298/2035
f 292/724 961/852 351/1123
f 496/1404 1148/1377 96/1768
f 1161/1853 525/1843 1011/1950
f 1202/2006 1177/1978 1243/1977
f 525/1843 1161/1853 1169/2037
f 1243/2036 1236/1971 1202/493
f 1103/1927 1152/1932 1218/2023
f 1215/1169 522/1532 280/793
f 1302/1231 1114/1751 1218/2023
f 357/1483 1171/1678 708/558
f 1229/1136 409/935 1340/1175
f 1147/1137 1354/1903 1190/1805
f 814/1501 522/1532 1215/1169
f 224/1819 1147/1137 1165/1818
f 1141/328 995/1749 1007/2038
f 990/2040 1088/2004 1133/2039
f 1162/1750 1098/778 436/888
f 148/867 1195/626 100/627
f 990/2040 1134/2033 982/2008
f 1134/2033 1133/2039 1295/1929
f 722/611 884/873 182/1740
f 277/155 1087/1472 13/89
f 988/889 1320/1930 984/1963
f 988/889 985/887 990/2040
f 893/380 1111/370 905/262
f 507/1164 856/149 104/868
f 1073/1686 758/1723 358/1130
f 61/1735 1223/1970 366/1744
f 1072/1553 366/1744 1039/1060
f 1236/1064 1243/1977 366/1744
f 1008/2042 977/879 1162/1750
f 1109/1604 54/1313 1138/2043
f 1232/1961 1295/1929 1133/2039
f 441/1568 938/2044 27/1567
f 513/1580 1307/1637 491/1610
f 395/1446 1096/1617 214/551
f 1364/1544 1096/1655 480/1504
f 1289/1905 895/1699 256/815
f 1201/1845 1165/1818 1224/1824
f 1227/1056 1226/1054 715/2029
f 57/2000 365/241 11/239
f 715/2029 1226/1054 1198/2045
f 1117/615 1024/1967 1052/2047
f 491/1610 1186/1632 1211/1613
f 1017/1641 1276/1653 519/1661
f 388/1004 973/1593 1053/1518
f 9/359 1223/1970 379/358
f 98/625 1195/626 342/150
f 693/417 1289/418 400/1859
f 563/571 1065/486 455/854
f 385/1007 428/1158 380/987
f 1006/1573 1284/578 874/763
f 1309/1871 1201/1845 1200/1822
f 968/1829 426/1778 1089/1783
f 57/2000 25/1569 39/2030
f 426/1778 968/1829 1225/1811
f 1001/957 493/882 1083/1179
f 25/1569 1227/1056 39/2030
f 997/907 394/822 441/823
f 1205/264 451/416 1217/1974
f 153/137 734/96 726/143
f 256/815 161/814 1289/1905
f 1307/1527 404/960 300/1526
f 53/1096 873/976 1004/1664
f 534/801 535/1519 1240/642
f 1217/1974 451/416 1203/455
f 1078/1812 322/2049 321/1814
f 744/696 797/677 747/1598
f 1229/1136 1340/1175 882/1119
f 118/142 220/1110 294/391
f 1235/1985 112/1652 1132/2012
f 1138/1867 423/1868 1109/2026
f 514/1530 257/1612 1131/584
f 334/1685 1037/1345 174/1343
f 98/625 342/150 78/1713
f 1218/2023 1116/1926 1103/1927
f 1152/1932 1103/1927 1064/1707
f 341/1461 1006/1861 349/1695
f 349/827 1006/1573 874/763
f 801/505 1005/504 302/1705
f 1064/1707 1103/1927 1095/1849
f 980/1066 371/1151 219/1150
f 1274/1924 452/1771 533/172
f 561/662 521/802 740/791
f 1130/2052 1056/1618 1182/1230
f 549/665 316/448 1274/1459
f 1344/1975 288/1517 490/187
f 371/1041 980/1065 933/1176
f 495/1619 288/1517 1053/1518
f 441/823 442/908 997/907
f 934/1003 1257/1440 364/1002
f 1130/1942 1138/2053 1050/1816
f 1098/778 1114/1751 1302/1231
f 1217/1974 1137/1982 312/263
f 558/883 401/942 890/1045
f 49/1718 1159/1428 925/1576
f 1006/1573 1159/1426 108/281
f 783/686 967/687 797/670
f 367/1579 27/1567 938/2044
f 444/392 1216/573 849/147
f 322/2049 1078/1812 968/1829
f 1282/569 552/884 865/1209
f 68/1074 111/608 182/609
f 312/263 1205/264 1217/1974
f 800/878 931/876 84/1715
f 78/1421 910/1714 185/1430
f 9/359 892/381 1223/1970
f 817/1149 296/899 1288/566
f 300/1526 1343/1668 1062/1525
f 90/1864 876/1402 978/1730
f 892/381 1077/1999 1223/1970
f 248/535 1219/1916 346/1634
f 1054/484 1241/316 1306/265
f 256/813 260/544 293/545
f 1348/1117 179/144 289/139
f 718/473 1023/474 1199/464
f 1023/1920 1046/1062 1199/1063
f 946/754 374/1500 457/848
f 1267/2055 1355/114 143/116
f 731/461 737/1178 1010/173
f 322/2049 968/1829 979/1906
f 978/1799 1348/874 136/1118
f 1214/2057 979/1906 1213/1854
f 301/1599 530/1645 1031/428
f 1017/1641 519/1661 1090/1134
f 977/879 1008/2042 1007/2038
f 303/1925 502/434 993/964
f 546/1456 1249/1457 953/1539
f 1342/1828 467/1832 469/1312
f 151/1866 974/1921 960/1605
f 1226/1054 685/99 138/101
f 967/687 747/923 797/670
f 925/1576 90/804 49/1718
f 1125/1148 473/1547 929/1557
f 1070/182 734/96 130/98
f 80/1693 1227/1056 71/1761
f 1130/1942 1050/1816 218/1316
f 985/887 1025/1467 1301/1891
f 1106/1708 1138/1709 1182/1230
f 763/676 802/673 466/685
f 321/1814 1130/1650 1169/1840
f 188/213 687/72 1136/1167
f 1182/1230 1138/1709 1130/2052
f 1194/1862 294/394 220/2050
f 86/1649 124/512 1253/1936
f 312/263 1077/1999 892/381
f 552/884 1363/1170 401/942
f 1319/731 372/1414 84/1715
f 1064/1710 1032/1848 423/1868
f 1176/1120 854/562 1239/397
f 1157/1533 27/1567 434/1157
f 185/1430 910/1714 76/1497
f 800/930 250/1528 413/931
f 25/1569 57/2000 11/239
f 301/1599 894/432 530/1645
f 1129/12 1140/2034 919/48
f 939/310 809/1348 1314/1481
f 451/416 845/451 1203/455
f 915/949 1281/1396 865/1209
f 1240/1884 1353/410 1266/1566
f 1003/2059 819/1094 698/2058
f 1057/1382 1063/2014 1253/1936
f 84/1715 173/1507 1319/731
f 138/103 1198/104 1226/2046
f 1301/1890 1025/430 868/1630
f 868/1630 1013/1656 1301/1890
f 534/801 1240/642 547/532
f 1344/1975 388/1004 288/1517
f 100/627 902/839 148/867
f 1154/70 1286/23 1172/1896
f 436/886 1098/2041 1143/779
f 859/1603 872/1009 506/1602
f 1153/1008 872/1009 859/1603
f 846/126 93/191 73/127
f 1130/2051 112/1652 1056/2017
f 112/1652 1063/2032 1132/2012
f 1047/885 1025/1467 985/887
f 1168/57 1345/1070 1057/56
f 408/1622 1318/1367 1326/1690
f 856/402 92/864 304/862
f 1073/1793 358/531 991/1636
f 551/1027 478/1452 298/1287
f 471/669 890/1045 401/942
f 415/740 363/1486 1230/1581
f 319/936 950/934 758/1129
f 527/898 901/1910 1273/1217
f 698/2060 701/424 1003/425
f 988/889 984/1963 436/888
f 817/1149 1281/1396 998/1844
f 235/1318 705/830 372/1529
f 543/855 771/866 373/680
f 1207/1555 938/1776 441/823
f 1004/1664 957/974 951/1499
f 1002/174 951/1499 1266/1566
f 342/150 328/151 78/1713
f 951/1499 1002/174 1042/175
f 1184/435 937/1537 228/42
f 289/139 184/145 1348/1117
f 481/1202 1303/1203 981/1594
f 256/815 110/1698 1071/1741
f 1240/642 1260/1510 970/641
f 1009/1788 1285/1648 1119/1919
f 184/472 460/146 82/991
f 20/537 932/1760 70/1108
f 1054/484 456/510 1065/486
f 147/1826 467/1832 1342/1828
f 304/401 910/1496 328/403
f 436/886 1143/779 1047/1146
f 388/1004 1344/1975 934/1003
f 812/772 1260/775 1240/1884
f 560/1351 873/976 53/1096
f 969/1601 785/1455 378/1792
f 784/483 1221/482 1262/929
f 1301/1891 1300/1883 990/2040
f 321/1814 322/2049 979/1906
f 1213/1854 1130/1650 321/1814
f 454/1755 1118/1733 1040/918
f 1286/23 1154/70 101/69
f 904/557 1357/745 532/733
f 265/722 1194/1542 675/721
f 979/1906 1214/2057 321/1814
f 1312/988 420/563 389/989
f 1007/2038 484/1962 1232/1961
f 1246/663 561/662 522/542
f 535/351 1353/410 1240/1884
f 957/974 1004/1664 873/976
f 1288/566 296/899 548/897
f 1288/566 548/897 524/1171
f 1064/1707 1106/1708 1152/1932
f 1004/1664 1245/1098 53/1096
f 393/781 937/1537 1184/435
f 442/906 27/1567 1157/1533
f 953/585 937/1537 393/781
f 1067/1172 768/223 458/856
f 49/1718 90/804 148/1181
f 865/1209 1281/1396 817/1149
f 430/603 924/1037 246/1899
f 29/1245 338/1233 284/1244
f 1002/174 1353/410 1010/173
f 312/263 1137/1982 1077/1999
f 1242/1534 131/575 1269/538
f 1256/972 397/1701 308/1322
f 436/888 984/1963 1162/1750
f 1047/1146 1318/1367 408/1622
f 1012/1803 414/1321 860/1804
f 903/590 261/853 333/1325
f 1229/1136 950/934 409/935
f 1007/2038 995/1749 977/879
f 1118/1731 923/1558 439/131
f 424/911 1283/1571 486/913
f 410/509 241/499 65/502
f 428/1158 385/1007 1043/1114
f 1254/909 1348/2061 722/610
f 1285/1648 1009/1788 1220/445
f 736/346 653/1174 95/347
f 977/879 1091/880 1162/1750
f 715/2007 264/513 39/2048
f 1044/2 85/53 81/3
f 811/796 302/851 1121/963
f 1182/1230 1302/1231 1106/1708
f 707/494 304/401 313/863
f 400/1859 696/2062 693/417
f 427/1807 1212/1801 968/1809
f 136/2056 184/469 163/470
f 1254/2022 179/144 1348/1117
f 553/1144 1102/1409 171/1717
f 1245/1098 1004/1664 1042/175
f 163/470 978/1730 136/2056
f 400/1859 742/515 696/2062
f 321/1814 1214/2057 1213/1854
f 1071/1904 260/547 256/2054
f 310/1222 362/1163 1358/1161
f 338/1233 539/1419 375/1232
f 1358/1161 461/1005 310/1222
f 1007/2038 1133/2039 1088/2004
f 325/821 356/1077 871/820
f 1008/2042 1162/1750 484/1962
f 984/1963 484/1962 1162/1750
f 1056/1618 920/1173 1098/778
f 484/1962 1007/2038 1008/2042
f 900/1051 459/1763 344/1639
f 1155/1711 911/1089 1021/1090
f 787/734 566/732 759/697
f 1050/1816 1138/2053 54/1815
f 1028/1877 1126/1748 1228/2001
f 1228/2001 990/2002 1300/1878
f 990/2040 985/887 1301/1891
f 1155/1980 1325/1953 911/1092
f 905/262 1111/370 1271/452
f 905/262 312/263 892/381
f 880/1545 924/1037 360/1036
f 1007/2038 1088/2004 1141/328
f 790/943 1262/925 1221/946
f 39/2048 264/513 57/1894
f 1262/925 695/944 694/926
f 1133/2039 1134/2033 990/2040
f 536/179 340/180 1270/1520
f 321/1814 1169/1840 1161/1851
f 900/1051 344/1639 537/171
f 350/82 35/165 156/400
f 156/400 47/117 350/82
f 1007/2038 1232/1961 1133/2039
f 1112/225 1321/1387 918/224
f 507/1164 211/967 856/149
f 206/1100 248/535 361/607
f 918/1469 1321/1958 1108/1990
f 246/1899 924/1037 390/1317
f 164/190 846/126 1360/1948
f 86/1649 1253/1936 1063/2014
f 1213/1854 979/1906 180/1817
f 1228/2001 1300/1878 1028/1877
f 376/1665 173/1507 506/1602
f 982/2008 988/889 990/2040
f 183/353 365/241 403/1682
f 856/149 342/150 1195/626
