# 2278 vertices, 4040 faces
mtllib Tile_+000_+003.mtl
v 200.193 605.6572 42.2982
v 200.193 674.07 22.24848
v 187.0211 613.9156 46.37559
v 200.193 674.1329 22.00291
v 184.8048 680.5605 21.51212
v 194.6824 643.1433 22.15158
v 200.193 708.5105 22.46323
v 200.193 688.8526 22.52219
v 200.193 674.4321 22.03012
v 188.1588 644.3094 24.04854
v 200.193 717.5814 22.78419
v 200.193 709.3949 22.70239
v 200.193 709.6523 22.73125
v 200.193 686.3329 22.02021
v 180.3046 665.9982 23.71457
v 200.193 674.9069 22.09007
v 196.6477 618.3869 46.20497
v 200.193 685.1178 22.04533
v 187.1795 639.2677 27.31064
v 200.193 684.8137 22.05688
v 194.8629 611.5994 45.80724
v 200.193 652.4263 22.66847
v 183.3558 650.1309 23.32825
v 200.193 652.5637 22.53743
v 200.193 653.1629 21.91042
v 199.1908 659.1893 22.78611
v 200.193 700.5278 23.48072
v 200.193 718.1097 22.7306
v 197.3189 685.2796 23.12217
v 194.932 611.8437 46.3406
v 200.193 719.0784 22.99664
v 200.193 649.2873 21.70432
v 200.193 651.6004 22.19704
v 200.193 650.389 21.66182
v 200.193 653.3297 21.73818
v 200.193 679.1717 22.03169
v 200.193 679.0883 22.02555
v 200.193 646.181 22.43402
v 200.193 677.7568 22.15835
v 200.193 659.5429 21.85581
v 200.193 689.5701 22.61786
v 184.7237 615.2446 46.43047
v 200.193 689.1335 22.59046
v 200.193 679.8429 22.17881
v 193.9139 665.2324 24.06646
v 200.193 646.7159 21.94946
v 200.193 633.4346 23.91925
v 200.193 670.2642 24.27944
v 200.193 673.7063 23.79861
v 187.5691 680.1557 21.75839
v 200.193 695.9263 22.38089
v 200.193 688.2394 22.38418
v 199.0133 604.2101 40.71052
v 200.193 688.1307 22.22577
v 200.193 657.4459 21.78693
v 191.1025 643.4005 22.69156
v 200.193 683.749 22.11049
v 200.193 684.2045 22.08877
v 200.193 713.3403 22.5863
v 200.193 713.3716 22.59262
v 200.193 658.8274 21.83672
v 188.8259 640.1877 24.56112
v 92.06982 710.7576 35.54062
v 189.9912 688.1876 21.96996
v 200.193 677.5978 22.17268
v 148.2193 746.7582 29.74023
v 197.9379 608.8418 43.53614
v 200.193 657.6731 21.81321
v 200.193 647.5011 21.84255
v 196.3068 609.2477 41.79216
v 200.193 648.7939 21.73286
v 200.193 613.5824 47.21445
v 200.193 690.1454 22.58659
v 200.1748 742.8378 27.54894
v 200.193 666.829 23.05849
v 200.193 666.8451 23.28665
v 200.193 670.8079 24.33757
v 200.193 653.9454 21.74075
v 197.1059 622.8204 48.38565
v 185.0284 662.5633 21.43633
v 192.713 688.9609 22.59798
v 200.193 695.322 22.44614
v 184.2592 675.3669 21.9925
v 163.4585 672.6464 28.81813
v 184.3163 673.0547 21.98686
v 199.5557 609.4007 46.02922
v 198.9188 680.797 22.06749
v 200.193 677.5536 22.18181
v 187.8919 640.6312 25.80217
v 200.193 677.5732 22.17715
v 200.193 666.7342 21.96474
v 192.8995 649.1737 21.94742
v 200.193 666.7972 22.37419
v 200.193 693.9747 22.89609
v 200.193 646.4243 22.33947
v 200.193 646.6764 22.0441
v 200.193 659.879 22.0393
v 200.193 660.071 21.86
v 200.193 649.7925 21.65407
v 200.193 650.006 21.65776
v 200.193 706.2096 22.66646
v 200.193 651.8461 22.32954
v 200.193 652.1927 22.50428
v 194.7487 611.489 46.34507
v 200.193 652.0988 22.46247
v 200.193 655.2899 21.77836
v 200.193 654.4298 21.76624
v 200.193 663.9101 21.94141
v 199.9837 679.2687 22.03326
v 177.0037 604.295 34.09127
v 195.5406 660.7213 22.12631
v 200.193 663.7486 21.94392
v 183.8281 674.1032 22.41359
v 188.8581 679.5762 21.97628
v 200.193 666.6622 21.94027
v 200.193 665.9005 21.78327
v 199.8639 615.3192 46.9194
v 131.4118 622.0968 33.33231
v 80.7074 684.2996 41.66751
v 200.193 606.771 42.81453
v 200.193 696.5366 22.37235
v 195.8321 681.4792 23.09465
v 200.193 696.0552 22.39054
v 200.193 602.6875 39.71708
v 200.193 683.4186 22.15432
v 200.193 682.9579 22.20005
v 100.7586 628.1169 25.04913
v 200.193 687.8669 22.04612
v 200.193 688.0151 22.0568
v 189.2564 688.1511 21.83179
v 200.193 691.5641 22.83288
v 200.193 691.6048 22.8358
v 200.193 697.5971 23.52861
v 200.193 694.3528 22.76419
v 200.193 698.043 23.53856
v 200.193 686.3286 22.02017
v 200.193 686.3297 22.02018
v 199.15 692.1697 23.15329
v 184.4051 674.219 21.97903
v 200.193 605.6226 42.28171
v 187.1111 611.7628 46.45704
v 184.0967 674.715 22.08812
v 200.193 743.8243 30.61304
v 173.0578 677.1433 28.65363
v 200.193 681.2523 22.25241
v 200.193 682.4372 22.2616
v 200.193 677.0256 23.02779
v 150.5175 716.4514 35.19815
v 197.1308 626.3559 46.33257
v 200.193 677.5192 22.24731
v 200.193 696.806 22.76204
v 200.193 718.973 22.96427
v 195.4695 682.4499 22.92772
v 200.193 718.3217 22.74141
v 183.054 699.9096 21.72598
v 194.7957 682.5922 22.14125
v 200.193 720.3881 24.816
v 198.5453 624.5194 48.46082
v 200.193 637.8057 23.76891
v 200.193 713.4781 22.60786
v 200.193 713.8866 22.62873
v 200.193 719.0087 26.69373
v 191.6156 691.4404 22.37525
v 81.08157 689.0777 40.62931
v 183.8962 686.6651 21.65194
v 199.111 645.955 22.10946
v 198.0757 646.9629 21.9495
v 197.7843 679.067 22.27219
v 200.193 633.3774 24.38647
v 184.6238 705.236 21.86785
v 180.5288 600.0906 27.8841
v 133.193 603.2856 29.81013
v 151.9324 602.5706 26.54137
v 137.0021 602.3586 27.71207
v 200.193 633.3682 24.6013
v 200.193 719.244 27.67826
v 152.9678 608.7205 30.52161
v 200.193 719.6762 29.74709
v 200.193 681.0918 22.2548
v 200.193 720.2791 24.68753
v 155.6657 602.3976 27.44154
v 200.193 666.0161 21.79744
v 200.193 736.196 27.84033
v 96.16928 663.371 35.36861
v 200.193 708.3442 22.43062
v 197.4187 618.6006 45.56967
v 200.193 708.2461 22.43156
v 200.193 666.3225 21.86504
v 99.48367 661.6689 34.64477
v 167.7382 603.7113 30.56672
v 200.193 738.4729 26.69633
v 200.193 739.8411 26.03882
v 200.193 630.5038 29.80695
v 200.193 632.5155 26.50506
v 196.8939 604.0275 38.63028
v 135.6184 673.194 35.61059
v 200.193 632.9149 25.77916
v 198.1597 658.9 22.73885
v 196.77 603.6583 38.12383
v 200.193 629.9208 30.45464
v 119.4025 641.8767 32.56525
v 200.193 640.2622 23.69161
v 200.193 623.1623 49.27764
v 200.193 609.3704 45.05246
v 157.6906 600.0026 27.03619
v 200.193 743.69 38.40316
v 200.193 745.8095 39.06283
v 183.4227 600.2999 31.30894
v 200.193 752.9728 46.65593
v 195.392 617.5297 45.79085
v 200.193 749.9519 44.69961
v 200.193 743.735 30.38571
v 200.193 742.9018 27.75624
v 167.7157 744.3197 40.30557
v 200.193 749.4407 44.37718
v 200.193 746.8926 39.36719
v 199.203 603.6492 38.64307
v 200.193 747.0375 39.71969
v 200.193 748.2572 42.68474
v 200.193 749.2284 44.09743
v 200.193 720.0431 24.50876
v 200.193 734.0715 29.03206
v 200.193 679.8401 22.17853
v 200.193 743.8622 34.58847
v 200.193 744.0443 31.16549
v 156.1366 646.1649 45.53795
v 200.193 679.8358 22.1774
v 200.193 679.3252 22.04454
v 149.7451 604.118 27.2719
v 127.3427 659.3655 37.91068
v 200.193 690.7703 22.64026
v 192.5122 720.4752 22.62852
v 200.193 690.8688 22.65538
v 200.193 727.3573 33.45792
v 200.193 713.2781 22.59138
v 200.193 669.8224 24.26324
v 200.193 671.8196 24.39759
v 200.193 671.2898 24.38204
v 161.1227 656.8825 45.59695
v 200.193 643.9123 23.53908
v 200.193 667.1579 24.03674
v 200.193 643.5 23.60244
v 200.193 641.9164 23.46338
v 200.193 669.3568 24.17881
v 200.193 702.9082 23.27307
v 200.193 696.9489 22.96878
v 200.193 701.0254 23.47176
v 200.193 701.3975 23.48123
v 200.193 609.3346 44.93344
v 200.193 663.151 21.92235
v 200.193 733.0353 29.6258
v 200.193 731.0904 30.97416
v 200.193 609.4296 45.25086
v 200.193 609.3851 45.10346
v 200.193 719.0893 23.00375
v 184.5963 745.4042 27.4735
v 181.7518 603.1766 36.42489
v 200.193 658.0815 22.03346
v 200.193 657.9042 21.95409
v 162.7096 658.8689 44.32574
v 135.13 633.9922 32.59405
v 133.2169 690.2669 36.15681
v 200.193 623.4437 49.25106
v 200.193 624.2606 48.97693
v 200.193 620.2475 48.61684
v 200.193 679.8445 22.17894
v 200.193 681.0628 22.2514
v 200.193 691.4333 22.8013
v 200.193 675.1875 22.12123
v 200.193 675.2905 22.20374
v 200.193 695.4393 22.42766
v 71.42777 681.1419 42.87476
v 186.0941 603.2727 38.651
v 200.193 695.8521 22.37863
v 200.193 674.0357 22.38204
v 200.193 669.0611 24.16805
v 200.193 668.4704 24.11196
v 200.193 667.1972 24.04214
v 200.193 668.1378 24.09853
v 195.2114 616.1205 45.43636
v 200.193 673.5927 24.25912
v 200.193 673.1272 24.44063
v 193.7828 603.2421 37.80345
v 195.6917 615.4351 46.32823
v 118.7314 764.3793 29.40925
v 200.193 699.3244 23.50792
v 200.193 698.4003 23.55164
v 200.193 719.4489 25.93964
v 200.193 719.2864 26.19583
v 200.193 664.118 21.9922
v 200.193 703.4951 23.17474
v 182.3591 599.8255 25.53165
v 181.384 599.8316 24.92473
v 200.193 692.619 22.97747
v 200.193 692.5447 22.9761
v 200.193 697.3473 23.50248
v 192.3564 603.3985 37.92661
v 200.193 697.1594 23.24656
v 200.193 675.8034 22.6525
v 159.8613 601.9961 28.43887
v 200.1872 602.0705 38.02823
v 200.193 676.3369 22.98012
v 200.193 676.4714 23.0689
v 200.193 673.7745 23.54088
v 200.193 673.917 22.9102
v 200.193 644.7766 23.02288
v 199.6157 602.3105 37.18253
v 200.193 644.5632 23.16791
v 200.193 645.4732 22.70997
v 185.5316 704.8174 21.93715
v 200.193 645.8254 22.56763
v 200.193 672.7743 24.44796
v 200.193 672.0826 24.41349
v 199.5386 624.2415 48.4663
v 200.193 716.4713 22.78075
v 200.193 716.9105 22.87657
v 200.193 626.0088 47.66577
v 163.8117 600.8839 29.13287
v 199.3186 688.2562 22.54961
v 200.193 711.2716 22.71436
v 200.193 710.2662 22.75484
v 153.2139 601.0874 25.83487
v 200.193 609.6138 46.78853
v 200.193 609.6465 47.41552
v 200.193 701.8128 23.45294
v 142.2138 600.4141 24.48098
v 200.193 702.0327 23.42637
v 198.4327 678.2329 22.74154
v 168.5183 653.0558 43.27331
v 200.193 691.0599 22.70459
v 196.4884 599.9689 37.7146
v 83.74939 650.7921 27.93102
v 195.2829 599.9242 37.75205
v 200.193 690.9091 22.66291
v 200.193 624.8194 48.70891
v 200.193 624.8441 48.71
v 200.193 625.0175 48.68932
v 200.193 608.459 44.26312
v 116.8921 749.5424 28.99099
v 200.193 625.9264 48.50852
v 131.2571 637.8913 33.56345
v 181.8093 600.8457 31.41624
v 200.193 625.9478 48.32343
v 195.1739 603.6964 37.7077
v 200.193 602.7966 39.83823
v 200.193 664.9889 21.7997
v 200.193 664.8436 21.82511
v 200.193 624.8678 48.71651
v 200.193 624.8873 48.71471
v 200.193 662.5454 21.89202
v 200.193 603.1676 41.40315
v 200.193 602.8693 40.15583
v 176.2777 599.9178 28.64349
v 200.193 618.073 47.89464
v 171.6966 600.5302 29.97098
v 200.193 721.4687 31.03842
v 200.193 723.0509 31.6476
v 147.9808 602.4108 25.70221
v 200.193 631.9355 27.41977
v 200.193 631.6529 27.99391
v 177.3082 600.9699 29.54323
v 200.193 630.7907 29.37943
v 200.193 721.2098 30.82144
v 200.193 720.3368 30.07777
v 200.193 720.7099 30.41608
v 200.193 626.5068 41.13794
v 194.4235 602.1842 37.76431
v 200.193 626.4107 42.51263
v 200.193 720.2765 24.92509
v 144.8673 602.6057 25.91279
v 200.193 720.2292 24.97732
v 184.3612 600.1363 32.66747
v 198.9879 691.4432 23.09628
v 165.8895 601.9242 29.74335
v 200.193 703.6642 23.14258
v 200.193 706.1148 22.67944
v 200.193 660.5072 21.8669
v 194.438 600.846 37.7639
v 200.193 707.4958 22.42065
v 161.9378 602.6242 29.17427
v 200.193 708.0083 22.45605
v 198.0297 602.677 37.29573
v 200.193 693.6549 22.9734
v 200.193 693.4612 22.97335
v 137.2047 600.4004 26.55994
v 133.2357 639.0379 34.02782
v 195.9835 601.4476 37.66085
v 200.193 712.5779 22.60262
v 179.6567 601.034 30.3237
v 148.4817 599.986 24.08469
v 157.9696 603.331 28.52338
v 200.193 712.4824 22.60291
v 200.193 617.0992 47.58536
v 200.193 616.5107 47.44531
v 200.193 600.4621 37.42728
v 182.9392 601.0239 33.58372
v 200.193 600.7128 37.42234
v 200.193 619.9515 47.755
v 200.193 619.5852 47.04917
v 200.193 626.1887 44.94143
v 197.7558 600.9887 37.53699
v 198.9115 600.3236 37.52161
v 200.193 626.0737 46.9225
v 200.193 666.5948 21.91335
v 200.193 666.3565 21.87196
v 183.4689 614.2792 44.4377
v 200.193 743.661 38.01792
v 195.8955 618.8418 46.91012
v 197.8157 664.1331 23.17618
v 164.2488 710.1616 34.34804
v 185.9952 602.1786 37.89138
v 200.193 616.087 47.34291
v 200.193 602.0629 38.03148
v 200.193 602.0135 37.99876
v 157.8533 601.8677 27.83284
v 200.193 600.818 37.4139
v 200.193 601.1083 37.36653
v 200.193 635.9855 23.79287
v 200.193 634.1947 23.8837
v 200.193 615.2467 47.11625
v 147.9882 601.1707 24.68116
v 200.193 667.0164 22.78093
v 180.8039 746.8957 49.73977
v 200.193 666.9696 22.82811
v 200.193 618.4814 47.5484
v 155.2338 600.7515 26.3802
v 200.193 619.2236 46.99325
v 200.193 608.1992 44.05114
v 200.193 607.9566 43.71934
v 200.193 607.6636 43.44793
v 151.9882 600.148 24.87189
v 184.3298 599.9031 29.72432
v 200.193 607.0426 42.98753
v 200.193 743.5287 36.90597
v 187.9009 601.5868 37.98536
v 186.7426 603.4543 38.93682
v 200.193 743.6115 37.56269
v 161.0538 600.018 28.18151
v 200.193 622.6601 48.52741
v 161.7644 601.2876 28.694
v 200.193 623.0556 48.53391
v 200.193 695.0314 22.54215
v 200.193 694.895 22.59296
v 165.9679 600.8 29.41385
v 166.0707 600.0564 29.11954
v 200.193 602.0745 38.05207
v 200.193 602.0586 38.05951
v 200.193 602.0255 38.51336
v 200.193 602.3547 39.08779
v 182.1582 599.8213 25.87429
v 143.5136 601.9214 25.49638
v 200.193 602.0691 38.03212
v 200.193 602.0733 38.04424
v 200.193 604.0135 41.65598
v 120.1983 717.9336 35.56785
v 200.193 604.9637 41.99621
v 200.193 719.8348 24.16031
v 200.193 719.2542 23.27227
v 197.7698 659.322 22.89859
v 181.3737 602.3674 36.01257
v 200.193 626.7403 36.53251
v 200.193 626.7534 34.6775
v 200.193 627.0267 33.95453
v 200.193 626.7886 34.28839
v 200.193 613.7739 47.20361
v 200.193 614.4905 47.1982
v 200.193 691.546 22.82708
v 199.2176 688.5791 23.16552
v 200.193 691.5192 22.81875
v 189.6187 613.2692 46.30881
v 200.193 665.373 21.76137
v 196.9998 663.9067 22.51257
v 196.1799 672.8374 24.58016
v 199.6089 657.0558 21.84499
v 196.5775 682.8405 24.03968
v 196.2332 682.7783 23.94783
v 197.1406 683.171 22.27087
v 130.5734 726.121 35.3587
v 112.6646 665.2125 36.12849
v 200.193 665.5912 21.75708
v 178.804 603.4933 34.51317
v 151.9591 691.6343 35.55118
v 121.4451 750.1391 28.43447
v 74.18959 672.2473 38.6891
v 128.736 625.1032 32.33371
v 199.0316 619.5986 46.2384
v 200.193 628.8122 31.85706
v 193.2966 664.9404 23.50579
v 76.36151 665.9638 36.98263
v 200.193 628.3141 32.36607
v 200.193 667.0935 24.03194
v 199.4553 609.9101 47.56244
v 190.6766 608.7112 40.59685
v 200.193 666.9119 24.01061
v 196.2509 680.197 23.1109
v 145.9586 603.9659 27.0079
v 189.0866 687.8992 21.91815
v 200.193 662.2277 21.88554
v 195.5645 674.58 23.84105
v 200.193 661.6707 21.87465
v 195.6976 659.3577 22.89961
v 200.193 609.5807 47.79891
v 193.7103 744.3445 29.02162
v 200.193 610.6579 47.61845
v 182.0952 599.807 25.88844
v 188.4103 644.571 22.01457
v 188.2699 642.0544 24.18943
v 181.3163 599.807 24.99533
v 196.6716 617.3553 46.35802
v 180.335 599.807 27.31141
v 179.0359 599.807 27.54726
v 171.294 599.807 30.35678
v 181.644 604.4051 37.27674
v 186.0812 660.8446 21.61426
v 193.7052 665.811 24.26762
v 186.4611 599.807 36.13538
v 81.4614 628.5743 23.18097
v 86.49227 637.215 26.05615
v 189.263 599.807 37.81051
v 93.58489 634.3743 26.09904
v 196.4481 620.582 48.39456
v 189.9426 599.807 37.79734
v 82.03063 651.926 47.08673
v 81.26396 633.8186 25.19351
v 182.2359 599.807 25.9191
v 182.1801 599.807 25.87195
v 82.1851 631.1932 24.37102
v 184.6436 599.807 31.1154
v 183.4926 601.7768 35.87479
v 195.8143 670.2789 24.72751
v 184.6652 599.807 31.52346
v 184.7079 599.807 31.62791
v 195.5227 682.303 21.92344
v 184.5184 599.807 29.93814
v 184.5231 599.807 29.68066
v 197.6073 617.4995 45.752
v 184.505 599.807 29.57858
v 184.3649 599.807 29.26099
v 188.9884 686.4905 21.87885
v 183.3983 599.807 28.18924
v 184.3052 685.0612 21.55829
v 185.9121 599.807 34.77998
v 186.2095 599.807 35.4503
v 78.67294 657.3387 32.91523
v 185.6747 599.807 34.19774
v 196.4866 616.4789 46.36774
v 199.2923 688.0532 22.14845
v 195.0568 599.807 37.75337
v 193.4799 599.807 37.7849
v 198.7075 604.5268 39.60446
v 199.4613 647.686 21.83036
v 148.6162 605.2632 27.59332
v 49.38463 717.207 29.1932
v 194.0245 599.807 37.76213
v 193.5929 660.8351 22.05377
v 199.5437 687.5669 22.06696
v 186.8851 599.807 37.40363
v 189.3101 621.9194 45.52908
v 194.1419 665.8524 24.21977
v 187.6268 599.807 37.79206
v 184.9891 599.807 32.6382
v 198.7391 607.4939 41.35044
v 185.4264 599.807 33.52695
v 134.2885 599.807 29.30976
v 146.4441 627.534 32.17733
v 197.7911 712.4048 22.22807
v 134.6441 599.807 28.8757
v 135.4706 599.807 28.29802
v 195.3184 599.807 37.75551
v 196.4188 599.807 37.7229
v 196.8135 667.9889 24.45692
v 142.05 599.807 23.93043
v 139.5744 599.807 25.62151
v 141.7832 599.807 24.53431
v 200.001 599.807 37.46524
v 188.5247 618.7083 46.01846
v 146.3695 599.807 23.95995
v 148.2859 599.807 23.9876
v 142.8791 599.807 23.99631
v 145.101 599.807 23.82357
v 173.4603 599.807 29.31122
v 182.3828 599.807 25.53619
v 182.3665 599.807 25.52022
v 187.2225 678.7646 21.61557
v 101.1203 623.1684 23.29135
v 184.7981 674.6456 21.49602
v 173.8132 599.807 29.32636
v 199.7299 683.5957 22.06982
v 195.0521 612.7708 45.65749
v 46.45987 723.479 30.23193
v 176.2582 599.807 28.61185
v 188.1595 686.3711 21.9123
v 196.6781 599.807 37.71167
v 171.9174 599.807 30.45398
v 173.4064 599.807 29.4576
v 197.3579 686.4762 23.65007
v 186.226 688.1218 21.76609
v 197.8736 712.9116 22.22267
v 197.631 599.807 37.6358
v 198.3552 599.807 37.59387
v 198.8374 599.807 37.56962
v 199.3861 599.807 37.53788
v 199.4853 599.807 37.53261
v 188.6676 696.5509 22.07045
v 197.0163 629.9648 32.49741
v 160.9807 599.807 28.12236
v 199.7152 630.6106 29.89764
v 172.3849 599.807 30.71058
v 193.0545 750.5616 42.64377
v 192.8867 746.5636 33.01891
v 194.748 606.3974 38.4537
v 173.4074 599.807 30.04941
v 199.0352 655.8371 23.98891
v 181.3743 599.807 24.93091
v 191.6544 751.2823 42.72526
v 199.4438 632.0804 27.6655
v 129.706 714.5349 35.03553
v 181.4219 599.807 24.90702
v 196.2096 634.4655 24.26833
v 198.866 660.3859 21.91278
v 189.9001 613.5211 45.78545
v 195.7213 634.6631 23.73922
v 187.945 620.219 45.96118
v 188.0823 619.382 46.30468
v 194.8911 635.0462 23.78212
v 194.1684 635.5492 23.80613
v 187.823 610.0986 46.61407
v 182.9129 738.5195 33.57293
v 188.4197 751.5899 38.25635
v 193.266 604.406 37.88575
v 193.2712 605.0461 37.89151
v 185.3055 673.3352 21.53722
v 199.6574 666.2062 24.40412
v 198.6462 665.3499 24.29235
v 196.4991 680.0587 23.36361
v 86.07207 657.7309 30.45259
v 198.0005 696.0332 22.36943
v 194.2246 668.0498 24.61539
v 182.3284 599.807 25.48074
v 185.4911 753.6907 40.17311
v 196.9917 673.315 24.52171
v 168.613 599.807 30.75025
v 199.6031 670.684 24.636
v 199.96 668.8478 24.32469
v 195.9786 682.2709 22.55132
v 168.9848 599.807 30.82252
v 169.8079 599.807 30.91226
v 167.9461 599.807 29.86741
v 196.9955 649.3722 21.97543
v 198.8907 697.3624 23.24872
v 196.8267 634.2114 25.08506
v 195.5041 673.7007 24.42895
v 106.2424 721.3873 36.06099
v 197.4491 651.335 24.45954
v 184.0554 733.9084 34.08283
v 193.6378 667.3404 24.51606
v 185.0283 734.0954 37.1476
v 151.9706 599.807 24.74561
v 192.6599 719.2636 21.99708
v 198.8265 653.0894 23.58488
v 198.9349 654.9199 22.81973
v 157.8676 599.807 27.06449
v 198.1531 650.9612 24.32197
v 184.0395 747.9445 31.0095
v 190.0965 626.7627 45.21345
v 195.6173 671.7245 24.69191
v 195.3917 672.7787 24.54971
v 197.6934 656.8774 24.37321
v 198.1406 654.0983 24.46848
v 189.4414 621.7518 45.75359
v 186.6535 735.6053 44.49053
v 161.3323 599.807 28.24042
v 197.7168 651.9408 24.46194
v 198.408 633.8585 23.85239
v 163.2398 599.807 28.82385
v 188.2825 645.3965 23.16177
v 190.3625 727.6953 35.8032
v 135.9095 599.807 27.93208
v 193.2292 726.1924 32.23148
v 136.2759 599.807 27.59801
v 164.3829 599.807 29.30899
v 165.8478 599.807 29.18934
v 188.2499 618.5778 46.53218
v 160.9984 689.2167 30.61208
v 188.9184 720.4658 25.07281
v 138.567 599.807 25.35787
v 188.5929 621.2687 45.42151
v 187.5966 702.8161 21.8628
v 169.877 734.1478 27.36489
v 191.4544 656.0584 23.97359
v 137.08 599.807 26.84524
v 112.7087 614.6133 22.27993
v 61.87664 702.0598 36.01842
v 198.9425 608.1288 42.398
v 137.686 599.807 25.71387
v 193.9036 605.5261 38.0624
v 81.73248 654.2048 48.4967
v 176.4083 599.807 28.43391
v 83.92461 641.3282 44.85241
v 82.73751 748.8434 29.03208
v 83.17168 652.3125 49.36536
v 78.45506 636.1 31.64023
v 68.02749 700.5117 33.36827
v 193.4616 690.9857 22.40232
v 166.6685 746.9384 47.79114
v 75.66315 739.1061 32.6505
v 178.3111 599.807 27.85571
v 183.7478 741.8649 38.97065
v 150.1901 601.1238 24.99129
v 185.4713 611.2909 43.85535
v 110.5871 620.4431 23.60757
v 196.4407 619.9079 46.08094
v 187.1136 620.1746 45.95925
v 191.585 599.807 37.78218
v 191.7353 599.807 37.77688
v 145.7755 600.7726 24.45972
v 190.6117 609.7266 40.97806
v 190.9311 609.6111 40.77086
v 49.47468 719.3538 30.49435
v 189.0992 687.0878 21.85754
v 166.0404 599.807 29.7747
v 181.3832 606.4272 38.45538
v 184.289 733.5034 42.48378
v 189.4909 729.6513 35.94553
v 178.635 602.5414 32.81865
v 84.87166 650.7894 50.88897
v 177.9999 636.4891 37.35592
v 93.54654 759.0062 31.71394
v 81.62088 705.3624 36.34409
v 188.7142 731.2993 35.60573
v 190.9263 609.632 41.78896
v 189.3177 614.9412 46.16269
v 194.5644 609.5671 41.5441
v 192.1943 606.6851 38.8807
v 55.95138 753.0643 23.78678
v 197.0716 669.4462 24.51614
v 189.1817 730.4148 34.8002
v 93.14362 758.6014 32.29641
v 199.7004 684.4938 22.02397
v 185.4526 634.1223 32.5292
v 188.6229 606.6517 39.94952
v 188.1932 606.0765 39.64653
v 191.0519 606.7795 40.52335
v 200.1038 602.8564 39.71977
v 142.6707 650.6099 41.82349
v 191.6577 609.8649 46.62359
v 166.3852 599.807 30.03593
v 186.992 750.3403 28.51228
v 198.1374 609.1929 44.44798
v 197.4846 609.218 44.45539
v 190.7491 731.2155 32.66636
v 173.1038 626.3879 40.97667
v 157.5687 599.807 26.94988
v 190.826 727.1867 37.6069
v 148.6166 599.807 24.06139
v 193.2508 609.5307 42.33638
v 183.9484 636.0584 21.70879
v 168.946 732.6433 27.63905
v 66.0119 703.9199 32.13826
v 197.7241 608.055 40.82163
v 191.8553 605.3467 38.39959
v 192.192 722.0296 30.88391
v 135.9623 600.2673 27.76078
v 193.2725 605.7756 38.13002
v 195.5267 609.4135 44.3161
v 198.4959 650.7982 24.28783
v 195.4303 609.5223 44.97771
v 198.3189 607.5757 40.8533
v 197.4497 608.9392 42.86054
v 50.62381 729.9552 30.89315
v 198.8942 652.3096 23.13906
v 198.9277 607.434 42.02292
v 188.7958 680.552 22.04873
v 198.9449 652.692 23.2262
v 197.3204 641.5776 23.1048
v 195.8648 609.3228 41.04792
v 196.8679 678.6063 22.37906
v 150.0351 599.807 24.23966
v 81.4819 748.9176 32.44653
v 192.1867 609.5504 40.71834
v 197.4432 637.9947 23.61645
v 196.8212 610.8988 46.7759
v 150.4575 599.807 24.30866
v 150.6616 599.807 24.35795
v 198.3101 617.9875 46.29452
v 156.4733 599.807 26.47388
v 192.5647 745.9374 29.83816
v 153.1056 599.807 25.15775
v 199.1965 608.5979 43.70374
v 198.5279 608.5732 43.18613
v 194.6345 606.1237 40.64874
v 184.9637 636.4296 22.41175
v 154.0389 599.807 25.53729
v 154.531 599.807 25.7074
v 83.79835 751.8699 33.07599
v 200.193 599.807 37.44047
v 198.6844 707.204 22.44757
v 197.9213 645.2309 22.10502
v 187.1309 636.8178 26.54319
v 111.991 713.4372 34.88316
v 195.8703 667.0897 24.40763
v 108.6556 674.8912 35.09861
v 84.95206 732.3357 34.89987
v 187.2327 723.0868 30.0421
v 187.8369 678.8626 21.70517
v 57.49308 756.6466 22.35804
v 138.0808 606.8804 30.65247
v 183.2859 741.7621 28.41573
v 191.9952 719.946 29.94956
v 194.737 666.6096 24.37854
v 200.1817 605.6288 42.27518
v 186.4818 748.0104 24.20864
v 199.2308 684.759 22.04427
v 80.81711 749.4511 33.19324
v 196.5044 672.6973 24.58693
v 77.22629 697.8103 37.78239
v 199.3768 665.4596 24.36543
v 190.7752 724.3413 32.51421
v 86.1395 752.7592 32.19934
v 198.6618 664.2847 23.51787
v 196.0353 701.5235 22.63688
v 198.7644 664.7688 24.24712
v 56.67284 711.7066 30.48371
v 192.8987 625.3949 46.62587
v 191.7103 688.9494 22.30721
v 185.3829 734.7982 35.87954
v 186.5176 678.9785 21.54783
v 73.19437 731.2401 34.65073
v 165.0139 739.5713 28.85517
v 188.0178 753.445 41.16484
v 199.3357 669.4558 24.55599
v 76.32388 704.9137 34.54139
v 199.6639 669.4591 24.55589
v 177.8182 624.4047 42.41174
v 141.1603 637.5297 34.96652
v 196.3522 608.8873 40.66279
v 86.67064 736.6701 34.00911
v 76.9983 633.7433 29.92054
v 195.1935 671.9809 24.58223
v 191.6846 747.4102 31.37275
v 78.69782 705.1991 35.33387
v 100.1724 772.0024 30.23195
v 198.7813 679.4279 21.96462
v 197.8017 609.3281 45.55999
v 185.4463 750.8626 31.01602
v 199.296 608.8377 44.28775
v 198.341 608.9378 44.14894
v 199.0678 609.2292 44.71779
v 191.2085 612.9128 45.97265
v 186.3396 612.081 46.46631
v 190.1189 632.4851 32.4865
v 195.1624 613.9685 45.55609
v 190.0433 637.1282 24.37162
v 199.0829 625.2083 48.55741
v 188.4405 684.577 21.84283
v 185.7772 617.0211 46.17497
v 193.0066 689.7878 22.49717
v 133.5818 653.1879 38.33039
v 112.1095 680.279 35.21269
v 184.3738 747.19 29.50702
v 185.9582 610.1395 43.22826
v 190.5142 609.7249 43.74433
v 199.0576 614.2468 46.80647
v 197.1795 710.91 22.21251
v 191.154 708.01 21.93283
v 134.7424 602.0758 27.85286
v 185.1189 747.7574 26.2566
v 199.8379 609.735 46.7496
v 196.7957 649.1614 21.97897
v 184.5768 746.4208 27.19535
v 199.1438 615.8801 46.53435
v 193.5667 625.5843 47.25241
v 184.7009 722.5549 24.75351
v 153.8619 744.8882 29.83312
v 199.5156 608.668 43.67505
v 182.7118 713.8748 21.62419
v 194.3261 608.8053 40.63664
v 184.9958 745.13 25.84089
v 189.4098 616.4318 45.60912
v 190.0286 611.1387 46.52679
v 194.6409 669.1914 24.77452
v 188.7659 609.9355 43.87901
v 197.9001 692.8042 23.10567
v 103.5899 742.8339 32.12614
v 197.626 692.9141 23.04354
v 195.8389 712.0003 22.10806
v 197.2785 660.5277 22.0609
v 181.917 737.1805 49.89947
v 193.2805 608.719 40.66455
v 182.5839 740.111 49.73131
v 185.5051 758.5794 43.13925
v 183.4277 617.039 46.08199
v 194.2145 719.1246 22.04985
v 193.4726 611.9464 46.18905
v 191.2838 690.1152 22.23002
v 186.8371 749.7659 25.88506
v 186.6531 749.3182 25.5476
v 139.3191 600.6354 25.96362
v 106.8419 773.1484 29.66648
v 197.694 687.4198 22.31995
v 198.6399 658.6114 22.68457
v 74.70171 666.2374 42.87862
v 194.8686 669.6952 24.7846
v 112.1645 635.0443 29.21
v 198.4323 626.0717 48.46401
v 195.0493 669.7081 24.70998
v 186.1778 749.2503 26.2638
v 112.6023 771.7464 30.19951
v 193.567 718.7639 25.20432
v 196.588 679.1796 22.2841
v 160.0367 683.0204 30.14719
v 199.3229 677.4838 23.03642
v 191.9531 758.6978 46.17746
v 186.8493 637.9803 25.6035
v 83.0111 657.4803 30.34089
v 193.2264 718.4768 25.95044
v 197.2447 682.874 22.19373
v 193.1509 619.8994 45.0984
v 185.692 636.9492 23.06881
v 112.0014 732.1992 34.88108
v 199.6505 626.8721 35.44223
v 194.7829 664.957 24.10633
v 192.4234 743.8566 25.78746
v 165.5075 664.8962 32.36517
v 184.6709 748.5335 33.50822
v 198.7402 608.3942 42.93835
v 197.472 713.7421 22.22776
v 199.7007 624.1882 48.51536
v 78.73225 696.7006 38.54278
v 190.5327 601.1753 37.90005
v 189.2736 615.9573 45.90921
v 188.2208 730.5962 46.29002
v 199.3945 625.6432 48.55297
v 162.9315 610.5311 31.79424
v 199.821 624.6681 48.57708
v 179.6622 718.8409 25.0974
v 189.1671 609.4142 41.13468
v 183.3503 635.5999 21.16689
v 193.8098 719.1854 27.25222
v 186.6279 731.6401 42.64024
v 182.6143 707.1125 21.78835
v 141.1782 686.8337 36.04169
v 197.9293 688.5236 23.01796
v 197.2041 677.7127 22.80832
v 196.937 616.5937 46.07128
v 187.9519 610.9995 46.51152
v 199.6645 623.1455 48.5649
v 185.6501 618.5676 46.10569
v 183.123 735.2503 39.98716
v 192.2003 620.7524 45.3041
v 197.6104 719.3337 24.33058
v 195.1143 719.3952 24.71957
v 194.7429 719.9899 22.93465
v 191.6508 620.162 45.11719
v 188.2064 731.892 48.04706
v 197.6284 719.5932 25.85727
v 91.53514 757.0126 31.9025
v 173.7088 604.7158 32.27842
v 199.1802 623.8992 48.47208
v 78.50011 643.6994 36.82528
v 187.7055 706.0441 21.74762
v 152.2069 741.9539 29.96542
v 199.8773 685.0534 22.0189
v 198.7114 718.4115 22.93106
v 198.061 719.5952 23.43003
v 171.7326 603.2781 30.86598
v 169.0897 600.4434 29.82445
v 134.6122 761.0023 33.78706
v 198.7654 666.9249 24.45114
v 197.2849 742.9566 27.09555
v 187.4442 749.1399 26.7032
v 197.6278 697.4418 22.32568
v 195.0823 687.5573 23.19227
v 199.4717 719.3245 25.7678
v 189.5103 721.9318 31.00715
v 199.6128 679.1737 22.01636
v 189.3836 644.3148 22.07222
v 199.1186 741.8268 25.32645
v 134.325 673.5672 36.11741
v 177.5825 728.8497 26.78421
v 198.9338 720.7184 30.37666
v 190.8907 651.6665 21.97231
v 188.0002 639.9945 26.21232
v 90.52528 688.279 38.57958
v 141.3189 603.5982 27.44912
v 170.8203 608.4879 33.6288
v 187.3462 618.5061 46.49524
v 183.223 635.5096 21.07359
v 194.5381 665.963 24.24522
v 194.3658 665.461 24.12312
v 188.8255 685.8961 21.88016
v 194.5733 693.9956 23.01545
v 163.3393 697.0749 32.24183
v 188.4802 640.179 25.49021
v 162.9853 617.4877 34.04774
v 145.4949 624.2011 31.35921
v 165.7376 711.97 34.60635
v 189.8289 728.9759 37.75343
v 158.5666 697.9147 32.80028
v 144.4352 614.5168 31.78857
v 154.4618 705.0145 32.84911
v 197.1513 684.5052 23.66307
v 197.1641 684.9863 23.92105
v 82.25622 646.5896 44.51853
v 190.0124 727.5187 33.30539
v 185.4611 703.6635 21.99471
v 188.5683 640.2899 25.51685
v 81.33552 665.3261 35.24755
v 198.8789 698.3194 23.36813
v 196.0143 676.0631 22.93946
v 197.1897 646.7992 21.99953
v 189.5788 689.3278 21.92051
v 198.9741 679.124 21.96412
v 187.4489 707.4275 21.78981
v 185.4134 762.4164 45.40396
v 189.3617 689.2569 22.01608
v 198.7065 677.9545 22.88833
v 130.5068 696.4467 35.97348
v 173.4367 741.7261 43.51681
v 187.0007 734.0795 47.41602
v 194.6551 748.8337 39.17355
v 76.94595 632.9555 27.24752
v 184.201 675.1108 21.96574
v 147.9613 659.5575 42.50419
v 191.8208 748.5827 36.22559
v 191.9805 610.3079 46.51533
v 188.9569 748.1981 24.00532
v 76.69706 673.6301 39.09509
v 194.0373 755.9522 46.69896
v 199.9537 749.4456 44.29964
v 79.79093 637.234 35.82962
v 96.01614 645.7797 28.24993
v 79.08534 652.4588 31.15868
v 186.3019 762.9564 46.09906
v 79.03102 651.1508 31.49866
v 197.0822 746.9609 37.09896
v 188.998 730.3286 48.48167
v 186.6095 732.7705 49.89047
v 191.0662 624.239 46.04172
v 191.164 619.4989 45.13571
v 152.5758 708.2468 33.36992
v 187.3559 710.5096 21.9358
v 184.9722 763.1044 46.95965
v 186.3707 710.9381 21.89315
v 196.4458 680.6839 22.46851
v 187.0409 763.2624 46.46958
v 133.3659 602.128 29.51242
v 183.9287 761.649 44.72108
v 184.7223 747.3025 39.75188
v 140.0402 670.4148 31.53671
v 188.2177 640.148 24.87931
v 197.1444 662.9271 22.39891
v 184.1433 636.0709 21.78688
v 81.35507 670.1409 37.66638
v 190.2944 609.9117 46.64945
v 183.9884 744.3551 46.84991
v 189.0986 689.9967 22.02386
v 196.7583 682.2103 23.84538
v 187.659 686.8025 21.90863
v 196.7042 684.6526 23.88374
v 186.3769 738.5764 29.33084
v 174.9036 649.3506 31.85499
v 196.8026 682.582 23.9035
v 139.7521 669.386 33.15635
v 139.064 629.498 31.6403
v 182.8036 759.7109 46.03207
v 181.3865 714.162 24.16435
v 193.3439 690.3639 22.48685
v 197.644 693.0076 23.0489
v 188.5211 690.7516 22.03603
v 127.911 707.4938 34.5539
v 178.4215 737.731 32.66438
v 176.9572 651.5792 26.99901
v 190.2656 698.0065 22.22787
v 186.0022 748.1398 27.70883
v 199.9632 619.477 46.74385
v 197.0465 665.3386 24.23408
v 102.2217 635.105 27.29902
v 191.5637 626.8605 44.32221
v 199.237 697.8803 23.37077
v 121.883 656.9764 36.09312
v 109.6647 772.7496 29.92451
v 196.862 681.1422 21.95164
v 199.847 690.6062 22.77037
v 199.9463 663.9985 22.04269
v 187.9737 688.9724 21.93724
v 188.8961 685.8938 21.81707
v 193.8035 719.4774 23.60033
v 197.8534 700.1364 23.10139
v 192.5683 619.4761 45.23618
v 173.187 640.9813 39.96668
v 195.7865 624.3953 48.22695
v 198.7916 606.8673 40.88369
v 189.9256 687.3658 21.97878
v 181.7648 714.8053 24.26965
v 198.6497 710.3868 22.42423
v 196.0669 742.4198 25.72857
v 198.8215 690.6584 23.21413
v 196.5478 680.5836 23.87133
v 198.9249 678.5018 22.00681
v 200.0615 665.907 23.50259
v 199.1869 691.8628 23.05308
v 187.0794 618.8398 46.22954
v 186.8357 637.898 24.22565
v 196.7229 669.3677 24.54519
v 194.8115 729.1704 32.97887
v 191.8179 689.4735 22.30816
v 147.8029 706.3298 33.08427
v 197.5928 647.2798 21.97434
v 174.4121 741.7474 48.6171
v 49.98147 714.8419 29.93591
v 189.0923 685.3004 21.85201
v 44.5329 724.1708 28.253
v 196.9837 683.768 23.96194
v 143.345 755.7293 33.76575
v 196.1092 687.1319 23.39743
v 188.4251 646.465 22.03931
v 198.4065 704.5936 22.78954
v 200.0292 695.4037 22.46514
v 200.0619 664.7114 23.70957
v 200.0323 664.317 23.58746
v 196.5768 670.3799 24.60122
v 93.77887 628.2144 24.21906
v 195.4559 696.4679 22.34992
v 195.6424 663.5982 22.48145
v 200.1112 695.8843 22.39141
v 199.6781 659.8371 22.21301
v 186.535 707.3825 21.79762
v 198.3307 697.1033 22.63154
v 191.1328 719.7698 22.00649
v 199.1254 712.3063 22.44734
v 198.3956 713.1525 22.28826
v 198.2979 702.8407 22.97492
v 194.8596 695.6853 23.00552
v 189.7953 761.5101 45.60358
v 198.5042 659.1399 22.92912
v 180.2356 739.005 49.99389
v 197.274 697.7699 22.32269
v 199.3483 659.237 22.75158
v 191.155 720.4673 23.66552
v 86.77859 754.0072 32.75634
v 184.3463 675.5863 21.87449
v 186.5833 729.1024 35.62264
v 185.751 689.884 21.69694
v 184.8236 690.1377 21.6517
v 188.2122 688.0395 22.01975
v 195.2129 692.4839 22.51202
v 195.9567 688.3256 22.76872
v 198.0069 696.8356 22.22086
v 198.1281 696.4251 22.25725
v 186.5905 699.9613 21.79831
v 199.8459 689.5773 22.82693
v 196.9806 681.9471 22.04808
v 196.6159 660.6092 22.09319
v 187.1276 684.7095 21.72482
v 199.4395 689.701 23.05934
v 197.038 684.1915 23.96912
v 195.2277 696.4462 22.71209
v 198.423 670.8025 24.59518
v 191.8199 688.7642 22.39481
v 178.2608 659.6947 25.42067
v 198.4066 662.3018 22.09012
v 188.6236 688.8995 22.01233
v 194.5129 668.9484 24.73354
v 194.846 669.0035 24.66978
v 199.532 693.1895 23.1389
v 199.5832 688.5395 22.91971
v 186.5563 705.8581 21.74867
v 166.0901 659.2702 42.59567
v 199.3534 692.5801 23.16855
v 129.8159 608.4504 32.23035
v 130.4295 605.8599 31.99154
v 186.9487 640.864 26.49783
v 131.528 604.0133 31.48691
v 199.0619 655.5472 24.1031
v 197.2105 619.7098 45.455
v 189.7958 691.0039 22.19381
v 199.592 674.7193 22.08647
v 185.4274 746.8715 24.73767
v 195.1369 668.6655 24.584
v 173.9629 745.7413 50.6867
v 84.60515 656.1156 29.33152
v 199.7934 691.2404 22.82754
v 184.9784 746.3951 24.90278
v 196.234 648.611 21.94601
v 197.3907 686.7385 23.4625
v 193.6309 693.2758 22.72467
v 198.8111 689.1131 23.40028
v 192.0032 672.2199 23.36839
v 195.5192 707.8698 22.14519
v 177.738 672.6585 25.30349
v 194.8206 670.9188 24.5784
v 151.1846 671.1971 30.47742
v 170.476 671.361 28.41207
v 194.0982 664.5091 22.50003
v 199.043 719.9055 26.86336
v 186.2481 690.6155 21.77498
v 188.9189 687.7479 22.04525
v 200.0636 720.2672 24.87211
v 186.5115 689.7645 21.76302
v 123.1314 629.0288 30.40881
v 160.2377 605.281 29.73468
v 197.2215 683.6117 22.1867
v 176.4517 739.5293 42.37934
v 199.6038 667.4736 24.50095
v 198.1977 681.8589 22.11903
v 175.0226 606.7738 35.37409
v 200.0193 701.4157 23.43764
v 186.186 697.1243 21.83082
v 154.6575 724.3906 34.92962
v 199.9662 658.2566 22.2695
v 188.0737 701.3545 21.82579
v 197.7394 604.6941 39.46669
v 197.3942 645.7063 22.0207
v 189.1603 707.5914 21.85095
v 152.8801 691.7534 35.04976
v 184.1984 666.2467 21.51929
v 195.8282 654.0022 24.54789
v 183.9165 674.5842 22.32723
v 199.0807 679.7247 21.97966
v 198.844 680.1015 22.00337
v 86.171 704.0214 36.7556
v 198.5625 719.306 23.13257
v 188.8422 685.7209 21.80494
v 199.516 682.687 22.12915
v 116.9187 695.2383 35.85833
v 195.8447 669.3876 24.61419
v 189.9887 607.0914 40.32852
v 193.1218 606.6147 38.51672
v 187.9154 718.517 23.14938
v 179.569 682.2244 24.73976
v 198.0447 694.156 22.79602
v 193.9764 677.1883 22.51938
v 192.1926 659.9973 22.589
v 195.2504 668.4036 24.56648
v 187.8688 717.6673 21.81295
v 189.2173 641.5943 24.16831
v 125.9834 760.8161 29.26537
v 196.8609 675.0895 23.3803
v 184.2689 742.6904 27.49305
v 161.3462 627.5391 39.05527
v 186.1053 719.6586 23.05986
v 188.7828 685.7115 21.85235
v 199.9766 697.1157 23.1413
v 195.4725 670.9518 24.74155
v 198.7791 658.3691 22.8594
v 199.6606 695.5515 22.45624
v 198.2767 660.9533 21.964
v 197.5166 686.7685 22.54312
v 197.4313 686.7709 23.13964
v 184.4058 636.3322 22.057
v 196.922 678.5186 22.54176
v 191.7647 664.9148 22.38842
v 193.5702 689.9012 22.62428
v 184.8215 682.0813 21.50671
v 200.0136 665.5493 21.73989
v 199.9974 666.2451 21.83388
v 199.9794 665.9397 21.77035
v 197.3525 648.6244 21.88673
v 184.7146 679.1541 21.48091
v 197.5901 717.0831 22.43459
v 199.9882 702.167 23.3789
v 198.8179 689.9033 23.32352
v 192.6629 660.8264 22.03767
v 195.4839 646.2095 21.98317
v 200.1505 690.8874 22.66801
v 199.7664 665.5992 24.3731
v 195.8344 719.3905 22.28141
v 183.0995 715.5448 23.96626
v 192.1022 705.1272 22.00181
v 196.1497 655.9682 24.52777
v 188.5777 688.0692 22.03229
v 199.7921 607.5489 42.92542
v 189.5561 609.9477 46.68327
v 196.3855 679.7585 22.79787
v 194.119 669.0078 24.58428
v 175.3188 622.191 42.2461
v 182.3495 600.2008 29.08289
v 200.1634 719.0751 22.99427
v 188.5165 673.6598 22.16626
v 196.5286 643.0034 22.20395
v 199.0496 658.0726 22.88901
v 199.7974 674.1806 23.5455
v 193.7752 719.8972 22.62936
v 194.3702 668.5757 24.67134
v 185.2917 706.7286 21.82114
v 198.9799 677.678 23.01674
v 177.7393 724.5703 26.1803
v 199.5902 649.2242 21.69923
v 198.9982 655.2302 24.39456
v 159.1685 710.2528 34.2118
v 198.9997 653.3007 22.60912
v 189.7675 678.6286 22.26116
v 198.185 659.7696 22.53745
v 184.6128 671.5915 21.56985
v 189.2227 688.9049 22.01588
v 199.1133 653.6709 22.11174
v 200.0813 713.4014 22.58381
v 175.6878 602.2454 30.62922
v 196.3204 662.6816 22.40063
v 170.6396 613.6014 36.29052
v 183.9308 746.138 26.08799
v 200.1437 651.6197 22.25066
v 132.2912 755.0663 29.1426
v 197.7442 661.5155 22.11347
v 200.1581 677.5856 22.17539
v 198.1871 663.5202 22.3975
v 180.1212 602.9401 34.84491
v 200.0363 665.7296 23.95333
v 197.7309 709.3275 22.24294
v 180.3057 737.5452 49.27992
v 199.1095 655.798 22.50068
v 188.1688 691.4163 22.00327
v 170.4605 667.1196 29.24144
v 195.4531 609.3666 43.39384
v 196.9902 683.134 23.31335
v 197.092 692.2912 22.41074
v 198.5253 677.0584 23.09184
v 198.9727 676.4031 23.14
v 194.3843 674.8115 23.84996
v 184.0982 674.7993 22.19391
v 94.26892 653.1899 29.47248
v 193.5636 624.9336 47.78213
v 197.9641 680.0787 22.11618
v 194.7617 679.962 23.50623
v 187.6135 686.0459 21.8353
v 199.0359 692.4573 23.25911
v 198.333 619.1938 46.43699
v 194.2165 665.0015 24.05503
v 197.3633 680.1908 22.16082
v 199.5219 619.8351 47.24776
v 197.7456 680.3914 22.08251
v 184.1193 707.9075 21.74303
v 195.631 666.2376 24.30564
v 197.134 755.082 47.10034
v 196.1887 671.1448 24.70121
v 183.7459 745.7411 26.51125
v 189.4102 641.0749 24.49345
v 197.1238 687.1395 22.46935
v 111.4499 694.5669 35.89627
v 199.6342 658.9397 22.36595
v 200.134 677.0619 23.02615
v 197.8607 648.5804 21.8669
v 184.6689 676.0449 21.47494
v 183.9714 675.7978 22.09357
v 195.1201 669.1127 24.6113
v 197.6014 718.6999 22.72032
v 195.8318 670.7574 24.7671
v 124.1737 762.7526 29.68143
v 197.3195 686.1678 23.79733
v 122.611 766.2446 30.86969
v 179.8397 698.2074 29.75259
v 188.8503 687.1025 22.01831
v 170.5394 665.6356 29.66242
v 141.1992 610.1105 31.48147
v 197.5225 688.3244 22.45787
v 183.5419 735.0423 49.55204
v 196.0243 689.554 22.30907
v 184.3235 675.4801 21.82805
v 132.1562 606.2188 31.60374
v 194.3818 656.3246 24.39826
v 170.0334 622.2611 39.54567
v 196.6002 666.638 24.36666
v 196.4221 687.8761 22.51406
v 197.6929 708.5639 22.24746
v 199.628 685.4756 21.99279
v 196.1041 692.5274 22.20194
v 181.8301 737.2967 34.70162
v 186.0311 748.9648 28.51239
v 198.4629 696.7609 22.2125
v 199.3839 683.2639 22.06288
v 141.3049 671.154 31.26545
v 190.1534 704.2814 21.89354
v 184.2616 673.7933 22.239
v 196.9074 683.4013 24.01942
v 199.3303 686.3751 22.02535
v 114.0036 766.5781 29.27901
v 195.2675 695.0993 22.54554
v 73.65887 736.8601 33.38644
v 105.2786 753.2971 30.15337
v 190.0605 634.5832 28.87034
v 190.7078 627.2714 43.20588
v 196.7589 702.3223 22.67981
v 197.1924 609.1086 44.11436
v 189.0433 691.1812 22.15068
v 199.0971 692.9576 23.1751
v 98.53275 747.4747 31.36482
v 179.1913 604.6548 36.0461
v 168.6957 608.7503 32.71363
v 192.2924 618.0711 45.26459
v 194.0135 719.509 22.39422
v 198.1592 698.4331 23.314
v 199.3699 709.2193 22.47501
v 194.0486 609.5385 43.55274
v 198.54 663.9246 22.41418
v 195.6465 697.7456 22.28738
v 200.0255 695.0561 22.58104
v 197.2496 609.4779 47.04233
v 183.9565 742.5358 42.67733
v 122.6304 707.3345 34.42533
v 198.3429 682.743 22.12072
v 149.0425 606.4125 28.69189
v 194.5563 692.9319 22.84578
v 197.5379 674.4262 23.76076
v 193.2044 689.2478 22.66664
v 99.74006 715.4384 35.30367
v 197.1304 673.6113 24.30061
v 194.4983 688.6461 22.87281
v 189.52 689.391 21.99317
v 199.693 696.088 22.36441
v 189.8978 689.8743 22.05582
v 197.6469 696.9457 22.26049
v 196.1091 670.5105 24.7154
v 197.9176 697.1023 22.31082
v 153.8722 620.7684 32.27225
v 200.0257 696.5647 22.35986
v 182.8336 762.0671 45.83821
v 183.9515 718.1593 23.02293
v 159.23 609.1497 30.94971
v 189.2184 626.0997 45.23642
v 186.7846 730.6703 40.23325
v 198.202 673.2449 24.55296
v 186.1735 704.4327 21.94035
v 191.4788 642.3005 23.76119
v 83.2962 738.0605 33.53826
v 49.658 727.6862 30.72148
v 191.2396 643.6922 22.17966
v 183.3243 692.1592 21.76663
v 189.8135 711.4266 21.94397
v 182.7011 712.2572 21.65495
v 48.39164 722.4792 30.38895
v 181.264 722.3495 25.2503
v 139.7951 723.2758 35.54998
v 147.3951 609.428 30.63014
v 98.5322 711.5483 34.81
v 198.1878 678.9114 22.09713
v 186.9017 685.9255 21.75258
v 188.4803 749.8112 25.91497
v 196.1176 683.7597 23.82797
v 78.95492 633.1267 26.10004
v 148.7885 607.8507 29.89075
v 189.2416 691.512 22.16337
v 196.8974 672.5468 24.5739
v 195.2311 618.9697 46.64187
v 148.9363 612.2883 31.24333
v 195.3629 656.6861 24.44565
v 183.5568 745.8103 29.86601
v 195.638 702.7758 22.46327
v 102.3609 747.8577 30.90033
v 193.624 676.7756 23.09541
v 188.2663 639.4335 23.81096
v 159.3367 695.7747 32.09663
v 194.8803 690.9755 22.41733
v 197.7931 626.9425 39.21811
v 182.4608 693.2926 24.19529
v 163.7762 604.1269 30.01616
v 153.7485 687.258 33.76954
v 198.5767 691.9574 22.85548
v 196.7481 627.2849 37.11568
v 193.6407 743.6584 27.58187
v 182.4157 736.9681 38.66668
v 196.465 681.0315 22.19917
v 198.9225 609.3159 45.59163
v 198.1951 686.7367 22.172
v 156.2666 732.8938 31.94144
v 183.2546 635.5336 21.09978
v 91.93665 630.5482 24.94709
v 198.7521 653.5024 24.39002
v 187.0534 639.04 23.86527
v 174.494 609.7839 36.93193
v 103.5098 727.1967 36.47721
v 193.0763 691.2873 22.45862
v 197.5978 697.8307 23.34768
v 179.3469 715.0436 25.46288
v 200.0155 625.9447 48.50534
v 199.5956 718.9195 22.8465
v 94.77702 752.6495 31.37294
v 200.0644 664.6151 23.3243
v 189.1378 687.5557 21.84638
v 170.5321 660.6746 32.84352
v 169.484 662.3967 30.91462
v 198.6658 697.9108 23.32929
v 197.5266 671.3854 24.57072
v 151.7455 750.7575 33.14716
v 198.7562 652.2623 23.63173
v 186.559 704.9731 21.81657
v 180.9177 724.4158 26.02137
v 197.5042 686.4025 22.65435
v 181.9798 693.8962 25.6742
v 91.91982 649.0848 28.17678
v 187.8685 700.7779 21.84599
v 187.5143 701.297 21.85175
v 97.38904 737.8118 33.74186
v 184.0856 744.3377 27.16731
v 197.7465 659.2258 22.79853
v 195.7953 698.9272 22.29375
v 199.6066 693.7912 23.02413
v 196.3862 698.4655 22.31253
v 182.8847 705.7375 21.68107
v 183.9314 675.3359 22.2175
v 86.02355 682.9793 40.21854
v 183.1768 743.9049 28.43092
v 185.7738 751.4167 36.81195
v 137.0972 694.4009 36.22303
v 134.2304 668.6879 36.46784
v 171.2743 675.7751 28.55973
v 71.97267 674.0498 42.6629
v 186.1757 698.1073 21.80593
v 200.1269 666.4166 24.00631
v 120.0011 688.4789 35.79994
v 189.5136 729.6236 47.71515
v 150.9965 627.2028 33.51656
v 190.9235 609.6622 43.71379
v 185.9355 703.6137 22.02904
v 137.492 667.0341 37.47433
v 197.9796 663.7857 22.44089
v 171.1652 703.7668 33.64026
v 189.4114 685.0055 21.96979
v 198.8611 676.9933 23.11463
v 196.7832 683.9756 23.95578
v 152.9873 676.5335 31.49204
v 111.8278 755.879 29.13226
v 198.5164 679.1661 22.01683
v 182.9889 706.4637 21.66867
v 164.2732 656 46.0738
v 189.2576 685.0987 21.88914
v 198.9448 702.9885 23.14783
v 197.7022 681.3002 22.08199
v 197.0302 682.428 22.16106
v 198.8019 688.6839 23.40821
v 151.4016 739.0841 30.48964
v 188.1822 641.3546 24.93945
v 179.0037 703.5671 29.27984
v 79.7825 675.5267 39.8073
v 157.6276 670.4542 30.3747
v 187.1422 679.5454 21.61815
v 200.0287 693.7373 23.0146
v 192.4148 689.1718 22.48869
v 168.8863 670.073 29.20763
v 193.5137 626.3627 46.7916
v 197.0127 664.5656 24.15829
v 199.972 664.4736 24.44201
v 100.4372 676.7542 34.99646
v 197.6566 686.9796 22.28445
v 199.9721 664.7972 24.43477
v 199.9599 674.3669 22.01019
v 175.4569 679.9611 27.63054
v 160.5434 719.1693 35.52752
v 142.0715 624.3093 31.31925
v 55.44014 751.8497 23.33534
v 187.2597 643.4493 24.58893
v 177.5584 684.9067 29.13124
v 132.1781 616.5415 32.75548
v 192.4139 651.7802 24.23624
v 180.4873 704.5296 26.65632
v 200.0681 666.9109 22.06145
v 187.398 638.0566 27.25523
v 154.4783 615.3309 31.74087
v 194.6281 661.123 22.15298
v 188.4112 680.1749 21.85338
v 200.0723 666.0505 24.01021
v 92.87845 666.9208 36.57608
v 138.2047 642.6961 36.3332
v 194.2993 619.9055 45.43095
v 128.4855 724.1042 35.84933
v 198.3616 663.3314 22.32364
v 195.1999 626.3234 48.17818
v 124.1364 730.0958 34.5505
v 100.5244 681.9112 34.98076
v 167.9708 668.6926 29.9096
v 199.3072 690.05 23.08498
v 175.5406 677.2645 27.11954
v 125.0822 753.0138 28.3706
v 172.888 716.6304 29.23501
v 120.8543 661.4294 36.83689
v 183.9181 615.5133 46.38972
v 199.0078 653.8733 22.57332
v 98.1147 696.7998 37.42534
v 178.7109 632.0485 39.52275
v 199.0941 680.3415 22.0351
v 137.6722 671.4606 31.23893
v 199.1735 657.8869 22.6643
v 141.1858 607.5913 30.72787
v 165.1399 735.6278 28.97053
v 198.1289 690.2003 23.01757
v 116.0937 650.5997 33.1601
v 163.0388 646.7818 46.12714
v 162.3609 649.5169 46.01109
v 115.0418 744.7679 30.45351
v 148.6589 616.6644 31.48934
v 183.8395 643.1523 27.4215
v 157.7459 728.1696 33.6464
v 186.0325 637.4429 22.99411
v 165.0481 675.6004 28.93242
v 195.3896 670.4693 24.75124
v 157.5659 677.9967 30.30669
v 149.2496 692.0719 35.77662
v 195.3713 655.9817 24.50822
v 174.8615 706.7456 30.72105
v 188.4496 640.7476 24.44328
v 193.8042 609.5789 41.79522
v 191.214 613.1956 45.5971
v 111.4936 628.9124 26.73543
v 168.5652 659.0091 39.21563
v 81.38445 686.57 41.42904
v 195.4637 627.6412 37.1881
v 189.3761 640.2864 24.14973
v 199.8179 694.1817 22.90536
v 188.8311 618.8858 45.34579
v 186.8536 644.6899 24.68623
v 131.8409 630.7206 33.74953
v 133.2412 632.0948 33.40155
v 129.6157 631.9116 33.49479
v 131.9831 628.8954 33.94506
v 162.0181 690.5558 30.97092
v 90.35294 662.3574 34.09469
v 131.9531 634.3118 33.26176
v 51.84953 722.3335 30.51393
v 195.8208 656.3016 24.50418
v 180.1616 720.9174 24.80456
v 181.2748 710.9896 24.79732
v 160.1378 733.157 31.05625
v 126.8705 665.4477 37.28126
v 188.4271 712.4906 21.91921
v 200.0196 652.0338 22.56981
v 170.0479 624.5022 40.24804
v 98.1706 680.2703 35.45118
v 197.7738 651.393 24.4261
v 125.3569 636.7498 32.9949
v 123.2638 636.4351 32.80692
v 192.8876 636.2122 24.09521
v 199.6728 686.6194 21.99477
v 169.9042 681.348 29.52171
v 171.6031 672.0197 28.26999
v 184.615 636.4946 22.29279
v 167.3316 655.5597 44.23033
v 199.8612 746.9008 39.12515
v 200.0424 659.4467 21.86076
v 78.8691 635.8609 27.62329
v 198.9908 655.3494 23.46421
v 199.0914 655.7428 23.37254
v 187.1211 709.7355 21.8737
v 186.0869 709.3579 21.83939
v 196.0425 626.2903 48.28976
v 172.7194 680.8814 29.47665
v 194.0897 659.6062 22.85539
v 199.4665 658.3166 22.37728
v 197.1003 649.0648 21.90763
v 198.7352 662.7908 22.08567
v 195.2107 697.3127 22.94454
v 197.5147 649.1819 21.89009
v 102.6148 656.9162 32.19931
v 196.8194 698.3461 23.19397
v 186.1612 689.61 21.72221
v 133.5476 636.1747 33.24878
v 185.8751 658.7051 21.37467
v 141.6992 700.6348 34.63416
v 81.02784 715.0071 35.88901
v 187.2088 610.8204 46.4867
v 132.5133 754.1744 28.58575
v 151.9358 745.6177 29.91456
v 113.7987 631.1425 27.8223
v 200.0701 687.9872 22.03576
v 198.0866 697.4503 23.22698
v 78.83194 646.7559 32.64473
v 170.1206 729.0302 27.95049
v 171.7498 729.598 26.92279
v 182.8531 716.5826 23.66395
v 109.5673 710.3457 34.49281
v 198.7869 659.1177 22.89466
v 134.8045 752.3722 28.50112
v 194.9472 653.9003 24.5105
v 137.8139 669.921 33.2077
v 168.0682 737.1081 28.24631
v 168.9492 737.4447 28.68461
v 156.3624 633.8467 42.69579
v 182.3075 706.9001 22.54256
v 193.5116 642.6902 23.38523
v 182.8485 703.9648 21.7703
v 196.9504 604.4663 39.09702
v 130.2846 756.3534 28.81781
v 145.0535 669.2537 31.77009
v 186.9944 635.8367 28.68132
v 196.8641 606.8197 40.69702
v 197.4165 625.6245 48.40549
v 92.95146 658.8589 32.09798
v 94.72834 669.7215 36.79853
v 123.2878 634.0176 32.29282
v 199.2389 661.4245 21.91578
v 194.0144 654.3051 24.4636
v 182.6467 707.8882 21.65941
v 140.6242 749.311 28.88889
v 121.641 629.8243 29.92039
v 85.78944 748.6867 32.13467
v 145.6067 749.3021 30.06319
v 199.4158 662.3733 21.92583
v 200.0747 675.0693 22.10464
v 134.9103 731.7589 33.46475
v 184.8661 608.7198 41.78561
v 88.44633 653.8204 28.95926
v 89.53099 647.5022 27.85958
v 134.4609 606.003 30.34841
v 183.2788 734.916 47.9854
v 153.9082 694.0996 34.52228
v 193.8324 689.4531 22.72287
v 191.4324 609.698 44.41268
v 71.87309 684.7177 42.50037
v 117.229 753.7022 28.61033
v 143.423 616.0064 31.95412
v 196.937 605.8641 40.13543
v 197.3933 605.9538 40.60121
v 185.9078 638.6136 28.84758
v 141.0722 628.4159 31.33627
v 73.76701 686.9973 42.04585
v 182.4303 616.293 44.96213
v 154.254 692.7185 34.37535
v 197.6074 605.3097 39.96339
v 84.2434 721.9857 35.61691
v 168.5206 671.7271 28.47857
v 49.45686 719.3925 29.98324
v 49.36259 720.2998 30.32202
v 192.8545 651.4089 22.03117
v 197.0142 627.7723 35.57291
v 89.59425 726.2406 35.86236
v 189.584 615.7595 45.52374
v 186.109 651.9638 21.46846
v 75.8851 725.9697 35.48492
v 188.4509 640.5355 24.85617
v 149.9183 685.945 35.14062
v 98.95695 724.2718 36.373
v 126.7187 610.4333 32.51771
v 145.0226 710.8644 34.04806
v 190.2122 652.2738 22.93026
v 163.1211 665.9146 31.99422
v 164.3666 743.8667 31.92049
v 126.4483 765.4664 32.55162
v 189.7245 621.0484 45.30603
v 49.61668 734.0506 28.02321
v 97.02296 762.6859 31.22558
v 89.01235 754.9005 32.02944
v 52.34422 726.1911 30.90342
v 118.3882 756.6489 28.73705
v 133.6746 604.6554 30.01712
v 158.5694 731.2516 32.38759
v 188.4183 642.0345 23.84614
v 79.22894 640.2122 28.30291
v 196.8142 631.8325 29.78137
v 113.9233 662.1854 36.01088
v 195.4105 614.0695 46.21848
v 83.08803 653.5131 28.73362
v 185.8054 621.1243 45.45406
v 190.2526 640.7407 24.31451
v 199.5192 657.6716 22.30839
v 193.558 609.4719 40.79196
v 149.5788 632.6192 37.17194
v 180.7259 737.8462 35.80327
v 171.1966 740.6667 31.7546
v 191.1617 626.4509 46.47568
v 180.3184 738.3716 36.83656
v 192.8445 606.4128 40.60952
v 194.5837 691.3352 22.54726
v 150.3095 694.4541 35.07124
v 97.84557 709.1676 35.29554
v 189.6079 625.6479 46.0761
v 127.6348 629.157 33.12152
v 190.113 612.0943 46.08909
v 147.474 754.4068 36.82394
v 199.2343 662.6421 21.93549
v 171.9588 733.662 27.28419
v 199.3642 654.875 21.71539
v 115.2077 726.345 36.28895
v 197.1323 688.3866 22.58109
v 192.905 643.3774 22.15606
v 65.71241 698.2795 38.50567
v 199.3424 656.4606 21.76028
v 44.7725 729.6178 25.25962
v 84.71819 651.1511 50.89566
v 148.3436 712.7843 34.47125
v 182.0194 708.7529 23.01622
v 133.9528 619.9589 33.40829
v 129.3695 624.6312 30.27998
v 129.5489 763.8146 33.21682
v 194.9117 635.0244 24.70596
v 174.6271 725.3448 26.34979
v 192.3064 642.6691 23.58943
v 131.1941 617.8343 32.56718
v 178.4845 721.9243 25.50399
v 192.5001 715.3792 21.99687
v 189.6863 622.1589 45.57671
v 186.2175 648.8571 21.81898
v 190.3909 658.4336 23.74317
v 199.2656 654.0082 21.66092
v 78.49725 637.5079 34.25117
v 187.9957 620.4667 45.53605
v 59.33565 718.4031 31.67954
v 197.5465 643.0548 22.46306
v 191.1577 651.9557 23.40289
v 185.0405 673.8848 21.50606
v 177.1239 601.9372 30.84582
v 135.1535 625.7499 34.01654
v 189.2275 759.8818 44.68523
v 198.7655 648.623 21.81238
v 82.37157 748.3433 29.24035
v 185.7829 702.9525 21.95437
v 173.56 600.0857 29.49427
v 171.6627 636.6683 41.87827
v 136.7454 626.0327 33.23767
v 140.198 631.2925 32.25846
v 189.4071 648.8069 21.90517
v 156.4757 751.5276 43.73921
v 156.6059 639.0668 45.75511
v 196.5776 682.5873 24.00331
v 126.9897 632.949 33.13909
v 54.7024 710.4196 31.29778
v 196.12 681.9427 23.89531
v 135.5215 623.2493 33.91738
v 105.72 725.6214 36.71406
v 179.0059 651.1054 25.89848
v 70.90699 724.3365 34.88281
v 131.419 610.2436 32.1877
v 191.1677 667.0935 23.08908
v 76.49847 719.1918 35.53208
v 197.0104 678.8113 23.83221
v 168.523 634.2635 43.75637
v 199.6545 698.4759 23.45577
v 194.2524 626.6487 44.64346
v 116.4985 612.1446 22.38775
v 109.6246 623.1401 24.30843
v 195.1724 693.1384 22.65216
v 52.15495 743.9099 25.1791
v 185.292 679.5793 21.50223
v 177.1183 717.143 26.51674
v 121.534 721.3572 35.95295
v 180.8392 709.1108 25.73387
v 199.6167 671.9228 24.66607
v 188.3475 659.6973 22.69347
v 197.9719 659.3363 22.93298
v 92.21626 697.1837 37.85119
v 195.1716 618.7813 45.41163
v 145.9818 611.7442 31.31687
v 188.4748 637.4912 24.15646
v 157.408 743.0933 29.45572
v 176.8365 678.9078 26.48734
v 188.1662 660.8791 21.74823
v 196.6382 679.4041 23.14483
v 175.9533 694.6627 32.6792
v 192.2099 609.8404 46.57739
v 67.9141 699.9237 35.36172
v 50.06544 716.2803 31.64734
v 47.9472 721.2589 30.4543
v 137.6922 647.5933 38.05878
v 159.5572 672.6914 29.18013
v 151.9865 635.3694 42.11657
v 194.6897 604.1924 37.69256
v 99.04525 770.5178 30.4314
v 187.716 704.29 21.76114
v 165.0659 633.1116 43.64448
v 144.7123 617.8936 31.415
v 69.60676 693.7241 40.35437
v 50.77807 712.3949 32.24736
v 194.0277 615.008 45.4538
v 176.6146 602.9219 31.95118
v 199.9881 666.136 24.16316
v 91.60888 691.8014 38.07987
v 174.6635 739.1147 31.91014
v 187.5125 703.3707 21.84385
v 195.8686 619.9271 45.82719
v 187.8908 620.649 45.83499
v 185.744 612.0301 45.4199
v 175.0553 601.8744 30.29164
v 180.7688 601.7335 33.13877
v 192.7287 601.6386 37.8499
v 134.5131 604.2738 29.2175
v 199.9205 673.863 24.31386
v 74.31619 700.2267 34.72986
v 83.30141 749.6075 28.79344
v 189.365 688.5725 21.84603
v 139.6331 655.4413 40.58426
v 139.5485 672.8475 32.12502
v 77.26283 682.0782 41.76756
v 174.2463 698.0598 33.18168
v 182.6524 708.5606 21.6364
v 124.4256 628.1815 29.35167
v 196.2993 606.2327 38.49323
v 198.1671 605.5329 40.25418
v 188.0001 688.2268 21.9847
v 74.38706 690.1209 41.01722
v 85.79503 650.1423 51.8189
v 195.1218 660.204 22.43375
v 179.8568 752.5696 49.9324
v 176.9183 605.1882 35.63869
v 74.6422 684.2206 42.2725
v 184.4806 614.7779 46.47694
v 175.7513 669.6308 25.90651
v 76.12399 661.9384 43.46863
v 118.9952 629.7981 28.27902
v 199.1537 655.9292 23.61625
v 86.24609 677.2501 39.39704
v 196.5224 604.5095 37.94838
v 188.9962 688.1347 22.01534
v 72.38255 681.35 42.08275
v 102.3209 678.7479 34.58814
v 184.1633 603.5414 37.92442
v 198.0409 606.3452 40.76167
v 194.2053 672.2652 24.21864
v 75.93609 676.5398 40.73343
v 194.9685 672.981 24.40006
v 199.9493 665.7942 24.30872
v 155.7302 630.7607 39.25123
v 184.3558 633.2304 34.36541
v 108.0734 684.6885 35.19843
v 136.2237 605.0792 29.38151
v 198.5736 604.6125 39.57549
v 77.22777 663.8282 36.12653
v 198.376 675.0206 23.41271
v 187.4093 704.0964 21.80746
v 198.1762 659.4091 22.8423
v 168.0577 600.3973 29.69757
v 188.7654 621.061 45.78348
v 198.7356 605.161 39.99365
v 128.5489 629.0443 27.60703
v 199.3118 657.9484 22.59477
v 198.2048 659.255 22.94574
v 198.7716 654.0861 24.41581
v 80.67546 739.2725 33.07256
v 196.4213 605.9151 40.66555
v 181.8204 674.6092 23.36593
v 79.59373 742.8044 31.55905
v 199.5119 662.8461 21.93085
v 200.1923 686.3297 22.02009
v 93.76553 626.01 23.35163
v 189.8 626.5017 46.20024
v 198.1799 643.2712 23.0818
v 197.5611 686.188 22.20084
v 91.35951 756.8872 32.43143
v 94.95471 760.6492 32.08531
v 62.20475 704.4351 32.72311
v 71.44524 687.0764 42.30647
v 188.7709 622.6117 45.51583
v 83.89971 686.8418 40.88947
v 199.0538 620.3235 48.55263
v 194.3273 690.2729 22.35748
v 138.6404 620.5421 33.24125
v 199.4938 657.8986 22.46407
v 171.4612 671.2254 28.12375
v 198.3447 692.3536 22.98417
v 199.7637 667.9787 24.45602
v 78.7813 641.9138 32.0697
v 186.6045 702.9036 21.96443
v 183.0068 740.225 35.60019
v 151.5637 692.6814 35.62559
v 190.1735 609.8331 41.57399
v 194.9681 668.1705 24.5645
v 186.9558 627.7207 42.53821
v 200.117 676.4084 23.07493
v 145.0098 715.3092 34.94784
v 199.8636 609.0301 44.36026
v 79.78811 744.6506 30.5976
v 186.9263 618.6131 45.81064
v 95.43932 760.9825 31.46021
v 188.5443 625.7077 44.06005
v 190.268 610.678 46.42548
v 191.7771 618.498 45.20052
v 187.086 615.7845 46.17098
v 193.1745 609.6528 44.6771
v 193.762 612.1726 45.6534
v 199.8521 673.1757 24.6221
v 194.2205 643.9501 22.0817
v 190.8089 603.7236 38.17372
v 173.1091 668.3013 27.47133
v 199.4085 674.6398 23.60472
v 136.6084 680.592 35.70261
v 73.20683 672.3232 41.59942
v 193.3231 609.5777 43.74428
v 179.7148 690.1439 30.85222
v 195.1243 620.7357 48.29942
v 150.1864 662.4302 41.06251
v 198.4547 664.4589 24.17344
v 199.2323 668.1784 24.50886
v 162.2746 630.1369 41.45415
v 197.5545 678.5148 22.52804
v 177.4199 690.4375 32.09752
v 188.9411 749.8894 28.32539
v 154.3891 679.0224 31.68967
v 80.10812 748.1393 32.80679
v 151.5936 637.3994 43.58694
v 160.1325 629.6848 40.46018
v 152.6331 641.1353 45.18106
v 173.5487 682.6572 30.02922
v 194.4641 681.7968 23.46602
v 199.1613 658.6786 22.79743
v 198.8931 658.8785 22.74325
v 186.3722 608.964 41.43534
v 187.1746 687.9683 21.85703
v 188.1094 653.474 22.06082
v 186.3733 635.7517 30.18811
v 188.6483 652.2882 22.10023
v 199.9607 666.7297 24.1786
v 190.8341 617.4226 45.29625
v 140.4602 618.9749 32.56691
v 148.1137 682.9151 34.41153
v 138.8425 697.049 35.86552
v 174.9911 673.0293 26.75077
v 195.2457 689.4225 22.46538
v 197.3475 684.6062 22.19613
v 171.4504 736.7273 28.92131
v 195.5989 690.5873 22.31242
v 129.8809 620.6701 32.28075
v 191.422 688.1321 22.27432
v 127.7666 626.0144 29.98842
v 162.7277 635.1518 44.84031
v 196.4439 609.2167 44.15622
v 182.214 688.025 22.77912
v 199.7213 658.7919 22.47756
v 152.1496 638.7523 44.37838
v 195.3425 691.9751 22.40442
v 198.8626 651.8129 23.05736
v 157.8538 637.9789 45.57735
v 180.3749 668.7757 23.56771
v 193.1068 758.3233 46.3102
v 199.1188 654.545 22.13007
v 198.9687 658.0805 22.95985
v 176.1283 670.492 25.7722
v 199.0659 657.6925 22.93802
v 182.0931 736.1376 49.38664
v 185.8046 600.4176 36.85491
v 149.9967 636.1176 41.35418
v 133.4372 606.4213 30.95791
v 142.8379 745.3317 29.4656
v 200.1453 666.856 22.62756
v 112.9385 656.3965 33.76875
v 104.3698 684.7949 35.39874
v 180.835 692.1202 29.76632
v 196.2384 647.9167 21.93875
v 142.4236 641.998 38.78012
v 199.1356 654.7337 21.87927
v 130.1962 640.6848 34.00356
v 165.598 637.729 45.57868
v 178.5273 600.0536 28.16817
v 49.66985 717.6741 30.51928
v 188.6441 678.5297 21.97377
v 128.8622 615.4134 32.42488
v 150.9023 638.563 43.71229
v 199.0017 609.0697 45.64191
v 199.0025 655.1217 21.89464
v 107.3288 660.6312 34.80565
v 200.0858 663.7986 21.94878
v 186.7137 636.9098 28.50196
v 128.3503 656.6788 37.64072
v 140.2846 640.7691 36.92081
v 187.5797 677.8061 21.78981
v 199.3413 656.4738 22.81336
v 198.7249 657.4254 23.68719
v 95.09879 727.8985 36.07633
v 171.6034 659.5346 31.70324
v 180.8465 617.1888 44.05795
v 197.6321 656.0324 24.46139
v 103.8644 654.9203 31.56454
v 199.5673 656.1479 21.74733
v 158.2373 650.9213 45.57142
v 181.5941 689.7917 25.47998
v 171.3689 661.2378 30.21683
v 173.4333 659.9621 28.37102
v 157.9936 640.9768 45.88262
v 186.0249 688.782 21.71125
v 199.9821 657.8995 22.09864
v 199.6949 657.8522 22.66293
v 127.2932 750.3675 28.30777
v 190.6799 604.8158 38.50471
v 185.9757 674.3443 21.64287
v 191.7439 646.08 21.98323
v 198.8565 653.4538 23.35563
v 198.7071 669.8748 24.56666
v 200.0478 665.055 21.78995
v 166.9485 657.6763 44.4754
v 131.4809 680.9183 36.02806
v 161.9343 723.6426 34.20932
v 198.983 654.6899 22.46276
v 199.1685 663.9904 22.25099
v 199.3043 652.7025 23.07325
v 198.8435 652.7167 23.32347
v 198.8993 653.0759 23.24898
v 97.42328 664.6544 35.94789
v 175.4792 641.1675 36.64939
v 171.3408 645.0896 41.55284
v 162.2109 641.5221 46.11414
v 198.8979 652.9368 23.32856
v 185.6966 637.4561 23.31247
v 198.8527 653.0331 23.42235
v 167.5044 657.993 42.94126
v 198.2333 651.2317 24.34634
v 173.2768 740.4348 34.27155
v 198.1313 662.3767 22.2099
v 186.2551 689.1982 21.71397
v 198.1119 662.8007 22.2976
v 195.725 657.2135 24.34077
v 73.50632 729.3786 34.94203
v 149.7659 747.3675 30.29052
v 161.8062 635.9941 45.26722
v 132.0438 671.506 36.36289
v 104.0676 689.6169 36.17055
v 196.7419 651.1597 24.48141
v 198.1561 609.4198 47.21597
v 167.5238 656.4324 43.86271
v 173.5901 663.7766 27.95817
v 199.2493 659.5652 22.509
v 198.6253 652.1091 24.35594
v 154.5295 651.0358 45.0601
v 164.6895 683.921 29.91039
v 126.1627 702.6676 34.99568
v 166.4923 658.3239 44.22152
v 199.9697 652.4592 22.79834
v 78.29777 652.7411 41.02792
v 183.2308 696.99 21.69941
v 153.4302 681.2666 32.64682
v 102.9546 666.7159 36.11105
v 146.4157 647.8085 43.13707
v 79.23877 679.0815 40.89072
v 104.9334 769.6039 29.75563
v 156.9508 657.7214 44.75234
v 144.9098 660.421 41.33801
v 180.6564 686.1719 23.86779
v 77.92616 656.3799 42.88216
v 183.2962 738.0345 38.26638
v 198.1722 650.577 21.98205
v 73.2536 676.363 41.17599
v 73.52551 674.3024 40.50872
v 156.0636 654.7101 45.08784
v 151.2076 642.4864 44.80238
v 184.3397 740.3406 41.6629
v 187.6624 607.6892 40.72115
v 149.843 651.6966 43.94184
v 161.0198 659.3416 43.84329
v 131.3817 656.4807 38.65589
v 195.9846 644.3931 22.1046
v 151.3338 636.4546 42.9126
v 199.7535 652.0303 22.73313
v 194.7504 647.3524 21.93256
v 107.6342 668.7641 35.98436
v 196.0851 649.4955 21.98423
v 160.3986 640.5895 46.0502
v 165.1759 647.4004 46.08094
v 188.279 651.6953 21.81509
v 153.0506 636.1844 43.38973
v 198.6848 650.4029 22.82218
v 190.0465 728.4013 40.9796
v 199.785 743.8108 38.09971
v 154.9817 633.686 42.00589
v 186.1314 672.3701 21.7188
v 196.1323 642.822 22.84177
v 199.2003 651.1842 22.73624
v 105.6671 730.7395 35.6201
v 199.3218 652.2191 22.97155
v 162.3686 634.2991 44.36176
v 162.7634 624.0031 37.28058
v 166.1593 629.1272 41.67885
v 166.1689 686.9074 30.50463
v 200.1248 646.714 21.95092
v 179.9565 631.1742 40.00793
v 196.7688 648.7979 21.92496
v 101.7848 696.2655 36.96109
v 183.8869 623.8012 43.86147
v 183.2391 675.552 22.6031
v 198.9295 649.9089 21.76984
v 195.6335 699.0516 22.8474
v 199.4346 618.4679 47.36106
v 150.3583 728.3891 33.75404
v 169.0904 630.1346 42.18937
v 186.8751 617.2765 45.97373
v 181.5949 677.6716 23.50974
v 198.5781 650.2439 21.85298
v 199.161 654.158 22.06796
v 189.2647 700.8006 21.93046
v 76.06453 733.2755 34.35764
v 175.4925 608.0095 36.70082
v 186.5604 618.0151 46.12111
v 188.7146 680.0807 21.92449
v 194.6919 622.0003 48.15461
v 188.388 679.8759 21.80572
v 172.3209 742.0093 39.68294
v 199.7381 644.6702 22.9209
v 186.3211 604.6047 39.4269
v 125.5669 744.471 29.90954
v 195.1797 617.8358 45.38274
v 199.8843 645.7535 22.48245
v 199.4542 657.3088 22.1581
v 188.3933 687.2743 22.0136
v 72.9782 718.1597 34.78668
v 199.1376 655.8297 21.73158
v 199.987 665.1272 24.40813
v 198.5104 656.7988 24.38936
v 191.8114 641.853 23.83654
v 199.4818 663.6531 22.01033
v 189.7754 607.6116 40.40962
v 199.0492 663.5172 22.1037
v 80.7327 745.9903 30.06525
v 162.5718 725.7669 33.07469
v 198.9327 675.1838 23.1161
v 185.5872 606.2689 40.00972
v 70.29686 700.3598 33.01085
v 199.6941 658.9316 22.4184
v 149.9595 637.6985 42.71194
v 163.477 631.25 42.57616
v 120.5175 701.3371 35.14667
v 165.7041 631.4701 42.81153
v 51.30199 715.7407 29.56945
v 178.5158 609.6428 39.19211
v 183.573 735.4406 49.83334
v 123.0153 644.8056 33.58216
v 186.0218 668.2822 21.71878
v 189.8568 667.4871 22.46538
v 166.1768 722.5793 31.88221
v 137.1622 612.3012 32.14102
v 67.42775 696.2784 39.54544
v 50.44347 741.6526 24.36882
v 197.9757 649.2902 21.86407
v 198.6114 674.1382 23.99713
v 199.951 613.7343 47.14122
v 77.54922 660.1732 45.2883
v 174.4074 722.0088 27.12337
v 85.74761 650.2332 51.82502
v 200.0059 666.6177 21.97993
v 196.6941 656.3016 24.49442
v 141.0614 758.9032 38.80879
v 196.2816 682.0078 21.7723
v 195.1419 673.9454 24.30205
v 141.6198 615.4229 32.26212
v 189.0926 699.3725 22.02919
v 196.5631 609.3158 44.31707
v 185.0271 600.2239 34.3681
v 198.4321 675.887 23.23808
v 157.4328 634.5254 43.49048
v 198.6595 663.3736 22.20726
v 185.4139 604.3889 39.59183
v 129.8335 625.2684 29.80541
v 129.8728 621.6388 31.03812
v 130.6325 627.8366 27.92007
v 81.67731 747.33 29.5329
v 189.9248 643.1419 23.00998
v 120.8395 636.3979 31.98382
v 196.4296 656.6743 24.46114
v 104.6146 642.8297 29.4821
v 185.6215 734.1082 49.8144
v 147.1468 639.6372 41.4373
v 158.6718 613.1421 31.68783
v 165.2643 640.1447 45.99963
v 124.2693 647.3835 34.18933
v 114.9584 659.8494 35.3531
v 165.7549 737.74 28.40403
v 143.5161 605.4707 28.51283
v 144.4148 606.8986 29.82101
v 196.8793 678.5771 22.59929
v 171.2436 656.7238 34.87521
v 152.7663 667.8328 31.89653
v 193.2918 657.6636 24.22789
v 138.0093 609.6846 31.56959
v 162.063 654.8384 45.78243
v 195.4182 678.0365 22.60923
v 168.2986 649.2649 43.65284
v 155.7363 605.7773 29.35471
v 111.4807 659.6852 34.67087
v 174.8918 741.0071 38.78756
v 172.5544 662.4606 28.75422
v 142.4235 606.4203 30.00731
v 196.7387 678.8617 22.68727
v 134.4412 608.6841 31.57076
v 79.22716 650.0891 30.44679
v 196.1015 678.2072 23.75286
v 195.8636 680.7801 22.80116
v 197.6549 658.4612 23.19254
v 130.0769 619.6087 32.48152
v 194.9445 609.652 46.75029
v 78.69318 652.6788 34.95161
v 195.4355 654.6956 24.5575
v 81.66807 635.5212 25.73047
v 139.586 613.9563 32.30524
v 184.4106 688.803 21.50883
v 155.2532 603.9174 28.43217
vt 0.5765136 0.8163881
vt 0.5774886 0.8156919
vt 0.5765405 0.8168197
vt 0.3502374 0.5596519
vt 0.3689093 0.5761272
vt 0.3550062 0.5607428
vt 0.1020508 0.9989583
vt 0.2562793 0.6482651
vt 0.2549181 0.6479827
vt 0.2568688 0.64886
vt 0.5764631 0.8155945
vt 0.5774583 0.815379
vt 0.579057 0.8150871
vt 0.6977383 0.7808741
vt 0.6975436 0.7815828
vt 0.6942108 0.7811191
vt 0.3769805 0.5742589
vt 0.3732358 0.5587298
vt 0.3602411 0.5592949
vt 0.6987063 0.7806789
vt 0.6166251 0.8033479
vt 0.616615 0.8033518
vt 0.6166142 0.8033512
vt 0.523718 0.9995117
vt 0.6218096 0.8018467
vt 0.5797308 0.8151258
vt 0.5799999 0.8149005
vt 0.612588 0.8046679
vt 0.6126797 0.8050857
vt 0.5211561 0.9930427
vt 0.6115875 0.8050123
vt 0.654467 0.9948716
vt 0.6552583 0.9916626
vt 0.6524095 0.993198
vt 0.5237201 0.9995029
vt 0.519043 0.9939379
vt 0.6463113 0.9875246
vt 0.645309 0.9884008
vt 0.6458406 0.9877225
vt 0.2327683 0.6616028
vt 0.6288812 0.8029076
vt 0.6257512 0.8046197
vt 0.6265594 0.8058218
vt 0.335341 0.9829875
vt 0.6484132 0.9864844
vt 0.8144392 0.9929379
vt 0.8123311 0.9963356
vt 0.8163571 0.9952353
vt 0.6671968 0.7928817
vt 0.6704354 0.792048
vt 0.6630039 0.7942497
vt 0.8079374 0.7167126
vt 0.7892706 0.6788663
vt 0.799687 0.7248756
vt 0.6068555 0.8714722
vt 0.6060894 0.8737574
vt 0.6092749 0.8758706
vt 0.6576983 0.9979768
vt 0.6569259 0.9972627
vt 0.6548642 0.9995117
vt 0.8134129 0.9932683
vt 0.6689351 0.7923221
vt 0.2360886 0.6678019
vt 0.2352917 0.664737
vt 0.2313001 0.669098
vt 0.7296923 0.7712179
vt 0.7324024 0.7737279
vt 0.3179373 0.4627807
vt 0.7278132 0.7719812
vt 0.3268334 0.5724155
vt 0.3084958 0.5713001
vt 0.3239505 0.5855824
vt 0.3183655 0.4630474
vt 0.3151949 0.4648804
vt 0.6966508 0.8990245
vt 0.7005261 0.8988186
vt 0.6956148 0.8963648
vt 0.2380565 0.6659046
vt 0.6421617 0.99035
vt 0.2210843 0.6699854
vt 0.2194514 0.6761439
vt 0.2195951 0.6711933
vt 0.2898137 0.5406851
vt 0.2839506 0.5277147
vt 0.2753371 0.5375757
vt 0.2274361 0.6648563
vt 0.648992 0.9862037
vt 0.6471205 0.9889618
vt 0.6487223 0.987924
vt 0.2325938 0.6607316
vt 0.2349593 0.6588563
vt 0.2393186 0.6628892
vt 0.592613 0.8107213
vt 0.5935199 0.8113844
vt 0.5883998 0.8124519
vt 0.5934429 0.8108436
vt 0.7335713 0.6832104
vt 0.7367253 0.6846308
vt 0.7346445 0.6856772
vt 0.7328324 0.6815135
vt 0.3309682 0.9795396
vt 0.3327891 0.9824299
vt 0.6267329 0.8021727
vt 0.3298529 0.9804755
vt 0.5952578 0.8104206
vt 0.5958677 0.8114337
vt 0.595248 0.8104227
vt 0.595263 0.8104194
vt 0.3163693 0.6910267
vt 0.3189882 0.690443
vt 0.2981207 0.6730664
vt 0.7637172 0.7600569
vt 0.7745062 0.7508541
vt 0.7648337 0.7616138
vt 0.3531232 0.550214
vt 0.7621529 0.7558012
vt 0.5663237 0.8261943
vt 0.568708 0.8276212
vt 0.5648878 0.8265743
vt 0.568131 0.8258381
vt 0.6229097 0.8021135
vt 0.624633 0.8041594
vt 0.3266378 0.9832417
vt 0.6223216 0.8017257
vt 0.3320497 0.9852655
vt 0.6080998 0.8062603
vt 0.6080417 0.8069237
vt 0.6070496 0.8067287
vt 0.7892132 0.6691947
vt 0.7983087 0.6744076
vt 0.8032012 0.6626484
vt 0.6095905 0.8057317
vt 0.7119039 0.7761427
vt 0.7122245 0.7762333
vt 0.7116843 0.7762277
vt 0.7120278 0.7761269
vt 0.2492322 0.6474043
vt 0.2462416 0.6548466
vt 0.2497078 0.6516683
vt 0.2504391 0.6463339
vt 0.7294356 0.6737467
vt 0.7318454 0.6785524
vt 0.7339301 0.6695646
vt 0.7262677 0.6655197
vt 0.8545766 0.6012107
vt 0.856738 0.602303
vt 0.8408435 0.6152957
vt 0.3587738 0.5853664
vt 0.3651243 0.5827924
vt 0.3650805 0.5883029
vt 0.812916 0.6599573
vt 0.8555318 0.6002876
vt 0.6301613 0.8011152
vt 0.6323077 0.8016697
vt 0.6323512 0.8006275
vt 0.6676051 0.7954673
vt 0.6656514 0.7989561
vt 0.6735968 0.7951567
vt 0.5541509 0.8258759
vt 0.5518124 0.8282565
vt 0.5543733 0.8250553
vt 0.5544227 0.8265414
vt 0.5697307 0.8255
vt 0.256405 0.6470727
vt 0.7694979 0.6876635
vt 0.7649654 0.6866707
vt 0.7645227 0.7005927
vt 0.236863 0.6573105
vt 0.6477138 0.7952736
vt 0.6481859 0.7954754
vt 0.646832 0.79587
vt 0.6480961 0.7950935
vt 0.58776 0.8127256
vt 0.5878962 0.812721
vt 0.5877175 0.8129559
vt 0.5878189 0.8126921
vt 0.2253606 0.6767586
vt 0.2308937 0.6736032
vt 0.5914206 0.561318
vt 0.5899386 0.5691637
vt 0.6054173 0.5792902
vt 0.7705534 0.9979628
vt 0.7705942 0.9984037
vt 0.292322 0.9991883
vt 0.7704411 0.997848
vt 0.2642819 0.6353827
vt 0.2706093 0.6364152
vt 0.2663602 0.6337034
vt 0.2939992 0.9980086
vt 0.293969 0.9989607
vt 0.8411924 0.679009
vt 0.8515726 0.6827345
vt 0.848158 0.6696951
vt 0.6436344 0.7980519
vt 0.6431323 0.7988903
vt 0.6426299 0.7986222
vt 0.6447712 0.7972555
vt 0.7407629 0.6793174
vt 0.7316585 0.6792846
vt 0.2580331 0.640223
vt 0.2566826 0.6426173
vt 0.2606982 0.6420583
vt 0.3484815 0.9995117
vt 0.2583151 0.640135
vt 0.2187661 0.671874
vt 0.2169296 0.6732913
vt 0.7292894 0.6603054
vt 0.2282633 0.6637383
vt 0.2270096 0.6648392
vt 0.2295483 0.6626137
vt 0.2303576 0.6632929
vt 0.2521394 0.6507421
vt 0.253566 0.648971
vt 0.2422884 0.6596724
vt 0.651188 0.9892339
vt 0.5475073 0.824013
vt 0.5445502 0.8259047
vt 0.5475591 0.8289625
vt 0.8148832 0.9919868
vt 0.2592907 0.6483676
vt 0.5553399 0.8286365
vt 0.5551934 0.8296129
vt 0.5559378 0.8285253
vt 0.2720748 0.6290823
vt 0.2727681 0.6293687
vt 0.2698357 0.6308967
vt 0.2726584 0.6286192
vt 0.5499901 0.8229911
vt 0.5503501 0.8231902
vt 0.548992 0.8232122
vt 0.5503684 0.8229213
vt 0.06843757 0.7716826
vt 0.06142104 0.7779251
vt 0.07717967 0.778437
vt 0.07021114 0.7701039
vt 0.6501779 0.7943308
vt 0.6496699 0.7946298
vt 0.6497194 0.7944381
vt 0.8642198 0.6067036
vt 0.8646195 0.5954765
vt 0.1048344 0.9983403
vt 0.104569 0.9994571
vt 0.8397108 0.673564
vt 0.65207 0.7939354
vt 0.69651 0.6630272
vt 0.6827137 0.6598805
vt 0.6762164 0.661006
vt 0.04119571 0.7965217
vt 0.04256302 0.7963349
vt 0.03839279 0.7994034
vt 0.04198056 0.7957717
vt 0.6055726 0.8073326
vt 0.6053242 0.8083121
vt 0.60391 0.8080464
vt 0.2878147 0.6345701
vt 0.285231 0.6296202
vt 0.2816532 0.6342006
vt 0.2036032 0.9975586
vt 0.6223322 0.8018605
vt 0.339628 0.9724545
vt 0.3492069 0.9731773
vt 0.6352912 0.8003827
vt 0.3395518 0.9725191
vt 0.635434 0.8003492
vt 0.6400564 0.8023475
vt 0.6569842 0.7961497
vt 0.6587219 0.7967207
vt 0.6560802 0.7963337
vt 0.6585546 0.7957079
vt 0.6447397 0.7983882
vt 0.3500992 0.9668398
vt 0.6464255 0.7961677
vt 0.5937679 0.9617231
vt 0.5665995 0.9045961
vt 0.5937039 0.9664654
vt 0.5717366 0.8923131
vt 0.5828378 0.9684635
vt 0.5490529 0.8234328
vt 0.6604961 0.7957586
vt 0.6598215 0.7953676
vt 0.5237223 0.9995086
vt 0.5757414 0.8867072
vt 0.5678661 0.8799885
vt 0.5999832 0.8092192
vt 0.5994556 0.8093883
vt 0.5869392 0.8157819
vt 0.5871218 0.8158191
vt 0.5851734 0.8164564
vt 0.6026475 0.8120009
vt 0.6028872 0.8128891
vt 0.6055123 0.8122149
vt 0.07599568 0.9932554
vt 0.5947193 0.9956182
vt 0.5941372 0.9945477
vt 0.5947322 0.9968647
vt 0.5948956 0.9962229
vt 0.6937332 0.6543341
vt 0.6895795 0.6582165
vt 0.7088188 0.6603085
vt 0.5066989 0.9992676
vt 0.5066426 0.9989628
vt 0.5081268 0.9990934
vt 0.03048277 0.9995117
vt 0.3182212 0.4644927
vt 0.3197466 0.464633
vt 0.7124412 0.7760537
vt 0.7139757 0.7756588
vt 0.3183749 0.4752413
vt 0.3177359 0.4734529
vt 0.3191251 0.4740848
vt 0.318509 0.4783644
vt 0.6677232 0.9922937
vt 0.6640309 0.993627
vt 0.6668307 0.9966044
vt 0.7653493 0.7622194
vt 0.787169 0.7461297
vt 0.7687714 0.7678943
vt 0.3059044 0.5727078
vt 0.3056623 0.5678578
vt 0.3050312 0.5741369
vt 0.3175801 0.4776111
vt 0.318658 0.4849028
vt 0.5513989 0.8228253
vt 0.6935641 0.7812015
vt 0.6932138 0.7813112
vt 0.6964163 0.7840534
vt 0.6923978 0.7816459
vt 0.3394403 0.9726138
vt 0.3474246 0.9738168
vt 0.6991121 0.7831521
vt 0.5515128 0.8228129
vt 0.3922529 0.9951329
vt 0.3908437 0.9995117
vt 0.3903222 0.9946354
vt 0.3569833 0.4958175
vt 0.3597347 0.4953538
vt 0.3556696 0.5000892
vt 0.7824801 0.7923195
vt 0.7856671 0.7902517
vt 0.7850587 0.7973477
vt 0.7809454 0.7895623
vt 0.771152 0.7721061
vt 0.7795588 0.774892
vt 0.7743242 0.7777711
vt 0.7490734 0.721244
vt 0.7721816 0.7232487
vt 0.7545938 0.7353574
vt 0.7451714 0.7110311
vt 0.7772851 0.6780614
vt 0.8972496 0.9986824
vt 0.8969167 0.9993863
vt 0.8971822 0.9982938
vt 0.8973238 0.9983011
vt 0.3700105 0.5412412
vt 0.3746653 0.5602632
vt 0.3737563 0.558803
vt 0.3660878 0.5117389
vt 0.353329 0.5130225
vt 0.3662039 0.5124769
vt 0.3651277 0.5033505
vt 0.3589964 0.5036191
vt 0.3650151 0.502704
vt 0.6494447 0.9930918
vt 0.6449484 0.9927015
vt 0.6455731 0.996942
vt 0.1324641 0.8216764
vt 0.1295909 0.8206689
vt 0.1393637 0.83176
vt 0.3702065 0.5424448
vt 0.369326 0.5407463
vt 0.3696289 0.9979737
vt 0.3715065 0.9972609
vt 0.3701646 0.9971003
vt 0.300532 0.5384212
vt 0.2384225 0.9970478
vt 0.2016602 0.9960575
vt 0.2052754 0.9942564
vt 0.3719001 0.5525185
vt 0.8000677 0.8255938
vt 0.8116056 0.7912396
vt 0.7987881 0.8232781
vt 0.3734091 0.5577489
vt 0.3664832 0.5143012
vt 0.3636913 0.5366788
vt 0.1237424 0.9992816
vt 0.3606373 0.5810132
vt 0.3542435 0.5839871
vt 0.124739 0.9986442
vt 0.1262546 0.9995117
vt 0.5482845 0.8325503
vt 0.2885604 0.6281744
vt 0.5504401 0.8332205
vt 0.5497534 0.8336877
vt 0.5952327 0.8104236
vt 0.5934108 0.8105401
vt 0.5928931 0.8106562
vt 0.6328265 0.8006483
vt 0.4952308 0.999342
vt 0.4953803 0.9994467
vt 0.4953309 0.9995117
vt 0.632704 0.8005705
vt 0.5727188 0.826488
vt 0.7419168 0.7021044
vt 0.7550279 0.6939698
vt 0.74091 0.6994964
vt 0.6753262 0.7896895
vt 0.6730406 0.7911065
vt 0.6724297 0.7911021
vt 0.6772724 0.7887563
vt 0.5951611 0.9970491
vt 0.6702595 0.7919519
vt 0.08616167 0.7553845
vt 0.09266043 0.7616998
vt 0.08659145 0.7549182
vt 0.539219 0.5775865
vt 0.5469108 0.5746355
vt 0.5396904 0.5686278
vt 0.3932649 0.9970091
vt 0.3930707 0.9966453
vt 0.3936384 0.9977327
vt 0.3924153 0.9994279
vt 0.3943513 0.9991034
vt 0.3249012 0.5085771
vt 0.08087242 0.8669193
vt 0.09357035 0.8531187
vt 0.07141727 0.8509818
vt 0.08677309 0.7547169
vt 0.09219366 0.7559357
vt 0.09392077 0.7508653
vt 0.319838 0.4646522
vt 0.3198184 0.4646198
vt 0.3474514 0.5475661
vt 0.336462 0.5531671
vt 0.1044284 0.9972072
vt 0.3584908 0.5611095
vt 0.371743 0.5757756
vt 0.132086 0.8182846
vt 0.1221647 0.8133017
vt 0.3200803 0.4656057
vt 0.5450286 0.5271757
vt 0.5445927 0.5310903
vt 0.5491117 0.5302845
vt 0.5504643 0.5362508
vt 0.5434698 0.5377489
vt 0.5501969 0.5433455
vt 0.251297 0.645591
vt 0.2536084 0.6438889
vt 0.2517508 0.6468626
vt 0.555917 0.5346484
vt 0.2535789 0.645405
vt 0.9124343 0.5486327
vt 0.9117936 0.5552187
vt 0.9164344 0.5501324
vt 0.9152964 0.545405
vt 0.09430653 0.7612668
vt 0.1004727 0.7680504
vt 0.102531 0.7610693
vt 0.916899 0.5434124
vt 0.8940204 0.5654747
vt 0.9020368 0.5730227
vt 0.8890246 0.5687922
vt 0.9055768 0.5540998
vt 0.5767861 0.8800037
vt 0.5789323 0.8753566
vt 0.5979382 0.8109625
vt 0.5993564 0.8094074
vt 0.1918589 0.5299929
vt 0.2037871 0.5341068
vt 0.1909171 0.5193996
vt 0.5996619 0.8108364
vt 0.5804207 0.8150449
vt 0.3083284 0.5551768
vt 0.307076 0.5488839
vt 0.5590221 0.8660454
vt 0.5375748 0.8790461
vt 0.6494599 0.7945098
vt 0.5623519 0.8270288
vt 0.564622 0.8284901
vt 0.5633099 0.8267744
vt 0.5562781 0.8284559
vt 0.5582896 0.8303198
vt 0.5596717 0.829493
vt 0.3672286 0.5965564
vt 0.6029879 0.8214693
vt 0.3866183 0.6271421
vt 0.3596255 0.6004161
vt 0.5593311 0.8277155
vt 0.1647345 0.824784
vt 0.1511639 0.825784
vt 0.1671073 0.8444471
vt 0.6024017 0.815438
vt 0.6032239 0.8142637
vt 0.599458 0.8137946
vt 0.562093 0.8280064
vt 0.5604075 0.8274341
vt 0.6364411 0.8029736
vt 0.6345928 0.8012579
vt 0.5770551 0.8228762
vt 0.5786645 0.8206736
vt 0.5769429 0.8213815
vt 0.575733 0.8238795
vt 0.5764638 0.8248241
vt 0.5745973 0.8242483
vt 0.578297 0.8231322
vt 0.1201915 0.9663635
vt 0.1348472 0.9684546
vt 0.1238637 0.951351
vt 0.1440212 0.9633844
vt 0.3195456 0.4735154
vt 0.3214735 0.4715871
vt 0.2735465 0.6278756
vt 0.2743847 0.6291102
vt 0.5445884 0.825325
vt 0.5467072 0.8241341
vt 0.594577 0.9491458
vt 0.594456 0.9409845
vt 0.5885026 0.9482865
vt 0.1344 0.9250546
vt 0.1375285 0.9179638
vt 0.1188436 0.9138588
vt 0.6766413 0.7910147
vt 0.1128265 0.9247825
vt 0.1291957 0.897532
vt 0.6778274 0.7884763
vt 0.6388214 0.7997923
vt 0.6400407 0.8015054
vt 0.6419111 0.8005322
vt 0.5931688 0.9978181
vt 0.5825561 0.8158724
vt 0.5824361 0.819535
vt 0.7353625 0.5963367
vt 0.7080398 0.6000974
vt 0.7506953 0.5822188
vt 0.516675 0.9179304
vt 0.5846406 0.8163248
vt 0.5850587 0.816638
vt 0.1277301 0.936578
vt 0.1418347 0.9325985
vt 0.146771 0.9114091
vt 0.162009 0.9014944
vt 0.1433393 0.9475532
vt 0.5768976 0.8205405
vt 0.5767066 0.8185143
vt 0.6498269 0.6170044
vt 0.6448745 0.6095031
vt 0.6446712 0.6180974
vt 0.5791188 0.8160552
vt 0.7386974 0.6947029
vt 0.7410313 0.6915985
vt 0.678673 0.9905674
vt 0.5096957 0.9992226
vt 0.1557617 0.9991139
vt 0.7379215 0.6930761
vt 0.0955832 0.7695249
vt 0.09930462 0.7733271
vt 0.7357259 0.6881339
vt 0.5723218 0.8248208
vt 0.5714554 0.8250309
vt 0.06133783 0.816651
vt 0.06680489 0.8149063
vt 0.06355798 0.8131826
vt 0.7236958 0.7732224
vt 0.7277063 0.7753771
vt 0.7254679 0.7730235
vt 0.7009598 0.7800701
vt 0.7023417 0.781201
vt 0.04960048 0.8009019
vt 0.05716783 0.7947698
vt 0.0641796 0.803319
vt 0.06643659 0.8099009
vt 0.7088951 0.7784528
vt 0.07428175 0.8279512
vt 0.06913882 0.8271037
vt 0.07426661 0.8374216
vt 0.09694093 0.8388754
vt 0.08670104 0.8325151
vt 0.09141268 0.7491546
vt 0.08731131 0.7541261
vt 0.08334321 0.8353505
vt 0.09291888 0.7472897
vt 0.6716887 0.7914196
vt 0.1823676 0.9940124
vt 0.1819584 0.9714302
vt 0.1541612 0.9785156
vt 0.59622 0.5468972
vt 0.2343026 0.9859015
vt 0.5806524 0.8209093
vt 0.07473508 0.993163
vt 0.07388961 0.9920536
vt 0.07258862 0.9930094
vt 0.08296239 0.8453451
vt 0.07721257 0.7809878
vt 0.07891649 0.7843693
vt 0.08149558 0.7744846
vt 0.2351258 0.4935833
vt 0.2253176 0.5172834
vt 0.2531739 0.5010132
vt 0.7221187 0.8431997
vt 0.6334153 0.8005202
vt 0.634806 0.8004234
vt 0.1593009 0.9287935
vt 0.1405506 0.8714544
vt 0.6328503 0.8005514
vt 0.1515453 0.9393654
vt 0.5928006 0.977518
vt 0.5713862 0.5413323
vt 0.5644866 0.5458994
vt 0.5804542 0.5523232
vt 0.5914375 0.5530881
vt 0.5080754 0.575926
vt 0.5165011 0.5787762
vt 0.5114299 0.5812643
vt 0.5166765 0.5699519
vt 0.05578867 0.9995117
vt 0.1184264 0.8846824
vt 0.05514409 0.9948639
vt 0.05808121 0.9992216
vt 0.1113955 0.8918507
vt 0.5221443 0.5721154
vt 0.5182692 0.5660034
vt 0.9170234 0.5432931
vt 0.5114921 0.5678305
vt 0.5239382 0.5659009
vt 0.5189645 0.5558581
vt 0.9177764 0.542528
vt 0.9227246 0.5397946
vt 0.917253 0.5430782
vt 0.9214231 0.538704
vt 0.8381199 0.8779336
vt 0.116373 0.8790325
vt 0.1007638 0.8483711
vt 0.8375832 0.8771471
vt 0.8394036 0.8771563
vt 0.1260632 0.8755091
vt 0.1533009 0.9719562
vt 0.5803443 0.5329801
vt 0.5743361 0.5364174
vt 0.5716245 0.529578
vt 0.5620389 0.5369576
vt 0.5513046 0.5473251
vt 0.5542762 0.5520669
vt 0.5586782 0.5406262
vt 0.3166183 0.4665643
vt 0.3209538 0.4687974
vt 0.5868597 0.5285887
vt 0.5786889 0.5211953
vt 0.8509797 0.8703198
vt 0.8357399 0.8744133
vt 0.04290439 0.7946934
vt 0.1304955 0.8821793
vt 0.5426823 0.5464166
vt 0.2757743 0.6262162
vt 0.1197723 0.803048
vt 0.1063465 0.8036433
vt 0.114359 0.8050825
vt 0.09588099 0.7910299
vt 0.2762412 0.6258641
vt 0.2771327 0.6262986
vt 0.5471389 0.8239191
vt 0.9171665 0.543166
vt 0.9181935 0.5469135
vt 0.9258754 0.5493317
vt 0.6180308 0.8263018
vt 0.6282609 0.8242607
vt 0.6244637 0.8214635
vt 0.4079529 0.6228683
vt 0.1547939 0.9606389
vt 0.1261804 0.7972994
vt 0.8576847 0.6604668
vt 0.1108644 0.7847334
vt 0.1134388 0.7831726
vt 0.05848581 0.7978996
vt 0.3219238 0.4906856
vt 0.3177505 0.4888877
vt 0.3214548 0.4897562
vt 0.3249473 0.4941798
vt 0.3331681 0.504088
vt 0.3199087 0.4866027
vt 0.3205622 0.4880105
vt 0.8210914 0.8543838
vt 0.8288014 0.8315282
vt 0.828133 0.8637619
vt 0.8173832 0.8491746
vt 0.3215885 0.4714875
vt 0.3212978 0.4714268
vt 0.321851 0.4712952
vt 0.6823527 0.7889701
vt 0.6859242 0.7844014
vt 0.03569089 0.8021417
vt 0.03517997 0.8031112
vt 0.03513717 0.8030541
vt 0.8544739 0.9932212
vt 0.6909123 0.7847024
vt 0.6862441 0.7842593
vt 0.2599454 0.638818
vt 0.2658042 0.6446706
vt 0.2679119 0.6399934
vt 0.6905069 0.7821022
vt 0.1031421 0.8298638
vt 0.4132229 0.6202216
vt 0.4228315 0.6339667
vt 0.6419638 0.7988244
vt 0.639078 0.7997189
vt 0.7087969 0.7771501
vt 0.7045459 0.7788371
vt 0.8704806 0.5862192
vt 0.870911 0.5985033
vt 0.8679241 0.5885233
vt 0.41006 0.6406995
vt 0.4050171 0.6452596
vt 0.418216 0.6625898
vt 0.8852494 0.5820473
vt 0.025624 0.8112335
vt 0.02314255 0.815071
vt 0.02214079 0.8139753
vt 0.5507553 0.7082006
vt 0.5309409 0.686354
vt 0.5349736 0.7101719
vt 0.5895554 0.8822888
vt 0.5928919 0.8705802
vt 0.637616 0.8021328
vt 0.3459597 0.9747789
vt 0.02696062 0.8101851
vt 0.02585667 0.8180217
vt 0.02751241 0.8097585
vt 0.8843898 0.5721037
vt 0.8842106 0.5748624
vt 0.8823568 0.5739775
vt 0.8910257 0.5750455
vt 0.1116698 0.8103223
vt 0.1017897 0.8231971
vt 0.8239355 0.6693166
vt 0.5378991 0.9989604
vt 0.828045 0.6623729
vt 0.2449976 0.7376676
vt 0.8335404 0.8713839
vt 0.8541909 0.8562022
vt 0.5523045 0.8227048
vt 0.5526575 0.8231208
vt 0.5525432 0.8227192
vt 0.3485794 0.9774007
vt 0.551352 0.8230598
vt 0.03152579 0.819301
vt 0.5774835 0.8959806
vt 0.02897918 0.8086377
vt 0.03480053 0.8033837
vt 0.2210337 0.801457
vt 0.9896314 0.709726
vt 0.2310866 0.7907888
vt 0.2268351 0.8226895
vt 0.2511595 0.7949196
vt 0.08761793 0.7730721
vt 0.0925042 0.7701629
vt 0.08517861 0.7676456
vt 0.5437941 0.6327109
vt 0.5590575 0.6299403
vt 0.539106 0.6163427
vt 0.8053348 0.6735899
vt 0.296226 0.9963082
vt 0.5544759 0.8248706
vt 0.9075575 0.5521692
vt 0.5535904 0.8229983
vt 0.8808528 0.5763775
vt 0.8801584 0.5776027
vt 0.07838952 0.7624846
vt 0.08518124 0.7601441
vt 0.08018671 0.760838
vt 0.0764628 0.7643744
vt 0.08377874 0.7655302
vt 0.07438518 0.766306
vt 0.07491589 0.7705221
vt 0.7051101 0.6255283
vt 0.7202806 0.6440447
vt 0.5375227 0.8975267
vt 0.257238 0.6442901
vt 0.2577444 0.644146
vt 0.351115 0.9975091
vt 0.3364258 0.9910768
vt 0.008222729 0.9992681
vt 0.3461874 0.9982198
vt 0.3385412 0.9973791
vt 0.1253895 0.998165
vt 0.125831 0.9981
vt 0.7911915 0.9940174
vt 0.791193 0.9960402
vt 0.7905273 0.9981198
vt 0.5482319 0.8300208
vt 0.5517141 0.8298042
vt 0.6471358 0.7961973
vt 0.8947679 0.6088457
vt 0.8994732 0.6041695
vt 0.8865436 0.6027617
vt 0.8544813 0.9932921
vt 0.8544831 0.9932675
vt 0.854443 0.993299
vt 0.03514944 0.8030732
vt 0.8544809 0.9932275
vt 0.03511517 0.8031008
vt 0.05159687 0.7862071
vt 0.04660837 0.7904248
vt 0.05730275 0.7813468
vt 0.0613399 0.7778672
vt 0.7275668 0.7977836
vt 0.7334048 0.8069794
vt 0.7366449 0.8025761
vt 0.2716817 0.4688643
vt 0.321256 0.4700301
vt 0.2514988 0.7479571
vt 0.833932 0.6682054
vt 0.6175229 0.8145387
vt 0.6156328 0.814262
vt 0.6150588 0.8156511
vt 0.8054677 0.8330721
vt 0.8063507 0.8267885
vt 0.8010253 0.8270175
vt 0.2579266 0.644517
vt 0.3463841 0.9948623
vt 0.8234048 0.8125562
vt 0.8591898 0.5967329
vt 0.8627581 0.5931368
vt 0.6351204 0.8003866
vt 0.5483097 0.8234358
vt 0.7905509 0.8073718
vt 0.7926649 0.8115534
vt 0.5561473 0.8284776
vt 0.5538384 0.8291858
vt 0.2719113 0.6346054
vt 0.2675432 0.6327488
vt 0.1134612 0.8329747
vt 0.09331787 0.7464744
vt 0.09867597 0.7501658
vt 0.8358111 0.6203643
vt 0.841747 0.6244569
vt 0.9138087 0.6850793
vt 0.9095 0.6724627
vt 0.8926556 0.6798807
vt 0.6463102 0.8005551
vt 0.6490565 0.7958107
vt 0.3580607 0.9738126
vt 0.09498356 0.9471164
vt 0.09469438 0.94666
vt 0.1072469 0.9566397
vt 0.09729772 0.9533073
vt 0.1148302 0.9649389
vt 0.1088673 0.9533037
vt 0.08022752 0.8815789
vt 0.09774023 0.8819107
vt 0.08920211 0.8923682
vt 0.07646763 0.8772044
vt 0.09189071 0.9230835
vt 0.09128433 0.9268054
vt 0.09019699 0.9256982
vt 0.09259772 0.9223213
vt 0.1014745 0.9284807
vt 0.0925818 0.9218795
vt 0.08957885 0.9263395
vt 0.08969823 0.9277033
vt 0.08967462 0.9260672
vt 0.09276431 0.935552
vt 0.1021321 0.9392266
vt 0.6071698 0.8120044
vt 0.6039951 0.810889
vt 0.0924613 0.9089068
vt 0.09870112 0.9134701
vt 0.09258129 0.9114403
vt 0.09223742 0.9058117
vt 0.09126079 0.7630925
vt 0.05741036 0.8545556
vt 0.06672542 0.865672
vt 0.05448433 0.851187
vt 0.04848963 0.8427914
vt 0.04904746 0.8447284
vt 0.09252054 0.8979586
vt 0.1007041 0.9032233
vt 0.09228218 0.9029881
vt 0.09312225 0.9184609
vt 0.09833127 0.9209914
vt 0.06941259 0.9923182
vt 0.8890592 0.6602662
vt 0.09258837 0.9141585
vt 0.502525 0.5600307
vt 0.5039064 0.5582873
vt 0.5083855 0.5650369
vt 0.5135208 0.558277
vt 0.5064411 0.5555842
vt 0.04767486 0.8430807
vt 0.594815 0.8601322
vt 0.6049554 0.8621274
vt 0.5994332 0.854918
vt 0.04188287 0.8363305
vt 0.04238433 0.8352034
vt 0.770472 0.9997559
vt 0.5538743 0.8246304
vt 0.04052524 0.8347462
vt 0.9034125 0.9985175
vt 0.9033663 0.998138
vt 0.9030362 0.9984797
vt 0.5203832 0.5453421
vt 0.9043592 0.9988085
vt 0.5343381 0.5300978
vt 0.5356451 0.5338013
vt 0.5321108 0.5310942
vt 0.7584195 0.7454616
vt 0.5380204 0.528051
vt 0.3397022 0.9824214
vt 0.3454167 0.9832481
vt 0.3420564 0.9805264
vt 0.6290711 0.8065389
vt 0.5275606 0.5340763
vt 0.5275517 0.5372406
vt 0.5260826 0.5347936
vt 0.6351464 0.9760258
vt 0.8519485 0.6910614
vt 0.66129 0.9995117
vt 0.8665861 0.6851983
vt 0.862509 0.6984003
vt 0.09277819 0.9457423
vt 0.09450227 0.9465881
vt 0.5817016 0.5153396
vt 0.581866 0.5166647
vt 0.1481372 0.9983991
vt 0.5809719 0.5157232
vt 0.1325071 0.9823254
vt 0.1514372 0.9986022
vt 0.03546622 0.8290722
vt 0.2019408 0.9990298
vt 0.2023758 0.9993277
vt 0.2018421 0.9993857
vt 0.277794 0.9979326
vt 0.201967 0.9987234
vt 0.5764667 0.5215961
vt 0.04102099 0.8234173
vt 0.03170402 0.8247607
vt 0.02919538 0.8218643
vt 0.02636799 0.818605
vt 0.5796919 0.5182048
vt 0.09685954 0.9530123
vt 0.09692174 0.9528456
vt 0.09656342 0.9527371
vt 0.09295397 0.9461648
vt 0.8519401 0.9976391
vt 0.8515673 0.9973832
vt 0.2763769 0.9990646
vt 0.8515408 0.997631
vt 0.3408366 0.9884706
vt 0.3383486 0.983574
vt 0.2765796 0.999018
vt 0.2758789 0.9985846
vt 0.2764263 0.9984124
vt 0.5730986 0.5236763
vt 0.2770204 0.9988919
vt 0.5521201 0.526855
vt 0.5575458 0.5270901
vt 0.5567626 0.5266454
vt 0.5465987 0.7235795
vt 0.5572942 0.5266151
vt 0.5602827 0.5262747
vt 0.590401 0.816708
vt 0.5914672 0.8164109
vt 0.5894091 0.8165057
vt 0.71942 0.9860815
vt 0.7203982 0.9852822
vt 0.7396979 0.9984633
vt 0.7201252 0.9874421
vt 0.5098385 0.5540394
vt 0.7395679 0.9985518
vt 0.7395773 0.998369
vt 0.739278 0.9987473
vt 0.8500468 0.9975728
vt 0.8498095 0.9971073
vt 0.8495204 0.9975553
vt 0.5646905 0.528344
vt 0.8506073 0.997598
vt 0.7390994 0.9986401
vt 0.5146108 0.5491349
vt 0.4005872 0.649918
vt 0.3901125 0.6594939
vt 0.609397 0.8403838
vt 0.7389224 0.9989241
vt 0.514897 0.5450891
vt 0.5171465 0.5430269
vt 0.1312803 0.981509
vt 0.1330507 0.9816156
vt 0.1194111 0.96936
vt 0.06754763 0.8666162
vt 0.8507734 0.9975992
vt 0.8506883 0.9974963
vt 0.8509499 0.9976041
vt 0.05791897 0.843967
vt 0.06516582 0.8381718
vt 0.052858 0.8319871
vt 0.5385448 0.5279066
vt 0.5388505 0.528411
vt 0.5317823 0.5522581
vt 0.5334874 0.541261
vt 0.5665458 0.5243191
vt 0.568435 0.5266012
vt 0.5625504 0.5299472
vt 0.5667252 0.5334215
vt 0.03798711 0.8074351
vt 0.5614801 0.5324392
vt 0.5579146 0.5325873
vt 0.5524814 0.5272838
vt 0.5410387 0.5268694
vt 0.5417554 0.5266098
vt 0.5420792 0.526534
vt 0.5456319 0.5262682
vt 0.5440388 0.5262652
vt 0.5468776 0.5264002
vt 0.650773 0.6515582
vt 0.6173111 0.6889063
vt 0.6196762 0.6983144
vt 0.6222569 0.6910043
vt 0.5475905 0.5263802
vt 0.5502687 0.5265872
vt 0.846485 0.9974496
vt 0.6760617 0.9929168
vt 0.8353988 0.6781532
vt 0.2777222 0.6531453
vt 0.2757787 0.6455331
vt 0.2741896 0.6506293
vt 0.2708069 0.6453453
vt 0.6531625 0.990886
vt 0.2470068 0.6577064
vt 0.918468 0.5550985
vt 0.9274113 0.5746099
vt 0.5676702 0.8323175
vt 0.5630879 0.8332551
vt 0.5687962 0.8336222
vt 0.3202928 0.623376
vt 0.1133971 0.9363907
vt 0.5004883 0.9211272
vt 0.3579549 0.7892717
vt 0.551138 0.5291924
vt 0.2587042 0.6482326
vt 0.643765 0.9923034
vt 0.6441273 0.991787
vt 0.7123967 0.7781085
vt 0.2689779 0.6505958
vt 0.2694801 0.6499377
vt 0.886319 0.594389
vt 0.8879144 0.6113417
vt 0.3479857 0.9668843
vt 0.6437593 0.799452
vt 0.3501709 0.9682786
vt 0.3043438 0.6831239
vt 0.5711271 0.8317021
vt 0.5741165 0.831764
vt 0.5732515 0.8294253
vt 0.7911807 0.9974436
vt 0.3156041 0.5044858
vt 0.570968 0.5244089
vt 0.1538193 0.8510027
vt 0.137871 0.8500047
vt 0.06155501 0.7776796
vt 0.4189467 0.6129898
vt 0.4185119 0.6067029
vt 0.4160795 0.6085692
vt 0.1003291 0.7870187
vt 0.1090176 0.7877003
vt 0.09471643 0.7788036
vt 0.05004883 0.988524
vt 0.6962942 0.8011507
vt 0.7010289 0.7984166
vt 0.6959094 0.7993711
vt 0.08503753 0.7731947
vt 0.2956799 0.4638281
vt 0.2808695 0.4636704
vt 0.2904679 0.4694653
vt 0.165176 0.9483738
vt 0.5914845 0.9719167
vt 0.62633 0.8083854
vt 0.6286201 0.8093229
vt 0.6321333 0.8066038
vt 0.824915 0.9978957
vt 0.5409312 0.532649
vt 0.5377352 0.5421191
vt 0.2817944 0.6369269
vt 0.2800884 0.6369491
vt 0.2816188 0.4614509
vt 0.7001616 0.7960472
vt 0.2743822 0.4623832
vt 0.2721155 0.4574203
vt 0.7132773 0.7913606
vt 0.6999609 0.7930542
vt 0.2987103 0.6313511
vt 0.2958326 0.634007
vt 0.3079442 0.6425091
vt 0.04819077 0.8150961
vt 0.8891709 0.5816948
vt 0.6764532 0.9930342
vt 0.6776597 0.991511
vt 0.3460717 0.9994761
vt 0.6419752 0.8031293
vt 0.6411181 0.8053457
vt 0.6431058 0.8053248
vt 0.3602624 0.98713
vt 0.6398932 0.80746
vt 0.3073074 0.4682877
vt 0.3096794 0.4697751
vt 0.3070915 0.466731
vt 0.2170273 0.5596952
vt 0.2512994 0.5487502
vt 0.2069142 0.5531625
vt 0.3645492 0.6483597
vt 0.3706343 0.6637174
vt 0.3781072 0.6585767
vt 0.5922795 0.8325588
vt 0.5988593 0.8321043
vt 0.5943217 0.833313
vt 0.9306959 0.7143555
vt 0.9362143 0.7098371
vt 0.926125 0.7074159
vt 0.08702326 0.8164269
vt 0.09057033 0.813307
vt 0.07987887 0.8032559
vt 0.5916777 0.8337507
vt 0.5938948 0.8356121
vt 0.5929753 0.836947
vt 0.5959266 0.8368986
vt 0.3915761 0.6650119
vt 0.846991 0.9974663
vt 0.8470553 0.9973851
vt 0.4123836 0.5991937
vt 0.4122972 0.5961742
vt 0.4116582 0.5993396
vt 0.7083458 0.9218923
vt 0.7125536 0.9353232
vt 0.730004 0.9193433
vt 0.8848846 0.6383104
vt 0.8977563 0.6413611
vt 0.8949777 0.6271668
vt 0.3579923 0.69187
vt 0.3751279 0.6731379
vt 0.3566633 0.6768142
vt 0.125106 0.8501717
vt 0.1206161 0.8387101
vt 0.660998 0.6589218
vt 0.7260524 0.9939327
vt 0.670145 0.6630595
vt 0.6591272 0.6648695
vt 0.3059177 0.4711812
vt 0.3074902 0.4695666
vt 0.3040102 0.4679592
vt 0.04997909 0.9909256
vt 0.3381683 0.5162154
vt 0.3353342 0.5142233
vt 0.3362105 0.5160159
vt 0.8471268 0.997471
vt 0.7306662 0.9931031
vt 0.7273527 0.9945075
vt 0.3272797 0.6318787
vt 0.3255507 0.629971
vt 0.3247277 0.6318607
vt 0.3934873 0.6960765
vt 0.5827672 0.8501411
vt 0.005114824 0.9710036
vt 0.6622803 0.8715032
vt 0.0295822 0.9823264
vt 0.0004882812 0.9823204
vt 0.6226191 0.8110813
vt 0.621993 0.8119569
vt 0.9176157 0.5510789
vt 0.9258831 0.5564393
vt 0.104391 0.780399
vt 0.8990669 0.5952433
vt 0.9079581 0.5983326
vt 0.9099684 0.6057935
vt 0.9141691 0.6103718
vt 0.6762768 0.9913724
vt 0.672795 0.9883294
vt 0.3881836 0.9977833
vt 0.350473 0.50429
vt 0.3263397 0.5134559
vt 0.6236157 0.9950178
vt 0.3086744 0.5612792
vt 0.6454766 0.990057
vt 0.6470426 0.9907647
vt 0.2270508 0.9982138
vt 0.4109174 0.6047399
vt 0.4101193 0.6060557
vt 0.4128337 0.6065572
vt 0.4025918 0.5787022
vt 0.4099605 0.5842021
vt 0.407174 0.5704309
vt 0.5934036 0.9991471
vt 0.7055766 0.8023685
vt 0.7089791 0.8033851
vt 0.7090672 0.7984466
vt 0.1109679 0.7967716
vt 0.1015682 0.7911717
vt 0.6898196 0.8012106
vt 0.6933104 0.8022617
vt 0.6211712 0.812765
vt 0.6251994 0.8122151
vt 0.3272097 0.9995117
vt 0.3288161 0.994728
vt 0.3256106 0.9965492
vt 0.3288909 0.9963241
vt 0.09298754 0.9458162
vt 0.6938582 0.8041872
vt 0.8782206 0.6529275
vt 0.8622451 0.6399873
vt 0.8688306 0.6605575
vt 0.6182052 0.8588107
vt 0.08452249 0.7859693
vt 0.07372773 0.7914311
vt 0.06239563 0.7941282
vt 0.05958611 0.7984067
vt 0.7313793 0.6788187
vt 0.5443416 0.9980899
vt 0.5427077 0.9957233
vt 0.5408624 0.9975351
vt 0.5458493 0.998212
vt 0.9581385 0.6416894
vt 0.580626 0.5162647
vt 0.7979583 0.9995117
vt 0.7966862 0.9978279
vt 0.7944336 0.9977559
vt 0.7101356 0.7796428
vt 0.7102472 0.7825795
vt 0.7118925 0.7789457
vt 0.07275206 0.7844581
vt 0.8835449 0.9972535
vt 0.8864228 0.9992676
vt 0.8839841 0.9975341
vt 0.564209 0.9992577
vt 0.02709961 0.9990247
vt 0.85631 0.7498549
vt 0.9185646 0.7954336
vt 0.9039989 0.726763
vt 0.09699482 0.8252599
vt 0.09100282 0.8288205
vt 0.1368927 0.8225909
vt 0.9246978 0.6384888
vt 0.9302349 0.640133
vt 0.9295577 0.6293808
vt 0.09283295 0.9458684
vt 0.3086134 0.4739459
vt 0.3063294 0.4718565
vt 0.3037333 0.4758708
vt 0.04588127 0.9962737
vt 0.2700938 0.6940488
vt 0.2747972 0.7013835
vt 0.2906581 0.6852989
vt 0.3274422 0.9824893
vt 0.7972383 0.9943783
vt 0.3870342 0.6401094
vt 0.8003879 0.9952254
vt 0.3824933 0.6409755
vt 0.7988696 0.9953974
vt 0.5978062 0.8340966
vt 0.09293437 0.7745688
vt 0.6624964 0.7990882
vt 0.6616394 0.7974822
vt 0.6601405 0.7990061
vt 0.5910317 0.9993303
vt 0.589699 0.8340249
vt 0.5859711 0.8344309
vt 0.3776416 0.664827
vt 0.90459 0.9986118
vt 0.6341795 0.9769309
vt 0.6533539 0.7964404
vt 0.5917107 0.9950747
vt 0.6507607 0.794922
vt 0.654123 0.795483
vt 0.6181069 0.8036894
vt 0.6215077 0.8031096
vt 0.3262004 0.9846346
vt 0.3374945 0.6228803
vt 0.3391105 0.6138477
vt 0.3368208 0.6170969
vt 0.3457142 0.6346136
vt 0.3306965 0.6232629
vt 0.6849657 0.8031945
vt 0.6869335 0.8026836
vt 0.6877416 0.7982494
vt 0.5854045 0.8198643
vt 0.588401 0.8178373
vt 0.586381 0.8183502
vt 0.6335436 0.975084
vt 0.6765634 0.8031833
vt 0.6664169 0.8055692
vt 0.67195 0.8051758
vt 0.6837004 0.9983224
vt 0.09961128 0.7764364
vt 0.4219201 0.5992526
vt 0.4257318 0.598892
vt 0.4210906 0.5956632
vt 0.6703793 0.9068531
vt 0.6425254 0.8980188
vt 0.6266417 0.901212
vt 0.4273924 0.9974422
vt 0.4275283 0.9989526
vt 0.4263955 0.9972265
vt 0.5869064 0.62572
vt 0.27153 0.6634976
vt 0.2725052 0.6664899
vt 0.2750739 0.6644858
vt 0.6809036 0.9991179
vt 0.6825811 0.9995117
vt 0.6794403 0.8039296
vt 0.1877833 0.5132995
vt 0.2082102 0.5191438
vt 0.1881607 0.4966756
vt 0.6757601 0.7934179
vt 0.3000858 0.5816649
vt 0.3040433 0.5762369
vt 0.3023751 0.5593942
vt 0.8005564 0.9964561
vt 0.5642418 0.9992586
vt 0.8836553 0.9973348
vt 0.1373311 0.9991264
vt 0.231972 0.6640449
vt 0.0908494 0.999096
vt 0.4060285 0.6007417
vt 0.08754897 0.9995117
vt 0.4011321 0.5908669
vt 0.08652836 0.998588
vt 0.617686 0.8044991
vt 0.6124164 0.8063406
vt 0.6191278 0.8076192
vt 0.3991801 0.6461418
vt 0.7978879 0.9961058
vt 0.3910921 0.6426249
vt 0.6223074 0.8100213
vt 0.3332018 0.5144891
vt 0.6282444 0.8018054
vt 0.398142 0.5829444
vt 0.3961611 0.5800772
vt 0.3959193 0.5831644
vt 0.6344094 0.8117898
vt 0.5922381 0.8183931
vt 0.3415182 0.5985323
vt 0.5941691 0.8163018
vt 0.5948851 0.8171731
vt 0.3989757 0.5869703
vt 0.5800193 0.8281007
vt 0.5784723 0.826696
vt 0.5776997 0.8291226
vt 0.3285191 0.6074305
vt 0.6073039 0.8077078
vt 0.4686929 0.9942315
vt 0.3248407 0.6000777
vt 0.5847065 0.8231251
vt 0.3384688 0.6080039
vt 0.332231 0.6061028
vt 0.6606035 0.7967533
vt 0.8282433 0.9973474
vt 0.8314876 0.9947108
vt 0.8266231 0.9957891
vt 0.336292 0.994355
vt 0.614325 0.8049156
vt 0.1120495 0.582285
vt 0.1236388 0.5767813
vt 0.09396611 0.5813091
vt 0.2785211 0.6318141
vt 0.2974172 0.66983
vt 0.2881155 0.6652087
vt 0.7413563 0.9876253
vt 0.7479976 0.9839894
vt 0.7398049 0.9838071
vt 0.5971494 0.8206296
vt 0.5960736 0.8221784
vt 0.6035163 0.8196042
vt 0.3303716 0.9870719
vt 0.3273556 0.987646
vt 0.5477681 0.9950708
vt 0.1973321 0.9937342
vt 0.5681658 0.997744
vt 0.550117 0.9995117
vt 0.6110088 0.8059124
vt 0.4023314 0.5889962
vt 0.4152749 0.6040921
vt 0.5453371 0.5839398
vt 0.6765072 0.791572
vt 0.6863109 0.8047631
vt 0.6797952 0.804828
vt 0.4103229 0.6167453
vt 0.2680956 0.4584534
vt 0.272266 0.4615355
vt 0.08251448 0.5674896
vt 0.5562271 0.9849816
vt 0.2731903 0.4635243
vt 0.2682508 0.4672042
vt 0.3078833 0.5696455
vt 0.312425 0.5628123
vt 0.3103374 0.5619251
vt 0.7519956 0.9160472
vt 0.7518925 0.9232903
vt 0.7688556 0.9143549
vt 0.2595233 0.9906147
vt 0.5983916 0.8129749
vt 0.263713 0.9962895
vt 0.2617056 0.996197
vt 0.2995988 0.556289
vt 0.2976146 0.5327991
vt 0.7121268 0.8081875
vt 0.706677 0.804149
vt 0.7047623 0.8082582
vt 0.5527442 0.8296196
vt 0.2440853 0.5356691
vt 0.2428378 0.5302023
vt 0.2292828 0.5379526
vt 0.3983599 0.5800914
vt 0.8897474 0.8248177
vt 0.9002945 0.832899
vt 0.9040991 0.822548
vt 0.5920654 0.8129447
vt 0.5946944 0.8128549
vt 0.5939996 0.8121306
vt 0.5925191 0.8160579
vt 0.5943071 0.8137845
vt 0.2334254 0.6925177
vt 0.2355385 0.7033892
vt 0.2516541 0.7059754
vt 0.6067604 0.8098099
vt 0.6084496 0.8113683
vt 0.5674964 0.8317106
vt 0.5609736 0.8301414
vt 0.5822093 0.8240301
vt 0.582838 0.8213127
vt 0.3554068 0.9834121
vt 0.3513416 0.9768515
vt 0.5805917 0.8269703
vt 0.6593407 0.797367
vt 0.4013276 0.6175545
vt 0.6228308 0.8202413
vt 0.2719623 0.9980327
vt 0.2734214 0.9980828
vt 0.2720186 0.997453
vt 0.3107351 0.644953
vt 0.2738575 0.9990396
vt 0.3867596 0.6661639
vt 0.6962789 0.6670385
vt 0.5865812 0.9533061
vt 0.06904453 0.8003306
vt 0.09430152 0.946165
vt 0.2672429 0.723612
vt 0.2451929 0.7214651
vt 0.2632538 0.7358536
vt 0.5958993 0.8358527
vt 0.2653909 0.6472465
vt 0.2656469 0.6499607
vt 0.2672828 0.6481416
vt 0.1571571 0.5686349
vt 0.1772315 0.5573367
vt 0.158271 0.5596038
vt 0.6436883 0.9918309
vt 0.5503017 0.8318045
vt 0.5520242 0.8321366
vt 0.5520203 0.8315291
vt 0.3456522 0.9764972
vt 0.2527128 0.5343524
vt 0.2491684 0.5284851
vt 0.5973876 0.8114427
vt 0.6300024 0.8040411
vt 0.2518586 0.6530964
vt 0.2530059 0.6521578
vt 0.2520522 0.6526244
vt 0.6491492 0.9982773
vt 0.6503677 0.997771
vt 0.08599097 0.9988848
vt 0.412331 0.6016722
vt 0.4100015 0.6025087
vt 0.3178163 0.6602695
vt 0.2600098 0.9877568
vt 0.2297226 0.5410892
vt 0.4289862 0.612801
vt 0.4271398 0.6136129
vt 0.4318639 0.6137528
vt 0.4269243 0.6157384
vt 0.6428081 0.8181266
vt 0.3289464 0.7003561
vt 0.2777364 0.9984306
vt 0.2297588 0.5307536
vt 0.08317679 0.9979662
vt 0.407776 0.6062706
vt 0.08512133 0.9980423
vt 0.08398271 0.9982608
vt 0.3052596 0.6511112
vt 0.2929749 0.6656803
vt 0.2718371 0.9923772
vt 0.595445 0.8146865
vt 0.5950535 0.8166727
vt 0.5971245 0.8161917
vt 0.4068099 0.5895494
vt 0.3340684 0.5238765
vt 0.3202651 0.5355282
vt 0.3388021 0.5288025
vt 0.7700195 0.9980152
vt 0.2376827 0.6902745
vt 0.2320032 0.6774946
vt 0.2328559 0.6865768
vt 0.39975 0.5943595
vt 0.4002544 0.5906981
vt 0.3971599 0.5860692
vt 0.5943875 0.9944783
vt 0.4212241 0.593926
vt 0.3445661 0.6157321
vt 0.6581814 0.7983547
vt 0.6571067 0.7973844
vt 0.5918901 0.99821
vt 0.08870827 0.588673
vt 0.07498111 0.5832676
vt 0.2483116 0.6481603
vt 0.6494278 0.9902699
vt 0.6501631 0.989764
vt 0.6485527 0.9894812
vt 0.2297169 0.9974493
vt 0.7354051 0.9902761
vt 0.5287166 0.6199633
vt 0.523402 0.6148555
vt 0.4127989 0.6001338
vt 0.4165499 0.599095
vt 0.8274996 0.9980879
vt 0.8291755 0.998854
vt 0.8280478 0.9995117
vt 0.6519733 0.9967332
vt 0.651163 0.997862
vt 0.3200296 0.6308237
vt 0.3195004 0.6289281
vt 0.3112706 0.6306475
vt 0.3461914 0.9952244
vt 0.3367919 0.6605024
vt 0.2944236 0.6472806
vt 0.2893039 0.6600242
vt 0.414516 0.6081467
vt 0.572188 0.8325161
vt 0.893142 0.6846292
vt 0.8845663 0.6903982
vt 0.9035311 0.6949145
vt 0.2300089 0.6622151
vt 0.2313001 0.66107
vt 0.5234485 0.9807413
vt 0.769602 0.9751002
vt 0.5305764 0.986415
vt 0.5002441 0.9898666
vt 0.6365005 0.9137847
vt 0.6441355 0.9167928
vt 0.2284357 0.9975744
vt 0.2182491 0.6894195
vt 0.2218293 0.6905336
vt 0.225421 0.6854632
vt 0.6114348 0.7308384
vt 0.6018978 0.729741
vt 0.6060345 0.7336931
vt 0.5913086 0.9781906
vt 0.5950922 0.9827257
vt 0.3904926 0.6341829
vt 0.3758615 0.6281352
vt 0.5696224 0.5689655
vt 0.5829347 0.5763116
vt 0.3983355 0.6120375
vt 0.5450655 0.5613319
vt 0.5567158 0.5582979
vt 0.5669697 0.557118
vt 0.1905308 0.5360496
vt 0.1404607 0.5391406
vt 0.1592562 0.5457652
vt 0.8740064 0.5830362
vt 0.7559121 0.9899563
vt 0.254285 0.6467303
vt 0.11778 0.586923
vt 0.07256743 0.9963504
vt 0.07364118 0.9946789
vt 0.6351746 0.6275977
vt 0.6371197 0.6372547
vt 0.6376463 0.628809
vt 0.611164 0.5708022
vt 0.2652338 0.4836407
vt 0.2644521 0.4905519
vt 0.2740129 0.4863448
vt 0.1893516 0.9995117
vt 0.8367558 0.6913533
vt 0.1899235 0.9973524
vt 0.0004882812 0.9945349
vt 0.1885224 0.998803
vt 0.8727297 0.998423
vt 0.8702021 0.9985635
vt 0.8704987 0.9979124
vt 0.1199533 0.9995117
vt 0.3017284 0.4697335
vt 0.1247455 0.8375567
vt 0.125905 0.8266037
vt 0.2212137 0.6814106
vt 0.7365549 0.6607905
vt 0.6937438 0.6667861
vt 0.6069475 0.9496049
vt 0.6144337 0.8168855
vt 0.6111906 0.8180713
vt 0.6092835 0.8199332
vt 0.08913828 0.5619639
vt 0.05906941 0.5572371
vt 0.04931641 0.5625166
vt 0.7615995 0.961073
vt 0.3090471 0.6344869
vt 0.3149661 0.6369879
vt 0.6773643 0.9737877
vt 0.6912606 0.9591827
vt 0.6615301 0.9667654
vt 0.6300055 0.7003861
vt 0.7091449 0.7770429
vt 0.4093881 0.6053104
vt 0.08236158 0.7966394
vt 0.07421085 0.9960724
vt 0.5855483 0.7048441
vt 0.5850831 0.6777653
vt 0.5743908 0.6882098
vt 0.4082416 0.6082277
vt 0.598172 0.8358598
vt 0.5999877 0.8376481
vt 0.3993235 0.6642823
vt 0.5962752 0.8360829
vt 0.6163827 0.7412147
vt 0.6134041 0.7439631
vt 0.6019033 0.8833286
vt 0.5952258 0.8965583
vt 0.6017231 0.818098
vt 0.5949429 0.7314284
vt 0.5962016 0.7368945
vt 0.4110681 0.6095977
vt 0.6454204 0.7285563
vt 0.6233131 0.7314356
vt 0.6382024 0.7373493
vt 0.7261131 0.9825212
vt 0.7452899 0.6684514
vt 0.416924 0.5930582
vt 0.6548266 0.6729435
vt 0.6388498 0.9496594
vt 0.6602128 0.6689558
vt 0.6764782 0.6739484
vt 0.6016833 0.9898993
vt 0.1719878 0.8257624
vt 0.9228452 0.7134004
vt 0.6894898 0.8019701
vt 0.3845737 0.6370028
vt 0.3802303 0.6338825
vt 0.803946 0.9962921
vt 0.3855978 0.6314622
vt 0.5996165 0.8128531
vt 0.2650566 0.9981312
vt 0.9610559 0.7368533
vt 0.3077152 0.8013684
vt 0.9683666 0.7243478
vt 0.2635418 0.7761626
vt 0.5963616 0.8175095
vt 0.4318204 0.9970589
vt 0.7761249 0.7809244
vt 0.665723 0.9987406
vt 0.668343 0.9995117
vt 0.6655273 0.9994359
vt 0.393515 0.9815722
vt 0.6371977 0.9992935
vt 0.3234096 0.6391226
vt 0.3146743 0.6422539
vt 0.3405442 0.5360824
vt 0.3239691 0.5465044
vt 0.2222534 0.9984434
vt 0.2820849 0.6210107
vt 0.4030294 0.6127646
vt 0.4005349 0.612817
vt 0.4034408 0.6129017
vt 0.6340826 0.8043708
vt 0.6313558 0.8039402
vt 0.3326805 0.6185728
vt 0.5747989 0.8333557
vt 0.5733425 0.8327882
vt 0.2621579 0.6489113
vt 0.2638845 0.6461924
vt 0.2621107 0.6468621
vt 0.322827 0.6272501
vt 0.5708105 0.8346125
vt 0.5687347 0.8347937
vt 0.5866923 0.9988043
vt 0.5882528 0.9972708
vt 0.5854492 0.9976515
vt 0.6601731 0.8016503
vt 0.2602302 0.6461696
vt 0.2613299 0.6438139
vt 0.6907808 0.9159901
vt 0.6745499 0.9244857
vt 0.68026 0.9303381
vt 0.3196147 0.4644099
vt 0.2785431 0.635884
vt 0.2769759 0.6341035
vt 0.7585455 0.9995117
vt 0.7250565 0.6624739
vt 0.6553759 0.9332592
vt 0.6410816 0.9379702
vt 0.6537284 0.6096891
vt 0.6634778 0.6212385
vt 0.6521326 0.5961838
vt 0.3705596 0.8644217
vt 0.6193283 0.8694524
vt 0.6253166 0.8778566
vt 0.6395599 0.8690524
vt 0.9022583 0.6181011
vt 0.8918066 0.6255834
vt 0.9084591 0.6140974
vt 0.2952024 0.993765
vt 0.2959039 0.9900682
vt 0.3016904 0.9823101
vt 0.8863624 0.6348218
vt 0.6109057 0.8106373
vt 0.8926042 0.5990089
vt 0.8927554 0.5880299
vt 0.5919135 0.9963967
vt 0.6421817 0.9986226
vt 0.64203 0.9991817
vt 0.6425931 0.9995117
vt 0.6709177 0.9989667
vt 0.9035791 0.6188297
vt 0.1928429 0.9981896
vt 0.1927854 0.9960705
vt 0.196287 0.9991013
vt 0.2971605 0.4809309
vt 0.2902678 0.476501
vt 0.2925019 0.4854373
vt 0.9109888 0.6027212
vt 0.6454102 0.6650542
vt 0.6300424 0.6643664
vt 0.6413192 0.6712818
vt 0.3929125 0.5769023
vt 0.3995658 0.5781897
vt 0.2752112 0.6321458
vt 0.1978717 0.9995117
vt 0.1989607 0.997557
vt 0.1990188 0.9990155
vt 0.03369141 0.9977316
vt 0.6801758 0.9972219
vt 0.6776765 0.8048587
vt 0.7007245 0.8711273
vt 0.6785569 0.874559
vt 0.6043604 0.8718866
vt 0.07803077 0.8076886
vt 0.08618444 0.826184
vt 0.6168512 0.8153774
vt 0.3991586 0.6126182
vt 0.6508676 0.9905053
vt 0.8705181 0.8376425
vt 0.3306611 0.6543661
vt 0.9847661 0.6176966
vt 0.9737184 0.6401861
vt 0.9857652 0.6197535
vt 0.9120922 0.8229699
vt 0.8916824 0.6145368
vt 0.6532473 0.87404
vt 0.9671922 0.6145197
vt 0.9387573 0.6254158
vt 0.9650754 0.6357844
vt 0.9389797 0.6326723
vt 0.9393096 0.6395339
vt 0.7041907 0.8053693
vt 0.08707672 0.7645154
vt 0.5952052 0.8120853
vt 0.6603824 0.8265204
vt 0.6527854 0.81927
vt 0.6511135 0.8348608
vt 0.9268938 0.6233436
vt 0.9202274 0.6145816
vt 0.1368136 0.8136867
vt 0.8859404 0.6577781
vt 0.9092816 0.6714755
vt 0.6746334 0.8758203
vt 0.6995928 0.8765385
vt 0.06538975 0.9902353
vt 0.05875754 0.9973873
vt 0.9339201 0.670129
vt 0.9321182 0.6524196
vt 0.6785833 0.8952433
vt 0.6549407 0.8808429
vt 0.1046031 0.7788401
vt 0.3948226 0.9851907
vt 0.39538 0.9863453
vt 0.4091465 0.9923185
vt 0.1537178 0.8140345
vt 0.139572 0.8159189
vt 0.9476242 0.6985914
vt 0.9245138 0.6821374
vt 0.9346418 0.6755695
vt 0.9213829 0.6793869
vt 0.4663086 0.9950916
vt 0.9689159 0.6707784
vt 0.9626403 0.6635148
vt 0.9706113 0.6799747
vt 0.1729707 0.9990609
vt 0.6522724 0.7973682
vt 0.824707 0.9963656
vt 0.9389766 0.6677158
vt 0.9389613 0.6708153
vt 0.9638307 0.6818006
vt 0.2172035 0.7790177
vt 0.2208401 0.7660832
vt 0.2138863 0.7720327
vt 0.5400391 0.9983326
vt 0.5454572 0.9995117
vt 0.543761 0.9985082
vt 0.2116677 0.5663527
vt 0.1816773 0.5783365
vt 0.1977591 0.5788743
vt 0.1982271 0.5675645
vt 0.1731342 0.5770854
vt 0.9542674 0.6594396
vt 0.5336914 0.993771
vt 0.2150726 0.7802238
vt 0.9703168 0.6579877
vt 0.6990477 0.8060805
vt 0.693094 0.8081905
vt 0.5368266 0.9974223
vt 0.969128 0.6569957
vt 0.9674907 0.6478059
vt 0.2198634 0.7855553
vt 0.9763285 0.6644278
vt 0.2820362 0.5242555
vt 0.2855626 0.5216566
vt 0.2712226 0.7070857
vt 0.9879971 0.6118127
vt 0.9100255 0.8262269
vt 0.9141533 0.8186155
vt 0.9217818 0.8421301
vt 0.9529351 0.8104148
vt 0.2878513 0.5226082
vt 0.3312337 0.9946947
vt 0.6202627 0.806115
vt 0.2763696 0.5242945
vt 0.2787429 0.5151097
vt 0.177791 0.8409344
vt 0.1843829 0.8322206
vt 0.7322493 0.9959345
vt 0.732395 0.9929855
vt 0.7342405 0.9952812
vt 0.7528726 0.6734601
vt 0.260373 0.5312674
vt 0.2551386 0.5407642
vt 0.6218473 0.8871548
vt 0.6415074 0.888299
vt 0.7250977 0.9945346
vt 0.6550212 0.6643599
vt 0.07478362 0.7973663
vt 0.07584471 0.8016033
vt 0.2692618 0.5445629
vt 0.2716609 0.5424818
vt 0.2626234 0.5413232
vt 0.5969116 0.8349965
vt 0.6139044 0.9995117
vt 0.8243668 0.6741464
vt 0.8346262 0.6779032
vt 0.2329886 0.6881381
vt 0.9556744 0.6880459
vt 0.5664075 0.936372
vt 0.5670593 0.8293533
vt 0.0678184 0.7953336
vt 0.9668043 0.660848
vt 0.2737499 0.511683
vt 0.2786989 0.5081773
vt 0.9720176 0.7136473
vt 0.9437881 0.7141528
vt 0.209703 0.8253219
vt 0.5911576 0.991139
vt 0.2626755 0.7375684
vt 0.5828471 0.9922099
vt 0.5912156 0.9876168
vt 0.925786 0.5452109
vt 0.4278629 0.6108353
vt 0.9588021 0.6615804
vt 0.1782407 0.9995117
vt 0.1800397 0.9975695
vt 0.08395267 0.9788086
vt 0.2285008 0.6770607
vt 0.2276454 0.6827133
vt 0.6781282 0.7938669
vt 0.5278262 0.6425036
vt 0.5337487 0.6569197
vt 0.5711447 0.6634778
vt 0.6246841 0.9989536
vt 0.6255215 0.9988503
vt 0.6257607 0.9985827
vt 0.8645155 0.9991953
vt 0.9713067 0.6714101
vt 0.9802138 0.683952
vt 0.287737 0.4938011
vt 0.2845699 0.489222
vt 0.2686319 0.4992878
vt 0.2777227 0.4915785
vt 0.9718703 0.69135
vt 0.972273 0.7091414
vt 0.3904933 0.9862056
vt 0.9796883 0.714063
vt 0.2692581 0.4618491
vt 0.6718383 0.6398
vt 0.6869559 0.6507252
vt 0.6934505 0.6494084
vt 0.5796371 0.9841975
vt 0.5712587 0.9947098
vt 0.5824948 0.932527
vt 0.1762877 0.9984691
vt 0.1713867 0.9970389
vt 0.5849746 0.8266778
vt 0.5878946 0.812654
vt 0.182286 0.995105
vt 0.2871115 0.5129938
vt 0.2914819 0.5208946
vt 0.2167885 0.8258034
vt 0.283763 0.5151324
vt 0.7016938 0.7997513
vt 0.9113989 0.6903573
vt 0.9067695 0.6911868
vt 0.5727328 0.995531
vt 0.5807714 0.9189548
vt 0.9790825 0.6019664
vt 0.6175213 0.8818007
vt 0.264306 0.547393
vt 0.1622632 0.8612232
vt 0.8744036 0.8554585
vt 0.885444 0.8500102
vt 0.8831332 0.8437754
vt 0.641604 0.8014881
vt 0.9621464 0.5947872
vt 0.5703894 0.828908
vt 0.3512489 0.9950583
vt 0.9309102 0.5989518
vt 0.6108453 0.814801
vt 0.6096287 0.8114399
vt 0.2191565 0.5955077
vt 0.2279475 0.5900536
vt 0.2007823 0.5930476
vt 0.8889831 0.8462898
vt 0.888185 0.8555396
vt 0.9342015 0.5498103
vt 0.2238893 0.5954609
vt 0.2377378 0.5913728
vt 0.2429433 0.6703931
vt 0.2414887 0.6645259
vt 0.2399187 0.6690519
vt 0.9604179 0.5900553
vt 0.2166556 0.6963601
vt 0.2218969 0.6938373
vt 0.4050919 0.6097875
vt 0.9389466 0.5588962
vt 0.5887797 0.7099426
vt 0.5796933 0.7288524
vt 0.5997257 0.722126
vt 0.1578963 0.9989392
vt 0.1587344 0.9995117
vt 0.1588784 0.998783
vt 0.1889431 0.9975087
vt 0.5368574 0.9987191
vt 0.6120299 0.9408624
vt 0.9396404 0.5959634
vt 0.9093541 0.7004502
vt 0.2563291 0.6417091
vt 0.9210668 0.5901936
vt 0.5981675 0.8341053
vt 0.6590045 0.6471919
vt 0.671166 0.6541593
vt 0.1947429 0.5932647
vt 0.1776964 0.5873141
vt 0.5541019 0.8311792
vt 0.252601 0.5810806
vt 0.2428197 0.577915
vt 0.2450511 0.5887479
vt 0.6492334 0.9916279
vt 0.2281853 0.9995117
vt 0.2280751 0.5703968
vt 0.2493853 0.5707687
vt 0.2495054 0.5743912
vt 0.1542778 0.591203
vt 0.1718973 0.5937379
vt 0.9570961 0.5711018
vt 0.8683069 0.8593102
vt 0.9438052 0.5763512
vt 0.9514043 0.5652691
vt 0.7152763 0.7786354
vt 0.7922347 0.9785579
vt 0.7821168 0.9847962
vt 0.7815925 0.9730629
vt 0.1740227 0.5813951
vt 0.2147389 0.5745164
vt 0.2204631 0.5684166
vt 0.2334548 0.5627347
vt 0.2504849 0.5194583
vt 0.7052621 0.7821339
vt 0.6400758 0.6139867
vt 0.6220044 0.8664491
vt 0.2774591 0.558091
vt 0.2672708 0.6596533
vt 0.2687182 0.6630152
vt 0.6495672 0.6293069
vt 0.6525426 0.6226789
vt 0.888788 0.6805814
vt 0.06131077 0.9995117
vt 0.6352711 0.8660143
vt 0.6274983 0.8580191
vt 0.2640241 0.5520636
vt 0.2550357 0.5518913
vt 0.2183808 0.5157827
vt 0.2189646 0.5019404
vt 0.4036661 0.6032793
vt 0.676006 0.8072785
vt 0.6872142 0.8058004
vt 0.5717909 0.8331495
vt 0.2682512 0.5484759
vt 0.250255 0.5622689
vt 0.250109 0.5568691
vt 0.2492284 0.5599174
vt 0.2757384 0.6376152
vt 0.7573242 0.9982641
vt 0.6894559 0.8051422
vt 0.6900111 0.8056338
vt 0.2637455 0.5782626
vt 0.2703857 0.5689689
vt 0.691953 0.8037145
vt 0.2574363 0.5828952
vt 0.3158614 0.5553992
vt 0.1180833 0.7951589
vt 0.7504667 0.6787533
vt 0.765574 0.6757761
vt 0.3245217 0.558086
vt 0.3213274 0.5527536
vt 0.2229782 0.9989999
vt 0.6361801 0.8105134
vt 0.2491172 0.5635933
vt 0.6515327 0.9957886
vt 0.6960252 0.8047888
vt 0.7005476 0.8022076
vt 0.6406695 0.9171369
vt 0.6012806 0.8186643
vt 0.5997968 0.8174183
vt 0.5987434 0.8184733
vt 0.5894747 0.6237614
vt 0.593365 0.6302524
vt 0.3017122 0.529465
vt 0.4064549 0.607713
vt 0.6214548 0.8538909
vt 0.5585884 0.673396
vt 0.1157573 0.8007427
vt 0.5649876 0.8289168
vt 0.6408677 0.8651179
vt 0.5589595 0.8345407
vt 0.3101012 0.6238676
vt 0.5574626 0.83177
vt 0.05518079 0.9916971
vt 0.05224609 0.9857337
vt 0.2897949 0.9992676
vt 0.7456201 0.8837059
vt 0.1772874 0.5200733
vt 0.6274272 0.8423097
vt 0.70145 0.805164
vt 0.436042 0.9972731
vt 0.2595215 0.9992676
vt 0.6495126 0.8061644
vt 0.6456969 0.8067656
vt 0.6476391 0.8073097
vt 0.4058262 0.5640596
vt 0.00433135 0.9596167
vt 0.2418262 0.5902922
vt 0.2385092 0.5817868
vt 0.5766068 0.8319101
vt 0.3251774 0.616537
vt 0.2213064 0.5627128
vt 0.219245 0.9992192
vt 0.8787494 0.6497086
vt 0.2183863 0.9988392
vt 0.2177783 0.9992676
vt 0.4719874 0.9995117
vt 0.6583206 0.8971427
vt 0.2517862 0.6601746
vt 0.2616357 0.6564392
vt 0.8151959 0.9923686
vt 0.5976889 0.8347643
vt 0.5994614 0.8350164
vt 0.6459961 0.999412
vt 0.3721138 0.9986994
vt 0.6470817 0.9995117
vt 0.2211914 0.9987619
vt 0.6466763 0.9985465
vt 0.6409645 0.6313534
vt 0.6111347 0.8178288
vt 0.6126238 0.8167686
vt 0.2072761 0.83891
vt 0.2257271 0.8352088
vt 0.6432272 0.991116
vt 0.2682761 0.6477625
vt 0.2624235 0.6439026
vt 0.6437218 0.9929086
vt 0.1839621 0.8256639
vt 0.5743418 0.8329836
vt 0.5729006 0.8335789
vt 0.2176223 0.9989208
vt 0.2891443 0.6404904
vt 0.2875918 0.64735
vt 0.2619781 0.6445377
vt 0.5912549 0.9962102
vt 0.591251 0.9958076
vt 0.5905474 0.9957104
vt 0.641312 0.9919317
vt 0.6408283 0.9894142
vt 0.7977347 0.7331141
vt 0.8028578 0.7722577
vt 0.2391864 0.6703269
vt 0.6501918 0.9956105
vt 0.6316519 0.8054849
vt 0.193379 0.9480559
vt 0.1868529 0.9979749
vt 0.3424898 0.9936548
vt 0.1380715 0.9992676
vt 0.1376456 0.9990907
vt 0.1391086 0.9990036
vt 0.5056152 0.9992548
vt 0.306694 0.5739349
vt 0.3066049 0.5768009
vt 0.6404141 0.998017
vt 0.6574179 0.9939576
vt 0.8199622 0.9988124
vt 0.8191424 0.9972391
vt 0.820189 0.9974535
vt 0.2675375 0.6522669
vt 0.6381723 0.8346657
vt 0.1053138 0.5909928
vt 0.09247144 0.5910525
vt 0.09610952 0.5918171
vt 0.7278815 0.9984269
vt 0.7182443 0.8176497
vt 0.7037998 0.8255163
vt 0.7356623 0.9945269
vt 0.7355213 0.9950905
vt 0.5524557 0.832952
vt 0.399554 0.9900222
vt 0.3990632 0.9913346
vt 0.4010814 0.9916397
vt 0.4169706 0.9979316
vt 0.5297326 0.9995117
vt 0.417825 0.9959142
vt 0.4230998 0.9995117
vt 0.09609528 0.5621825
vt 0.1131961 0.5534139
vt 0.2175293 0.9992637
vt 0.1064974 0.5660977
vt 0.8730102 0.6770716
vt 0.269888 0.6597527
vt 0.07069764 0.9973224
vt 0.03438812 0.9766351
vt 0.04118413 0.9591975
vt 0.0190886 0.9676934
vt 0.09289268 0.9992676
vt 0.09155273 0.9992661
vt 0.6065645 0.9992676
vt 0.09241899 0.9992594
vt 0.3442073 0.9788404
vt 0.3103439 0.5233188
vt 0.3117648 0.5262675
vt 0.3110366 0.5187464
vt 0.3130645 0.5217613
vt 0.3143525 0.5193373
vt 0.3108269 0.5113964
vt 0.8527964 0.6438062
vt 0.5953982 0.9978057
vt 0.7559819 0.9547775
vt 0.6274469 0.8125491
vt 0.591584 0.9989943
vt 0.07748808 0.588521
vt 0.19523 0.9930474
vt 0.03213349 0.9514045
vt 0.1486065 0.5563838
vt 0.3233794 0.6342077
vt 0.2485037 0.6548343
vt 0.4743849 0.9908449
vt 0.1304857 0.5692607
vt 0.1241814 0.5556843
vt 0.3536246 0.5196893
vt 0.3472782 0.5305875
vt 0.2893802 0.5028824
vt 0.2762877 0.5002843
vt 0.2374822 0.6630521
vt 0.1497635 0.575968
vt 0.1511625 0.5810621
vt 0.5889594 0.8181477
vt 0.5406032 0.5560345
vt 0.5393064 0.5633315
vt 0.2598016 0.5817215
vt 0.3569843 0.9775735
vt 0.3567502 0.9779029
vt 0.3552723 0.9769785
vt 0.8168945 0.9973453
vt 0.8177785 0.9960165
vt 0.8177068 0.9954302
vt 0.5291018 0.9993303
vt 0.4035169 0.9952761
vt 0.5308442 0.9987187
vt 0.527832 0.9986935
vt 0.4039297 0.6121273
vt 0.4033748 0.6120222
vt 0.07294679 0.9995117
vt 0.6086336 0.8176316
vt 0.0732668 0.9978769
vt 0.07504618 0.9991177
vt 0.5900967 0.9995117
vt 0.5903053 0.9979968
vt 0.437212 0.5720696
vt 0.3400956 0.7000744
vt 0.03491952 0.9980441
vt 0.03584378 0.9991025
vt 0.4042152 0.9939378
vt 0.4008552 0.9934511
vt 0.7687036 0.9897137
vt 0.7728691 0.973477
vt 0.7765326 0.9875974
vt 0.1473515 0.5944598
vt 0.1628117 0.5941433
vt 0.1303148 0.5421239
vt 0.7872608 0.925517
vt 0.1929502 0.5949243
vt 0.2883633 0.671235
vt 0.5279707 0.9979445
vt 0.1340318 0.9992676
vt 0.1337369 0.9990982
vt 0.1315918 0.9991405
vt 0.5360127 0.9986765
vt 0.2850713 0.7151747
vt 0.2838522 0.7195499
vt 0.2922198 0.7138836
vt 0.1965072 0.994441
vt 0.2831727 0.738873
vt 0.2386616 0.9911688
vt 0.2948261 0.7297269
vt 0.505119 0.8796805
vt 0.3246573 0.7921467
vt 0.3510221 0.6142558
vt 0.3529646 0.6152877
vt 0.593734 0.82226
vt 0.2607777 0.6987357
vt 0.3198242 0.9949218
vt 0.6136971 0.8161266
vt 0.1803014 0.5936081
vt 0.1794644 0.5950068
vt 0.3472476 0.6057374
vt 0.3477949 0.5992756
vt 0.2704259 0.996564
vt 0.2728122 0.9995117
vt 0.3168001 0.644131
vt 0.3827996 0.5789472
vt 0.03734417 0.9970158
vt 0.5268193 0.9887963
vt 0.6549973 0.8040038
vt 0.6102538 0.8179714
vt 0.6098834 0.8173772
vt 0.07168671 0.9968106
vt 0.3381338 0.5989119
vt 0.2686607 0.6489321
vt 0.382304 0.8189886
vt 0.614594 0.8161678
vt 0.3503034 0.9718915
vt 0.3868388 0.9838661
vt 0.1566272 0.5970429
vt 0.1433043 0.5955701
vt 0.1468317 0.597168
vt 0.6448933 0.9988719
vt 0.1227956 0.7989963
vt 0.5660262 0.9992121
vt 0.8911133 0.9986907
vt 0.5664002 0.9988723
vt 0.5656738 0.9992124
vt 0.4059033 0.6714849
vt 0.5992931 0.8425059
vt 0.0283339 0.9991297
vt 0.02769227 0.999092
vt 0.5643342 0.9992676
vt 0.2783638 0.6701245
vt 0.8183196 0.9970292
vt 0.8173734 0.999046
vt 0.4083415 0.998129
vt 0.1799134 0.5028539
vt 0.4128371 0.6141999
vt 0.2036286 0.9947032
vt 0.2845629 0.6431036
vt 0.2838616 0.6368988
vt 0.3271286 0.5979049
vt 0.3303653 0.5946634
vt 0.2773741 0.6410612
vt 0.2792509 0.6396476
vt 0.7053832 0.8364645
vt 0.695825 0.8598931
vt 0.5532613 0.8301026
vt 0.02944141 0.9993185
vt 0.03045925 0.9992303
vt 0.3368405 0.6127036
vt 0.3379852 0.6115645
vt 0.3420837 0.5983771
vt 0.5951844 0.8173432
vt 0.1813146 0.5292187
vt 0.7659515 0.9090871
vt 0.2790411 0.6235896
vt 0.5469071 0.8300723
vt 0.7333735 0.9000542
vt 0.395696 0.9900466
vt 0.6442049 0.9902887
vt 0.6429808 0.9915545
vt 0.2601694 0.6504251
vt 0.8112793 0.9992676
vt 0.2516545 0.536118
vt 0.2699326 0.5869012
vt 0.2745935 0.5740082
vt 0.6060642 0.6882983
vt 0.1995822 0.9971769
vt 0.2471358 0.6756334
vt 0.2597742 0.6494637
vt 0.6439933 0.9960463
vt 0.1075462 0.7668164
vt 0.2684659 0.9978589
vt 0.2695255 0.9982358
vt 0.2683616 0.9971336
vt 0.3536376 0.5177042
vt 0.7066892 0.8970286
vt 0.7357098 0.8764218
vt 0.7018009 0.8916209
vt 0.1602863 0.5075311
vt 0.6004067 0.8972053
vt 0.5876364 0.931908
vt 0.2373859 0.8434356
vt 0.2665777 0.6749566
vt 0.2627741 0.6705703
vt 0.2725877 0.6780099
vt 0.2673839 0.6701194
vt 0.200372 0.9967572
vt 0.3722787 0.9983194
vt 0.3726757 0.9979258
vt 0.2372917 0.9964339
vt 0.2368287 0.6693945
vt 0.6368328 0.9868326
vt 0.3729472 0.9977034
vt 0.2364637 0.9954654
vt 0.3033693 0.5510607
vt 0.3701491 0.9995117
vt 0.1220822 0.9984838
vt 0.3679031 0.5847874
vt 0.8431292 0.7273127
vt 0.8268281 0.7005198
vt 0.004543424 0.9891891
vt 0.3263916 0.6098863
vt 0.3288659 0.6110348
vt 0.3587098 0.5727105
vt 0.3210521 0.6285816
vt 0.3239375 0.6285713
vt 0.5429144 0.7326301
vt 0.5414754 0.7345159
vt 0.5437061 0.7331022
vt 0.3064256 0.5917695
vt 0.3066242 0.579816
vt 0.2750473 0.6615121
vt 0.3075951 0.5375925
vt 0.3098568 0.5353411
vt 0.3056828 0.5223445
vt 0.2999263 0.566741
vt 0.1199339 0.998068
vt 0.2795278 0.6588133
vt 0.3132085 0.6401482
vt 0.6037099 0.8171055
vt 0.314169 0.578466
vt 0.8231168 0.9995117
vt 0.6647204 0.8310054
vt 0.6649835 0.8466417
vt 0.04198977 0.9746677
vt 0.2943118 0.5631288
vt 0.6101153 0.995766
vt 0.5803277 0.8236216
vt 0.5328967 0.8739312
vt 0.2884653 0.7577668
vt 0.5718378 0.6554572
vt 0.5401713 0.6414809
vt 0.1972368 0.5485398
vt 0.1825969 0.5614601
vt 0.185774 0.5563731
vt 0.3309196 0.6119879
vt 0.3300065 0.6172487
vt 0.6692826 0.9988879
vt 0.6098633 0.9959913
vt 0.6119397 0.9977274
vt 0.608486 0.8188938
vt 0.06542969 0.9970884
vt 0.2944104 0.5883774
vt 0.593397 0.8248302
vt 0.3735987 0.9824874
vt 0.6382208 0.8070338
vt 0.6360543 0.8061384
vt 0.6363413 0.8083173
vt 0.3618984 0.9995117
vt 0.4089208 0.6133869
vt 0.3194922 0.9993721
vt 0.6313185 0.811277
vt 0.1646212 0.5713897
vt 0.138238 0.5748764
vt 0.6326751 0.8082616
vt 0.198071 0.9041545
vt 0.1378522 0.5767745
vt 0.3221825 0.992022
vt 0.3231065 0.9973707
vt 0.135757 0.8086562
vt 0.1647949 0.9992676
vt 0.1677459 0.9978387
vt 0.1695825 0.9988785
vt 0.124907 0.5810539
vt 0.3723839 0.5778991
vt 0.3742203 0.5772519
vt 0.0702793 0.9950236
vt 0.6063671 0.8173319
vt 0.5907328 0.6761249
vt 0.5852842 0.6723205
vt 0.5917185 0.9411509
vt 0.5829027 0.9473039
vt 0.7128553 0.6629506
vt 0.3135003 0.6505889
vt 0.2681518 0.9945925
vt 0.5906351 0.9974546
vt 0.02925344 0.9990372
vt 0.02853752 0.9989725
vt 0.3070998 0.7449388
vt 0.3775502 0.7319359
vt 0.2260307 0.996998
vt 0.1052403 0.9995117
vt 0.7378945 0.9394192
vt 0.5156125 0.6757097
vt 0.5217384 0.704757
vt 0.6340036 0.8235186
vt 0.1990279 0.9943019
vt 0.3213314 0.7088058
vt 0.5180509 0.633375
vt 0.5215564 0.9995117
vt 0.5314662 0.6263348
vt 0.1876312 0.5934973
vt 0.5376611 0.9990464
vt 0.5366211 0.9989743
vt 0.6740049 0.995087
vt 0.2500082 0.7384645
vt 0.7049112 0.9995117
vt 0.2557259 0.7424341
vt 0.2712073 0.7434574
vt 0.2302338 0.9877438
vt 0.384014 0.7956228
vt 0.245441 0.6688284
vt 0.2794646 0.705904
vt 0.1710649 0.9986348
vt 0.6414337 0.8276978
vt 0.751259 0.9504216
vt 0.190918 0.9977807
vt 0.411411 0.9884263
vt 0.6113457 0.9483495
vt 0.3083382 0.5459776
vt 0.6126583 0.9988171
vt 0.7326158 0.9980406
vt 0.7307673 0.9968858
vt 0.731798 0.9969433
vt 0.6345273 0.8109084
vt 0.3550076 0.997956
vt 0.5901865 0.9845398
vt 0.7367182 0.9705658
vt 0.8678316 0.6777291
vt 0.6866885 0.8420443
vt 0.05389416 0.9816284
vt 0.662783 0.8087403
vt 0.6667808 0.8107768
vt 0.6458953 0.8143481
vt 0.4267973 0.9995117
vt 0.4243164 0.9989651
vt 0.5738146 0.6271844
vt 0.8922133 0.8153461
vt 0.7459356 0.9658623
vt 0.2401508 0.6546671
vt 0.6271981 0.7428233
vt 0.6266902 0.7378799
vt 0.432001 0.6094577
vt 0.08203125 0.9976398
vt 0.8691905 0.9980476
vt 0.8699725 0.9995117
vt 0.8676758 0.9985937
vt 0.7483987 0.9953274
vt 0.750454 0.9978808
vt 0.8301555 0.8190278
vt 0.5206334 0.5756971
vt 0.5290993 0.579815
vt 0.652006 0.802661
vt 0.5507693 0.730395
vt 0.5579503 0.7175959
vt 0.5777894 0.8318769
vt 0.2677356 0.648075
vt 0.3259164 0.6285915
vt 0.3266461 0.6261045
vt 0.5710476 0.8350768
vt 0.7399731 0.9969587
vt 0.5951306 0.9988698
vt 0.2519448 0.7468063
vt 0.5937639 0.9988456
vt 0.2638345 0.7460097
vt 0.5941766 0.9992933
vt 0.6236167 0.7456055
vt 0.7435246 0.9995117
vt 0.2977297 0.796478
vt 0.3419681 0.9995117
vt 0.8388917 0.8124371
vt 0.4402565 0.995229
vt 0.09389147 0.9911694
vt 0.07763672 0.9875978
vt 0.1013677 0.9995117
vt 0.3344613 0.6155089
vt 0.5367204 0.9992566
vt 0.1769999 0.4979331
vt 0.6204627 0.653698
vt 0.7271361 0.6510605
vt 0.5785356 0.9366357
vt 0.6525366 0.9307564
vt 0.6957943 0.7876332
vt 0.7045898 0.9984522
vt 0.7059969 0.9990113
vt 0.7064555 0.9971942
vt 0.3187933 0.9807792
vt 0.2581767 0.9435132
vt 0.7282752 0.9506189
vt 0.7063121 0.9556216
vt 0.7037725 0.9601464
vt 0.5932617 0.9989235
vt 0.5371829 0.9995117
vt 0.679 0.8118544
vt 0.6320974 0.720855
vt 0.6073097 0.712477
vt 0.6070103 0.7229323
vt 0.6162749 0.7247309
vt 0.5973904 0.7008706
vt 0.2276353 0.7035935
vt 0.2306648 0.694738
vt 0.2324649 0.5591465
vt 0.6025045 0.9966661
vt 0.6342354 0.9390215
vt 0.51092 0.6275865
vt 0.6140804 0.8094943
vt 0.2870059 0.833649
vt 0.2915001 0.8603306
vt 0.0440129 0.9947492
vt 0.04746968 0.9926708
vt 0.04659688 0.9915641
vt 0.3025596 0.4751813
vt 0.3118771 0.6427354
vt 0.2840897 0.5862224
vt 0.2643428 0.6537984
vt 0.5591175 0.6896054
vt 0.235184 0.9957389
vt 0.2335908 0.9995117
vt 0.2353561 0.9992405
vt 0.248592 0.6575667
vt 0.6114635 0.9995117
vt 0.2463685 0.6595317
vt 0.2443585 0.671947
vt 0.2683059 0.47742
vt 0.261043 0.4759089
vt 0.7231609 0.8123052
vt 0.2704139 0.4781159
vt 0.7125517 0.951416
vt 0.3830937 0.6688507
vt 0.3906238 0.6666569
vt 0.5493005 0.832219
vt 0.756672 0.8314844
vt 0.6263487 0.9965976
vt 0.7360281 0.9335393
vt 0.3419415 0.757308
vt 0.7186552 0.9148468
vt 0.4280467 0.9988889
vt 0.7006543 0.9023353
vt 0.7219089 0.7995692
vt 0.6967548 0.8919502
vt 0.157821 0.5053899
vt 0.3212583 0.9979791
vt 0.3213922 0.9995117
vt 0.7355453 0.8061143
vt 0.6400001 0.9940681
vt 0.5859663 0.6660715
vt 0.5798433 0.6562257
vt 0.2812864 0.4967529
vt 0.5406205 0.6002947
vt 0.5274459 0.6048981
vt 0.557843 0.6129782
vt 0.6793774 0.9046802
vt 0.3300724 0.518266
vt 0.2724723 0.6363586
vt 0.3247369 0.993085
vt 0.7401207 0.800917
vt 0.2749414 0.4770085
vt 0.2767174 0.4774458
vt 0.2294563 0.6850576
vt 0.7349771 0.9932721
vt 0.6362305 0.9920966
vt 0.2826025 0.4764588
vt 0.279489 0.4872969
vt 0.03106855 0.9982727
vt 0.03170762 0.9992849
vt 0.6691009 0.9883986
vt 0.8540934 0.6957629
vt 0.6399904 0.9991211
vt 0.6703852 0.9993706
vt 0.2385389 0.9986354
vt 0.709241 0.9475225
vt 0.01736405 0.9995117
vt 0.2127678 0.4920711
vt 0.0360567 0.9894337
vt 0.04011714 0.9955399
vt 0.6180971 0.5950696
vt 0.2335102 0.9957443
vt 0.6929402 0.9469091
vt 0.6983888 0.998679
vt 0.1166699 0.9989717
vt 0.6993595 0.9995117
vt 0.6994902 0.9984131
vt 0.1350329 0.9991062
vt 0.5542148 0.8348135
vt 0.8255626 0.9952186
vt 0.6230792 0.8080495
vt 0.3349066 0.9957834
vt 0.6588399 0.6566931
vt 0.8690797 0.9975913
vt 0.5523631 0.8309158
vt 0.8748493 0.9976122
vt 0.8736027 0.9995117
vt 0.8735352 0.998386
vt 0.59715 0.9987034
vt 0.3148307 0.5229424
vt 0.8704756 0.9976006
vt 0.647404 0.9992051
vt 0.5984607 0.9986661
vt 0.5458101 0.6767421
vt 0.5598545 0.6776791
vt 0.533668 0.9985179
vt 0.5330195 0.9980744
vt 0.5764613 0.6690696
vt 0.117271 0.9995117
vt 0.1154785 0.9991766
vt 0.4301463 0.9988513
vt 0.5910206 0.9953657
vt 0.590601 0.9951221
vt 0.6174158 0.8116294
vt 0.6556327 0.7965772
vt 0.5911331 0.9965915
vt 0.02781764 0.9990281
vt 0.2175267 0.9898797
vt 0.7584648 0.6911651
vt 0.8764951 0.999366
vt 0.6800878 0.6150624
vt 0.3215785 0.8580041
vt 0.6689338 0.8144439
vt 0.6492491 0.8950652
vt 0.6951943 0.9550195
vt 0.5825729 0.6432428
vt 0.6123744 0.6632075
vt 0.3178711 0.9968623
vt 0.6284732 0.8198615
vt 0.4292742 0.9979298
vt 0.5792131 0.6184132
vt 0.8468332 0.6371248
vt 0.5670927 0.6169245
vt 0.5718343 0.6120678
vt 0.7254444 0.9098033
vt 0.2351146 0.9949831
vt 0.2365174 0.9953014
vt 0.6492148 0.9593362
vt 0.3110902 0.4663976
vt 0.3159923 0.4681336
vt 0.3134074 0.4654838
vt 0.5587435 0.8359597
vt 0.3059741 0.629013
vt 0.5053084 0.997433
vt 0.5004883 0.9917829
vt 0.6108872 0.6068546
vt 0.6280029 0.6224514
vt 0.6118011 0.5956977
vt 0.5699022 0.6097949
vt 0.6215131 0.8081157
vt 0.3292654 0.9982012
vt 0.6034687 0.6770484
vt 0.2007575 0.9367977
vt 0.1744611 0.9423628
vt 0.592097 0.9834791
vt 0.5295239 0.9973453
vt 0.3101779 0.4628868
vt 0.6193624 0.68264
vt 0.3086494 0.5578331
vt 0.5165354 0.6722183
vt 0.4324282 0.9995117
vt 0.3280977 0.999403
vt 0.3303548 0.5136991
vt 0.3370154 0.5108987
vt 0.6206055 0.998691
vt 0.336595 0.5132906
vt 0.6353243 0.671707
vt 0.3442677 0.5183102
vt 0.3471027 0.5151943
vt 0.3420869 0.5144846
vt 0.6148627 0.6681471
vt 0.5935048 0.6625391
vt 0.2038574 0.9992676
vt 0.4399804 0.5826099
vt 0.2704094 0.9992628
vt 0.3546995 0.5272368
vt 0.2688366 0.9985604
vt 0.3553724 0.5392163
vt 0.6024605 0.6392471
vt 0.6162989 0.6427322
vt 0.1186523 0.9992179
vt 0.630263 0.6762422
vt 0.645009 0.6765254
vt 0.123787 0.8561588
vt 0.6319476 0.9566284
vt 0.5775546 0.6497155
vt 0.361358 0.5462476
vt 0.7026367 0.9819052
vt 0.7357863 0.9957677
vt 0.7096346 0.9963881
vt 0.6271196 0.615421
vt 0.7079399 0.9958525
vt 0.5649751 0.99926
vt 0.1364746 0.9990519
vt 0.6393109 0.9599034
vt 0.6372764 0.6895618
vt 0.7361605 0.9975882
vt 0.7374913 0.9995117
vt 0.2167392 0.9346473
vt 0.2226793 0.9711674
vt 0.6890522 0.7949695
vt 0.3680489 0.9877326
vt 0.2323941 0.9958542
vt 0.2969165 0.4993305
vt 0.2319336 0.9977521
vt 0.2991121 0.49925
vt 0.3062841 0.5052435
vt 0.6252574 0.6465271
vt 0.3298298 0.9964089
vt 0.6173421 0.6330442
vt 0.5979465 0.6293893
vt 0.3201596 0.5127059
vt 0.3866482 0.6303645
vt 0.3850353 0.6291869
vt 0.5898557 0.6297745
vt 0.8914641 0.9988528
vt 0.5674649 0.9995117
vt 0.8920937 0.9983107
vt 0.8929563 0.9995117
vt 0.6568754 0.8018243
vt 0.1372079 0.9990506
vt 0.6117098 0.6273602
vt 0.6182781 0.6284618
vt 0.07963353 0.9849309
vt 0.3494641 0.5154481
vt 0.8959961 0.9982351
vt 0.7300133 0.999003
vt 0.6113998 0.622229
vt 0.6278631 0.9129059
vt 0.6346222 0.9222394
vt 0.6357157 0.9164195
vt 0.5926651 0.861729
vt 0.5744087 0.8531367
vt 0.7252195 0.7834141
vt 0.5819644 0.8899124
vt 0.6163906 0.9064069
vt 0.8178872 0.9949682
vt 0.5688166 0.8418473
vt 0.5565454 0.8439397
vt 0.3297218 0.8883498
vt 0.6987324 0.6130196
vt 0.3800263 0.5690107
vt 0.7911421 0.9986286
vt 0.897091 0.9994321
vt 0.7257261 0.9981746
vt 0.6380433 0.923918
vt 0.6513967 0.9377186
vt 0.3653101 0.9897301
vt 0.645543 0.8051306
vt 0.5859597 0.9966676
vt 0.6562653 0.8003949
vt 0.7165789 0.6607562
vt 0.723861 0.6513827
vt 0.7084233 0.6407448
vt 0.3324865 0.998524
vt 0.3566819 0.9939058
vt 0.2754958 0.6404394
vt 0.6217714 0.8069357
vt 0.3356079 0.996143
vt 0.5690918 0.9992676
vt 0.5859117 0.9373653
vt 0.5836558 0.9382037
vt 0.7287806 0.6551147
vt 0.2749326 0.998903
vt 0.3700023 0.5857075
vt 0.4091067 0.6041627
vt 0.08513546 0.9985977
vt 0.3957188 0.5725027
vt 0.9111689 0.5499086
vt 0.2218603 0.9995117
vt 0.5993513 0.9995117
vt 0.6693454 0.6447998
vt 0.6656347 0.634896
vt 0.6524992 0.6351546
vt 0.6627085 0.6450646
vt 0.5639676 0.6779609
vt 0.6448383 0.8169901
vt 0.6312288 0.6138786
vt 0.5696226 0.7257836
vt 0.03624744 0.9995117
vt 0.117297 0.9988525
vt 0.5674019 0.9988083
vt 0.6403349 0.8203664
vt 0.6445007 0.818953
vt 0.532769 0.6701009
vt 0.6498836 0.6424764
vt 0.6503881 0.645614
vt 0.7598729 0.9990095
vt 0.7356886 0.9933241
vt 0.6418899 0.6446469
vt 0.7360125 0.9941589
vt 0.333028 0.5916106
vt 0.6180988 0.894627
vt 0.6491523 0.6498801
vt 0.5160394 0.6629679
vt 0.521636 0.6505703
vt 0.5092239 0.6564863
vt 0.4311523 0.9977046
vt 0.6087719 0.6160288
vt 0.564818 0.7287771
vt 0.6523849 0.6317184
vt 0.2600061 0.7522782
vt 0.3385204 0.5236007
vt 0.230999 0.6872498
vt 0.185791 0.998212
vt 0.6376039 0.6407999
vt 0.778681 0.6710401
vt 0.6340601 0.6329515
vt 0.6350328 0.6375903
vt 0.7101557 0.9997559
vt 0.736097 0.9947445
vt 0.7361846 0.9951608
vt 0.5959473 0.9994255
vt 0.1225318 0.9994617
vt 0.5230069 0.6394025
vt 0.6354405 0.6121505
vt 0.6330855 0.6033322
vt 0.3052595 0.496961
vt 0.3642732 0.9454687
vt 0.3836408 0.8897809
vt 0.3163322 0.9003944
vt 0.627216 0.5910701
vt 0.6700905 0.8097298
vt 0.2315671 0.6895508
vt 0.3613192 0.4961415
vt 0.7581927 0.9971058
vt 0.5159935 0.6431034
vt 0.228036 0.6875626
vt 0.267483 0.9995117
vt 0.3447524 0.9935563
vt 0.8184816 0.6793527
vt 0.2575413 0.9987571
vt 0.3502586 0.5219711
vt 0.8764324 0.9976432
vt 0.2566764 0.9987547
vt 0.2563477 0.999132
vt 0.9018878 0.9988668
vt 0.2612872 0.7398399
vt 0.9017841 0.9984829
vt 0.3495536 0.5141748
vt 0.5512843 0.5987054
vt 0.554966 0.6018559
vt 0.5620588 0.6015472
vt 0.8040316 0.6779343
vt 0.5275915 0.5869908
vt 0.5947092 0.989921
vt 0.871883 0.7084656
vt 0.2502146 0.746936
vt 0.579834 0.9992676
vt 0.01131028 0.9995117
vt 0.2661133 0.9986816
vt 0.9015299 0.9995117
vt 0.2666469 0.9993767
vt 0.8192312 0.9940631
vt 0.2572567 0.9995117
vt 0.5908115 0.6212342
vt 0.585495 0.6167031
vt 0.5106344 0.6478379
vt 0.7956618 0.7305148
vt 0.6586914 0.9988173
vt 0.8627856 0.7066287
vt 0.3008691 0.4921646
vt 0.5817275 0.6099465
vt 0.5731611 0.5972633
vt 0.5747436 0.606016
vt 0.5867549 0.6063473
vt 0.5943842 0.5929042
vt 0.423921 0.6166538
vt 0.8228939 0.9935857
vt 0.561885 0.5714979
vt 0.5580685 0.5644627
vt 0.3021036 0.4779803
vt 0.3043458 0.4820643
vt 0.3728748 0.9985313
vt 0.3173949 0.5280576
vt 0.262551 0.7603214
vt 0.6366048 0.8194352
vt 0.6389152 0.8188899
vt 0.2833594 0.6573604
vt 0.3926735 0.9959041
vt 0.5369495 0.9990397
vt 0.5941555 0.9995117
vt 0.3827579 0.629922
vt 0.3262053 0.516099
vt 0.8778547 0.9989405
vt 0.5465615 0.7303741
vt 0.5672048 0.5785493
vt 0.5698054 0.582198
vt 0.5791876 0.5818139
vt 0.5551643 0.5843287
vt 0.6040555 0.6036519
vt 0.6050653 0.599382
vt 0.6359863 0.9988431
vt 0.8028505 0.9972442
vt 0.2671766 0.9969734
vt 0.6052246 0.9992639
vt 0.006671146 0.9992671
vt 0.6062805 0.9992561
vt 0.5639419 0.5841856
vt 0.005615234 0.9992676
vt 0.006115446 0.9992543
vt 0.5726709 0.5912089
vt 0.5983809 0.6178876
vt 0.3456522 0.5213316
vt 0.3484245 0.5129365
vt 0.9014871 0.9982677
vt 0.3522568 0.5083011
vt 0.5487065 0.5966214
vt 0.5393296 0.5972741
vt 0.5185705 0.586251
vt 0.7001029 0.9984682
vt 0.7000309 0.9993901
vt 0.8231618 0.9964814
vt 0.5314694 0.5705953
vt 0.2842474 0.6599523
vt 0.1858532 0.5949532
vt 0.5189253 0.592949
vt 0.7296835 0.9953708
vt 0.08025852 0.9957255
vt 0.5412961 0.7343764
vt 0.564118 0.6065435
vt 0.6251702 0.9995117
vt 0.8637146 0.9995117
vt 0.6634892 0.9609934
vt 0.6263672 0.9979425
vt 0.8999023 0.9993626
vt 0.8665062 0.998562
vt 0.6967773 0.9987118
vt 0.4284535 0.9990892
vt 0.8637366 0.9970556
vt 0.3459958 0.5080888
vt 0.8945287 0.9984988
vt 0.5910724 0.6185253
vt 0.9003729 0.9978251
vt 0.7272949 0.9992676
vt 0.7289659 0.9991156
vt 0.395752 0.9981904
vt 0.7889723 0.740173
vt 0.8618164 0.9987617
vt 0.8884922 0.7208584
vt 0.6027808 0.6213885
vt 0.7649357 0.6622102
vt 0.7906724 0.7357954
vt 0.6795469 0.953425
vt 0.2917682 0.4741341
vt 0.04477668 0.998098
vt 0.03979492 0.9992676
vt 0.3216741 0.4708055
vt 0.600712 0.5895384
vt 0.8003885 0.660234
vt 0.7072739 0.9993091
vt 0.7083058 0.9989145
vt 0.1668988 0.9973459
vt 0.7000507 0.9982147
vt 0.3842773 0.9900929
vt 0.3922855 0.9917925
vt 0.3141373 0.4707892
vt 0.6518204 0.7937666
vt 0.3141536 0.4754648
vt 0.3999325 0.9995117
vt 0.224934 0.7166359
vt 0.165981 0.596181
vt 0.5937902 0.8798674
vt 0.6045259 0.8790367
vt 0.3729867 0.5799297
usemtl Tile_+000_+003_texture_1
f 275/3 2/1 1546/2
f 1801/5 640/4 830/6
f 1944/9 1922/8 1582/10
f 1546/2 2/1 4/11
f 4/11 9/12 1546/2
f 1546/2 9/12 16/13
f 7/16 12/14 1393/15
f 1030/18 1335/17 609/19
f 1393/15 12/14 13/20
f 137/23 14/21 1930/22
f 1930/22 14/21 128/25
f 1546/2 16/13 1697/26
f 1697/26 16/13 269/27
f 20/31 18/28 963/29
f 1775/33 2052/32 1312/34
f 963/36 18/30 136/35
f 22/39 24/37 2112/38
f 1167/42 1152/41 468/43
f 2112/38 24/37 25/45
f 2053/47 1246/46 2270/48
f 286/51 27/49 1208/50
f 1678/53 1631/52 626/54
f 1194/56 1634/55 1719/57
f 2024/59 2022/58 2053/60
f 1208/50 27/49 247/62
f 2153/64 2017/63 2151/65
f 11/69 28/66 964/67
f 2243/71 1056/70 423/72
f 964/74 28/68 154/73
f 1951/76 482/75 1216/77
f 2153/64 771/78 2017/63
f 100/82 34/80 1289/81
f 829/84 1735/83 1842/85
f 1289/81 34/80 1303/86
f 1297/88 35/87 1792/89
f 1792/92 35/90 78/91
f 39/95 37/93 976/94
f 976/94 37/93 109/96
f 311/99 38/97 2185/98
f 2185/98 38/97 95/100
f 8/104 43/101 1167/102
f 1167/42 43/103 1152/41
f 223/107 44/105 1220/106
f 1220/106 44/105 266/108
f 1844/110 1836/109 1234/111
f 169/114 47/112 674/113
f 629/115 830/6 640/4
f 674/113 47/112 419/116
f 236/119 48/117 643/118
f 643/118 48/117 77/120
f 129/124 54/121 319/122
f 319/125 54/123 1167/102
f 125/128 57/126 588/127
f 1785/130 1773/129 56/131
f 588/127 57/126 58/132
f 235/135 59/133 1298/134
f 1298/134 59/133 60/136
f 2059/138 68/137 474/139
f 474/139 68/137 259/140
f 2158/142 69/141 551/143
f 551/143 69/141 71/144
f 504/147 72/145 2218/146
f 1043/150 1417/148 1015/149
f 1785/130 56/131 2239/151
f 2218/146 72/145 465/152
f 1152/41 73/153 1084/154
f 1084/154 73/153 231/155
f 2165/157 1089/156 821/158
f 424/161 75/159 1101/160
f 1101/160 75/159 76/162
f 643/118 77/120 238/163
f 1647/164 1922/8 1944/9
f 1281/166 2150/165 775/167
f 1792/92 78/91 107/168
f 442/171 82/169 1119/170
f 1119/170 82/169 271/172
f 150/175 88/173 1306/174
f 1306/174 88/173 90/176
f 2145/178 2164/177 1289/81
f 1558/180 2245/179 1415/181
f 115/185 91/182 1556/183
f 1696/187 500/186 498/188
f 1556/190 91/184 93/189
f 19/192 983/191 1173/193
f 383/196 94/194 1537/195
f 1537/195 94/194 134/197
f 2185/98 95/100 166/198
f 166/198 95/100 96/199
f 1638/201 97/200 1127/202
f 1127/202 97/200 98/204
f 32/206 99/205 1289/81
f 1289/81 99/205 100/82
f 33/209 102/208 1303/86
f 1303/86 102/208 105/210
f 1303/86 105/210 1625/211
f 1625/211 105/210 2112/40
f 1582/10 2186/212 1753/213
f 1792/92 107/168 1770/214
f 1770/214 107/168 2059/138
f 1085/217 2074/216 1478/218
f 1991/219 1246/46 2022/61
f 1998/222 494/221 491/223
f 250/226 112/224 2047/225
f 2047/225 112/224 108/227
f 480/230 116/228 1258/229
f 1258/229 116/228 182/231
f 811/233 120/232 772/234
f 772/234 120/232 433/235
f 51/238 123/236 1126/237
f 863/239 2218/146 117/240
f 830/7 913/241 1801/242
f 1173/193 983/191 89/243
f 1126/237 123/236 1416/244
f 2108/246 2128/245 2132/247
f 449/250 124/248 744/249
f 744/249 124/248 345/251
f 146/254 126/252 1225/253
f 820/256 409/255 1395/257
f 1225/253 126/252 588/127
f 1930/22 128/25 1663/259
f 1663/259 128/25 129/124
f 467/263 131/260 1327/261
f 1327/265 131/262 132/264
f 296/268 133/266 1080/267
f 1080/267 133/266 135/269
f 1537/195 134/197 1608/270
f 1608/270 134/197 443/272
f 2253/277 2055/273 1480/275
f 1478/218 2074/216 1256/278
f 1080/267 135/269 1825/279
f 1825/279 135/269 287/280
f 963/36 136/35 1930/24
f 1930/24 136/35 137/281
f 2063/283 2062/282 2055/276
f 179/285 145/284 1225/253
f 1225/253 145/284 146/254
f 303/288 147/286 1342/287
f 1342/287 147/286 150/175
f 2022/61 1246/46 2053/47
f 1083/290 1528/289 1153/291
f 1416/294 151/293 1244/295
f 1244/295 151/293 246/296
f 2060/298 1588/297 2257/299
f 2088/301 1593/300 1469/302
f 964/74 154/73 1476/304
f 1476/304 154/73 1279/305
f 60/136 160/306 1298/134
f 1298/134 160/306 161/307
f 289/310 162/308 974/309
f 974/309 162/308 176/311
f 799/313 914/312 1557/314
f 197/317 175/315 651/316
f 1703/319 1357/318 2025/320
f 651/316 175/315 674/113
f 974/309 176/311 1196/321
f 1196/321 176/311 178/322
f 1258/229 182/231 188/323
f 1393/15 185/324 7/16
f 381/327 187/325 1365/326
f 138/329 469/328 467/263
f 1365/326 187/325 1310/330
f 1258/229 188/323 405/331
f 751/333 191/332 1097/334
f 1097/337 191/335 192/336
f 200/340 193/338 607/339
f 607/339 193/338 362/341
f 359/344 194/342 616/343
f 616/343 194/342 197/317
f 159/347 202/345 781/346
f 781/346 202/345 243/348
f 6/349 1773/129 1678/53
f 2147/351 207/350 1637/352
f 1637/352 207/350 216/353
f 215/356 211/355 1030/18
f 1030/18 211/355 1335/17
f 503/358 212/357 143/359
f 74/362 213/360 970/361
f 2072/364 661/363 1924/365
f 718/367 717/366 937/368
f 1637/370 216/354 218/369
f 1072/372 2092/371 1865/373
f 1395/377 409/258 472/376
f 1637/370 219/378 609/19
f 605/380 464/379 463/381
f 609/19 219/378 220/382
f 503/358 225/383 1036/384
f 1066/387 1048/386 1417/148
f 1036/389 225/385 224/388
f 1978/393 1542/390 822/392
f 976/94 227/394 223/107
f 36/396 228/395 109/96
f 109/96 228/395 227/394
f 1084/154 231/155 1266/397
f 1266/400 231/398 233/399
f 643/118 238/163 1835/402
f 1933/404 242/403 240/405
f 781/346 243/348 775/167
f 775/167 243/348 242/403
f 327/408 245/406 1262/407
f 1262/407 245/406 291/409
f 1244/295 246/296 298/410
f 1208/50 247/62 248/411
f 2044/413 249/412 204/414
f 1355/416 2256/415 1583/417
f 751/333 251/418 222/419
f 234/422 252/420 1106/421
f 1106/421 252/420 251/418
f 1969/425 930/424 1872/426
f 2044/413 254/427 86/428
f 86/428 254/427 868/429
f 31/431 255/430 1279/305
f 1049/433 1503/432 640/4
f 1029/436 830/6 615/435
f 780/438 731/437 717/366
f 1279/305 255/430 458/439
f 709/441 431/440 322/442
f 322/442 173/443 709/441
f 173/443 358/444 709/441
f 173/443 229/445 358/444
f 1638/201 258/446 61/447
f 474/139 259/140 2066/448
f 322/442 181/449 173/443
f 2066/448 259/140 1211/450
f 947/452 263/451 928/453
f 928/453 263/451 264/454
f 844/456 1463/455 2103/457
f 928/453 264/454 335/458
f 398/461 265/459 1941/460
f 1941/460 265/459 439/462
f 2105/464 2263/463 2063/283
f 1220/106 266/108 1580/465
f 1580/465 266/108 267/466
f 148/468 1778/467 1041/469
f 87/470 267/466 179/285
f 1697/26 269/27 270/471
f 723/473 932/472 1703/319
f 1073/475 1161/474 2063/283
f 1119/170 271/172 274/476
f 833/478 276/477 244/479
f 1205/481 278/480 1947/482
f 1325/486 1990/483 773/485
f 1947/482 278/480 279/487
f 882/489 627/488 861/490
f 1462/492 1045/491 1330/493
f 644/494 279/487 277/495
f 373/496 1084/154 1183/497
f 1283/499 281/498 49/500
f 312/503 282/501 1967/502
f 1967/502 282/501 1874/504
f 1825/279 287/280 286/51
f 361/506 2039/505 389/507
f 389/507 1799/508 361/506
f 371/510 288/509 974/309
f 974/309 288/509 289/310
f 2047/225 290/511 1085/512
f 1085/217 290/513 347/514
f 2133/516 2120/515 239/517
f 257/519 460/518 529/520
f 1262/407 291/409 1527/521
f 460/518 396/522 529/520
f 529/520 1903/523 257/519
f 1527/521 291/409 375/524
f 132/264 295/525 1170/526
f 1170/526 295/525 1166/527
f 1244/295 298/410 650/528
f 1697/26 299/529 2198/530
f 1073/533 1062/531 2084/532
f 2198/530 299/529 302/535
f 2198/530 302/535 1955/536
f 1955/536 302/535 303/288
f 460/518 1871/537 396/522
f 460/518 1308/538 1871/537
f 722/540 513/539 1903/523
f 1799/508 389/507 725/541
f 49/500 304/542 1283/499
f 725/541 389/507 1871/537
f 1283/499 304/542 305/543
f 2156/545 2205/544 2203/546
f 1178/547 305/543 275/3
f 1933/404 308/548 2181/549
f 1600/551 1469/302 1593/300
f 2181/549 308/548 306/553
f 750/555 749/554 844/456
f 2181/549 309/556 2185/98
f 1416/294 1244/295 650/528
f 2185/98 309/556 311/99
f 237/558 313/557 1835/402
f 1835/402 313/557 1967/502
f 1899/560 199/559 195/561
f 1298/134 315/562 1261/563
f 1261/563 315/562 316/564
f 13/20 321/565 1096/566
f 53/568 217/567 744/249
f 195/561 1213/569 1680/570
f 1096/566 321/565 1131/571
f 1899/560 1854/572 344/573
f 199/559 1899/560 344/573
f 344/573 1854/572 283/574
f 631/576 761/575 1969/425
f 253/578 323/577 868/429
f 1969/425 630/579 631/576
f 868/429 323/577 324/580
f 1208/50 325/581 1262/407
f 958/583 966/582 1870/584
f 1389/586 966/582 958/583
f 1283/499 1971/587 1874/504
f 1083/589 2225/588 1462/590
f 283/574 1854/572 630/579
f 630/579 297/591 283/574
f 768/593 562/592 694/594
f 997/596 1599/595 1574/597
f 1262/407 325/581 327/408
f 1183/497 330/599 268/600
f 257/519 1388/601 1308/538
f 722/540 1903/523 2199/602
f 233/401 334/603 1266/397
f 513/539 1388/601 257/519
f 725/541 1308/538 481/604
f 2260/607 1202/606 1419/608
f 1202/606 934/609 1419/608
f 1172/612 1174/610 1360/611
f 1266/397 334/603 330/599
f 1969/425 297/591 630/579
f 1743/613 1360/611 1174/610
f 273/617 1903/614 411/616
f 1873/620 1702/619 1743/613
f 928/453 335/458 336/621
f 1873/620 1743/613 172/622
f 1912/623 1873/620 174/624
f 349/627 337/625 1475/626
f 1475/626 337/625 340/628
f 2069/631 436/630 1969/425
f 1475/633 340/629 343/632
f 2182/634 436/630 2069/631
f 1870/584 1299/635 958/583
f 190/636 934/609 1456/637
f 374/638 190/636 1456/637
f 1389/585 934/609 190/636
f 1456/637 934/609 1202/606
f 391/639 1202/606 2260/607
f 273/615 436/630 2182/634
f 1402/641 552/640 229/445
f 173/443 2278/642 229/445
f 229/445 2278/642 1402/641
f 1223/643 458/439 457/644
f 2260/607 181/449 391/639
f 966/645 190/636 355/646
f 905/647 343/632 317/648
f 744/249 345/251 352/649
f 173/443 181/449 2278/642
f 2182/634 2234/650 273/615
f 2278/642 181/449 2260/607
f 2234/650 2199/602 1903/523
f 552/640 496/651 229/445
f 1085/217 347/514 2074/216
f 2062/282 2063/283 2263/463
f 1083/589 1153/292 2225/588
f 756/653 731/437 780/438
f 1754/655 877/654 836/656
f 2074/658 347/652 346/657
f 257/519 1903/523 513/539
f 935/661 348/660 854/662
f 1056/70 1049/433 640/4
f 541/664 1255/663 1155/665
f 854/662 348/660 349/627
f 1799/508 1299/635 1870/584
f 761/575 2069/631 1969/425
f 1862/667 1299/635 1799/508
f 767/671 1965/668 765/670
f 562/592 772/234 694/594
f 744/249 352/649 53/568
f 2234/650 1903/523 273/615
f 217/567 550/672 195/561
f 363/675 356/673 981/674
f 1213/569 195/561 550/672
f 981/674 356/673 357/676
f 1106/423 357/676 234/677
f 53/568 550/672 217/567
f 607/339 362/341 616/343
f 178/322 364/678 981/674
f 981/674 364/678 365/679
f 400/682 368/680 1454/681
f 1454/681 368/680 366/683
f 157/686 369/684 1199/685
f 1174/610 172/622 1743/613
f 1199/685 369/684 371/510
f 725/541 1862/667 1799/508
f 1871/537 1308/538 725/541
f 744/249 217/567 449/250
f 1527/521 375/524 1118/687
f 1118/687 375/524 376/688
f 447/691 448/689 301/690
f 1389/585 190/636 966/645
f 1912/623 1702/619 1873/620
f 195/561 1680/570 1899/560
f 797/693 376/688 101/694
f 620/696 377/695 1689/697
f 1689/697 377/695 500/186
f 101/694 379/698 797/693
f 2069/631 761/575 734/699
f 1155/666 1437/700 541/701
f 797/693 379/698 381/327
f 294/703 384/702 1166/527
f 1166/527 384/702 1537/195
f 320/705 392/704 1131/571
f 1131/571 392/704 1298/134
f 412/708 394/706 871/707
f 5/710 1255/709 2170/711
f 871/707 394/706 2166/712
f 796/715 395/713 575/714
f 960/717 2113/716 1004/718
f 1970/720 1354/719 2105/464
f 373/496 1183/497 1102/721
f 575/714 395/713 397/723
f 575/714 397/723 603/724
f 603/724 397/723 416/725
f 427/728 399/726 1076/727
f 1076/727 399/726 1331/729
f 1760/731 889/730 780/438
f 1745/734 1237/732 2239/151
f 905/647 403/736 149/737
f 149/737 403/736 400/682
f 2222/739 404/738 115/740
f 1458/741 1102/722 138/329
f 1258/229 405/331 1257/742
f 1257/742 405/331 404/738
f 603/724 416/725 402/743
f 2062/282 1480/744 2055/276
f 402/743 416/725 417/745
f 301/690 417/745 414/746
f 892/750 948/747 1751/749
f 1751/749 2162/751 892/750
f 847/753 790/752 789/754
f 1078/756 520/755 127/757
f 674/113 419/116 781/346
f 2239/151 1237/732 1424/758
f 93/189 422/759 1556/190
f 947/452 1941/460 441/761
f 1556/762 422/760 424/161
f 354/764 425/763 2166/712
f 2166/712 425/763 427/728
f 1957/766 428/765 338/767
f 430/770 429/768 875/769
f 875/769 429/768 428/765
f 772/234 433/235 1273/771
f 329/773 2085/772 1062/531
f 2201/776 2014/775 1638/201
f 1273/771 433/235 430/770
f 1607/781 1752/778 1007/780
f 1036/389 434/782 2147/783
f 2147/786 434/784 437/785
f 1941/460 439/462 441/761
f 1120/787 1478/218 1309/788
f 1608/270 443/272 1397/789
f 17/791 509/790 536/792
f 1397/789 443/272 442/171
f 453/794 446/793 301/692
f 301/692 446/793 447/795
f 301/690 448/689 217/567
f 217/567 448/689 449/250
f 413/798 452/796 301/690
f 301/692 452/797 453/794
f 351/800 454/799 53/568
f 53/568 454/799 456/801
f 811/233 456/801 140/802
f 1067/804 876/803 1269/805
f 1199/685 457/644 221/807
f 1279/305 458/439 1223/643
f 1532/809 1173/193 89/243
f 1002/811 1003/810 1157/812
f 1454/681 461/813 921/814
f 921/814 461/813 462/815
f 1341/816 2014/775 2201/776
f 921/814 464/379 1723/818
f 1723/818 464/379 605/380
f 2218/146 465/152 466/819
f 117/240 466/819 420/820
f 1183/497 469/821 1102/721
f 1102/722 469/328 138/329
f 2074/216 471/822 1256/278
f 1256/278 471/822 480/230
f 607/339 487/823 200/340
f 463/381 490/824 605/380
f 605/380 490/824 487/823
f 1205/481 491/223 241/825
f 76/162 494/221 1509/826
f 1509/826 494/221 1998/222
f 1929/827 498/188 350/828
f 1760/731 780/438 743/829
f 1689/697 500/186 1696/187
f 324/580 502/830 492/831
f 492/833 502/832 504/147
f 849/835 1766/834 1026/836
f 1247/838 1232/837 1608/270
f 510/842 505/840 450/841
f 450/841 505/840 508/843
f 171/845 511/844 510/842
f 560/848 519/846 435/847
f 435/847 519/846 522/849
f 534/852 528/850 432/851
f 432/851 528/850 531/853
f 432/851 531/853 208/854
f 208/854 531/853 532/855
f 538/857 537/856 432/851
f 432/851 537/856 535/858
f 450/841 540/859 1278/860
f 1206/862 1529/861 1153/291
f 1278/860 540/859 432/851
f 545/865 542/863 2230/864
f 2230/864 542/863 543/866
f 1076/727 2166/712 427/728
f 848/867 749/554 847/753
f 715/869 549/868 1872/426
f 1872/426 549/868 554/870
f 333/871 554/870 548/872
f 516/875 557/873 2026/874
f 2026/874 557/873 560/848
f 532/855 561/876 372/877
f 894/879 849/835 1026/836
f 372/877 561/876 563/880
f 1047/883 564/881 567/882
f 1047/883 567/882 866/884
f 866/884 567/882 568/885
f 548/872 569/886 333/871
f 2003/888 2023/887 1191/889
f 333/871 569/886 570/890
f 333/871 570/890 331/891
f 2030/893 1556/762 424/161
f 331/891 570/890 593/894
f 466/819 117/240 2218/146
f 686/897 573/895 898/896
f 898/896 573/895 574/899
f 580/902 577/900 716/901
f 781/346 419/116 418/903
f 716/901 577/900 578/904
f 1585/906 1188/905 1263/907
f 572/911 579/909 326/910
f 2048/916 1557/913 1712/915
f 2014/775 1341/816 1647/164
f 326/910 579/909 580/902
f 450/841 582/917 526/918
f 581/922 587/919 1805/920
f 1805/924 587/921 591/923
f 331/891 593/894 599/925
f 512/928 594/926 355/927
f 355/927 594/926 608/930
f 331/891 599/925 401/932
f 401/932 599/925 600/933
f 600/933 601/934 402/743
f 402/743 601/934 602/935
f 402/743 602/935 603/724
f 355/646 608/931 612/936
f 508/843 614/937 293/938
f 293/938 614/937 618/939
f 293/938 618/939 639/940
f 648/944 642/941 1918/942
f 943/945 319/125 1530/946
f 1918/948 642/943 646/947
f 1918/948 646/947 967/949
f 967/949 646/947 647/951
f 438/953 662/952 606/954
f 523/955 1004/718 2113/716
f 606/954 672/956 438/953
f 438/953 672/956 675/957
f 1017/959 1287/958 912/960
f 568/964 678/961 763/962
f 763/967 678/963 680/966
f 763/967 680/966 691/968
f 675/971 681/969 318/970
f 318/970 681/969 682/973
f 763/967 691/968 385/974
f 1344/977 1260/976 2170/711
f 385/974 691/968 695/979
f 898/898 695/980 686/981
f 591/923 698/982 353/983
f 353/983 698/982 707/984
f 522/849 714/985 930/424
f 930/424 714/985 715/869
f 682/973 721/986 445/987
f 445/987 721/986 747/988
f 367/990 378/989 387/991
f 578/904 755/992 390/993
f 985/994 326/910 451/995
f 318/972 445/996 444/997
f 318/972 444/997 374/638
f 318/972 440/998 438/953
f 318/972 380/999 440/998
f 307/1000 401/932 402/743
f 300/1001 440/998 380/999
f 300/1001 438/953 440/998
f 300/1001 415/1002 205/1003
f 300/1001 391/639 415/1002
f 307/1000 402/743 417/745
f 417/745 301/690 307/1000
f 390/993 755/992 778/1004
f 390/993 783/1005 709/441
f 709/441 783/1005 784/1006
f 658/1008 788/1007 431/440
f 431/440 788/1007 793/1009
f 2108/246 2132/247 2129/1010
f 431/440 793/1009 322/442
f 1562/1012 184/1011 2083/1013
f 301/690 414/746 413/798
f 322/442 793/1009 794/1014
f 205/1003 794/1014 786/1015
f 496/651 358/444 229/445
f 994/1018 983/191 1557/913
f 1305/1020 1154/1019 887/1021
f 887/1021 1248/1022 1305/1020
f 1303/86 2151/65 1289/81
f 1870/584 361/506 1799/508
f 1775/33 1312/34 2189/1023
f 217/567 307/1000 301/690
f 947/452 959/1025 79/1026
f 571/1028 1105/1027 1227/1029
f 208/854 396/522 342/1031
f 208/854 372/877 396/522
f 117/240 420/820 412/708
f 1073/475 2084/534 727/1032
f 181/449 426/1034 205/1003
f 181/449 205/1003 415/1002
f 181/449 322/442 426/1034
f 1647/164 1282/1035 1922/8
f 344/573 367/990 387/991
f 344/573 283/574 367/990
f 2072/364 2089/1036 2082/1037
f 1132/1038 1298/134 1261/563
f 887/1021 1495/1039 459/1040
f 536/792 871/707 785/1041
f 871/707 536/792 945/1042
f 1497/1045 1537/1043 1608/271
f 1836/109 1791/1046 1234/111
f 898/898 326/910 985/994
f 1278/860 342/1031 389/507
f 1336/1048 1122/1047 1483/1049
f 1278/860 208/854 342/1031
f 2147/786 437/785 407/1050
f 967/950 355/646 190/636
f 981/674 1106/423 679/1051
f 1202/606 391/639 300/1001
f 1202/606 300/1001 380/999
f 1918/1052 444/997 445/996
f 1918/1052 374/638 444/997
f 1918/1052 190/636 374/638
f 1918/1052 967/950 190/636
f 1174/610 1047/883 172/622
f 1456/637 380/999 318/972
f 1456/637 318/972 374/638
f 1870/584 353/983 361/506
f 1872/426 378/989 367/990
f 1872/426 367/990 283/574
f 1872/426 297/591 1969/425
f 937/368 1993/1053 2131/1054
f 1872/426 283/574 297/591
f 460/518 257/519 1308/538
f 1/1055 120/232 811/233
f 811/233 140/802 1/1055
f 1086/1057 1994/1056 1886/1058
f 2039/505 361/506 353/983
f 1315/1060 70/1059 769/1061
f 2026/1062 411/616 1903/614
f 2026/874 1903/523 529/520
f 1014/1064 1168/1063 961/1065
f 319/125 1167/102 468/44
f 926/1066 790/752 769/1061
f 1624/1068 1788/1067 1236/1069
f 1805/924 353/983 1870/584
f 110/1070 1862/667 725/541
f 1805/920 966/645 355/646
f 1805/924 1870/584 966/582
f 1148/1073 1364/1072 1358/1074
f 1331/729 399/726 398/461
f 709/441 421/1076 390/993
f 709/441 358/444 421/1076
f 716/901 451/995 326/910
f 716/901 421/1076 358/444
f 716/901 390/993 421/1076
f 716/901 370/1077 451/995
f 716/901 358/444 370/1077
f 866/884 172/622 1047/883
f 866/884 1873/620 172/622
f 1395/257 1307/1078 1566/1079
f 2230/864 396/522 372/877
f 1215/1083 1429/1080 1042/1082
f 496/651 370/1077 358/444
f 2230/864 529/520 396/522
f 865/1085 1429/1084 1215/1081
f 1541/1087 1077/1086 922/1088
f 2230/864 2026/874 529/520
f 382/1089 401/932 307/1000
f 382/1089 387/991 401/932
f 382/1089 307/1000 217/567
f 382/1089 217/567 195/561
f 486/1090 1076/727 1331/729
f 1007/1091 994/1017 1728/1092
f 382/1089 199/559 344/573
f 382/1089 195/561 199/559
f 2016/1095 1367/1094 1147/1096
f 382/1089 344/573 387/991
f 435/847 411/618 2026/874
f 435/847 1969/425 436/630
f 435/847 273/615 411/618
f 435/847 930/424 1969/425
f 435/847 436/630 273/615
f 1147/1096 1761/1098 2016/1095
f 1258/229 1101/160 1478/218
f 1608/271 1232/839 1497/1045
f 953/1100 1391/1099 893/1101
f 171/845 389/507 2039/505
f 2029/1103 2183/1102 1698/1104
f 171/845 1278/860 389/507
f 174/624 385/975 898/898
f 2149/1106 1280/1105 2070/1107
f 174/624 1873/620 866/884
f 174/624 763/965 385/975
f 174/624 866/884 763/965
f 426/1034 322/442 794/1014
f 2070/1108 1344/1109 586/1110
f 141/1112 1659/1111 946/1113
f 794/1014 205/1003 426/1034
f 791/1115 611/1114 1926/1116
f 205/1003 438/953 300/1001
f 2070/1108 586/1110 1798/1117
f 1374/1119 139/1118 1219/1120
f 431/440 709/441 784/1006
f 275/3 1546/2 1178/547
f 778/1004 783/1005 390/993
f 205/1123 786/1016 753/1122
f 1918/942 445/987 747/988
f 1872/426 930/424 715/869
f 2039/505 353/983 707/984
f 286/51 1208/50 1825/279
f 695/980 898/898 385/975
f 445/987 318/970 682/973
f 1411/1125 1409/1124 1012/1126
f 1510/1128 262/1127 1018/1129
f 1861/1131 852/1130 280/1132
f 1295/1134 1217/1133 2210/1135
f 741/1136 734/699 1228/1137
f 1697/26 1178/547 1546/2
f 318/972 438/953 675/957
f 2134/1141 745/1138 1878/1140
f 1284/1143 232/1142 659/1144
f 232/1142 1284/1143 953/1100
f 1337/1147 870/1146 256/1148
f 205/1123 753/1122 662/1149
f 858/1151 745/1150 2134/1139
f 1164/1153 1276/1152 1285/1154
f 1295/1134 2019/1155 1217/1133
f 2157/1160 1989/1157 1982/1159
f 596/1162 1186/1161 1148/1073
f 1101/160 1257/742 2222/739
f 314/1163 935/661 854/662
f 431/440 784/1006 658/1008
f 959/1025 314/1163 158/1164
f 765/670 1315/1060 2012/1165
f 17/791 1176/1166 712/1167
f 408/1168 712/1167 1444/1169
f 1600/550 1051/1170 1469/1171
f 644/494 833/478 1947/482
f 1061/1174 1097/337 923/1173
f 1037/1176 1703/319 932/472
f 1577/1178 1292/1177 1297/88
f 1076/727 486/1090 2166/712
f 1198/1181 1900/1180 1272/1182
f 163/1184 1472/1183 1187/1185
f 1918/942 747/988 648/944
f 1728/1092 1051/1170 1600/550
f 1882/1188 1333/1187 1643/1189
f 355/929 967/949 647/951
f 70/1059 733/1190 776/1191
f 1486/1193 1856/1192 1168/1063
f 1116/1195 1350/1194 596/1162
f 29/1198 1934/1197 1488/1199
f 734/699 743/829 1228/1137
f 1703/319 1037/1176 1357/318
f 292/1200 293/938 639/940
f 1298/134 1132/1038 1131/571
f 1805/920 355/646 612/936
f 310/1201 1486/1193 1168/1063
f 662/952 438/953 205/1003
f 782/1203 104/1202 2272/1204
f 1572/1205 2003/888 1191/889
f 2019/1156 1191/889 2023/887
f 768/593 760/1206 1904/1207
f 1528/289 1206/862 1153/291
f 550/672 1920/1208 1913/1209
f 46/1210 69/141 2158/142
f 185/324 1393/15 1310/330
f 1737/1212 558/1211 687/1213
f 402/743 401/932 600/933
f 1789/1214 558/1211 1737/1212
f 1805/920 612/936 595/1216
f 486/1090 1331/729 1941/460
f 1831/1218 5/1217 1260/1219
f 550/672 1913/1209 1213/569
f 886/1221 566/1220 598/1222
f 79/1026 959/1025 158/1164
f 550/672 53/568 1920/1208
f 1093/1223 562/592 768/593
f 331/891 401/932 387/991
f 1178/547 1697/26 2198/530
f 1053/1225 988/1224 938/1226
f 1954/1230 851/1229 1910/1231
f 333/871 387/991 378/989
f 333/871 331/891 387/991
f 353/983 1805/924 591/923
f 611/1114 1229/1232 764/1233
f 611/1114 791/1115 1229/1232
f 861/490 937/368 1952/1234
f 1963/1236 1390/1235 1090/1237
f 292/1200 639/940 583/1238
f 292/1200 583/1238 582/917
f 1088/1240 952/1239 909/1241
f 1805/920 595/1216 581/922
f 1797/1244 1554/1243 690/1245
f 1096/566 1131/571 566/1220
f 1167/102 52/1246 8/104
f 716/901 326/910 580/902
f 390/993 716/901 578/904
f 584/1251 2051/1247 805/1249
f 270/471 299/529 1697/26
f 586/1110 1344/1109 1359/1252
f 1798/1117 139/1118 1374/1119
f 442/171 1119/170 1397/789
f 790/752 67/1253 769/1061
f 1392/1255 1653/1254 1473/1256
f 964/67 316/564 11/69
f 2070/1108 632/1258 2149/1259
f 326/1261 898/896 574/899
f 1798/1117 632/1258 2070/1108
f 1370/1266 1150/1263 1410/1265
f 1632/1267 1663/259 556/1268
f 1930/22 1663/259 1632/1267
f 2226/1271 1905/1270 1907/1272
f 1905/1270 1189/1273 1192/1274
f 1866/1276 688/1275 1373/1277
f 1519/1279 2231/1278 1319/1280
f 326/912 574/1262 572/1281
f 1074/1283 2173/1282 2228/1284
f 769/1061 67/1253 1384/1286
f 1313/1288 1070/1287 1385/1289
f 1521/1291 2001/1290 1193/1292
f 1693/1294 1688/1293 2240/1295
f 1096/566 1393/15 13/20
f 1598/1298 1619/1297 1446/1299
f 1491/1300 2173/1285 1212/1301
f 1291/1304 1001/1303 993/1305
f 1383/1306 821/158 1089/156
f 1311/1308 1110/1307 1204/1309
f 1536/1310 5/1217 1831/1218
f 1466/1312 988/1224 1053/1225
f 2112/40 2153/64 2137/1314
f 64/1319 825/1315 1012/1317
f 813/1321 1376/1320 1934/1322
f 827/1325 1831/1323 1260/976
f 763/965 866/884 568/885
f 1148/1073 1186/1161 1250/1326
f 1250/1326 1364/1072 1148/1073
f 256/1148 1494/1327 1337/1147
f 41/1328 73/153 1152/41
f 1397/789 1119/170 1247/838
f 1254/1330 857/1329 1405/1331
f 39/95 976/94 1306/174
f 2153/64 2151/65 2137/1314
f 2230/864 372/877 563/880
f 435/847 2026/874 560/848
f 378/989 1872/426 554/870
f 1252/1336 944/1333 1981/1335
f 554/870 333/871 378/989
f 857/1329 1538/1337 1405/1331
f 2230/864 563/880 545/865
f 1422/1339 641/1338 1443/1340
f 2026/874 2230/864 543/866
f 1225/253 588/127 1371/1342
f 1239/1347 1915/1344 1010/1346
f 1825/279 1009/1348 1080/267
f 547/1350 1356/1349 900/1351
f 1632/1267 1366/1353 1930/22
f 1730/1355 1724/1354 1718/1356
f 1395/257 2079/1357 820/256
f 1478/218 1256/278 1258/229
f 1646/1359 1264/1358 1234/111
f 164/1361 1605/1360 1940/1362
f 1376/1320 1366/1353 1632/1267
f 2268/1364 1823/1363 1099/1365
f 1663/1269 547/1366 556/1367
f 1822/1371 1658/1368 1718/1370
f 20/31 963/29 739/1372
f 1538/1337 857/1329 1107/1373
f 1163/1374 1272/1182 1900/1180
f 2213/1375 2256/415 1355/416
f 1133/1376 1383/1306 1089/156
f 1089/156 1262/407 1527/521
f 688/1275 1949/1377 1492/1378
f 129/124 319/122 1663/259
f 1326/1379 1437/700 1155/666
f 1642/1381 1014/1380 1215/1083
f 63/1383 1718/1370 1658/1368
f 1044/1384 1624/1068 1430/1385
f 1391/1099 1284/1143 659/1144
f 953/1100 1284/1143 1391/1099
f 1020/1387 1038/1386 955/1388
f 2204/1390 2110/1389 1400/1391
f 1324/1395 87/1392 1332/1394
f 2092/374 2180/1396 1757/1397
f 1691/1399 1779/1398 1677/1400
f 1309/788 1101/160 1561/1401
f 2077/1403 1592/1402 1210/1404
f 1068/1405 1472/1183 857/1329
f 1758/1407 1079/1406 665/1408
f 432/851 208/854 1278/860
f 1523/1410 1100/1409 1013/1411
f 432/851 540/859 538/857
f 328/1412 1100/1409 1436/1413
f 2138/1415 1185/1414 92/1416
f 1206/862 1401/1417 917/1418
f 432/851 535/858 534/852
f 736/1419 571/1028 1979/1420
f 1608/270 1397/789 1247/838
f 1239/1345 1404/1421 1915/1422
f 372/877 208/854 532/855
f 1317/1423 1458/741 1946/1424
f 1239/1345 1407/1425 1404/1421
f 1392/1255 1482/1426 1009/1348
f 1255/709 773/485 855/1427
f 990/1430 45/1429 1329/1431
f 559/1433 45/1429 990/1430
f 632/1258 1798/1117 1374/1119
f 1024/1435 2132/247 2128/245
f 2137/1314 2151/65 1303/86
f 1416/244 1370/1266 1410/1265
f 739/1372 1366/1353 813/1321
f 1717/1437 1680/570 1213/569
f 143/359 225/383 503/358
f 450/841 1278/860 171/845
f 582/917 450/841 292/1200
f 450/841 293/938 292/1200
f 450/841 526/918 525/1438
f 525/1438 540/859 450/841
f 930/424 435/847 522/849
f 138/329 1327/261 1946/1424
f 2071/1440 1809/1439 1117/1441
f 142/1442 139/1118 586/1110
f 139/1118 142/1442 1219/1120
f 2026/874 543/866 516/875
f 198/1444 1136/1443 1923/1445
f 1565/1447 1771/1446 1833/1448
f 2089/1036 2087/1449 2082/1037
f 817/1451 2190/1450 1267/1452
f 1458/741 373/1453 1102/722
f 1744/1454 1592/1402 2197/1455
f 87/470 1324/1393 1221/1456
f 468/43 1156/1457 1188/908
f 613/1459 1290/1458 1175/1460
f 1018/1129 2110/1389 2204/1390
f 1877/1465 1012/1126 1296/1464
f 1253/1466 1844/110 1264/1358
f 2167/1468 1210/1404 1592/1402
f 2094/1470 1654/1469 1144/1471
f 1144/1471 2065/1472 2094/1470
f 1422/1339 1967/502 1874/504
f 1809/1439 2071/1440 92/1416
f 1836/109 1844/110 514/1474
f 2198/530 1955/536 1319/1280
f 355/929 647/951 512/1475
f 1210/1404 1548/1476 2077/1403
f 1479/1480 720/1477 1094/1479
f 555/1482 1195/1481 1264/1358
f 777/1485 168/1484 910/1486
f 1012/1126 825/1318 895/1487
f 1950/1489 1447/1488 664/1490
f 2030/893 1101/160 2222/739
f 424/161 1101/160 2030/893
f 2125/1493 2140/1492 649/1494
f 1160/1496 2009/1495 81/1497
f 1105/1027 571/1028 736/1419
f 1086/1057 1886/1058 1163/1374
f 121/1498 151/293 1416/294
f 871/707 945/1042 863/239
f 138/329 1946/1424 1458/741
f 1313/1288 1385/1289 1442/1499
f 1905/1270 2226/1271 1320/1500
f 1482/1426 1664/1501 650/1502
f 1718/1356 1727/1504 1822/1505
f 2039/505 707/984 511/844
f 511/844 171/845 2039/505
f 55/1506 68/137 2059/138
f 2036/1508 2021/1507 2172/1509
f 293/938 450/841 508/843
f 1940/1362 1605/1360 119/1511
f 510/842 450/841 171/845
f 127/757 1123/1512 1931/1513
f 1163/1374 1016/1514 1057/1515
f 2036/1508 2172/1509 1792/89
f 943/1517 1772/1516 1356/1349
f 1358/1518 1772/1516 943/1517
f 613/1520 1175/1462 1897/1519
f 1792/89 1770/215 2036/1508
f 1235/1522 1953/1521 801/1523
f 1341/1524 2201/817 1638/777
f 1844/110 1253/1466 2211/1525
f 1125/1526 1195/1481 1559/1527
f 1419/608 934/609 2245/179
f 1886/1058 1994/1056 1146/1528
f 117/240 871/707 863/239
f 1413/1529 1122/1047 1336/1048
f 1706/1531 746/1530 1055/1532
f 739/1372 58/132 20/31
f 2112/40 103/1533 22/1534
f 929/1538 1838/1535 1222/1537
f 1879/1540 1372/1539 2001/1290
f 1792/89 2172/1509 1297/88
f 1109/1543 167/1542 1343/1544
f 2199/602 2131/1054 1993/1053
f 2127/1546 1906/1545 2126/1547
f 110/1548 481/605 1388/1549
f 50/1550 773/485 1255/709
f 773/485 1293/1551 1325/486
f 1445/1552 1558/180 1590/1553
f 855/1427 773/485 1518/1554
f 2251/1555 1402/641 1441/1556
f 2260/607 177/1557 1441/1556
f 1071/1559 1956/1558 617/1560
f 87/470 1206/862 1528/289
f 2166/712 394/706 393/1561
f 1344/977 827/1325 1260/976
f 164/1361 1887/1562 1605/1360
f 1944/9 2066/448 2067/1563
f 803/1564 1718/1356 1724/1354
f 25/45 35/87 1297/88
f 533/1566 156/1565 1462/590
f 2144/1568 2148/1567 1676/1569
f 2245/179 995/1570 1415/181
f 1832/1572 1474/1571 936/1573
f 168/1484 328/1412 1436/1413
f 631/576 630/579 1854/572
f 1841/1578 853/1574 1607/1576
f 949/1580 1204/1579 1461/1581
f 659/1144 1130/1583 1788/1067
f 937/368 2194/1584 493/1585
f 2164/177 1802/1586 1289/81
f 2121/1588 745/1138 1024/1435
f 476/1591 1439/1590 1990/1592
f 1578/1594 1763/1593 1838/1595
f 810/1598 1334/1597 801/1523
f 1474/1571 1832/1572 1574/597
f 1543/1600 1687/1599 2116/1601
f 1298/134 392/704 388/1603
f 268/600 469/821 1183/497
f 1198/1181 1479/1478 497/1604
f 760/1206 1684/1605 1904/1207
f 1537/195 384/702 383/196
f 645/1606 2225/588 1153/292
f 915/1608 1914/1607 544/1609
f 1353/1610 1479/1478 1198/1181
f 1219/1120 1500/1611 2163/1612
f 1321/1614 1500/1611 1219/1120
f 1376/1320 1632/1267 556/1268
f 2126/1547 1901/1615 272/1616
f 1354/719 1570/1617 924/1618
f 495/1619 1330/493 1045/491
f 1507/1621 1973/1620 2127/1546
f 1297/88 1292/1177 2112/38
f 976/94 1100/1409 1306/174
f 1297/88 2112/38 25/45
f 1198/1181 1146/1528 2187/1622
f 2118/1624 1501/1623 119/1625
f 167/1542 1802/1586 1343/1544
f 961/1065 1215/1081 1014/1064
f 1057/1515 1411/1125 1177/1628
f 1623/1632 1575/1629 230/1631
f 1388/601 513/539 722/540
f 1659/1634 861/490 627/488
f 1949/1377 1866/1276 1916/1636
f 688/1275 1866/1276 1949/1377
f 2041/1638 805/1637 2051/1250
f 2179/1640 805/1637 2041/1638
f 981/674 365/679 363/675
f 1332/1641 1083/290 1330/493
f 1579/1645 2159/1643 1910/1231
f 734/699 741/1136 2069/631
f 777/1485 910/1486 2265/1647
f 616/343 362/341 360/1649
f 616/343 360/1649 359/344
f 1937/1651 823/1650 1814/1652
f 2181/549 2185/98 166/198
f 810/1598 656/1655 559/1656
f 1950/1489 925/1657 708/1658
f 1978/391 820/256 1542/1660
f 985/994 370/1077 496/651
f 1112/1662 1224/1661 1243/1663
f 1084/154 1098/1664 1571/1665
f 1192/1274 839/1666 1905/1270
f 1215/1081 961/1065 1373/1277
f 994/1017 1557/314 914/312
f 1348/1668 1413/1529 1336/1048
f 2012/1165 1315/1060 769/1061
f 1202/606 380/999 1456/637
f 314/1163 959/1025 947/452
f 1670/1670 901/1669 1992/1671
f 198/1444 901/1669 1136/1443
f 1346/1674 1227/1029 906/1673
f 1396/1676 1650/1675 1158/1677
f 1139/1680 1991/1679 1341/816
f 1132/1038 566/1220 1131/571
f 1972/1682 942/1681 2076/1683
f 1279/305 152/1684 31/431
f 1395/257 2233/1685 2195/1686
f 1519/1279 912/960 1287/958
f 1289/207 71/144 32/1688
f 1972/1682 979/1689 1505/1690
f 1824/1692 2168/1691 752/1693
f 1594/1696 1506/1695 1633/1697
f 509/790 210/1698 284/1699
f 2166/712 393/1561 354/764
f 17/791 1839/1700 210/1698
f 284/1699 210/1698 280/1132
f 284/1703 852/1701 1749/1702
f 1529/861 917/1418 1203/1705
f 186/1706 536/792 785/1041
f 210/1698 509/790 17/791
f 536/792 186/1706 17/791
f 186/1706 1328/1707 1176/1166
f 1416/294 1129/1708 1370/1264
f 1376/1320 813/1321 1366/1353
f 703/1710 1848/1709 2200/1711
f 186/1706 1176/1166 17/791
f 1090/1237 1390/1235 2184/1713
f 1303/86 34/80 33/209
f 1795/1715 823/1714 759/1716
f 17/791 408/1168 1444/1169
f 1444/1169 1839/1700 17/791
f 1242/1718 685/1717 873/1719
f 712/1167 1867/1720 1444/1169
f 712/1167 408/1168 17/791
f 945/1042 536/792 509/790
f 1328/1707 486/1090 1176/1166
f 1176/1166 486/1090 712/1167
f 2031/1722 1081/1721 2248/1723
f 1717/1437 1213/569 1913/1209
f 1068/1405 1942/1724 704/1725
f 2047/225 2193/1726 1929/827
f 832/1728 2200/1727 1875/1729
f 2228/1731 2173/1285 1491/1300
f 2157/1158 993/1733 1615/1734
f 1536/1310 1831/1218 827/1324
f 776/1191 733/1190 1754/655
f 53/568 352/649 351/800
f 2003/888 1634/55 1945/1735
f 1884/1736 611/1114 696/1737
f 1350/1194 1060/1738 1003/810
f 1526/1739 1112/1662 855/1427
f 1770/215 2045/1740 2036/1508
f 1079/1406 1758/1407 1826/1741
f 70/1059 776/1191 836/656
f 2211/1525 1821/1742 1189/1273
f 1939/1744 1764/1743 1420/1745
f 509/790 284/1699 546/1747
f 2109/1748 1633/1697 2157/1158
f 947/452 928/453 314/1163
f 950/1750 1039/1749 1789/1751
f 1884/1736 1899/560 1680/570
f 1737/1215 954/1752 950/1750
f 1760/731 1229/1232 791/1115
f 954/1752 1040/1753 1090/1237
f 1677/1400 941/1754 1691/1399
f 847/753 789/754 846/1755
f 1444/1169 1090/1237 1839/1700
f 210/1698 2184/1713 280/1132
f 1221/1456 843/1756 1220/106
f 1428/1758 1455/1757 2061/1759
f 954/1752 918/1760 950/1750
f 918/1760 1090/1237 1564/1761
f 1083/290 1332/1641 1528/289
f 944/1333 1017/959 328/1412
f 1513/1762 731/437 756/653
f 210/1698 1839/1700 2184/1713
f 985/994 174/624 898/898
f 1602/1764 1966/1763 1861/1131
f 1916/1636 1856/1192 1486/1193
f 1861/1131 280/1132 1390/1235
f 2184/1713 1839/1700 1090/1237
f 280/1132 2184/1713 1390/1235
f 1884/1736 1854/572 1899/560
f 684/1765 1615/1734 1452/1766
f 718/367 493/1585 780/438
f 1966/1767 894/878 21/1768
f 1999/1770 1725/1769 1602/1764
f 684/1765 1457/1771 911/1772
f 1861/1131 1390/1235 1999/1770
f 2229/1773 2012/1165 1384/1286
f 1999/1770 1602/1764 1861/1131
f 954/1752 1737/1215 1040/1753
f 553/1775 2206/1774 1618/1776
f 2051/1250 1280/1105 2041/1638
f 862/1778 1274/1777 882/489
f 3/1779 141/1112 470/1780
f 732/1781 470/1780 621/1782
f 1633/1697 2109/1748 1594/1696
f 1401/1417 1206/862 1225/253
f 683/1785 987/1784 2176/1786
f 1247/838 637/1788 1232/837
f 546/1747 284/1699 1749/1704
f 1150/1263 637/1788 1247/838
f 1339/1789 900/1351 1772/1516
f 931/1791 879/1790 2169/1792
f 109/96 37/93 36/396
f 1939/1794 1868/1793 1919/1795
f 670/1798 1939/1797 1919/1796
f 900/1351 1356/1349 1772/1516
f 2229/1773 1384/1286 750/555
f 1449/1800 339/1799 1380/1801
f 884/1803 1589/1802 339/1799
f 1150/1263 1247/838 1410/1265
f 1609/1805 1737/1212 687/1213
f 1939/1797 670/1798 558/1211
f 1919/1795 1868/1793 623/1806
f 1499/1808 1677/1400 1679/1809
f 670/1798 687/1213 558/1211
f 687/1213 1794/1810 1609/1805
f 1794/1810 687/1213 1919/1796
f 1016/1514 1163/1374 1296/1464
f 1919/1796 687/1213 670/1798
f 1904/1207 1920/1208 1093/1223
f 1868/1793 713/1813 623/1806
f 829/84 2249/1815 1674/1816
f 2109/1748 2157/1158 684/1765
f 623/1807 1794/1811 1919/1812
f 1809/1439 92/1416 982/1817
f 1757/1397 1735/83 829/84
f 1764/1743 1932/1818 1420/1745
f 1939/1821 1961/1820 2162/1822
f 829/84 1674/1816 1675/1823
f 1464/1825 1934/1322 1376/1320
f 2249/1815 1584/1826 758/1827
f 1869/1829 710/1828 1659/1634
f 875/769 694/594 1273/771
f 2117/1831 2035/1830 2244/1832
f 1214/1833 166/198 167/1627
f 1531/1835 1622/1834 1584/1826
f 2166/712 1328/1707 785/1041
f 1409/1124 1016/1514 1296/1464
f 976/94 1013/1411 1100/1409
f 1904/1207 1684/1605 1926/1116
f 1852/1836 911/1772 1596/1837
f 2049/1839 2134/1141 230/1631
f 1717/1437 1711/1840 1710/1841
f 1040/1753 1737/1215 1609/1804
f 874/1843 1661/1842 962/1844
f 1596/1837 1521/1291 1852/1836
f 1623/1632 230/1631 2134/1141
f 1296/1464 1012/1126 1409/1124
f 1359/1252 1023/1845 586/1110
f 1007/1848 1338/1847 1532/809
f 2162/751 1751/749 1939/1794
f 2248/1723 1081/1721 1575/1629
f 732/1781 1725/1769 931/1791
f 869/1849 2140/1492 1185/1414
f 1964/1850 3/1779 732/1781
f 1751/749 713/1813 1868/1793
f 498/188 1929/827 1696/187
f 1062/774 2253/274 329/1851
f 1868/1793 1939/1794 1751/749
f 2073/1852 736/1419 1979/1420
f 1003/810 1060/1738 1157/812
f 1717/1437 1913/1209 1885/1853
f 624/1854 623/1807 713/1814
f 758/1827 1666/1855 1667/1856
f 3/1779 1893/1857 850/1858
f 1642/1381 1042/1082 1044/1384
f 676/1863 10/1860 506/1862
f 558/1211 1789/1214 1939/1797
f 933/1864 854/662 349/627
f 1086/1057 1070/1287 1200/1865
f 2157/1158 1615/1734 684/1765
f 1420/1746 1932/1819 665/1408
f 1070/1287 1086/1057 1057/1515
f 3/1779 850/1858 141/1112
f 1609/1804 1999/1770 1040/1753
f 624/1854 683/1785 576/1866
f 624/1854 576/1866 1609/1804
f 894/878 1966/1767 849/1869
f 1420/1746 1961/1820 1939/1821
f 1152/41 1156/1457 468/43
f 623/1807 1609/1804 1794/1811
f 2109/1748 911/1772 1594/1696
f 2164/177 2171/1870 2216/1871
f 950/1750 1789/1751 1737/1215
f 1118/687 1448/1872 1383/1306
f 1746/1874 2275/1873 332/1875
f 1184/1877 878/1876 1179/1878
f 948/1881 1103/1880 713/1814
f 873/1719 1487/1882 1432/1883
f 713/1813 1751/749 948/747
f 1787/1885 2220/1884 1832/1572
f 1920/1208 1885/1853 1913/1209
f 1103/1880 987/1784 624/1854
f 624/1854 713/1814 1103/1880
f 1964/1850 856/1886 42/1887
f 2206/1774 553/1775 1111/1888
f 764/1233 761/575 631/576
f 42/1887 856/1886 1576/1889
f 1044/1384 1643/1890 1642/1381
f 1587/1892 2246/1891 2142/1893
f 2253/277 1604/1894 2090/1895
f 2176/1786 1103/1880 948/1881
f 856/1886 948/1881 892/748
f 1678/53 626/54 781/346
f 948/1881 856/1886 2176/1786
f 1959/1897 2176/1787 2169/1898
f 499/1899 1407/1425 1239/1345
f 1306/174 65/1900 39/95
f 42/1887 1893/1857 3/1779
f 2169/1792 879/1790 1609/1804
f 1964/1850 2169/1792 856/1886
f 53/568 772/234 1093/1223
f 1964/1850 42/1887 3/1779
f 1717/1437 1710/1841 1680/570
f 1675/1823 1769/1902 2006/1903
f 1893/1857 42/1887 1576/1889
f 879/1790 931/1791 1725/1769
f 879/1790 1725/1769 1999/1770
f 1674/1816 689/1905 1769/1902
f 1999/1770 1390/1235 1963/1236
f 1014/1064 1643/1189 1128/1906
f 689/1905 1674/1816 2249/1815
f 236/119 643/118 833/478
f 1766/834 880/1907 1962/1908
f 2169/1792 1964/1850 931/1791
f 1090/1237 1040/1753 1963/1236
f 1609/1804 879/1790 1999/1770
f 683/1867 1959/1897 576/1868
f 1609/1901 1959/1897 2169/1898
f 1609/1901 576/1868 1959/1897
f 1609/1804 623/1807 624/1854
f 2176/1787 1959/1897 683/1867
f 856/1886 2169/1792 2176/1786
f 624/1854 987/1784 683/1785
f 2090/1895 1604/1894 1169/1909
f 1039/1749 1758/1911 1764/1743
f 1842/85 874/1843 962/1844
f 1594/1696 1852/1836 84/1912
f 962/1844 1661/1842 66/1913
f 1999/1770 1963/1236 1040/1753
f 1531/1835 1584/1826 2249/1815
f 1764/1743 1789/1751 1039/1749
f 1090/1237 918/1760 954/1752
f 1993/1053 1699/1914 2199/602
f 872/1916 1567/1915 1540/1917
f 1386/1918 1170/526 1166/527
f 2145/178 2171/1870 2164/177
f 824/1919 1039/1749 1564/1761
f 736/1419 2073/1852 1159/1920
f 1939/1744 1789/1751 1764/1743
f 1317/1423 1367/1097 1358/1921
f 1867/1720 1976/1922 1564/1761
f 477/1924 1316/1923 1529/861
f 1564/1761 1090/1237 1444/1169
f 2119/1926 1855/1925 1739/1927
f 1766/834 849/835 621/1782
f 694/594 760/1206 768/593
f 1444/1169 1867/1720 1564/1761
f 872/1916 1540/1917 824/1928
f 872/1916 824/1928 1323/1929
f 1475/626 905/1930 933/1864
f 842/1931 2119/1926 899/1932
f 2107/1934 1628/1933 2091/1935
f 167/1627 551/143 1802/1587
f 1306/174 1100/1409 912/960
f 872/1916 1323/1929 1567/1915
f 768/593 1904/1207 1093/1223
f 849/835 1602/1764 621/1782
f 1764/1743 1758/1911 1932/1818
f 64/1316 2009/1495 825/1318
f 1011/1938 1214/1937 167/1542
f 1567/1915 1826/1741 1540/1917
f 1885/1853 1711/1840 1717/1437
f 1680/570 1710/1841 1884/1736
f 1758/1407 665/1408 1932/1819
f 1526/1739 1518/1554 539/1939
f 1540/1917 1826/1741 1758/1407
f 2210/1135 1280/1105 2149/1106
f 428/765 1957/766 875/769
f 621/1782 1602/1764 1725/1769
f 3/1779 470/1780 732/1781
f 1719/57 1634/55 1506/1695
f 935/661 928/453 336/621
f 1407/1425 641/1338 1422/1339
f 843/1756 1221/1456 1324/1393
f 1685/1940 854/662 905/1930
f 1966/1763 1602/1764 849/835
f 1324/1393 1523/1410 843/1756
f 985/994 451/995 370/1077
f 902/1942 489/1941 484/1943
f 1600/1945 1451/1944 1607/1946
f 79/1026 1941/460 947/452
f 1977/1949 2120/515 2133/516
f 1758/1911 1039/1749 824/1919
f 2178/1950 1976/1922 79/1026
f 1274/1777 627/488 882/489
f 1328/1707 2166/712 486/1090
f 40/1952 97/200 1638/201
f 1867/1720 712/1167 521/1953
f 167/1627 2158/142 551/143
f 2127/1546 2126/1547 1507/1621
f 1344/1109 1142/1954 1359/1252
f 2064/1955 1587/1892 226/1956
f 1342/287 1519/1279 1319/1280
f 1380/1801 1960/1957 1477/1958
f 912/960 1519/1279 1342/287
f 633/1959 817/1451 1267/1452
f 303/288 1342/287 1955/536
f 486/1090 521/1953 712/1167
f 1638/201 61/447 40/1952
f 521/1953 486/1090 1941/460
f 79/1026 521/1953 1941/460
f 1323/1936 824/1919 2178/1950
f 285/1961 1351/1960 908/1962
f 2021/1507 2078/1963 1577/1178
f 285/1961 1742/1965 1238/1966
f 1351/1960 285/1961 1349/1967
f 2119/1926 842/1931 1855/1925
f 1976/1922 521/1953 79/1026
f 521/1953 1976/1922 1867/1720
f 717/366 718/367 780/438
f 1976/1922 2178/1950 1564/1761
f 696/1737 1854/572 1884/1736
f 1272/1182 1163/1374 1146/1528
f 1740/1969 1694/1968 1477/1958
f 889/730 1760/731 877/654
f 1038/1386 1037/1176 955/1388
f 1644/1973 1567/1970 1092/1972
f 1261/563 927/1974 1132/1038
f 1706/1531 1055/1532 1274/1951
f 492/831 868/429 324/580
f 1848/1977 693/1975 1774/1976
f 1387/1978 1380/1801 1477/1958
f 1540/1917 1758/1407 824/1928
f 2119/1926 1380/1801 1522/1979
f 1152/41 43/103 41/1328
f 1092/1972 1567/1970 1323/1936
f 1742/1965 1708/1980 1573/1981
f 1644/1971 905/647 149/737
f 149/737 1567/1915 1644/1971
f 733/1190 70/1059 1315/1060
f 1323/1936 2178/1950 1092/1972
f 1310/330 1393/15 1096/566
f 1436/1413 1324/1393 168/1484
f 1159/1920 1835/402 1483/1049
f 1622/1834 1744/1454 2197/1455
f 98/204 377/695 620/696
f 1842/85 962/1844 1531/1835
f 911/1772 1852/1836 1594/1696
f 70/1059 836/656 760/1206
f 2212/1982 1666/1855 2197/1455
f 1666/1855 2212/1982 2220/1884
f 1131/571 321/565 320/705
f 343/632 905/647 1475/633
f 1096/566 864/1983 1310/330
f 769/1061 760/1206 926/1066
f 2156/545 2203/546 1980/1984
f 144/1985 1506/1695 1634/55
f 1484/1986 1661/1842 874/1843
f 1625/211 2112/40 2137/1314
f 2223/1987 1619/1297 1271/1988
f 1685/1940 905/1930 1644/1973
f 1857/1990 2154/1989 2203/546
f 836/656 776/1191 1754/655
f 1847/1991 104/1202 894/879
f 1092/1972 1685/1940 1644/1973
f 79/1026 1685/1940 1092/1972
f 2003/888 1572/1205 144/1985
f 1645/1993 144/1985 1547/1994
f 1564/1761 1039/1749 950/1750
f 1026/836 1847/1991 894/879
f 1564/1761 2178/1950 824/1919
f 66/1913 1695/1995 1692/1996
f 997/596 410/1997 1517/1998
f 964/67 1261/563 316/564
f 1692/1996 2029/1103 66/1913
f 1518/1554 1094/1999 539/1939
f 223/107 1220/106 976/94
f 1151/2000 1492/1378 1804/2001
f 1227/1029 1105/1027 530/2002
f 1842/85 1484/1986 874/1843
f 1633/1697 144/1985 1645/1993
f 1130/1583 659/1144 232/1142
f 66/1913 1661/1842 2098/2003
f 1671/2005 1304/2004 1660/2006
f 1506/1695 144/1985 1633/1697
f 1566/1079 1649/2007 2233/1685
f 1804/2001 1514/2009 1006/2010
f 1115/2012 968/2011 1304/2004
f 1949/1377 1514/2009 1804/2001
f 1916/1636 1423/2013 1514/2009
f 1736/2014 1351/1960 1349/1967
f 1514/2009 1949/1377 1916/1636
f 1708/1980 1742/1965 1522/1979
f 186/1706 785/1041 1328/1707
f 1238/1966 1349/1967 285/1961
f 1056/70 1020/1387 671/2015
f 1146/1528 1198/1181 1272/1182
f 852/1130 284/1699 280/1132
f 765/670 1394/2016 1315/1060
f 798/2017 1214/1833 2135/2018
f 708/1658 925/1657 1049/433
f 708/1658 1399/2019 2130/2020
f 918/1760 1564/1761 950/1750
f 1068/1405 1254/1330 1942/1724
f 1304/2004 1671/2005 1115/2012
f 1660/2006 1681/2023 1573/1981
f 2052/32 1641/2024 1312/34
f 1660/2006 1304/2004 1681/2023
f 170/2025 310/1201 1286/2026
f 1695/1995 66/1913 2098/2003
f 1581/2027 1879/1540 1972/1682
f 1967/502 313/557 312/503
f 1275/2029 635/2028 1845/2030
f 148/468 1291/1304 1548/1476
f 1842/85 1735/83 1484/1986
f 1884/1736 1926/1116 611/1114
f 1068/1405 704/1725 1472/1183
f 1688/1296 1813/2031 1630/2032
f 1757/1397 1865/2033 2092/374
f 720/2034 1479/1478 1353/1610
f 1843/2035 1547/1994 1572/1205
f 1574/597 2220/1884 2212/1982
f 2267/2036 1746/1874 332/1875
f 733/1190 1601/2037 1754/655
f 2073/1852 1979/1420 831/2038
f 1645/1993 1989/2039 1633/1697
f 571/1028 1363/2040 969/2042
f 969/2042 1979/1420 571/1028
f 1966/1767 589/2043 852/2044
f 1661/1842 1484/1986 2098/2003
f 1108/2047 1001/1303 1041/469
f 504/147 2218/146 492/833
f 2158/142 96/199 46/1210
f 1695/1995 2098/2003 1484/1986
f 1231/2048 1547/1994 1843/2035
f 1524/2049 170/2025 1286/2026
f 1499/1808 170/2025 1524/2049
f 1330/493 910/1486 168/1484
f 1403/2053 992/2052 1187/2054
f 1989/2039 1645/1993 1547/1994
f 928/453 935/661 314/1163
f 908/1962 1082/2057 1377/2058
f 2167/1468 1531/1835 2029/1103
f 2205/544 2168/1691 1824/1692
f 666/2059 1348/1668 1336/1048
f 1589/1802 483/2061 339/1799
f 30/2065 1749/2062 589/2064
f 339/1799 1708/1980 1522/1979
f 1203/1705 1401/1417 813/1321
f 1708/1980 483/2061 1573/1981
f 987/1784 1103/1880 2176/1786
f 2181/549 166/198 798/2017
f 911/1772 1457/1771 2115/2067
f 1271/1988 669/2068 2057/2069
f 901/2070 1246/46 1991/219
f 1345/2072 83/2071 1142/1954
f 1759/2077 1950/2073 2124/2075
f 2203/546 2154/1989 2232/2078
f 1500/1611 83/2071 1345/2072
f 650/528 1129/1708 1416/294
f 177/1557 1419/608 2245/179
f 475/2079 1439/1590 476/1591
f 1375/2080 1439/1590 475/2079
f 406/2081 1893/1859 1576/1904
f 1749/1704 30/2063 782/1203
f 1576/1904 1715/2082 406/2081
f 306/553 309/556 2181/549
f 1292/1177 1577/1178 2072/364
f 1449/1800 1380/1801 1387/1978
f 1292/1177 2082/1037 774/2083
f 2072/364 2082/1037 1292/1177
f 2106/2085 1294/2084 1670/1670
f 2072/364 660/2086 2089/1036
f 850/2087 406/2081 1869/1829
f 2082/1037 2087/1449 774/2083
f 836/656 1684/1605 760/1206
f 1245/2088 1192/1667 1595/2089
f 1247/838 1119/170 1126/237
f 588/127 739/1372 1371/1342
f 2072/364 1577/1178 2078/1963
f 21/2090 30/2065 589/2064
f 589/2043 1966/1767 21/1768
f 472/2091 1125/1526 1300/2092
f 1312/34 661/363 2045/1740
f 2045/1740 661/363 2078/1963
f 26/2093 1991/1679 1139/1680
f 1349/1967 1238/1966 1736/2014
f 1992/1671 1991/1679 26/2093
f 765/670 1965/668 1394/2016
f 1414/2095 972/2094 1412/2096
f 2078/1963 2036/1508 2045/1740
f 771/79 1485/2097 2017/2098
f 651/316 1783/2099 1747/2100
f 782/1203 863/239 1749/1704
f 2125/1493 2145/178 663/2101
f 104/1202 782/1203 30/2063
f 1640/2102 661/363 1312/34
f 1175/1462 1290/1461 1640/2102
f 1449/1800 1387/1978 884/1803
f 1449/1800 884/1803 339/1799
f 1254/1330 1068/1405 857/1329
f 1640/2102 1312/34 1641/2024
f 1897/1519 1175/1462 1641/2024
f 1263/2103 1188/908 1156/1457
f 110/1070 1207/2104 958/583
f 1451/1947 1593/2105 1841/1578
f 1007/780 1752/778 1338/2106
f 1251/2108 792/2107 2088/2109
f 1659/1111 141/1112 850/1858
f 1685/1940 79/1026 158/1164
f 635/2028 1275/2029 495/1619
f 1926/1116 1711/1840 1904/1207
f 2025/320 2208/2111 888/2112
f 693/2113 1848/1709 703/1710
f 844/456 2229/1773 750/555
f 1441/1556 1402/641 2278/642
f 2022/58 2024/59 2186/2114
f 1971/587 1283/499 1178/547
f 1425/2116 803/2115 837/2117
f 1178/547 2198/530 1971/587
f 198/1444 1495/1039 2270/2118
f 1255/663 541/664 2122/2119
f 684/1765 911/1772 2109/1748
f 1221/1456 1580/465 87/470
f 2097/2121 2174/2120 828/2122
f 409/255 820/256 1978/391
f 1824/1692 1857/1990 2205/544
f 1677/1400 1834/2124 1555/2125
f 1847/1991 746/1530 1706/1531
f 2043/2126 2244/1832 2202/2127
f 1978/393 822/392 634/2128
f 719/2130 1720/2129 1721/2131
f 770/2135 1426/2132 1741/2134
f 1435/2136 1763/1593 1669/2137
f 2029/1103 1531/1835 962/1844
f 1077/1086 1541/1087 1978/391
f 104/1992 21/1768 894/878
f 1435/2136 1669/2137 1406/2139
f 1026/836 746/1530 1847/1991
f 2272/1204 104/1202 1847/1991
f 2272/1204 1847/1991 1965/2140
f 2241/2141 1446/1299 1619/1297
f 1342/287 1319/1280 1955/536
f 1099/1365 1325/484 2268/1364
f 1426/2132 1618/1776 1741/2134
f 2061/2144 1975/2143 1552/2145
f 912/960 1100/1409 1017/959
f 1803/2149 1876/2146 2196/2147
f 1156/1457 1571/1665 1263/2103
f 1571/1665 1098/1664 1263/2103
f 1188/905 1530/946 468/44
f 998/2152 754/2151 677/2153
f 724/2154 998/2152 677/2153
f 737/2155 724/2154 677/2153
f 677/2153 1005/2156 737/2155
f 1156/1457 1152/41 1084/154
f 1398/2157 782/1203 2272/1204
f 1188/905 1585/906 943/945
f 650/528 298/410 296/2158
f 1166/527 295/525 294/703
f 1669/2137 1763/1593 1578/1594
f 1166/527 1497/1044 1386/1918
f 1116/1195 973/2160 1060/1738
f 1582/10 1282/1035 2022/220
f 1060/1738 1350/1194 1116/1195
f 973/2160 1439/1590 1060/1738
f 1473/1256 1664/1501 1482/1426
f 1760/731 743/829 734/699
f 281/498 1283/499 1874/504
f 1822/1505 1727/1504 1819/2162
f 2122/2119 1547/1994 1231/2048
f 455/2165 617/1560 1833/1448
f 1276/1152 656/1655 638/2166
f 1133/1376 1527/521 1118/687
f 650/1502 1080/267 1482/1426
f 734/699 1229/1232 1760/731
f 474/139 1775/2167 2059/138
f 1371/1342 739/1372 813/1321
f 653/2169 1406/2139 1669/2137
f 650/528 1664/1503 1129/1708
f 1669/2137 800/2170 653/2169
f 1983/2171 629/115 845/2172
f 1098/2150 1585/906 1263/907
f 689/1905 758/1827 1667/1856
f 1769/1902 1675/1823 1674/1816
f 1769/1902 689/1905 1667/1856
f 980/2173 1769/1902 1667/1856
f 2066/448 2186/212 474/139
f 980/2173 1667/1856 1784/2174
f 1126/237 274/476 51/238
f 2153/64 2112/40 2080/2175
f 653/2169 455/2165 1833/1448
f 979/1689 1972/1682 2076/1683
f 946/1113 1659/1111 627/1635
f 1493/2177 2152/2176 884/1803
f 1318/2178 1287/958 1017/959
f 2264/2180 2250/2179 2251/1555
f 1482/1426 1080/267 1009/1348
f 1238/1966 1782/2181 1736/2014
f 468/44 1530/946 319/125
f 852/1701 589/2045 1749/1702
f 1069/2182 1367/1097 885/2183
f 1398/2157 2272/1204 767/669
f 1069/2182 885/2183 883/2184
f 1377/2058 899/1932 2119/1926
f 1958/2187 706/2185 1928/2186
f 590/2191 1426/2188 1738/2190
f 539/1939 991/2192 1087/2193
f 908/1962 1377/2058 285/1961
f 991/2192 539/1939 1353/1610
f 943/945 1530/946 1188/905
f 1058/2197 1815/2194 153/2196
f 1380/1801 1739/1927 1960/1957
f 1739/1927 1380/1801 2119/1926
f 1392/1255 1009/1348 1089/156
f 1653/1257 2165/2198 1496/2199
f 1698/1104 2167/1468 2029/1103
f 631/576 1854/572 696/1737
f 1074/2200 1187/1185 992/2055
f 1844/110 80/2201 514/1474
f 816/2203 1875/2202 2200/1730
f 1552/2145 1989/1157 1547/2056
f 1850/2205 1431/2204 590/2189
f 2214/2208 1859/2206 816/2207
f 1844/110 2210/1135 80/2201
f 819/2210 779/2209 1694/1968
f 1400/2211 800/2170 1669/2137
f 1552/2145 1975/2143 1982/1159
f 1739/1927 1936/2213 1960/1957
f 2255/2214 1646/1359 1234/111
f 1234/111 1791/1046 2255/2214
f 1738/2190 1113/2215 590/2191
f 1084/154 1571/1665 1156/1457
f 1830/2218 735/2216 1550/2217
f 1484/1986 1115/2012 1695/1995
f 2143/2221 1997/2220 1995/2222
f 1547/1994 144/1985 1572/1205
f 759/1716 832/1728 2188/2223
f 1726/2226 1790/2224 2143/2221
f 1073/475 727/1032 1591/2227
f 1320/1500 1233/2229 1450/2230
f 1722/2232 1554/1243 1797/1244
f 1316/1923 1002/811 1114/2234
f 1740/1969 957/2235 1935/2236
f 1233/2229 2258/2237 2268/2238
f 488/2239 45/1429 515/2240
f 1593/552 1451/1944 1600/1945
f 1385/1289 1070/1287 1057/1515
f 1990/483 973/2242 1518/1554
f 1518/1554 2009/1495 1094/1999
f 2009/1495 1518/1554 973/2242
f 729/2244 929/1538 1222/1537
f 992/2052 1134/2245 1074/1283
f 475/2079 1812/2246 1063/2247
f 1099/2142 122/2248 1815/2194
f 944/2249 2258/2237 1010/1346
f 1552/2145 1547/2056 2122/2164
f 1837/2250 1294/2084 887/1021
f 727/2228 1806/2251 1579/1644
f 1157/812 1520/2252 1375/2080
f 410/1997 1291/1304 993/1305
f 883/2184 1327/261 1386/2253
f 1111/1888 1814/2254 823/1653
f 475/2079 1063/2247 1375/2080
f 2272/1204 1965/2140 767/669
f 767/671 2229/1773 844/456
f 1845/2030 1099/1365 1823/1363
f 1341/816 1991/1679 1647/164
f 1009/1348 1208/50 1089/156
f 889/730 1754/655 780/438
f 1757/1397 1675/1823 2006/1903
f 1650/1678 1074/1283 1134/2245
f 779/2209 819/2210 795/2255
f 814/2257 1985/2256 779/2209
f 972/2094 1414/2095 1664/1503
f 1060/1738 1439/1590 1520/2252
f 816/2207 1848/1977 2214/2208
f 1394/2016 1974/2259 756/653
f 2271/2263 2008/2260 2236/2262
f 1772/1516 1358/1518 1364/1075
f 1528/289 1332/1641 87/470
f 1711/1840 1885/1853 1904/1207
f 1735/83 1757/1397 2180/1396
f 1208/50 1009/1348 1825/279
f 1089/156 1208/50 1262/407
f 1927/2265 2163/1612 2170/978
f 1635/2266 938/1228 757/2267
f 2170/978 2163/1612 1345/2072
f 1446/1299 1361/2269 1598/1298
f 1874/504 282/501 281/498
f 1925/2270 706/2185 2174/2271
f 993/1305 1001/1303 999/2273
f 850/2087 1869/1829 1659/1634
f 1874/504 1971/587 1915/1422
f 1915/1422 1971/587 2198/530
f 1437/700 1326/1379 1059/2274
f 279/487 644/494 1947/482
f 1541/1087 472/2091 409/255
f 1516/2277 472/2091 1052/2276
f 1052/2276 1300/2092 1154/1019
f 1318/2279 944/2249 2231/2278
f 1052/2276 2093/2280 2095/2281
f 1881/2283 1533/2282 1599/598
f 1108/2047 1041/469 1778/467
f 1998/222 1863/2284 1509/826
f 1104/2286 2088/2285 1469/303
f 2226/1271 652/2287 499/2288
f 1517/1998 410/1997 993/1305
f 2268/2238 2258/2237 2252/2289
f 1291/1304 1041/469 1001/1303
f 1041/469 1291/1304 148/468
f 1925/2270 1928/2186 706/2185
f 1927/2265 1843/2035 1572/1205
f 2198/530 2231/1278 1915/1422
f 1778/467 1732/2291 1108/2047
f 1778/467 1956/1558 1732/2291
f 644/494 277/495 276/477
f 1071/1559 1108/2047 1732/2291
f 2166/712 785/1041 871/707
f 820/256 1121/2293 1542/1660
f 1071/1559 1732/2291 1956/1558
f 617/1560 1400/2211 1071/1559
f 1657/2295 1108/2046 1071/2292
f 719/2130 2040/2296 553/1775
f 2072/364 2078/1963 661/363
f 1292/1177 2080/2297 2112/38
f 771/79 2081/2298 1485/2097
f 2017/63 2145/178 2151/65
f 1384/1286 2012/1165 769/1061
f 2191/2300 2053/47 2270/48
f 1592/1402 1465/2301 2167/1468
f 1292/1177 774/2083 2080/2297
f 765/670 2229/1773 767/671
f 2170/978 1231/2048 1843/2035
f 1927/2265 2170/978 1843/2035
f 1924/365 1640/2102 1290/1461
f 305/543 1178/547 1283/499
f 1767/2303 2224/2302 1115/2012
f 1115/2012 1484/1986 1767/2303
f 184/1011 1562/1012 1616/2304
f 841/2305 832/1728 1875/1729
f 2125/1493 663/2101 2102/2306
f 661/363 1640/2102 1924/365
f 2053/2307 2191/2299 613/1459
f 1485/2097 660/2086 1468/2308
f 844/456 1398/2309 767/671
f 617/1560 1565/1447 1833/1448
f 1126/237 1119/170 274/476
f 2052/32 2053/60 1897/1519
f 610/2311 787/2310 503/2312
f 985/994 496/651 2250/2179
f 1001/2315 1762/2314 1704/2316
f 924/1618 1734/2318 1169/2319
f 406/2081 1715/2082 2056/2320
f 2081/2298 771/79 774/2083
f 1718/1356 63/1382 1435/2136
f 774/2083 2087/1449 2081/2298
f 2102/2306 1672/2321 1554/1243
f 844/456 749/554 1463/455
f 1884/1736 1710/1841 1926/1116
f 1548/1476 1291/1304 410/1997
f 1218/2322 1672/2321 2102/2306
f 847/753 1384/1286 67/1253
f 772/234 53/568 811/233
f 1361/2269 1690/2323 2274/2324
f 816/2203 729/2243 1875/2202
f 1368/2327 1756/2326 1072/372
f 2077/1403 2212/1982 2197/1455
f 1722/2232 2102/2306 1554/1243
f 1159/1920 1483/1049 736/1419
f 2145/178 766/2329 663/2101
f 330/599 1183/497 1266/397
f 628/2331 1756/2326 1368/2327
f 621/1782 1725/1769 732/1781
f 2092/374 2262/2333 2180/1396
f 817/1451 969/2042 634/2128
f 2092/371 1759/2074 2262/2334
f 1015/149 1034/2336 1043/150
f 1015/149 1417/148 1048/386
f 1381/2337 1631/52 853/2338
f 1336/2060 1443/2340 815/2341
f 1409/1124 1411/1125 1057/1515
f 1598/1298 2274/2324 1271/1988
f 1066/387 891/2342 1048/386
f 1180/2343 1953/1521 1235/1522
f 1016/1514 1409/1124 1057/1515
f 1346/1672 1165/2344 1180/2343
f 1165/2344 1953/1521 1180/2343
f 2221/2346 726/2345 1777/2347
f 1519/1279 1318/2178 2231/1278
f 1344/977 2070/1107 2051/1250
f 1435/2136 1406/2139 1718/1356
f 2255/2214 1690/2323 1361/2269
f 810/1598 801/1523 1953/1521
f 810/1598 1953/1521 638/2166
f 1072/372 1759/2074 2092/371
f 423/72 1181/2348 1137/2349
f 1311/1308 1137/2349 1110/1307
f 638/2166 656/1655 810/1598
f 1287/958 1318/2178 1519/1279
f 1204/1309 723/473 1311/1308
f 2255/2214 1446/1299 2096/2350
f 2146/2352 1421/2351 1143/2353
f 1990/483 1518/1554 773/485
f 1019/2354 2180/1396 2262/2333
f 2096/2350 2270/2118 501/2356
f 1381/2337 1783/2099 1631/52
f 989/2357 922/1088 1334/1597
f 1099/1365 495/1619 2269/2358
f 1346/1672 1180/2343 1227/1030
f 1137/2349 1181/2348 1110/1307
f 1320/1500 499/2288 1010/1346
f 1361/2269 1446/1299 2255/2214
f 1749/1704 945/1042 546/1747
f 571/2041 1227/1030 1235/1522
f 1137/2349 890/2359 423/72
f 2054/2360 837/2117 803/2115
f 2061/1759 1489/2361 2033/2362
f 1407/1425 499/1899 641/1338
f 641/1341 499/2288 652/2287
f 2180/1396 1019/2354 214/2364
f 142/1442 1321/1614 1219/1120
f 1874/504 2217/2366 1422/1339
f 934/609 995/1570 2245/179
f 1001/2315 1108/2046 1762/2314
f 890/2359 1137/2349 888/2112
f 1010/1346 2231/2278 944/2249
f 1010/1346 499/2288 1239/1347
f 1591/2227 1818/2367 1073/475
f 1701/2369 332/1875 518/2370
f 1548/1476 1210/1404 1433/2371
f 851/1229 605/380 1747/2100
f 423/72 890/2359 2243/71
f 2243/71 2208/2111 1038/1386
f 478/2373 1568/2372 1565/1447
f 1227/1029 530/2002 906/1673
f 1413/1529 530/2002 1105/1027
f 815/2341 473/2374 666/2375
f 805/1249 1536/1310 584/1251
f 1904/1207 1885/1853 1920/1208
f 823/1650 1937/1651 759/2376
f 1023/2378 1321/2377 142/2365
f 1990/1592 1325/484 1815/2379
f 641/1341 815/2341 1443/2340
f 705/2381 1110/1307 1181/2348
f 1203/1705 477/1924 1529/861
f 1325/484 1450/2382 2268/1364
f 1069/2182 1232/839 1378/2383
f 1074/1283 2165/157 821/158
f 1826/1741 149/737 1454/681
f 1330/1642 1324/1395 1332/1394
f 2007/2385 1453/2384 1942/2386
f 1557/913 983/191 19/192
f 628/2331 1759/2074 1756/2326
f 1059/2274 1326/1379 592/2388
f 973/2160 1408/2390 1405/1332
f 1771/1446 920/2391 1817/2392
f 2134/1141 1878/1140 1623/1632
f 478/2373 1698/1104 1568/2372
f 467/263 1327/261 138/329
f 1252/1334 2252/2289 2258/2237
f 2004/2393 1408/2390 1148/1073
f 2056/2320 2207/2394 406/2081
f 973/2160 1148/1073 1408/2390
f 1358/1921 1585/906 1317/1423
f 1771/1446 1817/2392 653/2169
f 1327/265 1170/526 1386/1918
f 1089/156 1653/1254 1392/1255
f 1990/1592 1815/2379 476/1591
f 2152/2176 1471/2395 1817/2392
f 1002/2397 1316/2233 1203/2396
f 1730/1355 653/2169 1817/2392
f 1439/1590 973/2160 1990/1592
f 862/1778 1706/2398 1274/1777
f 473/2374 641/1341 652/2287
f 2226/1271 499/2288 1320/1500
f 711/2400 585/2399 692/2401
f 2152/2176 2054/2402 1471/2395
f 1730/1355 1817/2392 1471/2395
f 2020/2404 913/2403 1029/436
f 1455/1757 1489/2361 2061/1759
f 2151/65 2145/178 1289/81
f 2269/2405 156/1565 122/2248
f 2152/2176 1817/2392 920/2391
f 636/2407 915/1608 1182/2408
f 854/662 933/1864 905/1930
f 1232/839 1069/2182 1386/2253
f 789/754 926/1066 694/594
f 1010/1346 1233/2229 1320/1500
f 260/2409 239/517 1525/2410
f 1821/1742 1253/1466 488/2412
f 488/2412 515/2241 1821/1742
f 1496/2199 1498/2414 1653/1257
f 803/1564 1724/1354 2054/2402
f 2149/1106 632/1260 1295/1134
f 690/1245 2255/2214 1791/1046
f 1635/2266 919/2415 792/2416
f 1227/1030 1180/2343 1235/1522
f 653/2169 800/2170 455/2165
f 1161/2418 23/2417 1726/2226
f 922/1088 472/2091 1541/1087
f 1167/102 54/123 52/1246
f 1120/787 1542/390 1121/2294
f 1801/242 913/241 1135/2420
f 1329/1431 488/2239 1195/1483
f 638/2166 1285/1154 1276/1152
f 1435/2136 63/1382 1763/1593
f 2204/1390 1669/2212 1340/2421
f 551/143 1289/207 1802/1587
f 2268/1364 1450/2382 1233/2231
f 2122/2164 2061/2144 1552/2145
f 1231/2048 1255/663 2122/2119
f 968/2011 1115/2012 2224/2302
f 699/2423 1031/2422 960/717
f 1320/1500 1189/1273 1905/1270
f 1195/1481 922/1088 1329/1432
f 1711/1840 1926/1116 1710/1841
f 1280/1105 2211/1525 1189/1273
f 165/2424 2122/2119 541/664
f 924/1618 1570/1617 1734/2318
f 912/960 1342/287 1306/174
f 1556/183 2030/892 2222/1491
f 2170/711 1260/976 5/710
f 1189/1273 656/1655 1276/1152
f 1189/1273 1276/1152 1192/1274
f 2170/978 1345/2072 1344/1109
f 1127/202 2106/2085 1139/1680
f 63/1383 1658/1368 729/2244
f 1726/2226 1656/2426 1161/2418
f 518/2370 527/2427 1467/2429
f 1189/1273 1320/1500 1450/2230
f 1477/1958 1960/1957 728/2430
f 2143/2221 1809/1439 982/1817
f 1237/2431 1607/1948 62/2432
f 1234/111 1264/1358 1844/110
f 983/2433 994/1017 1007/1091
f 2239/735 977/2434 506/2436
f 1218/2322 2274/2324 1672/2321
f 1497/1045 1232/839 1386/2253
f 250/226 2047/225 1929/827
f 1790/2224 1610/2437 676/1861
f 1091/2439 727/2228 2084/1033
f 1218/2322 2102/2306 673/2440
f 1722/2232 1797/1244 982/1817
f 1733/2441 1995/2222 1997/2220
f 711/2400 692/2401 1827/2442
f 23/2419 1790/2438 1726/2225
f 676/1861 1117/1441 1790/2224
f 2061/1759 2013/2443 1428/1758
f 2161/2444 1340/2421 1669/2212
f 1795/1715 2206/2445 823/1714
f 1466/1311 938/2268 988/1227
f 1878/1140 2121/1588 1623/1632
f 1120/787 1121/2294 1478/218
f 1809/1439 2143/2221 1790/2224
f 2146/2352 940/2448 1421/2351
f 83/2449 1321/2377 1023/2378
f 2061/1759 2122/2119 2013/2443
f 515/2241 656/1655 1821/1742
f 559/1656 989/2357 810/1598
f 1563/2451 835/2450 2050/2452
f 1690/2323 690/1245 1554/1243
f 1942/2386 1254/2022 1705/2453
f 1942/2387 2004/2454 1358/1921
f 690/1245 1690/2323 2255/2214
f 1117/2455 676/1863 506/1862
f 1472/1183 163/1184 895/1487
f 1501/1626 984/2456 1940/1362
f 1706/2398 1513/1762 1974/2259
f 1866/1276 1856/1192 1916/1636
f 2146/2352 932/472 940/2448
f 846/1755 789/754 875/769
f 2033/2362 1489/2361 1352/2458
f 1388/601 481/604 1308/538
f 1500/1611 1321/1614 83/2071
f 1313/2462 604/2460 1209/2461
f 477/1924 1203/1705 1316/1923
f 1896/2463 1693/1294 904/2464
f 1454/681 1382/2466 1826/1741
f 1297/1179 2172/1541 1577/1964
f 1864/2467 164/1361 1940/1362
f 2059/138 106/2468 55/1506
f 1477/1958 957/2235 1740/1969
f 2170/978 1255/663 1231/2048
f 728/2430 957/2235 1477/1958
f 958/583 1862/667 110/1070
f 1880/2470 1892/2469 1901/1615
f 1200/1865 1197/2471 1654/1469
f 539/2472 1094/1479 720/1477
f 2167/1468 1465/2301 1531/1835
f 2167/1468 1433/2371 1210/1404
f 1448/1872 2173/1282 821/158
f 1220/106 1580/465 1221/1456
f 723/2474 657/2473 1143/2475
f 949/1580 657/2473 723/2474
f 1714/2476 1887/1562 1938/2477
f 1906/1545 1880/2470 2126/1547
f 921/814 1459/2478 1454/681
f 1401/2066 1371/1343 813/2168
f 349/627 1475/626 933/1864
f 1589/1802 920/2391 1568/2372
f 1453/2384 2016/1095 1761/1098
f 2266/2480 2028/2479 1702/619
f 2200/1711 1848/1709 816/2258
f 1134/2245 992/2052 1378/2481
f 697/2482 523/955 2123/2483
f 839/2484 1192/1667 1245/2088
f 1433/2371 1565/1447 617/1560
f 1917/2485 1670/1670 1294/2084
f 1164/1153 881/2486 1276/1152
f 1192/1274 1276/1152 903/2487
f 1892/2489 1605/1360 1714/2476
f 1595/2089 903/2488 906/1673
f 507/2494 1551/2490 1532/2492
f 2025/320 1311/1308 1703/319
f 731/437 1513/1762 862/1778
f 1707/2496 1892/2489 1714/2476
f 2162/1822 1954/1230 2159/1643
f 62/2498 1607/781 1007/780
f 1707/2495 272/1616 1901/1615
f 1454/681 1606/2499 1382/2466
f 739/1372 588/127 58/132
f 1938/2477 1887/1562 1859/2206
f 1795/1715 2188/2223 1819/2163
f 1425/2116 1925/2270 2174/2271
f 2275/1873 518/2370 332/1875
f 472/376 1516/2275 1395/377
f 1707/2496 1714/2476 1938/2477
f 1285/1154 1953/1521 1164/1153
f 906/1673 903/2488 1346/1674
f 984/2456 1864/2467 1940/1362
f 895/1487 857/1329 1472/1183
f 1165/2344 1346/1672 881/2486
f 1583/417 2264/2180 2251/1555
f 119/1625 1892/2469 1880/2470
f 666/2375 1336/2060 815/2341
f 780/438 1754/655 1601/2037
f 1859/2206 1887/1562 816/2207
f 2037/2502 1563/2501 1851/2503
f 2188/2223 1795/1715 759/1716
f 2226/1271 1907/1272 667/2504
f 1237/2431 62/2432 1728/2505
f 667/2504 1907/1272 839/1666
f 1452/2506 993/1305 999/2273
f 83/2071 1359/1252 1142/1954
f 666/2059 839/2484 1245/2088
f 1605/1360 1892/2489 119/1511
f 641/1341 473/2374 815/2341
f 1081/1721 2031/1722 1586/2507
f 473/2374 652/2287 667/2504
f 2104/2509 329/1851 2253/274
f 667/2504 652/2287 2226/1271
f 1581/2027 1972/1682 196/2510
f 1595/2089 530/2002 1348/1668
f 1359/1846 83/2449 1023/2378
f 797/693 1365/326 1190/2511
f 1107/1373 895/1487 825/1318
f 1413/1529 1105/1027 1122/1047
f 2071/2514 977/2512 1427/2513
f 666/2375 667/2504 839/1666
f 666/2375 473/2374 667/2504
f 346/659 471/822 2074/216
f 1348/1668 530/2002 1413/1529
f 530/2002 1595/2089 906/1673
f 1301/2516 995/2515 1389/586
f 1192/1667 903/2488 1595/2089
f 1346/1672 903/2487 881/2486
f 1664/1503 1414/2095 1129/1708
f 843/1756 1013/1411 1220/106
f 1276/1152 881/2486 903/2487
f 1927/2264 2019/1155 1295/1134
f 1728/1093 62/2498 1007/780
f 2101/2517 1864/2467 1569/2518
f 1595/2089 1348/1668 1245/2088
f 1195/1481 1125/1526 472/2091
f 743/829 780/438 493/1585
f 729/2244 1222/1537 63/1383
f 841/2305 729/2325 1658/2425
f 1285/1154 638/2166 1953/1521
f 1165/2344 881/2486 1164/1153
f 1864/2467 1627/2519 1569/2518
f 1532/2492 1728/2520 1600/1186
f 1361/2269 2274/2324 1598/1298
f 984/2456 1501/1626 1627/2519
f 415/1002 391/639 181/449
f 1627/2519 1864/2467 984/2456
f 1235/1522 801/1523 571/2041
f 1679/1809 155/2522 1804/2001
f 1562/1012 1687/1602 1898/2523
f 1028/2525 1054/2524 1534/2526
f 2183/1102 1568/2372 1698/1104
f 1008/2527 1562/1012 1054/2524
f 690/1245 1733/2441 1797/1244
f 484/1943 1054/2524 1028/2525
f 1329/1431 45/1429 488/2239
f 1532/2492 1600/1186 507/2494
f 1714/2476 1605/1360 1887/1562
f 1265/2528 1011/1938 2034/2529
f 2183/1102 2029/1103 2068/2530
f 1699/1914 710/1828 2207/2394
f 1672/2321 1690/2323 1554/1243
f 1505/1690 1623/1630 1515/2532
f 1499/1808 941/1754 1677/1400
f 1679/1809 170/2025 1499/1808
f 484/1943 1028/2525 2127/1546
f 1467/2429 527/2427 517/2533
f 1934/1322 2005/2534 813/1321
f 493/1585 1228/1137 743/829
f 892/750 834/2535 1277/2536
f 1057/1515 1086/1057 1163/1374
f 1088/2538 1140/2537 232/2539
f 1961/1820 1420/1746 665/1408
f 1619/1297 2223/1987 2241/2141
f 760/1206 694/594 926/1066
f 2106/2085 26/2093 1139/1680
f 272/1616 1507/1621 2126/1547
f 922/1088 990/2541 1329/1432
f 1691/1399 941/1754 1499/1808
f 1735/83 214/2364 1810/2542
f 2096/2350 668/2543 2270/2118
f 1906/1545 2118/1624 1880/2470
f 1028/2525 1534/2526 1906/1545
f 544/1609 2113/716 2273/2544
f 1487/2546 655/2545 980/2547
f 1898/2523 1501/1623 2118/1624
f 1832/1572 936/1573 1787/1885
f 669/2068 1924/2548 1290/1458
f 1464/1825 1376/1320 556/1268
f 119/1625 1880/2470 2118/1624
f 1534/2526 1898/2523 2118/1624
f 1699/2549 2207/2531 722/1633
f 673/2440 1468/2550 669/2068
f 962/1844 66/1913 2029/1103
f 654/2551 1628/1933 673/2440
f 2001/1290 1972/1682 1879/1540
f 1067/2552 1474/1571 1621/2553
f 470/1780 141/1112 946/1113
f 665/1408 1382/2466 1961/1820
f 1927/2265 1191/889 2019/1156
f 936/1573 1474/1571 1095/2555
f 2032/2556 2101/2517 1569/2518
f 2189/1023 2045/1740 1770/215
f 85/2557 1374/1434 113/2558
f 942/1681 262/1127 2076/1683
f 632/1260 1374/1434 85/2557
f 1568/2372 1771/1446 1565/1447
f 2057/2069 2223/1987 1271/1988
f 1545/2559 1542/390 1120/787
f 1079/1406 1382/2466 665/1408
f 2106/2085 1127/202 620/696
f 1079/1406 1826/1741 1382/2466
f 1621/2553 1474/1571 1574/597
f 2101/2517 2161/2444 1578/2159
f 892/750 2056/2320 1715/2082
f 2096/2350 2241/2141 668/2543
f 1961/1820 1382/2466 1954/1230
f 2220/1884 1574/597 1832/1572
f 1179/1878 878/1876 1027/2561
f 1924/2548 669/2068 1468/2550
f 764/1233 696/1737 611/1114
f 1018/1129 1226/2562 1510/1128
f 653/2169 1730/1355 1406/2139
f 1400/2211 617/1560 455/2165
f 1018/1129 1071/2292 2110/1389
f 1324/1393 1436/1413 1523/1410
f 2241/2141 2096/2350 1446/1299
f 1073/475 1818/2367 1161/474
f 262/1127 1504/2564 1018/1129
f 168/2051 1324/1395 1330/1642
f 875/769 1957/766 846/1755
f 1201/2565 1688/1293 1693/1294
f 1290/1458 2191/2299 2057/2069
f 1834/2124 1574/2560 1599/598
f 1597/2566 1762/2314 1657/2295
f 1762/2314 1597/2566 1951/76
f 1771/1446 1568/2372 920/2391
f 2191/2299 668/2543 2057/2069
f 1694/1968 1740/1969 819/2210
f 482/75 1951/76 1597/2566
f 1779/1398 1430/2567 1621/2554
f 1951/76 1716/2568 1704/2316
f 1042/1082 1429/1080 1624/1068
f 1386/2253 1069/2182 883/2184
f 1216/77 1716/2568 1951/76
f 1326/2389 1243/2570 592/2571
f 2191/2299 1290/1458 613/1459
f 1216/77 1457/1771 1716/2568
f 1457/1771 1216/77 482/75
f 1499/1808 1524/2049 1691/1399
f 1533/2282 1555/2125 1834/2124
f 2072/364 1924/365 1468/2308
f 660/2086 1485/2097 2081/2298
f 1269/805 1095/2572 1067/804
f 258/446 1638/201 1211/450
f 2107/2573 1485/2097 1468/2308
f 2107/1934 1468/2550 673/2440
f 1834/2124 1677/1400 1779/1398
f 654/2551 2102/2306 663/2101
f 636/2407 1616/2304 1008/2527
f 1095/2555 1474/1571 1067/2552
f 1700/2574 332/1875 1490/2575
f 1067/804 1621/2554 1430/2567
f 1784/2174 1288/2576 980/2173
f 1211/450 259/140 258/446
f 2091/1935 663/2101 766/2329
f 1306/174 90/176 65/1900
f 1828/2577 127/757 585/2578
f 1603/2579 127/757 1828/2577
f 482/75 1729/2580 1457/1771
f 1669/2212 2204/1390 1400/1391
f 256/1148 1502/2581 1494/1327
f 1768/2582 1696/187 1929/827
f 813/1321 2005/2534 1203/1705
f 1699/1914 1993/1053 861/490
f 1095/2572 1269/805 1668/2584
f 1457/1771 1729/2580 2115/2067
f 2171/1870 2125/1493 1651/2587
f 2244/1832 2129/2588 2117/1831
f 489/1941 1914/1607 1008/2527
f 2107/2573 766/2589 1485/2097
f 1907/1272 1905/1270 839/1666
f 1972/1682 2001/1290 1729/2580
f 1668/2586 1418/2590 1620/2591
f 1289/207 551/143 71/144
f 1841/2592 1104/2286 799/2593
f 868/429 254/427 253/578
f 703/1710 1937/2596 693/2113
f 1057/1515 1177/1628 1385/1289
f 1072/2328 1865/375 2006/2598
f 1095/2555 1668/2586 936/1573
f 2072/364 1468/2308 660/2086
f 1432/1883 1487/1882 1787/1885
f 1432/1883 1787/1885 1620/2591
f 1340/2421 1911/2599 1510/1128
f 620/696 1689/697 1248/1022
f 2180/1396 214/2364 1735/83
f 668/2543 2241/2141 2223/1987
f 1668/2586 1620/2591 936/1573
f 1982/1159 993/2600 2157/1160
f 1881/2603 993/2600 1846/2602
f 1290/1458 2057/2069 669/2068
f 1762/2314 1951/76 1704/2316
f 1911/2599 1340/2421 2101/2517
f 2133/516 1734/2318 1977/1949
f 2017/2098 1485/2097 766/2589
f 654/2551 663/2101 1628/1933
f 1307/1078 1516/2277 1052/2276
f 2035/1830 2050/2452 2244/1832
f 1018/1129 2204/1390 1226/2562
f 944/1333 1318/2178 1017/959
f 995/1570 1512/2604 1415/181
f 754/2151 1143/2353 1005/2156
f 2217/2366 1915/1422 1404/1421
f 1623/1630 2076/1683 859/2606
f 328/1412 1017/959 1100/1409
f 1929/827 350/828 250/226
f 995/1570 934/609 1389/585
f 766/2589 2145/2330 2017/2098
f 2010/2610 1883/2607 1921/2609
f 735/2216 806/2611 1550/2217
f 1137/2349 1311/1308 888/2112
f 634/2128 1363/2040 1077/2612
f 1339/1789 1544/2613 900/1351
f 2129/1010 2132/247 2117/2616
f 2231/1278 2198/530 1319/1280
f 993/2600 1982/1159 1846/2602
f 826/2617 657/2473 1461/1581
f 1430/2567 876/803 1067/804
f 2265/1647 1845/2030 1823/1363
f 1143/2353 754/2151 2146/2352
f 1143/2353 1421/2351 723/473
f 1555/2125 1679/1809 1677/1400
f 1908/2618 633/1959 1267/1452
f 108/227 290/511 2047/225
f 1325/2380 1099/2142 1815/2194
f 751/2620 826/2619 730/2621
f 760/1206 769/1061 70/1059
f 1013/1411 843/1756 1523/1410
f 1461/1581 2124/2624 826/2617
f 1665/2627 2267/2036 1035/2628
f 1396/1676 1498/2414 1496/2199
f 483/2061 2068/2530 1573/1981
f 381/327 1365/326 797/693
f 1008/2527 1054/2524 489/1941
f 2215/2630 1830/2629 1550/2219
f 1148/1073 1116/1195 596/1162
f 2131/1054 2194/1584 937/368
f 1957/766 338/767 249/412
f 1982/1159 1989/1157 1552/2145
f 1520/2252 1157/812 1060/1738
f 2165/157 1074/1283 1650/1678
f 1989/2039 2157/1158 1633/1697
f 1750/2631 1182/2408 915/1608
f 1730/1355 2054/2402 1724/1354
f 1350/1196 29/1198 1488/1199
f 822/392 1542/390 1545/2559
f 2033/2363 1352/2459 1846/2602
f 1982/1159 1975/2143 1846/2602
f 475/2079 476/1591 1812/2246
f 914/312 1051/1170 994/1017
f 944/2249 1252/1334 2258/2237
f 2010/2608 485/2632 1883/2633
f 1150/2636 1370/1264 1149/2635
f 1212/1302 1492/1378 1491/1732
f 1835/402 1967/502 1422/1339
f 1896/2463 1201/2565 1693/1294
f 1584/1826 2197/1455 1666/1855
f 1618/1776 1795/2446 1741/2134
f 1760/731 791/1115 877/654
f 655/2545 1368/2332 1072/2328
f 1003/810 29/2637 1350/1194
f 1881/2603 1846/2602 1352/2459
f 1116/1195 1148/1073 973/2160
f 1412/2096 1150/2636 1149/2635
f 1340/2421 1226/2562 2204/1390
f 1846/2602 1975/2143 2033/2363
f 943/1517 1356/1349 547/1350
f 1606/2499 1954/1230 1382/2466
f 1311/1308 2025/320 888/2112
f 1498/2414 1138/2639 1653/1257
f 2061/2144 2033/2363 1975/2143
f 792/2107 1251/2108 1053/1313
f 1497/1044 1166/527 1537/195
f 23/2419 1610/2641 1790/2438
f 2270/48 1246/46 901/2070
f 1431/2204 1721/2131 1618/1776
f 590/2189 1431/2204 1426/2132
f 2270/2118 668/2543 2191/2299
f 1478/218 1101/160 1309/788
f 1863/2284 633/1959 1908/2618
f 1796/2642 1933/404 798/2017
f 1122/1047 736/1419 1483/1049
f 1061/1172 751/333 1097/334
f 155/2522 1679/1809 1555/2125
f 890/2359 888/2112 2208/2111
f 752/1693 1806/2644 1824/1692
f 1138/2639 1473/2161 1653/1257
f 276/477 833/478 644/494
f 155/2522 1555/2125 2114/2646
f 2114/2646 1555/2125 1352/2458
f 1063/2247 1058/2195 1316/1923
f 1002/811 1157/812 1114/2234
f 214/2364 1019/2354 705/2381
f 1521/1291 1984/2647 2115/2067
f 1138/2639 972/2094 1664/1503
f 1205/481 633/1959 1998/222
f 1984/2647 1596/1837 2115/2067
f 1622/1834 2197/1455 1584/1826
f 1561/1401 1863/2284 1908/2618
f 1521/1291 1596/1837 1984/2647
f 2190/1450 1908/2618 1267/1452
f 1085/217 1478/218 1121/2294
f 1335/17 2020/2404 1029/436
f 2167/1468 1698/1104 1433/2371
f 1902/2648 1569/2518 1627/2519
f 491/223 1205/481 1998/222
f 1120/787 2190/1450 1545/2559
f 242/403 1933/404 775/167
f 1483/1049 1422/1339 1443/1340
f 1483/1049 1835/402 1422/1339
f 1352/2458 1489/2361 2114/2646
f 1258/229 1257/742 1101/160
f 929/1536 1887/1562 164/1361
f 831/2038 1979/1420 833/478
f 1716/2568 684/1765 1452/1766
f 2190/1450 1309/788 1561/1401
f 1704/2317 1452/2506 999/2273
f 1309/788 2190/1450 1120/787
f 1353/1610 592/2388 991/2192
f 2132/247 1024/1435 745/1138
f 2242/2649 1586/2507 2058/2650
f 1835/402 238/163 237/558
f 1704/2317 999/2273 1001/1303
f 684/1765 1716/2568 1457/1771
f 2183/1102 1589/1802 1568/2372
f 1243/2570 1326/2389 855/2651
f 2263/463 2105/464 1354/719
f 1684/1605 877/654 791/1115
f 911/1772 2115/2067 1596/1837
f 2055/276 2253/274 2063/283
f 1688/1293 1201/2565 1765/2653
f 2001/1290 2115/2067 1729/2580
f 1266/397 1183/497 1084/154
f 1253/1466 1821/1742 2211/1525
f 1767/2303 1484/1986 1810/2542
f 1205/481 1979/1420 969/2042
f 1911/2599 1902/2648 859/2606
f 87/470 1225/253 1206/862
f 1482/1426 1392/1255 1473/1256
f 833/478 244/479 236/119
f 729/2325 841/2305 1875/1729
f 1561/1401 1908/2618 2190/1450
f 969/2042 633/1959 1205/481
f 873/1719 1432/1883 1620/2591
f 643/118 831/2038 833/478
f 643/118 1835/402 1159/1920
f 470/1780 946/1113 880/1907
f 634/2128 969/2042 1363/2040
f 1398/2309 844/456 2103/457
f 1627/2519 1543/1600 1902/2648
f 1563/2451 2050/2452 2035/1830
f 1896/2657 904/2465 1662/2656
f 2252/2290 1823/1363 2268/1364
f 1104/2286 1841/2592 919/2415
f 1504/2564 2002/2658 1018/1129
f 1947/482 833/478 1979/1420
f 1483/1049 1443/1340 1336/1048
f 1368/2332 826/2659 628/2660
f 1815/2379 1812/2246 476/1591
f 296/268 1080/267 650/1502
f 1375/2080 1114/2234 1157/812
f 2006/1903 1769/1902 980/2173
f 1573/1981 1671/2005 1660/2006
f 2068/2530 1671/2005 1573/1981
f 1787/1885 1487/1882 1288/2576
f 30/2065 21/2090 104/2138
f 1787/1885 936/1573 1620/2591
f 859/2606 479/2661 1623/1630
f 965/2663 1268/2662 1347/2664
f 1834/2124 1599/598 1533/2282
f 1363/2040 1334/2665 1077/2612
f 2006/2598 980/2547 1072/2328
f 1105/1027 736/1419 1122/1047
f 1510/1128 1911/2599 859/2606
f 1627/2519 1501/1626 1687/1599
f 518/2428 524/2667 527/2668
f 1621/2554 1834/2124 1779/1398
f 634/2128 822/392 817/1451
f 835/2670 1808/2669 565/2671
f 1787/1885 1288/2576 1784/2174
f 817/1451 633/1959 969/2042
f 1038/1386 1357/318 1037/1176
f 1159/1920 2073/1852 643/118
f 922/1088 1195/1481 472/2091
f 485/2634 1765/2653 1201/2565
f 1177/1628 1411/1125 895/1487
f 1467/2429 1123/1512 127/757
f 759/1716 2200/1727 832/1728
f 484/1943 489/1941 1054/2524
f 2269/2358 122/2406 1099/1365
f 1729/2580 942/1681 1972/1682
f 1664/1503 1473/2161 1138/2639
f 666/2059 1245/2088 1348/1668
f 1249/2673 1339/2614 1250/1326
f 1882/1188 1779/1398 1691/1399
f 1509/826 1863/2284 1561/1401
f 1430/2567 1779/1398 1882/1188
f 2006/1903 1865/2033 1757/1397
f 1509/826 1101/160 76/162
f 1784/2174 1667/1856 1666/1855
f 2103/457 86/428 492/831
f 1686/2675 1616/2304 636/2407
f 1430/2567 1882/1188 1643/1189
f 1684/1605 791/1115 1926/1116
f 2175/2676 1207/2104 1891/2677
f 1738/2190 1830/2629 2215/2630
f 400/682 1454/681 149/737
f 2270/2118 1495/1039 501/2356
f 184/1011 1616/2304 1686/2675
f 1776/2679 1738/2190 2215/2630
f 2005/2583 29/1198 1002/2397
f 1618/1776 1720/2129 553/1775
f 1085/512 2079/1357 2193/1726
f 1352/2458 1533/2282 1881/2283
f 1973/1620 484/1943 2127/1546
f 1261/2680 1268/2662 893/1101
f 1914/1607 489/1941 902/1942
f 1686/2675 189/2681 184/1011
f 1108/2046 1657/2295 1762/2314
f 462/815 464/379 921/814
f 2102/2306 654/2551 673/2440
f 2114/2646 1489/2361 1455/1757
f 1520/2252 1439/1590 1375/2080
f 553/1775 2040/2296 1111/1888
f 2113/716 1665/2627 2273/2544
f 1037/1176 932/472 1511/2682
f 1665/2627 2113/716 960/717
f 1753/213 2186/212 2066/448
f 2193/1726 2047/225 1085/512
f 1793/2683 960/717 1031/2422
f 910/1648 1330/2050 1275/2684
f 997/596 1548/1476 410/1997
f 1462/590 2225/588 533/1566
f 1462/590 156/1565 2269/2405
f 1555/2125 1533/2282 1352/2458
f 1250/2674 596/2685 1488/1199
f 1008/2527 915/1608 636/2407
f 2021/1510 1577/1964 2172/1541
f 878/2687 1240/2686 1061/1174
f 870/1146 1337/1147 1302/2689
f 1455/1757 1428/1758 2114/2646
f 1204/1582 2262/2355 1759/2335
f 2058/2650 2031/1722 2261/2690
f 907/2692 1075/2691 867/2693
f 1298/134 388/1603 235/135
f 1347/2664 964/74 1223/643
f 1910/1231 2159/1643 1954/1230
f 1812/2246 1815/2379 1058/2195
f 1322/2695 1652/2694 1686/2675
f 357/676 1106/423 981/674
f 1591/2696 1610/2641 23/2419
f 961/1065 1856/1192 1373/1277
f 604/2697 1187/1185 1074/2200
f 604/2697 1442/1499 163/1184
f 2261/2690 1652/2694 2058/2650
f 1385/1289 1177/1628 1442/1499
f 610/2311 1025/2698 840/2700
f 610/2699 1036/384 1025/2701
f 904/2465 2242/2649 1078/756
f 1186/1161 596/1162 1250/1326
f 777/1485 2252/2290 1252/1336
f 201/2702 1586/2507 2242/2649
f 2013/2443 2122/2119 165/2424
f 1586/2507 201/2702 2209/2703
f 1100/1409 1523/1410 1436/1413
f 2262/2355 1204/1582 1019/2704
f 2046/2705 2261/2690 1748/2706
f 2069/631 742/2707 2182/634
f 1575/1629 1748/2706 2248/1723
f 1864/2467 2101/2517 1578/2159
f 1488/1199 596/2685 1350/1196
f 1147/1096 1403/2053 1761/1098
f 917/1418 1529/861 1206/862
f 2133/516 1169/2319 1734/2318
f 2058/2650 1032/2709 2242/2649
f 1623/1630 479/2661 1575/2708
f 2269/2358 1045/491 1462/492
f 1522/1979 1742/1965 1377/2058
f 1025/2701 1021/2710 609/19
f 832/1728 841/2305 2188/2223
f 1002/2397 1203/2396 2005/2583
f 184/1011 189/2681 2083/1013
f 803/1564 1727/1504 1718/1356
f 615/435 830/6 629/115
f 2027/2715 1755/2711 1853/2713
f 1025/2701 1036/384 1021/2710
f 1053/2640 938/1228 1635/2266
f 938/2268 1466/1311 757/2716
f 1536/1310 805/1249 2179/1639
f 492/833 863/239 782/1203
f 492/833 2218/146 863/239
f 719/2130 1721/2131 1850/2205
f 1748/2718 479/2661 2116/1601
f 1748/2706 2116/2719 2046/2705
f 1512/2721 1755/2720 835/2450
f 1718/1356 1406/2139 1730/1355
f 986/2723 1470/2722 1301/2516
f 1138/2639 1498/2414 1396/1676
f 1160/1496 1538/1337 825/1318
f 227/394 976/94 109/96
f 1084/154 373/496 1098/1664
f 1373/1277 1270/2724 1215/1081
f 1496/2199 2165/2198 1650/1675
f 81/1497 1538/1337 1160/1496
f 2083/1013 1687/1602 1562/1012
f 1138/2639 1412/2096 972/2094
f 1375/2080 1063/2247 1316/1923
f 1408/2390 2004/2393 1705/2453
f 1367/1097 1069/2182 1378/2383
f 189/2681 2046/2705 2116/2719
f 1378/2383 1829/2725 1367/1097
f 1153/292 1058/2197 645/1606
f 1687/1602 2083/1013 2116/2719
f 319/125 547/1366 1663/1269
f 201/2702 2242/2649 904/2465
f 1112/1662 1526/1739 539/1939
f 804/2728 1005/2726 655/2545
f 804/2727 975/2729 818/2730
f 1686/2675 1652/2694 189/2681
f 1522/1979 1380/1801 339/1799
f 1748/2706 2261/2690 2248/1723
f 2031/1722 2248/1723 2261/2690
f 1586/2507 2209/2703 2247/2731
f 1586/2507 2247/2731 1081/1721
f 899/1932 1377/2058 1082/2057
f 1488/1199 1249/2732 1250/2674
f 189/2681 1652/2694 2046/2705
f 2247/2731 2209/2703 2037/2733
f 2037/2733 2209/2703 1629/2734
f 2125/1493 2171/1870 2145/178
f 1127/202 1139/1680 1341/816
f 251/418 751/333 1106/421
f 645/1606 1058/2197 153/2196
f 457/644 1199/685 1223/643
f 1589/1802 2183/1102 483/2061
f 153/2196 156/1565 645/1606
f 1934/1197 29/1198 2005/2583
f 1754/655 889/730 877/654
f 1129/1708 1414/2095 1370/1264
f 1058/2195 1063/2247 1812/2246
f 883/2184 1317/1423 1946/1424
f 1030/18 609/19 220/382
f 495/1619 1045/491 2269/2358
f 115/185 1556/183 2222/1491
f 1089/156 2165/157 1653/1254
f 2177/2737 1560/2736 2179/1640
f 1630/2032 201/2702 2240/2738
f 1606/2499 1459/2478 1723/818
f 1581/2027 196/2510 1505/1690
f 485/2742 2008/2739 118/2741
f 1630/2032 1629/2734 201/2702
f 1317/1423 885/2183 1367/1097
f 1317/1423 883/2184 885/2183
f 773/485 1560/2736 2177/2737
f 1158/2743 1650/1678 1134/2245
f 757/2744 1466/2717 1053/1313
f 2037/2733 341/2745 386/2746
f 1002/811 29/2637 1003/810
f 1075/2691 907/2692 971/2748
f 341/2745 2037/2733 1629/2734
f 657/2473 826/2617 1143/2475
f 1421/2351 940/2448 723/473
f 1358/1074 2004/2393 1148/1073
f 1021/2710 1036/384 1637/370
f 1563/2501 2037/2502 386/2747
f 1358/1921 943/945 1585/906
f 1030/18 220/382 215/356
f 341/2745 1655/2751 386/2746
f 1513/1762 1706/2398 862/1778
f 1347/2664 1268/2662 1261/2680
f 2063/283 2253/274 1062/774
f 566/1220 864/1983 1096/566
f 2002/2658 1504/2564 1597/2566
f 645/1606 156/1565 533/1566
f 1627/2519 1687/1599 1543/1600
f 1064/2753 1682/2752 1050/2754
f 1894/2755 1945/1735 1970/720
f 1970/720 15/2756 1894/2755
f 1335/17 615/435 609/19
f 1335/17 1029/436 615/435
f 1161/2418 1818/2563 23/2417
f 848/867 846/1755 2044/413
f 1132/1038 927/1974 598/1222
f 893/1101 1788/1067 1261/2680
f 970/361 213/360 212/357
f 158/1164 854/662 1685/1940
f 2062/282 2263/463 1481/2758
f 1270/2724 1190/2511 865/1085
f 1481/2758 1480/744 2062/282
f 1480/744 1481/2758 924/1618
f 1463/455 848/867 2044/413
f 886/1221 1190/2511 864/1983
f 1601/2037 756/653 780/438
f 1977/1949 1734/2318 2254/2759
f 2196/2760 1958/2187 1928/2186
f 635/2028 1099/1365 1845/2030
f 635/2028 495/1619 1099/1365
f 2244/1832 2050/2452 2027/2712
f 1977/1949 2254/2759 1682/2752
f 1818/2563 1591/2368 23/2417
f 902/1942 484/1943 1973/1620
f 886/1221 1788/2757 1429/1084
f 1217/2761 15/2756 80/2762
f 1650/1675 1396/1676 1496/2199
f 1058/2195 1529/861 1316/1923
f 752/2645 2168/1694 1626/2763
f 2146/2352 2130/2020 671/2015
f 2249/1815 829/84 1842/85
f 1965/2140 1847/1991 1706/1531
f 1864/2467 1838/1596 929/1536
f 1032/2709 1490/2575 1701/2369
f 1091/2439 1806/2251 727/2228
f 1335/17 211/355 209/2765
f 1604/1894 2253/277 1480/275
f 2085/772 1091/2764 1062/531
f 1161/474 2105/464 2063/283
f 1516/2277 1307/1078 1395/257
f 1114/2234 1375/2080 1316/1923
f 1589/1802 884/1803 920/2391
f 613/1520 1897/1519 2053/60
f 2147/786 407/1050 206/2766
f 1622/1834 1531/1835 1465/2301
f 241/825 278/480 1205/481
f 2247/2768 858/1151 2049/1838
f 1979/1420 1205/481 1947/482
f 790/752 847/753 67/1253
f 1463/455 749/554 848/867
f 598/1222 927/1974 886/1221
f 847/753 846/1755 848/867
f 864/1983 1190/2511 1310/330
f 1682/2752 1515/2532 1977/1949
f 1561/1401 1101/160 1509/826
f 1132/1038 598/1222 566/1220
f 1396/1676 1412/2096 1138/2639
f 1505/1690 1673/2769 1581/2027
f 1515/2532 1682/2752 1064/2753
f 2100/2770 979/1689 2076/1683
f 1604/1910 924/1618 1169/2319
f 1753/213 1944/9 1582/10
f 1829/2725 1147/2771 1367/1097
f 1637/370 609/19 1021/2710
f 239/517 260/2409 2133/516
f 1396/1676 1124/2773 1412/2096
f 2080/2297 774/2083 771/79
f 1636/2776 1525/2775 2142/1893
f 1414/2095 1149/2635 1370/1264
f 1879/1540 1581/2027 1372/1539
f 2142/1893 2259/2777 1636/2776
f 2142/1893 1588/297 1587/1892
f 2142/1893 2246/1891 2085/772
f 605/380 607/339 1747/2100
f 1544/2615 1934/2778 1464/1824
f 750/555 1384/1286 847/753
f 2044/413 86/428 2103/457
f 1023/1845 142/1442 586/1110
f 1902/2648 1911/2599 2032/2556
f 2032/2556 1569/2518 1902/2648
f 852/1130 1861/1131 1966/1763
f 1412/2638 1124/2774 637/1788
f 782/1203 2103/2655 492/833
f 1149/2635 1414/2095 1412/2096
f 249/412 2044/413 1957/766
f 1405/1331 1538/1337 81/1497
f 1838/1596 1864/2467 1578/2159
f 1588/297 2142/1893 1525/2775
f 2044/413 846/1755 1957/766
f 1317/1423 1098/2150 1458/741
f 1358/1921 2007/2779 1942/2387
f 1162/2780 1248/1022 1689/697
f 1299/635 1862/667 958/583
f 2090/1896 2104/2509 2253/274
f 1339/2614 1249/2673 1544/2781
f 1249/2732 1488/1199 1934/1197
f 2104/2508 1636/2776 329/773
f 1169/1909 2111/2783 2090/1895
f 2111/2784 2075/2785 2090/1896
f 2104/2509 2090/1896 2075/2785
f 1398/2157 2103/2655 782/1203
f 2158/142 166/198 96/199
f 1525/2410 2075/2785 2111/2784
f 817/1451 822/392 1545/2559
f 989/2357 990/2541 922/1088
f 1819/2500 1741/2134 1795/2446
f 1705/2453 2004/2393 1942/2386
f 1358/1921 1367/1097 2007/2779
f 1158/2743 1134/2245 1378/2481
f 2252/2290 2265/1647 1823/1363
f 1043/150 1034/2336 1046/2788
f 130/2790 1479/1480 1094/1479
f 1761/2791 1187/1185 704/1725
f 704/1725 1187/1185 1472/1183
f 329/773 1636/2776 2259/2777
f 2007/2385 1367/1094 2016/1095
f 992/2052 1829/2772 1378/2481
f 1829/2772 992/2052 1403/2053
f 1622/1834 1465/2301 1744/1454
f 947/452 441/761 203/2792
f 203/2792 263/451 947/452
f 1689/697 1696/187 1768/2582
f 825/1318 2009/1495 1160/1496
f 553/1775 1720/2129 719/2130
f 1334/1597 922/1088 1077/1086
f 2085/772 329/773 2259/2777
f 2085/772 2259/2777 2142/1893
f 2130/2021 2124/2793 708/1659
f 637/1788 1124/2774 1378/2481
f 2086/2795 2246/1891 1587/1892
f 1378/2481 1232/837 637/1788
f 733/1190 1315/1060 1394/2016
f 1822/1369 2188/2223 841/2305
f 1124/2773 1396/1676 1158/1677
f 2099/2797 2038/2796 2246/1891
f 2246/1891 2086/2795 2141/2798
f 1383/1306 1133/1376 1118/687
f 1681/2023 1238/1966 1573/1981
f 2141/2798 2086/2795 1587/1892
f 640/4 1801/5 891/2342
f 1587/1892 2064/1955 2141/2798
f 2257/299 1588/297 1525/2775
f 226/1956 1588/297 2060/298
f 2060/298 2257/299 239/2411
f 1215/1081 1270/2724 865/1085
f 1974/2457 1965/2140 1706/1531
f 1525/2775 1636/2776 2075/2786
f 1929/827 2193/1726 1768/2582
f 2111/2784 260/2409 1525/2410
f 15/2756 2105/464 1161/474
f 2273/2544 1033/2799 544/1609
f 1056/70 671/2015 2130/2020
f 2130/2020 1399/2019 1056/70
f 239/2411 2257/299 1525/2775
f 260/2409 2111/2784 1169/2319
f 260/2409 1169/2319 2133/516
f 1193/1292 2001/1290 1372/1539
f 2052/32 1897/1519 1641/2024
f 1442/1499 1177/1628 163/1184
f 1271/1988 1218/2322 669/2068
f 1761/2791 704/1725 1942/1724
f 2146/2352 1511/2682 932/472
f 2075/2786 1636/2776 2104/2508
f 1209/2461 1197/2800 1313/2462
f 2224/2302 1767/2303 1810/2542
f 2060/298 239/2411 2128/245
f 1071/2292 1400/1391 2110/1389
f 1755/2714 1512/2604 1909/2801
f 1197/2471 1200/1865 1313/1288
f 1692/1996 1695/1995 1115/2012
f 1977/1949 1024/1589 2120/515
f 1658/2425 1822/1369 841/2305
f 863/239 945/1042 1749/1704
f 2128/245 2108/246 2060/298
f 890/2359 2208/2111 2243/71
f 942/1681 1729/2580 1597/2566
f 1394/2016 1601/2037 733/1190
f 1906/1545 1534/2526 2118/1624
f 1906/1545 2127/1546 1028/2525
f 1582/10 1922/8 1282/1035
f 2186/212 1582/10 2022/220
f 1110/1307 1019/2354 1204/1309
f 1841/1575 1381/2337 853/2338
f 2212/1982 2077/1403 1548/1476
f 1914/1607 902/1942 1895/2802
f 1453/2384 1761/1098 1942/2386
f 1914/1607 1895/2802 2123/2483
f 2113/716 544/1609 2123/2483
f 1887/1562 929/1536 816/2207
f 1405/1332 1705/2453 1254/2022
f 1339/2614 1364/1072 1250/1326
f 2208/2111 1357/318 1038/1386
f 2128/1436 239/517 2120/515
f 1389/586 986/2723 1301/2516
f 1623/1630 2121/2447 1515/2532
f 1144/1471 1654/1469 1197/2471
f 1405/1331 81/1497 973/2242
f 2101/2517 2032/2556 1911/2599
f 723/473 940/2448 932/472
f 1064/2753 1673/2769 1515/2532
f 1505/1690 1515/2532 1673/2769
f 1623/1630 2100/2770 2076/1683
f 1705/2453 1405/1332 1408/2390
f 1204/1579 949/1580 723/2474
f 485/2632 2010/2608 1781/2804
f 165/2424 2277/2806 1428/1758
f 997/596 1517/1998 1599/595
f 1511/2682 2146/2352 955/1388
f 1801/5 1015/149 891/2342
f 1353/1610 1198/1181 2187/1622
f 2108/246 226/1956 2060/298
f 1841/1578 1607/1576 1451/1947
f 1056/70 891/2342 423/72
f 1197/2800 1145/2807 1144/1473
f 487/823 607/339 605/380
f 1072/372 1756/2326 1759/2074
f 1948/2808 960/717 1793/2683
f 2144/1568 2018/2809 1811/2810
f 2195/1686 1768/2582 2193/1726
f 2277/2806 1145/2807 1428/1758
f 2027/2712 2202/2127 2244/1832
f 204/414 254/427 2044/413
f 651/316 616/343 197/317
f 620/696 1294/2084 2106/2085
f 2015/2814 1988/2812 2043/2126
f 539/1939 1087/2193 1112/1662
f 914/312 1469/1171 1051/1170
f 955/1388 1037/1176 1511/2682
f 2129/1010 226/1956 2108/246
f 1006/2010 170/2025 1679/1809
f 1270/2724 2173/1282 1448/1872
f 620/696 1127/202 98/204
f 891/2342 1890/2815 423/72
f 1671/2005 1692/1996 1115/2012
f 2068/2530 1692/1996 1671/2005
f 1890/2815 891/2342 1066/387
f 1042/1082 1642/1381 1215/1083
f 1701/2369 1490/2575 332/1875
f 1236/1069 876/806 1624/1068
f 2254/2759 1535/2816 1193/1292
f 1965/668 1974/2259 1394/2016
f 1666/1855 758/1827 1584/1826
f 1264/1467 1195/1483 1253/2413
f 2195/1686 2079/1357 1395/257
f 1833/1448 1771/1446 653/2169
f 1988/2817 1811/2810 2064/1955
f 1692/1996 2068/2530 2029/1103
f 1639/2819 702/2818 838/2820
f 659/1144 893/1101 1391/1099
f 2129/2588 2043/2126 1988/2812
f 891/2342 1015/149 1048/386
f 1341/1524 1638/777 1127/203
f 1429/1080 1788/1067 1624/1068
f 2194/1584 1228/1137 493/1585
f 1081/1721 2049/1839 230/1631
f 1505/1690 2100/2770 1623/1630
f 482/75 1597/2566 1729/2580
f 1024/1589 1977/1949 2121/2447
f 1429/1084 865/1085 886/1221
f 2265/1647 1275/2029 1845/2030
f 1286/2026 1128/1906 1643/1189
f 1628/1933 2107/1934 673/2440
f 1643/1890 1044/1384 1430/1385
f 1333/1187 1882/1188 1691/1399
f 2117/2616 2132/247 745/1138
f 1625/211 2137/1314 1303/86
f 2141/2798 2064/1955 1811/2810
f 2144/1568 1811/2810 2015/2813
f 2015/2813 1811/2810 1988/2817
f 1286/2026 1333/1187 1524/2049
f 1624/1068 1044/1384 1042/1082
f 386/2746 1655/2751 261/2822
f 756/653 1974/2259 1513/1762
f 925/1657 664/1490 845/2172
f 1691/1399 1524/2049 1333/1187
f 2219/2823 2123/2483 1895/2802
f 2099/2797 2154/1989 2011/2824
f 2038/2796 1824/1692 1806/2644
f 2141/2798 2099/2797 2246/1891
f 1914/1607 2123/2483 544/1609
f 376/688 797/693 1118/687
f 1551/2493 1173/2825 1532/808
f 1643/1890 1014/1380 1642/1381
f 2018/2809 2141/2798 1811/2810
f 1168/1063 1128/1906 1286/2026
f 2141/2798 2018/2809 2099/2797
f 860/2826 845/2172 664/1490
f 1465/2301 1592/1402 1744/1454
f 1648/2827 1651/2587 649/1494
f 869/1849 1648/2827 649/1494
f 1049/433 925/1657 1503/432
f 901/1669 1670/1670 1136/1443
f 925/1657 1950/1489 664/1490
f 1950/2076 708/1659 2124/2793
f 1806/2644 1091/2764 2085/772
f 640/4 1503/432 629/115
f 2018/2809 2232/2078 2099/2797
f 792/2110 1593/300 2088/301
f 2015/2813 1986/2829 2144/1568
f 801/1523 1334/1597 1363/2666
f 826/2619 751/2620 1061/2643
f 1538/1337 1107/1373 825/1318
f 756/653 1601/2037 1394/2016
f 1049/433 1056/70 1399/2019
f 79/1026 1092/1972 2178/1950
f 2022/220 1282/1035 1991/1679
f 1265/2528 2034/2529 2138/1415
f 2112/40 105/210 103/1533
f 2135/2018 1968/2830 6/349
f 1853/2831 2144/1568 2136/2832
f 865/1085 1190/2511 886/1221
f 1190/2511 1118/687 797/693
f 757/2744 1053/1313 1251/2108
f 1986/2834 2202/2127 2136/2835
f 2091/1935 1628/1933 663/2101
f 2124/2626 2130/2794 826/2622
f 1340/2421 1510/1128 1226/2562
f 1788/2757 886/1221 927/1974
f 671/2015 1020/1387 2146/2352
f 2244/1832 2043/2126 2129/2588
f 804/2728 655/2545 1487/2546
f 1931/1513 1123/1512 1467/2429
f 1093/1223 1920/1208 53/568
f 2254/2759 1734/2318 1535/2816
f 2136/2835 2202/2127 2027/2712
f 901/1669 1991/1679 1992/1671
f 2052/32 2186/2114 2024/59
f 1986/2829 2136/2832 2144/1568
f 826/2622 2130/2794 730/2836
f 1759/2335 1461/2837 1204/1582
f 1190/2511 1448/1872 1118/687
f 826/2659 1368/2332 655/2545
f 1641/2024 1175/1462 1640/2102
f 1515/2532 2121/2447 1977/1949
f 518/2370 2275/1873 524/2838
f 2154/1989 1857/1990 2011/2824
f 2147/351 1637/352 1036/2749
f 1597/2566 1657/2295 2002/2658
f 980/2173 1288/2576 1487/1882
f 2043/2126 1986/2834 2015/2814
f 751/2735 730/2623 737/2155
f 2275/1873 1639/2819 524/2838
f 730/2623 2130/2020 998/2152
f 1986/2834 2043/2126 2202/2127
f 1557/314 2048/914 799/313
f 1005/2156 677/2153 754/2151
f 2129/1010 1988/2817 226/1956
f 826/2659 655/2545 1005/2726
f 256/1148 860/2826 1447/1488
f 226/1956 1988/2817 2064/1955
f 1504/2564 262/1127 942/1681
f 1282/1035 1647/164 1991/1679
f 2011/2824 2038/2796 2099/2797
f 942/1681 1597/2566 1504/2564
f 1447/1488 1502/2581 256/1148
f 1978/391 1541/1087 409/255
f 1447/1488 860/2826 664/1490
f 730/2623 724/2154 737/2155
f 2148/1567 1987/2839 1676/1569
f 1448/1872 1190/2511 1270/2724
f 2148/1567 1909/2801 1987/2839
f 218/369 219/378 1637/370
f 818/2730 1005/2156 804/2727
f 1980/1984 1676/1569 1987/2839
f 2232/2078 2144/1568 1676/1569
f 1980/1984 1987/2839 1241/2840
f 1241/2840 1987/2839 1909/2801
f 751/2735 737/2155 1005/2156
f 1365/326 1310/330 1190/2511
f 1573/1981 1238/1966 1742/1965
f 818/2730 975/2729 762/2841
f 2155/2842 1626/2763 2156/2843
f 762/2841 679/1051 818/2730
f 1162/2780 1649/2007 2095/2281
f 1788/1067 1130/1583 1236/1069
f 1566/1079 2233/1685 1395/257
f 717/366 731/437 1952/1234
f 1026/836 1766/834 1962/1908
f 1377/2058 2119/1926 1522/1979
f 1626/2763 1362/2844 1277/2536
f 1362/2844 2155/2842 995/2515
f 2189/1023 1312/34 2045/1740
f 961/1065 1168/1063 1856/1192
f 1980/1984 1241/2840 2156/545
f 955/1388 2146/2352 1020/1387
f 1209/2461 1508/2846 2114/2646
f 1014/1064 1128/1906 1168/1063
f 1772/1516 1364/1075 1339/1789
f 1944/9 2067/1563 1647/164
f 1469/1171 914/312 1104/2594
f 2136/2833 2027/2715 1853/2713
f 1648/2827 869/1849 2160/2847
f 1853/2831 2148/1567 2144/1568
f 978/2848 1097/337 192/336
f 1768/2582 1649/2007 1162/2780
f 1857/1990 2203/546 2205/544
f 1962/1908 880/1907 1274/1951
f 1649/2008 1768/2849 2195/2811
f 1508/2846 604/2460 2228/1284
f 1909/2801 2148/1567 1853/2831
f 2154/1989 2099/2797 2232/2078
f 2189/1024 2059/138 1775/2167
f 758/1827 689/1905 2249/1815
f 2088/2285 1635/2266 757/2267
f 2168/1691 2205/544 2156/545
f 2088/2285 1104/2286 919/2415
f 1532/809 89/243 1007/1848
f 2232/2078 1980/1984 2203/546
f 2146/2352 754/2151 998/2152
f 2031/1722 2058/2650 1586/2507
f 2207/2394 1301/2516 1470/2722
f 1909/2801 1853/2831 1755/2714
f 1274/1951 1055/1532 1962/1908
f 1106/423 751/2735 1005/2156
f 1775/2167 474/139 2186/212
f 524/2838 1639/2819 1440/2850
f 679/1051 1005/2156 818/2730
f 2223/1987 2057/2069 668/2543
f 1980/1984 2232/2078 1676/1569
f 2156/545 1241/2840 2155/2845
f 862/1778 1952/1234 731/437
f 1428/1758 2013/2443 165/2424
f 2116/2719 2083/1013 189/2681
f 882/489 1952/1234 862/1778
f 1005/2156 679/1051 1106/423
f 148/468 1548/1476 1433/2371
f 262/1127 1510/1128 2076/1683
f 1857/1990 2038/2796 2011/2824
f 1151/2000 1491/1732 1492/1378
f 1078/756 2242/2649 1032/2709
f 2158/142 167/1627 166/198
f 2066/448 1944/9 1753/213
f 976/94 1220/106 1013/1411
f 2246/1891 2038/2796 1806/2644
f 2038/2796 1857/1990 1824/1692
f 1648/2827 1259/2851 1651/2587
f 1197/2800 1209/2461 2114/2646
f 2146/2352 998/2152 2130/2020
f 2207/2394 1277/2536 1301/2516
f 1728/2505 1532/2521 1237/2431
f 1025/2701 629/115 1983/2171
f 81/1497 2009/1495 973/2242
f 19/192 1173/193 1712/915
f 1338/1847 1237/732 1532/809
f 1087/2193 991/2192 1224/1661
f 1700/2574 636/2407 1182/2408
f 336/621 348/660 935/661
f 854/662 158/1164 314/1163
f 179/285 1225/253 87/470
f 1518/1554 1526/1739 855/1427
f 2162/751 2159/2497 834/2535
f 1087/2193 1224/1661 1112/1662
f 2081/2298 2089/1036 660/2086
f 2089/1036 2081/2298 2087/1449
f 1294/2084 620/696 887/1021
f 746/1530 1026/836 1962/1908
f 1720/2129 1618/1776 1721/2131
f 609/19 615/435 1025/2701
f 724/2154 730/2623 998/2152
f 895/1487 1411/1125 1012/1126
f 1353/1610 2187/1622 592/2388
f 1615/1734 993/1733 1452/1766
f 1281/166 1796/2642 798/2017
f 1173/2825 1551/2493 1591/2368
f 1993/1053 937/368 861/490
f 1503/432 845/2172 629/115
f 2059/138 107/168 106/2468
f 1983/2852 840/2700 1025/2698
f 1055/1532 746/1530 1962/1908
f 892/750 2162/751 834/2535
f 892/748 1576/1889 856/1886
f 89/243 983/191 1007/1848
f 1237/2853 1338/2106 1752/778
f 1752/2854 1424/758 1237/732
f 855/1427 1112/1662 1243/1663
f 166/198 1214/1833 798/2017
f 748/2856 1983/2171 845/2172
f 1061/2643 628/2857 826/2619
f 1869/1829 406/2081 710/1828
f 1187/1185 604/2697 163/1184
f 748/2855 971/2858 1438/2859
f 1551/2493 507/2491 10/2861
f 1856/1192 1866/1276 1373/1277
f 1036/384 610/2699 503/358
f 840/2700 1983/2852 787/2310
f 1074/1283 2228/1284 604/2460
f 1304/2004 968/2011 1782/2181
f 1730/1355 1471/2395 2054/2402
f 1576/1904 892/750 1715/2082
f 929/1536 164/1361 1864/2467
f 2228/1284 1491/1732 1151/2000
f 2173/1282 1270/2724 1373/1277
f 896/2863 971/2748 907/2692
f 1917/2485 1923/1445 1136/1443
f 1310/330 187/325 185/324
f 877/654 1684/1605 836/656
f 1678/53 1773/129 1785/130
f 2271/2865 1786/2864 1780/2866
f 1224/1661 991/2192 1243/1663
f 2019/1156 2023/887 1894/2755
f 2192/2867 1631/52 1678/53
f 882/489 861/490 1952/1234
f 1517/1998 1881/2601 1599/595
f 2213/1375 1820/2868 2266/2480
f 1495/1039 887/1021 1154/1019
f 2002/2658 1657/2295 1071/2292
f 2175/2869 722/1633 2207/2531
f 1894/2755 15/2756 2019/1156
f 979/1689 2100/2770 1505/1690
f 787/2310 610/2311 840/2700
f 1618/1776 1426/2132 1431/2204
f 2048/916 1712/915 1996/2870
f 1829/2772 1403/2053 1147/1096
f 1802/1586 2216/1871 1343/1544
f 1433/2371 478/2373 1565/1447
f 1880/2470 1901/1615 2126/1547
f 1782/2181 1681/2023 1304/2004
f 404/738 2222/739 1257/742
f 1745/2872 506/1862 10/1860
f 1467/2429 517/2533 1931/1513
f 821/158 1383/1306 1448/1872
f 412/708 871/707 117/240
f 1301/2516 1277/2536 1362/2844
f 1837/2250 1917/2485 1294/2084
f 2216/1871 1651/2587 1343/1544
f 198/1444 1923/1445 459/1040
f 900/1352 556/1367 547/1366
f 1752/2873 1607/779 853/1577
f 1784/2174 2220/1884 1787/1885
f 1438/2876 1027/2874 787/2310
f 1722/2232 92/1416 2140/1492
f 1694/1968 1387/1978 1477/1958
f 1606/2499 1723/818 605/380
f 1438/2859 1983/2878 748/2855
f 2239/151 1424/758 1785/130
f 900/1352 1464/1824 556/1367
f 900/1352 1544/2615 1464/1824
f 1277/2536 2056/2320 892/750
f 1614/2880 1613/2879 1765/2654
f 2216/1871 1802/1586 2164/177
f 1022/2881 1440/2850 1639/2819
f 1934/2778 1544/2615 1249/2782
f 2175/2676 2207/2394 1470/2722
f 762/2841 981/674 679/1051
f 206/2767 207/350 2147/351
f 1071/2292 1018/1129 2002/2658
f 1054/2524 1562/1012 1898/2523
f 1412/2638 637/1788 1150/1263
f 1891/2678 1388/1549 2175/2869
f 931/1791 1964/1850 732/1781
f 1678/53 775/167 2150/165
f 895/1487 163/1184 1177/1628
f 1891/2678 110/1548 1388/1549
f 1207/2104 110/1070 1891/2677
f 919/2415 1635/2266 2088/2285
f 617/1560 1956/1558 1433/2371
f 2175/2676 986/2723 1207/2104
f 1062/774 1073/475 2063/283
f 2175/2869 1388/1549 722/1633
f 1578/2159 2161/2444 1669/2212
f 201/2702 1629/2734 2209/2703
f 625/2882 626/54 1783/2099
f 640/4 891/2342 1056/70
f 224/388 434/782 1036/389
f 63/1382 1838/1595 1763/1593
f 2048/914 1683/2883 799/313
f 1996/2870 1683/2884 2048/916
f 975/2729 809/2885 762/2841
f 1943/2887 1800/2886 1816/2888
f 1353/1610 539/1939 720/2034
f 1816/2888 1780/2866 1943/2887
f 880/1907 1766/834 470/1780
f 829/84 1675/1823 1757/1397
f 645/1606 533/1566 2225/588
f 991/2192 592/2388 1243/1663
f 1549/2890 1807/2889 1943/2887
f 592/2388 2187/1622 1059/2274
f 366/683 461/813 1454/681
f 1155/665 855/1428 1326/2652
f 604/2460 1508/2846 1209/2461
f 1059/2274 597/2891 1437/700
f 1146/1528 1994/1056 1059/2274
f 1804/2001 155/2522 1151/2000
f 406/2081 850/2087 1893/1859
f 1678/53 2150/165 6/349
f 1442/1499 604/2697 1313/1288
f 1742/1965 285/1961 1377/2058
f 1492/1378 1212/1302 688/1275
f 1387/1978 1493/2177 884/1803
f 2173/1282 1373/1277 1212/1302
f 1512/2604 995/1570 2155/2845
f 1505/1690 196/2510 1972/1682
f 710/1828 406/2081 2207/2394
f 1486/1193 1423/2013 1916/1636
f 1212/1302 1373/1277 688/1275
f 1949/1377 1804/2001 1492/1378
f 1151/2000 1508/2846 2228/1284
f 1434/2894 1840/2893 2251/1555
f 86/428 868/429 492/831
f 155/2522 1508/2846 1151/2000
f 2175/2676 1470/2722 986/2723
f 1558/180 1445/1552 177/1557
f 2155/2845 1241/2840 1512/2604
f 809/2885 916/2895 939/2896
f 1006/2010 1514/2009 310/1201
f 1168/1063 1286/2026 310/1201
f 1280/1105 1189/1273 1450/2230
f 1783/2099 626/54 1631/52
f 481/605 110/1548 725/1071
f 1679/1809 1804/2001 1006/2010
f 1956/1558 148/468 1433/2371
f 310/1201 170/2025 1006/2010
f 994/1017 1051/1170 1728/1092
f 2114/2646 1508/2846 155/2522
f 1428/1758 1197/2800 2114/2646
f 628/2331 1950/2897 1759/2074
f 1591/2368 1712/2899 1173/2825
f 541/664 597/2900 2277/2806
f 541/701 1437/700 597/2891
f 2003/888 1945/1735 2023/887
f 597/2900 2065/2901 2277/2806
f 1144/1473 1145/2807 2277/2806
f 2277/2806 165/2424 541/664
f 555/1482 111/2902 1559/1527
f 751/333 222/419 183/2903
f 423/72 1890/2815 1181/2348
f 626/54 625/2882 781/346
f 1842/85 1531/1835 2249/1815
f 1019/2354 1110/1307 705/2381
f 2277/2806 2065/2901 1144/1473
f 607/339 616/343 1747/2100
f 685/1717 975/2729 804/2727
f 809/2885 975/2729 685/1717
f 2120/515 1024/1589 2128/1436
f 1145/2807 1197/2800 1428/1758
f 722/540 2199/602 1699/1914
f 1020/1387 2243/71 1038/1386
f 2243/71 1020/1387 1056/70
f 1881/2601 1517/1998 993/1305
f 1592/1402 2077/1403 2197/1455
f 710/1828 1699/1914 861/490
f 1049/433 1399/2019 708/1658
f 1603/2579 904/2465 127/757
f 937/368 493/1585 718/367
f 694/594 875/769 789/754
f 2275/1873 1746/1874 1639/2819
f 1600/2904 1607/1948 1237/2431
f 1237/2431 1745/733 1600/2904
f 2113/716 2123/2483 523/955
f 156/1565 153/2196 1815/2194
f 835/2450 1563/2451 386/2750
f 1502/2581 1950/1489 628/2898
f 2179/1640 114/2906 2177/2737
f 1182/2408 1750/2631 332/1875
f 628/2898 808/2907 1502/2581
f 787/2310 1983/2852 1438/2876
f 2245/179 1558/180 177/1557
f 2207/2394 2056/2320 1277/2536
f 986/2723 958/583 1207/2104
f 1362/2844 1626/2763 2155/2842
f 1219/1121 113/2558 1374/1434
f 808/2908 628/2857 1061/2643
f 111/2902 1300/2092 1559/1527
f 2210/1135 2149/1106 1295/1134
f 1777/2347 701/2909 697/2482
f 509/790 546/1747 945/1042
f 1666/1855 2220/1884 1784/2174
f 1502/2581 808/2907 1240/2686
f 694/594 772/234 1273/771
f 114/2906 2041/1638 1293/1551
f 2260/607 1419/608 177/1557
f 1512/2604 1241/2840 1909/2801
f 1590/1553 1000/2910 1840/2893
f 701/2909 1777/2347 726/2345
f 1590/1553 1840/2893 1445/1552
f 693/2113 1937/2596 1814/1654
f 1153/291 1529/861 1058/2195
f 837/2117 1387/2892 1425/2116
f 1441/1556 1434/2894 2251/1555
f 838/2820 1022/2881 1639/2819
f 1709/2911 1000/2910 1858/2912
f 1774/1976 2214/2208 1848/1977
f 1355/416 2276/2913 2213/1375
f 873/1719 804/2727 1487/1882
f 1590/1553 1858/2912 1000/2910
f 1549/2890 1065/2914 1807/2889
f 1162/2780 2093/2280 1305/1020
f 1502/2581 1447/1488 1950/1489
f 1998/222 633/1959 1863/2284
f 85/2557 1295/1134 632/1260
f 1752/2873 853/1577 1631/2339
f 2211/1525 2210/1135 1844/110
f 1713/2915 1065/2914 1549/2890
f 1217/1133 80/2201 2210/1135
f 1814/1654 1860/2916 693/2113
f 480/230 1258/229 1256/278
f 50/1550 2179/1640 1560/2736
f 621/1782 470/1780 1766/834
f 2276/2913 1943/2887 1780/2866
f 1027/2561 878/1876 923/1175
f 700/2921 2196/2919 1876/2148
f 2227/2922 2276/2913 1000/2910
f 2238/2924 2196/2923 700/2920
f 1061/1174 1240/2686 808/2907
f 2000/2925 2276/2913 2227/2922
f 1780/2866 2213/1375 2276/2913
f 1612/2926 1807/2889 1065/2914
f 2192/2867 1752/2854 1631/52
f 430/770 875/769 1273/771
f 2027/2712 835/2450 1755/2720
f 1000/2910 1709/2911 2227/2922
f 1445/1552 1840/2893 1434/2894
f 1355/416 1840/2893 2276/2913
f 703/2597 2200/1712 759/2376
f 1583/417 1840/2893 1355/416
f 1434/2894 177/1557 1445/1552
f 1494/1327 1240/2686 878/2687
f 2251/1555 1840/2893 1583/417
f 1369/2927 845/2172 860/2826
f 1943/2887 2000/2925 1549/2890
f 1035/2628 2273/2544 1665/2627
f 1441/1556 2278/642 2260/607
f 1441/1556 177/1557 1434/2894
f 1369/2927 748/2856 845/2172
f 896/2863 907/2692 897/2928
f 1027/2874 923/2918 787/2310
f 1752/2854 2192/2867 1424/758
f 1840/2893 1000/2910 2276/2913
f 845/2172 1503/432 925/1657
f 2192/2867 1785/130 1424/758
f 1785/130 2192/2867 1678/53
f 787/2313 1460/2930 503/358
f 835/2670 565/2671 1512/2604
f 1125/1526 1559/1527 1300/2092
f 1438/2875 971/2860 896/2862
f 702/2818 1948/2808 1793/2683
f 2028/2479 1743/613 1702/619
f 1649/2008 2195/2811 2233/1687
f 2028/2479 1360/611 1743/613
f 1923/1445 1917/2485 1837/2250
f 1670/1670 26/2093 2106/2085
f 1820/2868 1553/2931 2042/2932
f 1172/612 1360/611 1171/2933
f 1162/2780 1305/1020 1248/1022
f 50/2917 5/1217 1536/1310
f 2235/2934 2010/2610 2237/2935
f 2265/1647 2252/2290 777/1485
f 1360/611 2028/2479 2266/2480
f 1275/2684 2265/2821 910/1648
f 958/583 986/2723 1389/586
f 1553/2931 1786/2864 2042/2932
f 114/2906 2179/1640 2041/1638
f 1387/2892 837/2117 1493/2936
f 1806/2644 2085/772 2246/1891
f 807/2937 1702/619 1912/623
f 1889/2938 111/2902 555/1482
f 1566/1079 2095/2281 1649/2007
f 1945/1735 1894/2755 2023/887
f 1369/2927 860/2826 1075/2691
f 1330/493 495/1619 1275/2029
f 1820/2868 1171/2933 1360/611
f 883/2184 1946/1424 1327/261
f 1075/2691 860/2826 256/1148
f 738/2939 957/2235 728/2430
f 656/1655 1189/1273 1821/1742
f 964/74 1476/304 1223/643
f 1536/1310 2179/1639 50/2917
f 1360/611 2266/2480 1820/2868
f 1191/889 1927/2265 1572/1205
f 1702/619 807/2937 2266/2480
f 620/696 1248/1022 887/1021
f 1171/2933 1820/2868 1731/2940
f 867/2693 1075/2691 870/1146
f 2266/2480 2256/415 2213/1375
f 807/2937 1583/417 2256/415
f 472/2091 1300/2092 1052/2276
f 1781/2805 2236/2262 2008/2260
f 1494/1327 1502/2581 1240/2686
f 2247/2768 1851/2941 858/1151
f 2037/2502 1851/2503 2247/2942
f 2213/1375 1553/2931 1820/2868
f 1203/1705 917/1418 1401/1417
f 1560/2736 773/485 50/1550
f 2221/2346 1888/2943 726/2345
f 726/2345 523/955 701/2909
f 878/2687 1302/2689 1337/1147
f 1780/2866 118/2944 2271/2865
f 752/2645 1277/2536 834/2535
f 878/2687 1337/1147 1494/1327
f 855/1428 1155/665 1255/663
f 1302/2945 878/1876 1184/1877
f 114/2906 1293/1551 773/485
f 627/1635 1274/1951 946/1113
f 2041/1638 1280/1105 1293/1551
f 2213/1375 1780/2866 1553/2931
f 1193/1292 1852/1836 1521/1291
f 651/316 1747/2100 616/343
f 1085/512 1121/2293 820/256
f 1211/450 1638/201 2014/775
f 827/1325 1344/977 584/1248
f 697/2482 701/2909 523/955
f 1280/1105 2051/1250 2070/1107
f 2267/2036 1033/2799 1035/2628
f 1543/1600 2116/1601 2139/2947
f 2273/2544 1035/2628 1033/2799
f 897/2928 907/2692 867/2693
f 1027/2561 812/2948 1179/1878
f 1896/2951 1921/2609 1883/2607
f 867/2953 1179/1879 812/2950
f 781/346 775/167 1678/53
f 1614/2880 1765/2654 485/2672
f 1238/1966 1681/2023 1782/2181
f 544/1609 1033/2799 1750/2631
f 745/1150 1851/2941 2035/1830
f 2163/1613 113/2558 1219/1121
f 1165/2344 1164/1153 1953/1521
f 118/2944 1816/2888 1800/2886
f 2186/2114 2052/32 1775/33
f 119/1511 1501/1626 1940/1362
f 1800/2886 1612/2926 1614/2880
f 1253/2413 1195/1483 488/2239
f 1345/2072 2163/1612 1500/1611
f 1612/2926 1800/2886 1807/2889
f 904/2465 2240/2738 201/2702
f 1747/2100 1381/2337 851/1229
f 1614/2880 118/2944 1800/2886
f 1611/2956 1614/2880 1612/2926
f 812/2957 1027/2949 897/2929
f 2140/1492 2125/1493 1722/2232
f 1113/2215 1738/2190 1776/2679
f 6/349 2150/165 1281/166
f 1379/2959 828/2958 2174/2123
f 1551/2493 1610/2437 1591/2368
f 1052/2276 2095/2281 1307/1078
f 386/2746 261/2822 835/2670
f 1061/2688 923/1175 878/1876
f 118/2944 1780/2866 1816/2888
f 1783/2099 651/316 619/2961
f 867/2953 1302/2962 1184/2946
f 867/2693 870/1146 1302/2689
f 812/2954 897/2928 867/2693
f 1995/2222 1726/2226 2143/2221
f 1211/450 2067/1563 2066/448
f 798/2017 2135/2018 1281/166
f 2019/1156 15/2756 1217/2761
f 1912/623 174/624 985/994
f 1656/2426 514/1474 80/2201
f 1184/2946 1179/1879 867/2953
f 971/2748 748/2856 1369/2927
f 740/2963 1996/2870 1712/915
f 1381/2337 1996/2870 740/2963
f 1948/2808 1746/1874 2267/2036
f 118/2741 2008/2739 2271/2261
f 1617/2964 261/2822 1655/2751
f 1214/1937 1011/1938 1265/2528
f 759/2376 1937/1651 703/2597
f 1598/1298 1271/1988 1619/1297
f 2237/2935 2010/2610 1921/2609
f 738/2939 1935/2236 957/2235
f 728/2430 1936/2213 738/2939
f 459/1040 1495/1039 198/1444
f 1495/1039 1154/1019 501/2356
f 1617/2964 1613/2879 1611/2956
f 261/2822 1617/2964 1612/2926
f 1783/2099 619/2961 622/2966
f 873/1719 1418/2590 1242/1718
f 2135/2018 1214/1833 1265/2965
f 802/2967 1902/2648 1543/1600
f 15/2756 1970/720 2105/464
f 1923/1445 1837/2250 459/1040
f 1781/2805 2008/2260 485/2740
f 1109/1543 1259/2851 2034/2529
f 1617/2964 1813/2031 1613/2879
f 1620/2591 1418/2590 873/1719
f 1629/2734 1813/2031 1617/2964
f 1765/2654 1613/2879 1813/2031
f 1305/1020 2093/2280 1052/2276
f 1883/2952 1201/2565 1896/2463
f 1630/2032 1813/2031 1629/2734
f 1311/1308 723/473 1703/319
f 1378/2481 1124/2774 1158/2743
f 1651/2587 2125/1493 649/1494
f 1651/2587 2216/1871 2171/1870
f 742/2707 2199/602 2182/634
f 1871/537 342/1031 396/522
f 622/2966 625/2882 1783/2099
f 240/405 308/548 1933/404
f 2138/1415 2034/2529 1185/1414
f 1300/2092 111/2902 1154/1019
f 2095/2281 1566/1079 1307/1078
f 1136/1443 1670/1670 1917/2485
f 1712/2899 727/2228 1910/1646
f 19/192 1712/915 1557/913
f 1418/2590 1269/2585 1230/2968
f 2068/2530 483/2061 2183/1102
f 1700/2574 1490/2575 1322/2695
f 2050/2452 835/2450 2027/2712
f 1670/1670 1992/1671 26/2093
f 876/806 1230/2968 1269/2585
f 876/806 1430/1385 1624/1068
f 1765/2654 1813/2031 1688/1296
f 2067/1563 2014/775 1647/164
f 1712/915 1910/1231 740/2963
f 2078/1963 2021/1507 2036/1508
f 1629/2734 1617/2964 341/2745
f 1059/2274 1994/1056 597/2891
f 804/2727 873/1719 685/1717
f 1005/2726 1143/2605 826/2659
f 2240/1295 904/2464 1693/1294
f 2042/2932 1731/2940 1820/2868
f 1613/2879 1614/2880 1611/2956
f 880/1907 946/1113 1274/1951
f 2042/2932 1786/2864 2271/2865
f 649/1494 2140/1492 869/1849
f 2034/2529 2160/2847 1185/1414
f 869/1849 1185/1414 2160/2847
f 64/1319 1877/1463 130/2790
f 2256/415 2266/2480 807/2937
f 1981/1335 777/1485 1252/1336
f 2094/1470 1994/1056 1086/1057
f 728/2430 1960/1957 1936/2213
f 1369/2927 1075/2691 971/2748
f 685/1717 1242/1718 1230/2968
f 1423/2013 310/1201 1514/2009
f 1668/2586 1269/2585 1418/2590
f 2035/1830 1851/2941 1563/2451
f 2264/2180 1583/417 807/2937
f 1851/2941 745/1150 858/1151
f 876/806 1236/1069 1230/2968
f 851/1229 1381/2337 740/2963
f 1230/2968 1242/1718 1418/2590
f 130/2789 1900/1180 497/1604
f 685/2970 1140/2537 916/2969
f 1230/2968 1236/1069 1130/1583
f 2024/59 2053/60 2052/32
f 2079/1357 2195/1686 2193/1726
f 1900/1180 130/2789 1877/1465
f 1462/492 1330/493 1083/290
f 674/113 781/346 622/2966
f 685/1717 1230/2968 1130/1583
f 1454/681 1459/2478 1606/2499
f 792/2416 1053/2640 1635/2266
f 953/1145 1088/2538 232/2539
f 625/2882 622/2966 781/346
f 232/1142 1140/2540 1130/1583
f 1357/318 2208/2111 2025/320
f 2084/532 1062/531 1091/2764
f 10/2861 507/2491 1745/2871
f 1788/2757 927/1974 1261/563
f 1140/2537 909/1242 916/2969
f 893/1101 659/1144 1788/1067
f 779/2209 795/2255 814/2257
f 2174/2120 2097/2121 1727/1504
f 2264/2180 807/2937 985/994
f 1402/641 2251/1555 552/640
f 1305/1020 1052/2276 1154/1019
f 2174/2120 1727/1504 803/1564
f 1088/1240 953/1100 952/1239
f 775/167 1796/2642 1281/166
f 2071/1440 2138/1415 92/1416
f 1810/2542 1484/1986 1735/83
f 2095/2281 2093/2280 1162/2780
f 1708/1980 339/1799 483/2061
f 830/7 1029/434 913/241
f 1427/2513 977/2512 2239/2435
f 389/507 342/1031 1871/537
f 1404/1421 1422/1339 2217/2366
f 2054/2402 2152/2176 1493/2177
f 2250/2179 552/640 2251/1555
f 1265/2528 2138/1415 2071/1440
f 1961/1820 1954/1230 2162/1822
f 2234/650 2182/634 2199/602
f 1185/1414 2140/1492 92/1416
f 923/1173 1097/337 1460/2930
f 1259/2851 1109/1543 1343/1544
f 896/2862 897/2929 1027/2949
f 982/1817 1797/1244 1997/2220
f 1460/2930 787/2313 923/1173
f 985/994 2250/2179 2264/2180
f 1995/2222 690/1245 1791/1046
f 1075/2691 256/1148 870/1146
f 685/1717 916/2895 809/2885
f 1815/2194 122/2248 156/1565
f 1199/685 221/807 180/2971
f 1912/623 985/994 807/2937
f 792/2828 1841/1578 1593/2105
f 919/2415 1841/2592 792/2416
f 1996/2870 1381/2337 1683/2884
f 63/1383 1222/1537 1838/1535
f 749/554 750/555 847/753
f 1931/1513 585/2578 127/757
f 496/651 552/640 2250/2179
f 2035/1830 2117/1831 745/1150
f 960/717 1004/718 699/2423
f 2124/2075 1461/2625 1759/2077
f 970/361 1097/337 978/2848
f 267/466 87/470 1580/465
f 1104/2594 914/312 799/313
f 1199/685 965/2663 1223/643
f 1750/2631 1033/2799 2267/2036
f 1997/2220 2143/2221 982/1817
f 745/1138 2121/1588 1878/1140
f 183/2903 191/332 751/333
f 629/115 1025/2701 615/435
f 1713/2915 565/2671 1808/2669
f 1549/2890 2000/2925 1858/2912
f 1460/2930 970/361 503/358
f 1354/719 1481/2758 2263/463
f 978/2848 74/362 970/361
f 1097/337 970/361 1460/2930
f 2000/2925 1709/2911 1858/2912
f 565/2671 1713/2915 996/2972
f 1858/2912 1590/1553 996/2972
f 742/2707 2069/631 741/1136
f 1549/2890 1858/2912 996/2972
f 1713/2915 1549/2890 996/2972
f 740/2963 1910/1231 851/1229
f 1713/2915 1808/2669 1065/2914
f 1027/2949 1438/2875 896/2862
f 631/576 696/1737 764/1233
f 1791/1046 1836/109 1656/2426
f 980/2547 655/2545 1072/2328
f 1943/2887 2276/2913 2000/2925
f 2227/2922 1709/2911 2000/2925
f 2079/1357 1085/512 820/256
f 977/2434 1117/1441 506/2436
f 762/2841 809/2885 981/674
f 1074/1283 821/158 2173/1282
f 1146/1528 1163/1374 1886/1058
f 1809/1439 1790/2224 1117/1441
f 1201/2565 1883/2952 485/2634
f 1786/2864 1553/2931 1780/2866
f 1459/2478 921/814 1723/818
f 1773/129 1427/2973 56/131
f 6/349 1968/2830 1773/129
f 1639/2819 1746/1874 702/2818
f 1746/1874 1948/2808 702/2818
f 2125/1493 2102/2306 1722/2232
f 1750/2631 2267/2036 332/1875
f 1874/504 1915/1422 2217/2366
f 1828/2976 585/2399 711/2400
f 960/717 1948/2808 1665/2627
f 2168/1694 2156/2843 1626/2763
f 230/1631 1575/1629 1081/1721
f 981/674 1196/321 178/322
f 1690/2323 1672/2321 2274/2324
f 1562/1012 1008/2527 1616/2304
f 520/755 1078/756 1032/2709
f 674/113 175/315 169/114
f 1467/2429 520/755 518/2370
f 1781/2977 2010/2610 2235/2934
f 690/1245 1995/2222 1733/2441
f 371/510 974/309 1199/685
f 501/2356 2255/2214 2096/2350
f 1849/2979 1860/2978 1111/1888
f 752/2645 2159/2497 1579/1644
f 2034/2529 1259/2851 2160/2847
f 834/2535 2159/2497 752/2645
f 1656/2426 1726/2226 1995/2222
f 809/2885 939/2896 981/674
f 1686/2675 636/2407 1700/2574
f 1126/237 1410/1265 1247/838
f 803/2115 1425/2116 2174/2271
f 1199/685 974/309 951/2980
f 1933/404 1796/2642 775/167
f 1579/1644 1806/2251 752/2645
f 1416/244 123/236 121/2981
f 981/674 939/2896 956/2982
f 956/2982 916/2895 909/1241
f 1322/2695 1490/2575 1032/2709
f 80/2762 15/2756 1161/474
f 1527/521 1133/1376 1089/156
f 963/29 1930/22 1366/1353
f 939/2896 916/2895 956/2982
f 501/2356 1646/1359 2255/2214
f 1081/1721 2247/2731 2049/1839
f 1379/2983 2174/2960 706/2272
f 956/2982 1196/321 981/674
f 501/2356 1154/1019 1889/2938
f 798/2017 1933/404 2181/549
f 1889/2938 555/1482 1646/1359
f 2094/1470 2065/1472 1994/1056
f 956/2982 951/2980 974/309
f 588/127 126/252 125/128
f 1968/2830 2135/2018 1265/2965
f 1064/2753 1050/2754 1673/2769
f 1372/1539 1050/2754 1682/2752
f 995/2515 1301/2516 1362/2844
f 802/2967 859/2606 1902/2648
f 479/2661 859/2606 802/2967
f 1968/2975 2071/2514 1773/2974
f 1910/1646 727/2228 1579/1644
f 479/2661 1748/2718 1575/2708
f 1797/1244 1733/2441 1997/2220
f 1652/2694 2261/2690 2046/2705
f 1773/2974 2071/2514 1427/2513
f 2123/2483 2219/2823 697/2482
f 6/349 1281/166 2135/2018
f 1431/2204 1850/2205 1721/2131
f 1700/2574 1322/2695 1686/2675
f 56/131 1427/2973 2239/151
f 1154/1019 111/2902 1889/2938
f 965/2663 951/2980 1268/2662
f 1581/2027 1673/2769 1050/2754
f 1600/1186 1745/2905 507/2494
f 1574/2560 1834/2124 1621/2554
f 506/2436 1745/2871 2239/735
f 1826/1741 1567/1915 149/737
f 2018/2809 2144/1568 2232/2078
f 781/346 418/903 159/347
f 1193/1292 1682/2752 2254/2759
f 92/1416 1722/2232 982/1817
f 2001/1290 1521/1291 2115/2067
f 909/1241 952/1239 956/2982
f 1652/2694 1322/2695 2058/2650
f 685/1717 1130/1583 1140/2540
f 909/1242 1140/2537 1088/2538
f 1610/2437 1551/2493 10/2861
f 1889/2938 1646/1359 501/2356
f 1343/1544 1651/2587 1259/2851
f 1948/2808 2267/2036 1665/2627
f 757/2744 1251/2108 2088/2109
f 1264/1358 1646/1359 555/1482
f 1223/643 965/2663 1347/2664
f 886/1221 864/1983 566/1220
f 1268/2662 951/2980 956/2982
f 1211/450 2014/775 2067/1563
f 673/2440 669/2068 1218/2322
f 1032/2709 2058/2650 1322/2695
f 2160/2847 1259/2851 1648/2827
f 1461/1581 657/2473 949/1580
f 1791/1046 1656/2426 1995/2222
f 951/2980 965/2663 1199/685
f 705/2381 1810/2542 214/2364
f 956/2982 952/1239 953/1100
f 10/2861 676/1861 1610/2437
f 956/2982 953/1100 1268/2662
f 2152/2176 920/2391 884/1803
f 485/2742 118/2741 1614/2955
f 2139/2947 802/2967 1543/1600
f 823/1653 2206/1774 1111/1888
f 1268/2662 953/1100 893/1101
f 1065/2914 1808/2669 261/2822
f 261/2822 1808/2669 835/2670
f 819/2210 1141/2985 795/2255
f 161/307 315/562 1298/134
f 1740/1969 1141/2985 819/2210
f 479/2661 802/2967 2139/2947
f 1199/685 180/2971 157/686
f 1223/643 1476/304 1279/305
f 2194/1584 2131/1054 1228/1137
f 1065/2914 261/2822 1612/2926
f 1111/1888 2040/2296 1849/2979
f 1218/2322 1271/1988 2274/2324
f 622/2966 619/2961 674/113
f 674/113 619/2961 651/316
f 1738/2190 1426/2188 770/2133
f 1688/1296 1630/2032 2240/2738
f 64/1316 1094/1999 2009/1495
f 1261/2680 964/74 1347/2664
f 1403/2053 1187/2054 1761/1098
f 1662/2656 904/2465 1603/2579
f 514/1474 1656/2426 1836/109
f 1078/756 127/757 904/2465
f 148/468 1956/1558 1778/467
f 1655/2751 341/2745 1617/2964
f 1032/2709 1701/2369 520/755
f 1611/2956 1612/2926 1617/2964
f 139/1118 1798/1117 586/1110
f 974/309 1196/321 956/2982
f 1981/1335 944/1333 328/1412
f 1683/2884 1381/2337 799/2595
f 1536/1310 827/1324 584/1251
f 887/1021 459/1040 1837/2250
f 1450/2230 1293/1551 1280/1105
f 2190/1450 817/1451 1545/2559
f 2131/1054 741/1136 1228/1137
f 1407/1425 1422/1339 1404/1421
f 1510/1128 859/2606 2076/1683
f 816/2203 929/2803 729/2243
f 1111/1888 1860/2978 1814/2254
f 1734/2318 84/1912 1535/2816
f 1795/2446 1618/1776 2206/1774
f 1314/2986 1970/720 1539/2987
f 84/1912 1570/1617 1539/2987
f 1170/526 1327/265 132/264
f 562/592 1093/1223 772/234
f 1898/2523 1534/2526 1054/2524
f 1415/181 1512/2604 565/2671
f 1354/719 924/1618 1481/2758
f 924/1618 1604/1910 1480/744
f 1570/1617 1354/719 1314/2986
f 1286/2026 1643/1189 1333/1187
f 2103/457 1463/455 2044/413
f 1539/2987 1570/1617 1314/2986
f 1558/180 1415/181 1590/1553
f 1927/2264 113/2558 2163/1613
f 1345/2072 1142/1954 1344/1109
f 1293/1551 1450/2230 1325/486
f 1548/1476 997/596 2212/1982
f 1841/1575 799/2595 1381/2337
f 1425/2116 1387/2892 1694/2877
f 1366/1353 739/1372 963/29
f 1295/1134 85/2557 1927/2264
f 1994/1056 2065/1472 597/2891
f 1098/2150 373/1453 1458/741
f 2107/1934 2091/1935 766/2329
f 1010/1346 2258/2237 1233/2229
f 1279/305 154/73 152/1684
f 1877/1465 1296/1464 1900/1180
f 1914/1607 915/1608 1008/2527
f 84/1912 1734/2318 1570/1617
f 2231/2278 1010/1346 1915/1344
f 1877/1463 64/1319 1012/1317
f 2073/1852 831/2038 643/118
f 130/2790 1094/1479 64/1319
f 1747/2100 1783/2099 1381/2337
f 996/2972 1590/1553 1415/181
f 1574/597 2212/1982 997/596
f 1415/181 565/2671 996/2972
f 1372/1539 1682/2752 1193/1292
f 1535/2816 1852/1836 1193/1292
f 479/2661 2139/2947 2116/1601
f 1161/2418 1656/2426 80/2201
f 84/1912 1852/1836 1535/2816
f 85/2557 113/2558 1927/2264
f 1719/57 84/1912 1539/2987
f 2134/1139 2049/1838 858/1151
f 1194/56 1539/2987 1970/720
f 332/1875 1700/2574 1182/2408
f 1707/2495 1901/1615 1892/2469
f 1539/2987 1194/56 1719/57
f 1719/57 1594/1696 84/1912
f 773/485 2177/2737 114/2906
f 1750/2631 915/1608 544/1609
f 2016/1095 1453/2384 2007/2385
f 1807/2889 1800/2886 1943/2887
f 2210/1135 2211/1525 1280/1105
f 1107/1373 857/1329 895/1487
f 1493/2936 837/2117 2054/2360
f 1819/2163 2188/2223 1822/1369
f 478/2373 1433/2371 1698/1104
f 1314/2986 1354/719 1970/720
f 547/1366 319/125 943/945
f 1277/2536 752/2645 1626/2763
f 1687/1602 1501/1623 1898/2523
f 1770/214 2059/138 2189/1024
f 1416/244 1410/1265 1126/237
f 2101/2517 1340/2421 2161/2444
f 1195/1481 555/1482 1559/1527
f 851/1229 1954/1230 1606/2499
f 398/461 1941/460 1331/729
f 1716/2569 1452/2506 1704/2317
f 1606/2499 605/380 851/1229
f 764/1233 1229/1232 734/699
f 1603/2579 1896/2657 1662/2656
f 1900/1180 1296/1464 1163/1374
f 1479/1478 130/2789 497/1604
f 1467/2429 127/757 520/755
f 761/575 764/1233 734/699
f 742/2707 741/1136 2131/1054
f 1117/1441 977/2434 2071/1440
f 2040/2296 719/2130 1849/2979
f 317/648 403/736 905/647
f 1634/55 2003/888 144/1985
f 1506/1695 1594/1696 1719/57
f 1255/709 5/710 50/1550
f 1306/174 1342/287 150/175
f 1970/720 1945/1735 1194/56
f 1135/2988 913/2403 2020/2404
f 1344/977 2051/1250 584/1248
f 1634/55 1194/56 1945/1735
f 1952/1234 937/368 717/366
f 2131/1054 2199/602 742/2707
f 1900/1180 1198/1181 497/1604
f 167/1542 1109/1543 1011/1938
f 789/754 790/752 926/1066
f 1581/2027 1050/2754 1372/1539
f 168/1484 1981/1335 328/1412
f 1086/1057 1200/1865 2094/1470
f 765/670 2012/1165 2229/1773
f 1225/1783 1371/1343 1401/2066
f 1585/906 1098/2150 1317/1423
f 1659/1634 710/1828 861/490
f 1265/2528 2071/1440 1968/2984
f 168/1484 777/1485 1981/1335
f 771/78 2153/64 2080/2175
f 1011/1938 1109/1543 2034/2529
f 1486/1193 310/1201 1423/2013
f 1077/2612 1978/393 634/2128
f 212/357 503/358 970/361
f 226/1956 1587/1892 1588/297
f 727/2228 1712/2899 1591/2368
f 456/801 811/233 53/568
f 455/2165 800/2170 1400/2211
f 901/1669 198/1444 2270/2118
f 248/411 325/581 1208/50
f 1070/1287 1313/1288 1200/1865
f 810/1598 989/2357 1334/1597
f 1701/2369 518/2370 520/755
f 1146/1528 1059/2274 2187/1622
f 2094/1470 1200/1865 1654/1469
f 571/2041 801/1523 1363/2666
f 1768/2582 1162/2780 1689/697
f 656/1655 515/2241 559/1656
f 559/1433 515/2240 45/1429
f 559/1433 990/1430 989/2787
