# 3370 vertices, 6089 faces
mtllib Tile_+001_+004.mtl
v 370.2903 826.4961 49.05819
v 370.719 826.2934 49.45097
v 400.193 799.91 33.05304
v 391.3739 810.1516 59.89604
v 349.503 802.6214 44.84095
v 388.8499 811.017 57.17822
v 368.2611 827.0834 41.44773
v 400.193 800.0313 33.67156
v 368.3824 827.1012 42.42683
v 396.3467 806.0756 57.5638
v 360.3915 842.9773 38.22751
v 390.874 810.394 58.70753
v 389.3298 810.7891 56.6908
v 397.2821 806.0568 56.83415
v 395.1032 807.5837 45.98086
v 361.3288 844.4871 48.35719
v 388.3628 811.6524 55.36481
v 360.189 842.7141 50.54896
v 394.7628 807.7656 46.87345
v 351.0799 845.3492 39.24289
v 351.5428 844.9436 39.69309
v 388.5242 815.0932 80.20039
v 360.7765 843.3397 43.42385
v 360.9366 843.6345 42.70986
v 361.8467 845.1758 45.73339
v 352.5557 843.8365 42.41652
v 381.4208 819.4155 48.05945
v 377.3515 821.0552 46.42916
v 347.5525 803.6527 44.03876
v 377.1652 821.835 68.32355
v 378.7233 820.6487 50.84995
v 379.0565 820.3651 50.68314
v 380.8987 819.9933 46.18014
v 388.5053 813.885 76.09146
v 393.3777 809.1307 56.44759
v 377.6683 820.8231 41.28057
v 393.7684 808.8787 55.85729
v 378.4585 820.3018 50.08333
v 400.193 799.989 33.43458
v 391.1557 810.3752 58.11973
v 379.9741 819.9748 49.52334
v 379.2031 820.1294 49.91315
v 400.193 804.6123 69.68926
v 379.8389 820.0059 49.05835
v 369.6279 825.9128 54.66488
v 391.1159 810.4065 56.41048
v 356.3524 809.3748 44.06728
v 356.8237 809.7451 44.1082
v 376.129 821.4824 41.44806
v 381.6746 819.1485 40.2406
v 383.2042 818.2769 41.27791
v 400.193 804.6108 67.16753
v 395.293 806.6761 54.47261
v 368.478 805.1286 35.26283
v 394.6305 808.2045 49.55823
v 374.4386 822.8858 41.98615
v 395.1627 806.8008 64.96964
v 354.3955 837.2065 36.07013
v 392.4537 809.2754 38.35814
v 357.3034 836.3029 37.28983
v 383.8556 817.9661 46.75365
v 389.15 811.03 42.32638
v 388.5822 811.7838 47.00895
v 388.5026 811.5675 46.46078
v 387.8675 817.8728 38.96272
v 385.7388 818.8147 39.96513
v 378.0194 820.6849 50.44436
v 394.7836 806.9142 40.09083
v 390.53 810.4513 55.08206
v 384.0482 818.1544 51.65689
v 384.5154 818.9444 51.56517
v 371.486 825.6975 56.44526
v 391.519 810.2097 57.06897
v 365.7313 806.5283 44.65411
v 347.7993 803.5274 42.52948
v 393.6139 808.9306 54.53559
v 394.0383 808.6757 53.81524
v 397.7832 805.5965 56.51736
v 394.2894 808.3506 53.90619
v 396.7319 806.0216 64.3242
v 400.193 804.577 67.31666
v 397.3322 805.9133 46.71069
v 395.9555 806.4558 49.97778
v 394.7672 807.055 49.88107
v 384.792 819.1606 51.73483
v 391.0316 810.5766 46.82257
v 391.2309 810.5047 47.41014
v 389.4513 810.896 40.31083
v 396.9292 806.0374 47.95952
v 397.6226 805.752 45.68398
v 400.193 804.5975 67.23547
v 394.7349 808.0121 53.09736
v 380.3554 820.144 40.73742
v 384.5518 818.2012 39.71076
v 384.1404 817.9021 39.6059
v 384.3767 818.1883 39.25289
v 400.193 804.4889 67.84856
v 393.5366 808.9388 53.2767
v 395.0657 806.9115 48.03534
v 392.3077 809.8128 51.24522
v 390.7743 810.5671 42.8572
v 390.3229 810.5016 43.32983
v 400.193 804.4689 48.72653
v 391.4902 810.3045 54.53762
v 394.5352 808.2667 50.53465
v 392.5113 809.7189 51.69957
v 367.2709 805.6429 45.39043
v 368.3696 805.2683 45.51512
v 400.193 804.4911 47.79234
v 379.8996 820.0291 53.30116
v 390.1232 810.526 57.67161
v 394.677 806.9991 40.84381
v 395.2839 807.977 49.00313
v 394.5348 808.3313 49.48312
v 394.6399 809.5488 80.42187
v 400.193 804.4232 67.9285
v 400.193 804.4338 76.32467
v 400.193 804.4541 52.06536
v 390.5641 810.4718 57.36164
v 395.7918 806.3924 56.68748
v 391.4483 810.3165 55.41883
v 400.193 804.439 52.39084
v 391.2549 810.4218 47.79134
v 400.193 804.4552 65.93645
v 400.193 804.5198 66.57776
v 395.8618 806.4414 64.43268
v 368.9611 826.6809 47.98918
v 390.7414 810.4562 52.24264
v 384.0183 818.2263 50.75866
v 400.193 804.4753 66.57607
v 400.193 804.4765 66.53392
v 384.1383 818.1809 50.35538
v 389.9978 810.9688 78.9655
v 392.9632 819.643 83.75404
v 369.8019 825.7421 52.95362
v 390.907 810.5179 47.499
v 371.8088 825.6264 45.92104
v 371.1514 826.0331 45.46673
v 379.6588 820.0377 46.51185
v 379.6912 820.0132 47.11082
v 395.1793 806.8426 54.44638
v 350.5327 801.9846 44.70945
v 350.2869 803.1656 44.93337
v 378.931 820.3825 53.92574
v 371.0387 803.2845 45.03733
v 398.0113 806.3969 57.45118
v 392.1446 809.9022 50.88953
v 349.1753 802.8517 44.72016
v 369.4143 827.2264 69.10429
v 391.8519 809.8516 65.42221
v 392.7837 809.5179 50.99219
v 394.4375 808.4784 64.84739
v 397.0214 806.0394 45.85989
v 397.2466 806.0897 45.64049
v 400.193 804.4492 66.03981
v 390.8359 810.4845 52.42363
v 391.0283 810.4583 53.00614
v 372.3565 825.2184 45.46627
v 400.193 804.9042 81.2487
v 400.193 804.6135 79.03233
v 390.7502 810.5048 50.6192
v 384.6431 819.2211 46.1978
v 373.0536 824.5381 47.06708
v 396.0725 806.3074 57.99595
v 400.193 804.7607 79.90765
v 391.5117 810.2754 53.79449
v 391.8234 810.009 53.6407
v 391.5946 810.2957 50.30116
v 400.193 804.4184 55.6707
v 360.5257 843.9214 47.05548
v 350.598 845.6695 42.31762
v 379.6953 819.9954 42.67564
v 371.3279 825.8076 55.75823
v 357.2296 837.0377 37.38368
v 388.5352 811.4802 43.3819
v 351.6549 844.7268 42.54111
v 400.193 804.4831 62.04821
v 360.5554 842.8458 46.45583
v 359.7775 842.7071 46.90823
v 400.193 804.5377 61.87054
v 385.7405 818.635 50.52412
v 400.193 804.5353 61.57307
v 390.9042 812.3573 81.26674
v 400.193 804.7198 39.37565
v 350.0359 803.1276 44.90293
v 390.5566 810.5257 44.27075
v 348.6074 846.2543 47.19973
v 374.6137 822.3801 47.43131
v 390.8454 810.4173 53.86523
v 390.5076 810.5585 53.14149
v 391.9032 810.0747 52.17964
v 394.9153 808.1665 54.91847
v 397.0651 806.1307 44.93887
v 394.709 808.1517 50.92706
v 400.193 804.6622 39.20568
v 390.877 810.3367 60.1608
v 400.193 804.4893 59.59462
v 395.2689 807.4472 49.25829
v 396.4109 806.2456 54.16042
v 400.193 804.4422 76.29932
v 393.8442 808.794 53.72303
v 371.5204 825.6259 38.85541
v 400.193 804.711 75.67917
v 395.0289 807.984 60.60243
v 394.4578 819.5901 83.27547
v 391.8577 810.1009 47.85543
v 376.0614 821.6727 48.93548
v 400.193 804.4492 76.28511
v 400.193 804.5642 64.91804
v 400.193 804.4926 65.03369
v 400.193 804.4621 65.55816
v 400.193 804.5047 60.54889
v 394.4281 808.3523 50.11453
v 400.193 804.5061 60.48782
v 381.2511 821.8071 78.43524
v 379.2596 820.185 52.68351
v 390.4706 810.487 55.93601
v 390.5604 810.5394 45.9861
v 391.9662 810.0747 50.35687
v 400.193 804.4356 52.65699
v 392.8294 809.5056 44.25851
v 350.5543 845.5365 36.43904
v 396.9274 806.0777 49.09214
v 372.3086 825.1831 54.93785
v 400.193 804.4361 53.05713
v 396.6995 806.1168 49.20909
v 394.9219 807.0195 47.60584
v 347.2114 803.7365 39.38864
v 400.193 804.4365 53.37492
v 400.193 804.4648 51.89721
v 355.656 811.2458 44.2016
v 400.193 804.726 75.64094
v 360.4733 842.6886 50.87762
v 400.193 804.4194 74.58992
v 394.8978 808.1308 61.44009
v 388.311 812.2008 55.85033
v 387.4325 815.2053 54.67427
v 388.2451 811.7545 53.10612
v 392.7803 814.5917 84.1713
v 400.193 804.3973 74.80862
v 396.8444 805.9097 54.23098
v 400.193 804.3548 74.13245
v 394.7145 810.5087 81.46139
v 373.3625 824.2328 53.02091
v 400.193 804.4443 71.33807
v 375.5161 822.3776 53.68328
v 400.193 804.4536 71.43957
v 390.2168 810.6774 52.52799
v 400.193 804.4645 62.26696
v 400.193 804.4805 63.03859
v 354.6289 843.0298 50.07092
v 400.193 804.508 72.41718
v 392.0821 810.007 49.81961
v 380.3711 819.7571 52.67343
v 384.1172 818.2284 54.2584
v 400.193 804.4907 71.63017
v 396.1797 806.4112 48.92343
v 400.193 804.5543 72.19382
v 400.193 804.5228 72.62892
v 400.193 804.4273 67.94841
v 355.9112 843.1364 36.48488
v 351.6464 844.9965 34.65183
v 352.5533 844.9167 37.5732
v 390.0303 810.7692 39.29858
v 400.193 805.0328 82.2308
v 372.773 825.1289 56.83877
v 398.723 805.0998 71.71751
v 400.193 805.0092 82.09344
v 395.6066 818.7023 84.02874
v 385.0885 818.6187 57.6425
v 400.193 804.4615 77.37841
v 385.6587 818.7915 47.77464
v 396.5899 816.2356 84.17238
v 400.193 804.437 76.368
v 400.193 804.4072 77.0603
v 381.9386 819.4254 49.0076
v 394.9497 808.1075 49.28528
v 400.193 804.719 75.57718
v 400.193 804.4614 77.38129
v 391.8502 809.9946 58.30515
v 391.6523 809.9249 38.46031
v 400.193 804.4614 77.38003
v 391.1372 809.9364 38.32259
v 400.193 804.4615 77.37926
v 400.193 804.4419 54.87913
v 400.193 804.4301 55.45278
v 357.3743 842.865 43.06012
v 400.193 804.4471 54.61409
v 400.193 804.4601 53.79986
v 361.0235 843.8448 41.52986
v 395.3242 806.7908 48.33841
v 400.193 804.4482 54.46701
v 400.193 804.5646 57.39268
v 373.1982 824.3733 45.06199
v 377.0685 821.4323 61.87663
v 400.193 804.5871 57.53208
v 400.193 804.5215 60.25359
v 350.517 845.3815 47.20647
v 397.5779 805.6549 56.01177
v 346.4181 810.4771 44.70378
v 400.193 804.4581 60.16623
v 400.193 804.4198 56.46444
v 400.193 804.4475 55.87434
v 394.4302 808.3667 42.03135
v 395.9642 818.1222 83.89545
v 392.4384 809.4749 38.78703
v 392.0097 810.0126 45.75457
v 400.193 804.4916 50.80926
v 394.6102 808.3329 47.76022
v 346.5168 804.0571 44.47923
v 395.1952 807.3285 46.39092
v 400.193 804.4734 51.80595
v 379.7959 816.3649 37.53862
v 400.193 804.4908 50.78685
v 350.7562 845.4012 43.99438
v 400.193 804.487 50.75312
v 400.193 804.4845 50.65519
v 371.7572 825.5001 48.60758
v 400.193 804.4473 49.49887
v 358.1327 843.3922 49.54878
v 400.193 804.504 44.80024
v 368.4197 826.981 39.40939
v 361.0225 843.8337 42.15747
v 400.193 804.615 39.60535
v 394.6099 808.2403 47.37801
v 400.193 804.5931 39.78432
v 381.1436 819.5657 51.05477
v 354.1758 843.481 41.62466
v 398.0805 805.3811 69.75219
v 400.193 804.4392 41.73986
v 400.193 804.3968 37.79594
v 385.9869 818.6797 44.9227
v 398.4511 805.1986 72.06638
v 400.193 804.4566 38.71322
v 400.193 804.4556 38.00832
v 400.193 804.3142 37.65999
v 400.193 804.4856 42.78004
v 400.193 804.4749 42.58465
v 400.193 804.4359 41.74655
v 398.8242 805.006 72.13123
v 393.9472 808.7061 44.59955
v 400.193 804.4449 41.72952
v 400.193 804.5101 40.95858
v 395.9532 818.5295 84.04902
v 391.0352 810.5667 43.85149
v 400.193 804.5346 43.79589
v 400.193 804.5067 43.53704
v 395.3769 806.7673 43.59428
v 400.193 804.5232 43.74026
v 393.3 809.1982 42.2591
v 393.6192 808.8898 41.9393
v 393.727 808.9457 42.16776
v 400.193 804.4713 47.17122
v 400.193 804.5066 44.80713
v 381.5195 819.3581 50.91808
v 393.4694 808.9918 39.90084
v 400.193 804.5086 44.87006
v 400.193 804.5038 44.7631
v 400.193 804.52 43.81096
v 400.193 803.4601 37.44501
v 395.0211 807.0395 60.72556
v 400.193 802.8469 37.17021
v 350.0091 846.245 45.67367
v 393.5195 809.081 42.70712
v 400.193 802.5249 36.92791
v 394.766 807.4496 41.57496
v 376.6732 821.313 43.98463
v 349.2177 846.3813 45.15237
v 383.0306 818.3275 54.15075
v 377.5323 821.7953 42.8335
v 400.193 804.5083 58.44997
v 400.193 804.4784 63.09716
v 395.3123 807.1469 41.89072
v 395.014 807.0065 45.69809
v 371.231 825.4109 38.71654
v 382.9424 817.8372 36.82931
v 367.6087 816.3242 34.91453
v 348.7556 812.5874 44.65797
v 400.193 804.5937 70.46924
v 352.8713 843.8317 41.80196
v 400.193 804.3749 70.68782
v 350.5756 845.714 43.64436
v 354.5393 842.2745 36.22162
v 400.193 804.4184 56.5334
v 400.193 804.496 61.05734
v 373.0173 822.7692 39.30544
v 374.6236 823.1858 57.43853
v 387.613 817.7671 43.76473
v 386.4242 818.6283 42.72482
v 394.9292 807.7584 54.21832
v 386.9901 818.4609 43.07454
v 382.5044 818.7348 48.54874
v 392.7399 809.3536 41.88858
v 400.193 804.458 63.24217
v 387.3547 817.2715 49.9726
v 400.193 804.3407 63.66015
v 307.6414 803.4561 23.88588
v 343.7245 805.293 39.03627
v 396.3503 806.3449 43.09343
v 400.193 804.4009 68.21582
v 382.7559 818.6004 55.45231
v 400.193 804.5544 64.8729
v 400.193 804.5451 64.63344
v 375.5229 805.7022 31.27611
v 394.8939 807.7494 41.97715
v 400.193 804.4298 69.02359
v 372.8108 805.3498 31.07782
v 400.193 804.3697 68.71403
v 392.1165 809.876 42.79819
v 356.7706 842.8142 37.89018
v 400.193 804.3797 68.44913
v 394.1708 808.6382 43.23395
v 400.193 804.4593 61.29035
v 400.193 804.461 62.63578
v 351.439 844.9394 37.17007
v 400.193 804.4549 62.40766
v 400.193 804.5118 73.68186
v 342.2398 845.9687 51.76855
v 388.7752 811.7521 55.74837
v 340.6879 844.1779 51.60326
v 397.2535 805.8875 47.46664
v 400.193 804.3703 73.79977
v 400.193 804.4717 73.41307
v 400.193 804.4638 73.37572
v 400.193 804.3892 70.83826
v 400.193 804.405 70.94338
v 400.193 804.537 61.49654
v 400.193 804.5137 61.38449
v 395.7159 806.718 41.78065
v 400.193 804.5664 64.52614
v 372.1757 824.9646 59.09711
v 392.2934 809.8353 43.75205
v 400.193 804.5171 64.06207
v 350.3243 845.3079 45.23016
v 400.193 804.5413 64.35233
v 400.193 804.5861 57.65849
v 400.193 804.5465 57.8634
v 400.193 804.5478 78.79116
v 400.193 804.504 75.14999
v 400.193 804.4049 74.92094
v 400.193 804.4527 77.77469
v 372.6191 825.1576 57.25334
v 392.9557 809.4196 47.76215
v 396.4787 806.1853 41.09711
v 400.193 804.444 77.88242
v 400.193 804.5331 78.67869
v 354.0111 801.5694 45.69656
v 390.3872 810.4856 58.6347
v 394.8534 806.9851 58.45039
v 400.193 808.7613 83.13153
v 347.1731 813.7568 47.16376
v 400.193 804.5158 46.82404
v 400.193 804.4647 46.48634
v 400.193 804.4856 46.04181
v 377.4291 820.9374 44.04017
v 400.193 804.5341 45.17484
v 376.4883 821.5299 41.82843
v 400.193 804.5332 45.2325
v 372.3451 825.1529 41.79459
v 400.193 804.4928 45.46394
v 400.193 804.4709 40.02424
v 393.5364 808.9662 40.73944
v 386.3115 818.5133 50.70447
v 394.8739 808.1789 39.65158
v 400.193 804.4286 40.25903
v 392.722 809.4089 39.68172
v 369.6764 825.6638 51.42292
v 400.193 804.4706 40.62645
v 400.193 804.5835 40.75587
v 400.193 812.532 83.97952
v 400.193 811.4922 83.73671
v 400.193 811.475 83.73336
v 375.3291 822.3274 58.56867
v 394.9144 806.8701 53.79293
v 400.193 813.7798 84.26269
v 400.193 813.7428 84.26494
v 400.193 814.6877 84.47549
v 400.193 814.9332 84.49262
v 376.2313 821.7169 44.77498
v 400.193 800.1451 33.9736
v 400.193 805.1002 82.31504
v 396.5096 805.4031 39.69418
v 391.2192 810.4646 48.83594
v 400.193 800.6531 34.94442
v 374.446 802.0714 33.79764
v 382.4585 818.8933 54.44753
v 400.193 800.7509 35.20447
v 400.193 807.6053 82.86897
v 400.193 810.7207 65.14015
v 400.193 810.7096 65.35238
v 353.6621 843.512 48.66642
v 351.9454 845.0061 37.76951
v 400.193 809.7731 83.35017
v 395.349 806.8394 46.04248
v 400.193 809.9706 83.39282
v 400.193 802.0149 36.60155
v 374.3433 823.5396 54.78193
v 394.7957 808.3689 79.59587
v 347.6109 847.1735 47.12457
v 400.193 801.3674 35.98907
v 400.193 801.3714 35.9937
v 400.193 804.39 60.04915
v 400.193 804.412 59.91023
v 384.8284 818.5555 56.66073
v 400.193 804.3813 60.02906
v 377.8507 820.758 44.03048
v 381.9008 819.2026 47.85504
v 376.3492 821.5357 43.937
v 400.193 804.4322 69.04696
v 370.2651 825.2723 39.17467
v 346.9319 847.9352 46.79858
v 400.193 804.4556 69.14722
v 400.193 813.7114 84.25476
v 373.4278 824.5675 52.07738
v 400.193 813.7253 84.25856
v 400.193 805.8865 82.48793
v 400.193 807.1251 82.77265
v 379.9306 820.0049 44.22345
v 400.193 804.7759 70.13167
v 361.5746 844.6419 44.08178
v 374.0378 823.4511 46.85083
v 353.7067 844.1942 36.08136
v 400.193 804.6814 70.28571
v 395.1243 806.7322 39.76337
v 400.193 804.5544 57.09859
v 381.7974 819.0957 48.36177
v 393.7822 808.8297 42.02804
v 385.9702 818.9878 49.25217
v 359.7147 843.0422 47.51193
v 373.3285 823.6713 50.62707
v 400.193 804.4179 56.55608
v 400.193 804.5146 56.85761
v 400.193 804.5723 72.83243
v 400.193 804.4785 73.2698
v 307.7259 809.4826 24.44014
v 372.1414 825.1037 38.85101
v 400.193 804.4063 59.48966
v 400.193 804.4829 59.17027
v 372.9739 824.1937 50.68483
v 367.4566 827.6421 40.20447
v 347.0369 803.7606 38.21418
v 400.193 804.5694 58.57729
v 355.5088 842.6593 47.2824
v 400.193 804.6025 58.70057
v 400.193 804.5075 58.12997
v 400.193 804.4866 58.22992
v 346.9014 803.7575 41.69896
v 400.193 804.4928 58.32938
v 354.8703 799.807 41.99378
v 395.4013 807.5156 43.06173
v 317.3208 805.143 23.03811
v 395.1659 808.0074 42.89122
v 382.3691 818.665 46.81018
v 355.5075 838.8355 36.6721
v 354.9182 799.807 38.42925
v 353.4393 843.3046 38.52244
v 394.563 807.5234 58.17962
v 354.9115 799.807 38.27562
v 352.1998 844.5544 38.01223
v 394.6745 807.2012 58.46662
v 354.9151 799.807 38.19668
v 371.5091 825.4962 58.45315
v 391.7084 810.0786 55.25436
v 371.8383 825.6228 46.86219
v 395.0029 806.9062 65.7107
v 349.1918 845.6266 44.53707
v 394.754 807.8578 57.26981
v 286.2493 802.388 24.89876
v 349.3263 802.7308 44.78339
v 354.9237 799.807 38.08579
v 372.3233 803.1005 30.41512
v 350.8041 802.0669 40.41107
v 380.1873 820.0008 49.18159
v 355.0666 799.807 39.97794
v 349.2189 845.6258 41.80097
v 356.904 799.807 46.04608
v 355.2046 799.807 43.58399
v 368.5266 805.6071 31.23904
v 378.3328 820.6031 61.36197
v 354.9966 799.807 43.33482
v 366.7844 828.2153 39.641
v 355.0743 799.807 43.45395
v 360.4154 842.7609 48.18286
v 394.9347 806.8889 52.09142
v 347.7422 814.6303 45.64486
v 347.4603 814.1447 46.32211
v 356.845 799.807 47.19329
v 382.4538 819.0028 46.21376
v 357.2973 799.807 47.4836
v 380.8172 820.132 54.44109
v 372.8096 824.8814 51.05739
v 356.9566 799.807 47.39401
v 395.1914 808.5804 81.85709
v 361.4391 844.5462 50.57827
v 372.8996 824.7037 49.89963
v 373.3153 824.6409 51.48727
v 352.8382 844.5861 39.37687
v 352.5679 844.7709 40.24828
v 356.7374 799.807 47.43328
v 357.5123 799.807 47.64695
v 376.5051 821.2909 46.93299
v 346.3929 803.9925 34.46778
v 356.4565 799.807 45.04586
v 374.3303 823.0648 56.46623
v 379.5782 799.807 31.04679
v 388.5104 811.4894 51.65485
v 310.5516 807.4525 23.43053
v 385.3809 799.807 29.24953
v 348.3694 804.8466 44.17161
v 366.9942 805.8037 35.46061
v 346.298 803.9906 33.16617
v 382.593 818.5959 43.0763
v 384.9737 799.807 29.32596
v 378.5942 820.6464 43.69753
v 355.0613 799.807 40.13368
v 394.9864 807.6118 61.11425
v 355.0423 799.807 39.8662
v 372.4154 825.2098 49.95834
v 382.2999 818.759 50.13539
v 361.4483 844.7761 47.16209
v 355.0226 799.807 39.67122
v 374.0311 822.667 50.50934
v 354.9155 799.807 35.76831
v 354.9182 799.807 36.04119
v 355.0749 799.807 40.5162
v 355.0467 799.807 40.72033
v 377.9502 799.807 44.99174
v 378.2681 799.807 44.94001
v 358.569 799.807 47.5146
v 352.9803 844.4618 48.8436
v 394.2972 808.5694 42.70118
v 356.387 799.807 44.96913
v 355.9291 799.807 44.56066
v 376.355 821.3908 48.4802
v 374.2146 822.8537 44.96577
v 356.1922 799.807 44.76659
v 346.6114 814.426 47.31756
v 391.6661 804.0981 35.12638
v 305.1691 805.7325 25.72564
v 354.9127 799.807 43.07694
v 394.1844 808.5284 39.33588
v 354.9352 799.807 43.15494
v 364.8202 819.3378 35.31285
v 351.6506 844.998 39.13359
v 355.7868 799.807 44.39329
v 344.3956 804.7224 34.688
v 348.0977 846.5003 41.65346
v 355.3975 799.807 43.88335
v 355.5677 799.807 44.11618
v 356.9236 799.807 46.1611
v 393.965 808.6936 41.25155
v 378.6311 820.5687 55.33403
v 383.9927 799.807 29.22397
v 394.6537 808.3506 42.44799
v 330.6935 811.5785 37.86295
v 344.2161 799.807 29.15719
v 343.9696 799.807 29.11956
v 375.6636 821.5248 47.04658
v 343.7781 799.807 29.0473
v 354.3808 799.807 31.04098
v 349.9596 818.0329 31.26563
v 394.7993 806.9897 41.05399
v 354.2759 799.807 31.02058
v 354.8532 799.807 33.03267
v 346.5165 799.807 29.84436
v 354.9452 799.807 38.828
v 394.5589 808.3835 55.90846
v 354.9754 799.807 39.20628
v 354.9933 799.807 39.30433
v 354.757 799.807 32.47826
v 345.7419 813.6115 47.46452
v 374.907 822.0556 50.1153
v 373.27 824.2119 39.58181
v 347.2881 803.559 36.82301
v 258.2046 799.807 28.3766
v 258.3146 799.807 28.37719
v 365.1322 799.807 46.16267
v 340.8487 799.807 29.26984
v 348.8256 799.807 30.4315
v 347.8336 799.807 29.90332
v 354.9066 799.807 34.12465
v 352.0653 799.807 30.91691
v 350.8634 799.807 30.55442
v 351.6319 799.807 30.50764
v 358.5667 799.807 47.51527
v 358.5682 799.807 47.51474
v 346.1648 799.807 29.99223
v 345.2528 799.807 29.70622
v 383.0464 799.807 28.98162
v 383.8065 799.807 29.13222
v 382.9487 799.807 28.95585
v 382.8832 799.807 28.96701
v 382.9335 799.807 28.94056
v 354.8865 799.807 41.814
v 354.9014 799.807 41.66434
v 347.1287 799.807 29.75196
v 346.7793 799.807 29.84486
v 346.6721 799.807 29.85132
v 354.5856 799.807 31.80379
v 354.7248 799.807 32.3697
v 354.9849 799.807 41.15781
v 356.8361 799.807 45.78306
v 356.5994 799.807 45.2258
v 354.7774 799.807 32.57334
v 356.6443 799.807 45.28581
v 356.7884 799.807 45.58394
v 288.0992 799.807 28.4721
v 287.9915 799.807 28.47987
v 287.6915 799.807 28.48083
v 324.0071 799.807 28.37965
v 324.3239 799.807 28.46417
v 378.9597 799.807 35.62604
v 378.7215 799.807 39.25793
v 339.3058 799.807 29.18161
v 369.3616 799.807 44.81792
v 376.1023 799.807 44.62261
v 375.5728 799.807 44.53251
v 398.4525 799.807 33.10393
v 375.2728 799.807 44.52557
v 379.2804 799.807 33.01462
v 379.4156 799.807 31.84865
v 374.5152 799.807 44.43747
v 387.0635 799.807 30.24268
v 354.9018 799.807 35.24628
v 354.9007 799.807 34.44324
v 394.5299 808.3422 42.3006
v 354.8984 799.807 34.92186
v 342.9807 799.807 29.21155
v 342.6748 799.807 29.21633
v 342.8995 799.807 29.13134
v 381.4253 799.807 29.80562
v 382.4711 799.807 29.19268
v 382.6106 799.807 29.10939
v 354.8605 799.807 32.92124
v 354.8112 799.807 32.67981
v 353.675 799.807 30.48183
v 358.5797 799.807 47.51587
v 349.6599 799.807 30.51268
v 346.7628 803.6411 32.06736
v 377.7904 799.807 44.99812
v 352.5128 799.807 30.89948
v 372.3702 825.0417 50.65567
v 349.5672 845.3604 44.65568
v 352.5572 799.807 30.87197
v 384.872 799.807 29.31876
v 379.7663 799.807 30.62646
v 380.7402 799.807 30.29617
v 379.9404 799.807 30.39632
v 276.964 799.807 28.38435
v 277.3024 799.807 28.38473
v 277.1205 799.807 28.38453
v 277.0618 799.807 28.38446
v 268.0539 799.807 28.41527
v 268.165 799.807 28.41694
v 245.8641 799.807 28.12809
v 245.6003 799.807 28.12056
v 283.0599 799.807 28.44628
v 283.001 799.807 28.44389
v 282.9614 799.807 28.44276
v 393.1543 799.807 32.20897
v 393.749 799.807 32.48344
v 283.4092 799.807 28.4532
v 283.3111 799.807 28.45169
v 362.701 799.807 46.78393
v 362.934 799.807 46.73897
v 328.4099 799.807 28.69863
v 331.5186 799.807 28.75716
v 378.7532 799.807 38.6603
v 251.1502 799.807 28.38374
v 378.6587 799.807 40.98109
v 287.2872 799.807 28.48211
v 287.1953 799.807 28.48223
v 286.9193 799.807 28.48312
v 289.071 799.807 28.00896
v 289.1349 799.807 27.86295
v 399.9164 799.807 32.87825
v 338.7868 799.807 29.15631
v 368.2303 799.807 45.04737
v 332.1084 799.807 28.75682
v 290.1465 799.807 25.53716
v 329.7597 799.807 28.69571
v 330.2224 799.807 28.72007
v 388.6346 799.807 30.91635
v 389.0167 799.807 31.084
v 341.581 799.807 29.30404
v 372.9493 799.807 44.54679
v 372.8987 799.807 44.54218
v 372.9213 799.807 44.53513
v 318.0143 799.807 27.39381
v 317.8746 799.807 27.41892
v 379.4914 799.807 31.43655
v 379.5254 799.807 31.19772
v 377.4098 799.807 45.01599
v 377.7583 799.807 44.99588
v 378.5479 799.807 42.60087
v 378.6351 799.807 41.7509
v 378.4892 799.807 44.36279
v 378.51 799.807 44.18635
v 376.4846 799.807 44.66501
v 376.6647 799.807 44.77535
v 341.8377 799.807 29.28345
v 341.6434 799.807 29.21142
v 343.3787 799.807 29.24871
v 343.4252 799.807 29.17311
v 326.3729 799.807 28.68951
v 326.7085 799.807 28.6832
v 279.5106 799.807 28.38723
v 279.3979 799.807 28.3871
v 279.2387 799.807 28.38692
v 369.4221 799.807 44.79482
v 369.4563 799.807 44.5877
v 327.2165 799.807 28.67976
v 327.5538 799.807 28.68727
v 321.4266 799.807 27.498
v 395.1154 799.807 32.50625
v 394.4727 799.807 32.4604
v 394.9874 799.807 32.50381
v 325.2439 799.807 28.61174
v 325.4624 799.807 28.64734
v 301.6879 799.807 23.54137
v 302.1304 799.807 23.5962
v 335.4187 799.807 28.8747
v 335.9698 799.807 28.73788
v 369.7863 799.807 44.71457
v 372.121 799.807 44.45683
v 264.8187 799.807 28.36536
v 265.1109 799.807 28.36961
v 319.1741 799.807 27.08225
v 319.5193 799.807 27.00026
v 320.3181 799.807 26.85662
v 321.3081 799.807 27.46629
v 370.3293 799.807 44.53672
v 371.5846 799.807 44.26406
v 395.9865 799.807 32.68077
v 396.1035 799.807 32.72099
v 336.9819 799.807 28.6735
v 337.9883 799.807 29.12285
v 339.8359 799.807 29.21081
v 340.0508 799.807 29.22965
v 397.1241 799.807 32.91985
v 397.4875 799.807 33.02605
v 356.9446 799.807 46.67834
v 356.9429 799.807 46.87982
v 354.9015 799.807 33.40936
v 293.046 799.807 28.26983
v 345.1131 799.807 29.67781
v 354.4292 799.807 31.07293
v 382.522 818.9123 47.81417
v 354.4854 799.807 31.21806
v 385.9401 799.807 29.54232
v 333.0558 799.807 28.83819
v 385.9482 799.807 29.54537
v 385.9431 799.807 29.5431
v 378.8594 799.807 36.79396
v 349.1727 846.1332 36.00271
v 359.2557 843.1191 48.72351
v 378.8312 799.807 37.123
v 363.8357 799.807 46.5132
v 363.6954 799.807 46.54955
v 379.1185 799.807 33.94928
v 379.1642 799.807 33.59786
v 370.3668 804.5027 32.96983
v 392.0334 799.807 32.04305
v 392.4067 799.807 32.08373
v 340.8552 799.807 29.27019
v 340.879 799.807 29.27098
v 349.2363 799.807 30.52826
v 348.9309 799.807 30.46836
v 348.9764 799.807 30.47869
v 354.914 799.807 33.87563
v 354.9152 799.807 33.69701
v 354.9118 799.807 33.50216
v 249.8042 799.807 28.30734
v 334.6296 799.807 28.84946
v 333.6677 799.807 28.87347
v 249.9268 799.807 28.31343
v 250.7903 799.807 28.3941
v 250.0592 799.807 28.31904
v 251.2039 799.807 28.39052
v 250.9162 799.807 28.39528
v 374.0219 799.807 44.54974
v 397.406 805.3731 40.27882
v 373.7342 799.807 44.57209
v 398.9729 799.807 33.102
v 399.5987 799.807 33.03869
v 309.0091 799.807 28.53106
v 317.6692 799.807 27.43341
v 316.6823 799.807 27.46815
v 302.6299 799.807 24.09897
v 303.2286 799.807 26.36388
v 303.2402 799.807 25.09069
v 316.1729 799.807 27.3908
v 315.5393 799.807 27.36945
v 314.8639 799.807 27.27515
v 314.0156 799.807 27.46086
v 313.1541 799.807 27.57944
v 312.4118 799.807 27.58169
v 311.6988 799.807 27.28432
v 310.9687 799.807 27.52335
v 304.1309 799.807 27.40094
v 306.3587 799.807 27.51698
v 308.4741 799.807 28.543
v 305.8274 799.807 27.36413
v 304.8486 799.807 26.97422
v 354.8514 799.807 42.39108
v 354.8493 799.807 42.62988
v 354.8979 799.807 42.98427
v 349.81 799.807 30.4983
v 350.6171 799.807 30.60184
v 354.9188 799.807 36.28712
v 354.9087 799.807 37.50475
v 354.9023 799.807 37.09699
v 344.446 799.807 29.20047
v 345.0281 799.807 29.6369
v 344.7326 799.807 29.22582
v 354.9428 799.807 41.38834
v 354.9209 799.807 41.51096
v 384.136 799.807 29.21867
v 384.736 799.807 29.32497
v 368.0928 799.807 45.06741
v 367.0034 799.807 44.95119
v 366.12 799.807 45.0294
v 366.0833 799.807 45.03775
v 365.1815 799.807 46.133
v 365.5241 799.807 45.14312
v 365.2683 799.807 45.36897
v 290.0704 799.807 26.67802
v 290.2404 799.807 27.09114
v 289.763 799.807 27.17628
v 390.1081 799.807 31.585
v 391.7557 799.807 32.01964
v 352.5459 799.807 30.87364
v 352.5158 799.807 30.853
v 360.616 799.807 47.07211
v 358.581 799.807 47.51144
v 359.9436 799.807 47.12255
v 359.84 799.807 47.14531
v 381.9543 799.807 29.52533
v 382.1871 799.807 29.3494
v 393.8711 799.807 32.47982
v 394.1731 799.807 32.48321
v 322.9576 799.807 28.14669
v 322.4705 799.807 28.16365
v 322.4202 799.807 27.88113
v 299.08 799.807 23.65171
v 298.1382 799.807 24.82203
v 296.7791 799.807 26.13626
v 297.5746 799.807 25.53835
v 293.5887 799.807 28.46925
v 294.7027 799.807 27.84696
v 293.6624 799.807 28.47829
v 308.6338 799.807 28.58047
v 308.6853 799.807 28.58258
v 308.7799 799.807 28.58295
v 400.193 799.807 32.83473
v 400.193 799.807 33.01838
v 344.168 805.195 39.52672
v 347.6408 846.8601 41.42813
v 374.0059 823.6639 42.78232
v 351.9139 801.288 43.83024
v 381.1922 819.8629 54.70017
v 350.1158 845.9649 39.49229
v 373.959 823.8107 56.93868
v 385.6228 818.2705 57.54203
v 283.7942 803.4338 25.92005
v 373.8458 824.0739 42.80957
v 376.6151 801.7249 27.0848
v 398.707 805.1364 70.54884
v 377.5009 821.1229 60.81883
v 358.78 843.201 52.05017
v 382.2484 819.252 57.9772
v 376.6023 821.1438 41.4232
v 374.2638 823.0292 43.61127
v 306.9756 807.2184 25.75177
v 308.0744 806.9417 25.24142
v 374.061 823.8644 51.89804
v 374.0027 823.392 43.88979
v 326.2363 809.8619 38.91518
v 373.8693 823.0047 41.62253
v 388.572 812.1711 55.988
v 394.9412 808.1506 61.00187
v 346.2527 804.3843 38.93056
v 346.5156 804.1558 38.59079
v 346.488 804.222 39.08511
v 370.4733 806.0608 31.30742
v 355.5222 836.9071 36.61982
v 353.9907 844.374 45.53386
v 289.9415 804.7743 25.63527
v 364.6914 807.0223 37.11471
v 385.4055 817.3957 66.97816
v 374.0846 823.226 42.72557
v 362.1226 845.4736 45.74582
v 356.3415 811.4727 31.28267
v 381.8494 819.223 55.17523
v 394.623 807.9285 65.08244
v 350.3686 845.558 47.68703
v 367.7962 827.3845 39.29721
v 328.6077 803.9625 29.7253
v 287.9779 804.1668 24.40788
v 350.5651 801.9368 42.20946
v 397.0993 805.8906 65.772
v 350.6395 801.9236 39.18659
v 394.7244 807.6651 66.40674
v 356.0339 843.2231 45.48603
v 346.1063 804.4558 39.27127
v 348.0328 847.0934 43.5756
v 342.8442 805.9125 44.96481
v 392.8427 809.4969 45.83572
v 352.0017 801.2971 41.8522
v 358.4893 842.3849 37.02462
v 351.4698 801.7307 40.65327
v 385.8193 818.6282 56.7633
v 311.2155 806.1858 23.48553
v 311.0629 807.2853 21.16905
v 345.9838 807.9781 44.68855
v 284.1903 803.9385 22.9965
v 352.4842 802.6984 45.77126
v 390.7143 810.7053 48.95566
v 360.7529 807.6781 44.0842
v 398.152 805.3421 71.35819
v 342.1847 802.5816 31.88526
v 363.4141 841.03 52.63198
v 354.059 821.4471 31.66157
v 356.9772 842.5627 49.7299
v 398.7861 805.0386 71.87799
v 383.9178 818.4637 55.83054
v 394.1689 808.8886 56.96041
v 380.3806 819.9969 57.46735
v 332.9253 852.0973 40.80839
v 359.701 842.9922 41.13919
v 394.1444 809.0396 57.27548
v 394.2023 809.1596 57.55975
v 353.0794 812.5401 44.7067
v 353.6168 812.3909 44.89711
v 385.7028 808.0018 34.9518
v 330.3937 847.2487 42.82965
v 372.0978 804.3364 32.97767
v 356.6829 843.2732 64.18967
v 377.5001 820.8546 47.26454
v 365.0968 806.4491 44.86551
v 331.6309 849.2562 41.40499
v 349.6678 803.035 44.76189
v 353.3744 802.3358 46.0949
v 352.9897 800.851 44.5097
v 369.0187 826.5195 57.33039
v 385.6651 818.7514 56.17881
v 354.7546 801.094 46.64323
v 394.7878 807.1868 47.17585
v 394.691 807.4326 46.75579
v 351.8671 801.2657 45.42265
v 343.4121 805.6869 44.89581
v 351.7592 801.3251 44.88727
v 351.8159 801.9033 45.39917
v 351.9286 801.9309 45.50282
v 398.4852 805.2346 45.85445
v 348.9791 802.9873 45.06464
v 372.3339 812.7059 34.42018
v 349.8909 802.629 44.6231
v 349.8897 802.4355 44.6044
v 349.1578 802.8045 45.16018
v 349.4001 803.0263 44.80762
v 348.7114 803.7033 44.12998
v 347.8655 803.5498 44.28742
v 372.6085 825.0109 53.57585
v 372.2922 825.2574 53.97675
v 394.5672 807.227 43.93766
v 349.9446 802.8942 44.71124
v 382.8086 819.0114 57.88945
v 347.2271 803.8713 44.31059
v 347.2894 803.5153 41.56
v 382.6803 804.2029 31.28254
v 327.9258 866.6168 33.72995
v 348.2803 803.6241 41.96776
v 347.0789 803.6975 42.43224
v 347.0572 803.7245 42.72362
v 397.1975 805.9653 44.93621
v 351.1962 801.8193 45.16524
v 350.34 802.5023 44.62342
v 396.1387 806.7231 42.64669
v 354.197 801.4248 46.02126
v 396.2163 806.3977 44.13834
v 346.7309 804.0228 44.34137
v 354.5164 801.6343 46.21215
v 351.1956 801.439 42.0977
v 345.7916 807.1723 44.46811
v 349.3968 802.7353 45.02519
v 396.2166 806.4535 42.8112
v 372.6174 824.9849 47.92806
v 362.2259 808.374 44.13934
v 352.0676 801.9352 45.25826
v 394.7037 807.3661 44.40261
v 396.857 806.0161 49.20227
v 364.5876 806.2764 44.13194
v 377.7329 820.4778 38.31218
v 370.9025 802.5512 44.09936
v 364.6686 806.3741 44.22227
v 396.8685 817.1396 84.2155
v 367.2438 805.7781 44.83847
v 370.1106 803.533 44.90624
v 369.595 803.1352 44.38617
v 367.2928 805.7795 45.53814
v 394.8652 807.9928 51.71886
v 351.5323 801.3048 39.13173
v 395.1479 807.9936 54.32442
v 394.9046 807.3119 51.41069
v 395.4452 806.7345 51.69351
v 345.9534 809.8399 44.63253
v 369.2957 825.7392 49.94695
v 393.7875 808.8381 46.78928
v 370.0518 802.385 43.94094
v 393.8914 809.0018 58.42704
v 351.2541 801.5225 42.92342
v 362.5671 808.2812 45.48156
v 367.6494 805.5551 44.20591
v 382.1941 818.9901 44.81515
v 369.249 826.0531 54.29621
v 329.9061 845.6129 45.10524
v 374.0673 823.2813 53.91424
v 395.5547 806.8281 54.10669
v 362.3196 808.8656 31.02089
v 371.551 825.2264 38.63847
v 395.5078 806.7654 53.97588
v 388.1801 810.9223 37.67727
v 351.8958 801.5506 40.23322
v 350.0232 802.2314 38.69095
v 347.6637 803.4268 37.98264
v 348.1464 803.2316 38.45656
v 394.5726 808.3317 54.01897
v 351.0174 801.8911 40.85906
v 363.3952 840.1237 62.93975
v 394.6331 808.0136 54.04497
v 395.4203 806.6652 53.83149
v 352.1262 801.246 38.90794
v 351.6632 801.2257 38.49639
v 350.6863 845.0371 40.95036
v 395.7839 806.5825 47.20185
v 346.88 803.6665 41.45629
v 348.3004 803.181 40.38367
v 395.4433 806.9021 49.29701
v 349.4682 803.9064 44.02864
v 347.0518 803.6139 41.14845
v 346.4703 804.1994 40.09491
v 349.5697 802.5545 43.26397
v 375.8078 810.3271 33.92341
v 348.2962 803.3865 42.91014
v 346.4977 804.0008 37.30973
v 341.7551 806.4488 43.33252
v 349.35 802.7111 44.99968
v 347.9788 803.6082 41.97044
v 396.5115 806.2768 45.72232
v 350.5971 801.8854 42.00974
v 346.851 803.4523 39.84473
v 357.8141 842.9372 51.77142
v 374.426 823.2721 49.03824
v 330.8357 861.7333 34.12212
v 396.0319 806.4442 49.35394
v 347.3091 803.6059 40.33
v 377.7633 810.9508 34.27438
v 355.3435 842.6125 44.9537
v 395.2944 806.7761 51.43165
v 342.0661 808.3521 44.89655
v 396.4995 806.0996 53.091
v 345.4051 811.5567 44.92144
v 357.5223 842.3049 45.65797
v 361.9789 807.9313 44.1695
v 378.8083 815.1215 36.63163
v 347.9946 815.0455 45.3137
v 394.753 807.7056 53.17762
v 394.8126 807.2453 53.2716
v 346.9605 814.5552 47.20075
v 370.3535 826.3914 47.18729
v 334.1274 822.5735 40.44352
v 333.4029 819.5077 39.59581
v 352.1866 844.8206 45.49303
v 351.5915 811.2383 43.82975
v 395.69 806.5097 53.56091
v 360.6469 843.3408 42.70011
v 339.5678 828.7506 35.05571
v 360.3354 843.0739 42.85085
v 351.4298 844.7005 42.31995
v 350.7757 844.6725 41.59735
v 344.8516 813.4977 47.7272
v 361.5218 808.7799 35.65026
v 371.4197 815.2618 35.16851
v 350.4627 813.9823 45.3077
v 384.1547 818.5861 56.97244
v 347.3233 812.1591 45.64566
v 347.3595 812.9483 47.11116
v 346.8278 813.0113 46.60681
v 346.3897 812.5094 46.57536
v 347.0048 847.9748 44.54203
v 355.5056 843.3471 36.45862
v 384.1842 814.091 36.78511
v 344.8293 804.8918 42.31809
v 394.8425 808.0645 51.32977
v 396.5014 806.8549 51.41235
v 346.8711 803.8958 44.04626
v 346.5966 803.9402 43.43084
v 346.6849 803.8782 43.81261
v 396.3769 807.612 53.95719
v 347.9503 813.2006 45.12384
v 351.2757 813.3049 44.21982
v 345.9496 810.1707 44.70566
v 361.2427 808.8878 45.50029
v 394.7729 807.856 57.0214
v 363.1158 807.3374 44.19758
v 370.7713 826.35 43.08992
v 385.2354 818.9397 56.67887
v 355.9725 842.9112 43.49806
v 370.6434 826.1767 45.86283
v 370.5301 826.3267 45.49481
v 361.338 844.063 48.10985
v 395.3946 807.3114 81.90044
v 371.1749 826.0321 52.16891
v 352.6978 812.8815 45.39373
v 353.344 813.0164 44.71846
v 351.9638 844.9666 48.64992
v 351.2234 812.7889 44.03671
v 361.9489 808.5729 45.47429
v 396.5339 806.3567 52.56222
v 366.5152 806.1336 45.55673
v 385.1905 818.8749 47.91037
v 384.8901 818.8256 47.92027
v 394.8549 807.8341 50.58369
v 376.6579 821.1425 47.52182
v 381.5238 819.871 45.12428
v 376.206 821.3118 47.06679
v 376.5209 821.4567 46.71042
v 357.6958 842.6105 45.89746
v 360.9025 843.1147 47.98503
v 374.0263 823.2072 47.34903
v 360.5819 807.2462 44.06841
v 354.793 843.0925 43.03287
v 378.2561 820.8303 54.51875
v 378.2956 820.7601 54.09336
v 384.5143 819.2201 54.18683
v 368.8041 826.6309 46.62471
v 368.2536 827.2676 46.13505
v 376.9409 821.4345 58.22014
v 377.7589 821.0113 57.61527
v 359.898 836.6769 36.8665
v 368.2369 827.114 44.08192
v 380.6601 819.654 50.66771
v 375.9454 821.318 49.89624
v 395.0517 807.8275 47.87609
v 373.6957 824.5011 45.20365
v 373.605 824.0464 46.69392
v 359.9991 843.3859 49.66716
v 376.1086 812.1522 34.49552
v 369.1156 826.4301 47.37804
v 370.5442 826.2431 55.84301
v 368.7761 826.9099 47.19674
v 362.0617 845.6369 49.9904
v 375.4339 822.1595 49.0054
v 374.8244 822.7385 49.05894
v 369.5425 826.3132 59.31614
v 395.1499 807.9962 48.37909
v 357.5797 842.5009 48.24254
v 333.6702 821.3787 42.18191
v 341.3237 850.1808 46.85764
v 357.4747 842.4945 44.00643
v 394.8846 806.9738 50.73542
v 359.3606 842.9047 49.82429
v 358.214 843.5943 48.68019
v 394.9056 807.1889 65.44096
v 369.6154 825.5778 50.95476
v 395.0158 806.8982 66.23993
v 369.5727 826.776 48.23792
v 362.5965 807.86 44.82026
v 369.8744 804.48 45.48734
v 355.7058 802.1179 45.6785
v 289.1517 804.4899 25.23725
v 378.8896 820.5004 39.97046
v 369.1859 826.2516 46.84017
v 369.3095 826.158 51.47532
v 369.6006 825.6925 52.43477
v 394.6354 807.0846 44.2015
v 368.1349 831.1671 72.23824
v 395.5953 806.4713 60.29344
v 395.0252 806.7172 60.56804
v 369.2498 828.3785 71.28958
v 394.7481 807.0312 44.55611
v 349.8525 845.707 42.82843
v 398.1323 805.6997 49.05148
v 369.1957 826.1166 53.69551
v 358.277 842.3912 72.44404
v 396.9922 805.9528 67.09777
v 351.4359 844.8292 47.97422
v 353.8895 843.2935 48.90648
v 353.5512 843.6986 49.1464
v 372.3146 802.017 44.55974
v 345.0548 808.1027 45.16219
v 350.0294 846.1943 46.42276
v 350.776 845.3099 45.50963
v 350.4465 846.1406 46.04707
v 398.2889 805.3025 70.64971
v 352.0133 844.9868 40.72889
v 352.0128 844.8853 41.15509
v 395.8555 806.5157 49.17293
v 355.2454 843.0426 46.72002
v 370.0083 826.0923 58.39686
v 370.2191 826.1642 58.53335
v 397.7787 805.6194 45.74421
v 354.4156 843.43 49.60493
v 396.5539 805.9978 62.83676
v 363.1582 841.5795 41.50666
v 355.846 843.2203 56.8061
v 394.6347 807.8442 46.39918
v 369.2197 806.4589 31.04426
v 348.1538 846.4386 47.16575
v 348.0788 846.445 45.86987
v 360.4392 842.9559 43.08941
v 351.3443 844.612 44.97855
v 354.6222 843.9414 68.32545
v 378.4448 811.5953 34.87251
v 359.6469 843.409 67.61869
v 398.0152 805.4132 64.83927
v 346.5524 847.2108 56.52705
v 396.7488 806.1834 44.98907
v 364.1553 815.5045 33.15714
v 360.9537 843.6826 44.12018
v 399.6637 804.7145 75.71891
v 398.6857 804.9744 57.16053
v 376.4266 800.9503 40.21661
v 297.2819 799.9701 25.42438
v 296.7 800.0878 25.28027
v 296.4675 800.4079 23.00052
v 296.2547 799.9387 26.26071
v 295.3802 800.1145 25.4991
v 294.0374 800.2009 24.25657
v 298.0323 800.2392 23.66892
v 322.1931 800.6093 28.15588
v 349.1464 845.738 63.79943
v 397.7291 805.6324 47.95589
v 290.1915 800.1441 26.9749
v 291.1224 802.1091 21.4866
v 365.1812 799.918 45.29565
v 364.5381 800.0703 45.33246
v 365.49 799.8803 45.07397
v 366.0875 799.8246 45.01882
v 366.866 800.13 44.7163
v 360.5532 843.1016 45.69822
v 305.4151 800.3089 23.80336
v 305.6301 800.1715 25.75412
v 306.5579 800.3735 24.71764
v 307.1814 800.2992 25.87664
v 306.4386 800.0597 27.4163
v 307.7355 800.1829 26.98959
v 304.9825 800.0338 26.85585
v 308.597 800.4318 26.07816
v 311.6072 800.3103 26.99471
v 312.5902 800.3078 27.40594
v 313.897 800.1214 27.31953
v 314.9595 800.0726 27.11286
v 306.3982 800.5015 23.8785
v 303.9711 800.0198 27.45952
v 304.2891 800.1039 25.16846
v 315.985 800.2151 27.02025
v 312.1355 801.2003 26.44603
v 317.1159 800.2759 27.14104
v 310.616 800.2882 27.33328
v 360.5108 842.9064 46.17237
v 365.8222 803.3613 44.24501
v 365.1804 801.9896 44.08865
v 368.4657 802.2344 44.25379
v 360.132 842.5684 45.72448
v 348.9142 846.4659 47.59851
v 356.1749 843.2045 60.31401
v 351.0984 844.9155 45.40619
v 351.3949 844.6022 45.73454
v 358.1542 843.405 51.91825
v 357.5451 842.6179 43.49615
v 398.3476 805.2864 65.08733
v 355.6258 842.2465 38.59792
v 354.9131 842.5941 38.55249
v 358.5693 843.9902 47.05828
v 356.8072 842.4096 45.35817
v 352.7147 844.4075 39.06518
v 351.985 845.0927 39.34513
v 397.4027 805.9784 46.40015
v 380.2205 820.0547 41.29499
v 333.256 846.7953 39.62505
v 396.8872 805.9735 49.65897
v 308.7074 799.9434 28.58092
v 347.5729 847.2998 43.76197
v 397.7167 805.8436 48.74851
v 351.332 844.654 44.40758
v 351.4859 844.6473 44.67505
v 353.3092 845.1251 43.42526
v 351.7999 845.0276 39.06375
v 350.9116 844.6597 42.09971
v 367.2768 814.3782 34.18445
v 323.2623 804.9424 27.87875
v 334.0275 822.5398 42.27879
v 379.0422 799.9701 31.2837
v 367.7762 829.4094 58.32755
v 352.3831 844.7664 35.44256
v 397.9265 805.487 66.23841
v 395.2968 806.7689 40.94436
v 395.5373 806.4747 61.05909
v 390.2152 810.6989 44.66335
v 387.8733 802.8208 32.13487
v 370.4171 826.3371 39.0006
v 370.5683 826.5004 39.20745
v 369.2504 826.372 44.91119
v 396.4308 806.1128 60.4833
v 398.0097 805.5193 46.40692
v 395.1081 806.8902 44.17313
v 390.1365 810.9054 48.13417
v 388.7287 811.4373 46.05517
v 391.0373 810.5625 44.33119
v 358.2108 843.2006 38.22563
v 377.7013 820.9151 45.94755
v 388.5393 811.5512 45.02195
v 389.6645 810.8728 53.44623
v 351.0223 844.8399 38.46788
v 349.6245 846.4011 43.30981
v 362.072 845.6846 46.55981
v 396.3072 806.124 61.92154
v 371.7856 825.5751 51.93167
v 371.6887 825.5623 51.73125
v 373.7523 824.3752 51.85239
v 388.7255 811.4133 47.54167
v 372.8182 825.072 42.41953
v 395.3254 806.5428 62.73537
v 373.9447 823.2627 44.58749
v 392.204 809.8421 53.03464
v 390.7073 810.4573 51.25418
v 369.9 825.9633 44.46406
v 390.3265 810.5886 50.42057
v 384.6338 819.2233 55.79395
v 376.9864 821.3099 45.08656
v 381.4126 819.378 40.75176
v 392.6308 809.6377 52.28495
v 385.1523 819.3229 48.63664
v 387.6498 818.0345 41.18691
v 391.0149 810.2886 41.54416
v 389.7109 810.8798 51.79283
v 390.957 810.5754 52.3403
v 388.7563 811.3944 52.15598
v 357.2122 810.8978 35.2098
v 374.455 822.269 39.40121
v 375.0962 822.2826 41.62466
v 391.5031 810.3026 44.42129
v 376.2495 821.22 38.95812
v 389.4638 810.8008 42.43115
v 388.739 811.4185 46.96946
v 388.5638 811.4157 39.59059
v 388.3334 812.7784 49.6974
v 391.0805 810.5168 45.36588
v 379.3804 820.1545 46.98671
v 394.4175 808.3179 46.8611
v 394.3455 808.2737 46.35553
v 384.6607 818.9094 41.96025
v 389.9917 810.5148 42.74999
v 382.2116 818.7053 55.22737
v 399.9149 799.9276 33.13418
v 390.9405 810.5994 50.40654
v 387.4664 817.799 46.11591
v 396.494 806.1852 51.08044
v 393.5634 808.984 51.51055
v 394.291 808.3947 45.25134
v 395.2142 806.5533 54.65658
v 287.7207 799.9665 28.48075
v 286.8614 799.9828 28.48352
v 389.2579 811.1405 47.27256
v 388.5009 811.5882 47.05861
v 285.0352 802.6403 25.87392
v 394.4314 808.3742 43.31738
v 394.5552 808.2252 43.71745
v 395.1983 806.822 58.27734
v 396.2784 806.4953 42.57563
v 396.0099 806.5279 41.84542
v 398.7094 805.0826 46.52102
v 392.0602 809.6335 38.38739
v 389.7618 810.8324 49.69865
v 389.8108 810.9063 47.91689
v 394.9186 807.4846 39.31285
v 393.9639 808.7547 48.16722
v 390.839 810.5835 48.01094
v 388.6541 811.4152 49.47645
v 389.4459 811.0325 48.60376
v 385.9672 819.7618 80.07909
v 384.0243 819.364 78.51887
v 389.579 810.9511 53.00714
v 379.4538 820.1414 57.51757
v 384.4472 819.2901 54.54834
v 391.8765 810.1187 46.49788
v 392.4952 809.72 46.69751
v 394.9014 807.7097 44.91844
v 384.9911 819.1259 45.96782
v 392.2528 809.8373 50.78414
v 394.8872 806.8616 52.95338
v 393.8853 808.7311 53.72382
v 379.9808 820.0793 57.48298
v 390.9253 810.5985 51.32314
v 383.2 818.6119 47.71868
v 391.807 809.9731 54.209
v 382.7996 818.596 49.117
v 349.8502 819.1188 36.67128
v 373.2386 824.7586 54.30461
v 375.9809 821.7623 57.3859
v 385.5931 818.7694 47.12568
v 258.4222 799.9473 28.38123
v 376.4372 821.7188 57.34208
v 375.9692 821.8435 57.84264
v 264.6933 799.9473 28.36503
v 331.1057 846.7826 45.09743
v 370.9925 825.9937 57.62982
v 394.8506 808.2182 60.17516
v 332.3558 849.1707 42.9964
v 353.1045 802.1823 45.65447
v 376.863 821.6944 53.6918
v 381.215 819.5197 56.46279
v 378.1179 820.8342 60.50525
v 384.9315 819.1041 54.97984
v 371.7736 825.5139 51.04944
v 307.751 808.6674 26.41677
v 385.5038 816.0779 71.42417
v 391.3323 814.231 83.33524
v 348.1665 826.8551 37.7092
v 365.1588 813.6156 33.09186
v 386.0958 818.5917 54.03762
v 385.8274 817.8001 58.28947
v 378.5662 799.8942 38.77914
v 370.94 813.0047 34.43068
v 396.0711 806.2898 63.96732
v 346.8741 803.4082 39.30312
v 333.5665 861.1815 34.0972
v 342.0874 815.7483 42.48117
v 387.0256 818.238 51.43227
v 382.3225 818.6564 53.56949
v 382.6546 818.4894 54.94793
v 362.8891 815.7423 32.6325
v 388.653 811.3836 50.86194
v 335.8785 850.3652 41.59922
v 397.2887 805.8072 72.12197
v 351.3629 824.8635 34.07392
v 352.0886 816.1135 36.66688
v 348.7957 803.0912 43.79916
v 395.012 807.5906 60.14762
v 395.0019 807.1706 77.8446
v 386.8131 817.707 56.53832
v 371.71 825.5936 39.89262
v 390.5115 810.551 46.85115
v 250.8011 799.941 28.40541
v 385.2181 818.9349 50.94505
v 385.3342 819.2781 49.41713
v 395.2776 806.6912 57.31495
v 365.1461 799.8466 46.14475
v 396.8779 805.9909 55.65288
v 394.9502 806.9822 62.57454
v 395.5089 806.642 65.45897
v 396.0006 806.4315 66.40261
v 395.8816 806.4494 52.41405
v 394.9315 806.85 64.72243
v 397.005 805.7727 57.94511
v 395.2761 807.1432 65.10246
v 385.4704 819.0789 48.2503
v 395.4451 806.7301 65.23898
v 385.3814 818.7962 50.57378
v 386.7493 799.9856 30.29372
v 385.4466 818.6998 50.42741
v 355.2015 829.2527 34.48191
v 387.0538 818.3396 50.95738
v 392.755 809.4783 58.18324
v 396.2763 806.2893 65.0325
v 329.3723 811.4913 41.985
v 382.8284 818.6525 45.34758
v 396.0829 806.2934 59.75086
v 389.8459 810.8925 48.63791
v 398.9602 804.9303 71.23952
v 390.2063 810.8592 48.9146
v 388.4115 812.65 40.40506
v 397.3616 806.282 57.52244
v 388.5579 811.4009 42.63447
v 392.6422 809.4199 41.60054
v 337.2064 844.8891 46.80487
v 392.3376 809.6115 39.75473
v 395.0009 806.8655 54.28941
v 382.6678 818.8421 73.13319
v 370.7114 816.033 35.43067
v 396.414 806.0908 58.10131
v 392.0608 809.7819 42.07456
v 378.2296 820.7252 56.47619
v 363.745 799.9448 46.48848
v 395.6235 806.5344 58.9831
v 395.4671 806.5788 55.62656
v 337.1727 846.2704 45.8453
v 350.0489 822.4202 36.32753
v 397.6082 805.5248 59.05007
v 381.393 819.5925 40.56145
v 365.0537 837.3237 71.71375
v 391.2389 810.1672 38.56442
v 396.8345 805.9499 59.35178
v 390.0807 810.7223 39.93517
v 388.4919 811.7174 42.24252
v 332.3629 853.7746 37.30481
v 397.5707 805.5591 60.36869
v 390.2084 810.5498 42.19888
v 377.0546 821.4622 56.5813
v 394.9517 807.3139 56.89012
v 395.1778 806.7279 56.82151
v 396.4271 807.789 54.36726
v 393.0585 799.9188 32.35799
v 361.9216 843.367 63.51931
v 389.998 810.5908 38.44313
v 354.236 823.577 32.44112
v 391.9602 799.9579 32.23165
v 331.1307 858.2342 36.2774
v 359.0112 817.3432 32.01994
v 389.1888 811.0516 42.48577
v 330.9259 845.1075 42.25504
v 396.1833 806.2512 55.66125
v 396.5848 805.976 56.70525
v 374.248 825.6272 75.96073
v 394.8154 807.8445 53.74863
v 388.6617 811.3616 38.42926
v 366.5204 834.8001 72.67258
v 361.8557 839.8774 71.96751
v 330.2437 860.2895 36.14733
v 395.5456 806.5823 58.4338
v 394.9288 806.6834 39.0367
v 391.3487 809.3154 38.03186
v 395.689 806.5688 40.29224
v 380.5976 819.6633 55.81276
v 396.2155 806.3333 40.21827
v 381.8978 819.0089 44.36484
v 386.98 817.1363 61.79226
v 342.0553 804.6887 34.63992
v 366.6096 828.2461 39.00048
v 371.8057 803.4379 32.46377
v 396.7755 806.0577 57.08206
v 394.9551 807.0276 41.28939
v 394.6823 807.2032 41.21814
v 383.2739 818.345 54.65045
v 249.9793 799.941 28.32103
v 356.0758 843.2087 42.90359
v 394.9968 806.7698 59.12813
v 397.9153 806.1476 56.93201
v 393.334 799.9769 32.69334
v 306.717 803.7809 24.41765
v 397.9869 806.0924 57.71168
v 397.9117 805.3889 58.26693
v 394.0004 808.7419 61.5643
v 303.1527 803.7049 23.11145
v 388.2573 811.5606 54.20683
v 352.8552 804.5457 44.72522
v 343.377 849.6313 47.77673
v 383.5401 818.0124 36.74146
v 384.3496 818.4944 56.19324
v 382.0683 818.8295 38.77639
v 285.7471 804.3385 23.66069
v 385.3532 813.1182 37.19841
v 397.8783 805.4563 57.01991
v 299.3178 802.2765 20.6222
v 369.2321 826.8649 64.01804
v 362.4637 844.5847 48.40276
v 284.0582 803.5162 25.07862
v 294.9716 804.1499 22.12224
v 397.7889 805.9372 56.50019
v 373.7421 824.1969 67.56548
v 289.0242 803.3985 22.92678
v 286.0932 802.1313 27.5926
v 285.2324 802.7642 26.21803
v 309.883 809.3006 22.92085
v 389.2896 810.9813 39.52963
v 362.5161 844.2948 45.62266
v 384.3671 819.2797 46.34478
v 311.3247 804.7789 24.63269
v 305.3453 804.5881 25.21484
v 292.262 806.1118 24.78722
v 314.5393 808.8662 25.23619
v 339.0412 828.1406 34.9454
v 383.6999 818.1064 40.09048
v 388.4884 811.5467 41.11876
v 351.8105 801.3798 41.48576
v 394.8467 804.1802 37.05639
v 332.7816 817.8005 39.57235
v 347.0347 803.446 39.35006
v 339.637 816.7027 40.34546
v 314.8111 804.6275 23.87567
v 326.1902 803.7322 29.06887
v 314.0373 804.4082 24.69008
v 312.1299 805.5763 24.28502
v 382.7868 818.6147 43.1625
v 378.3057 820.6711 42.45773
v 382.056 819.132 43.05035
v 379.64 820.0282 45.25967
v 311.0221 805.9689 23.74006
v 316.7701 804.1228 23.97598
v 347.2724 847.0705 34.83709
v 387.2244 818.202 46.60977
v 384.0325 818.7001 45.0545
v 384.2636 818.6927 40.56696
v 384.8414 819.4564 43.68908
v 315.4903 805.3416 22.11002
v 319.6241 803.8146 25.31755
v 337.5509 810.1661 38.91067
v 349.3169 846.6162 43.18012
v 372.6303 803.6126 27.38674
v 372.6876 803.0124 28.43808
v 371.1304 804.1004 33.74714
v 384.9585 819.4373 42.58189
v 400.1927 804.6121 69.68935
v 373.5153 824.3973 57.48344
v 350.5436 816.4372 28.85704
v 386.2189 818.893 43.00105
v 388.4303 811.5796 70.45645
v 400.1559 804.593 67.19078
v 355.0392 807.7388 44.06775
v 359.9181 809.7199 32.18269
v 384.8182 819.2726 40.40533
v 387.1091 818.3709 44.13963
v 304.3213 806.9026 26.02812
v 384.5111 819.1006 40.19108
v 384.4447 818.6553 41.35563
v 380.2352 819.9129 39.62497
v 384.788 819.1436 36.75346
v 398.2724 805.2511 56.5816
v 333.533 813.4185 38.50315
v 384.704 819.3315 39.8152
v 400.0521 805.0522 64.35712
v 363.1325 808.4798 30.89224
v 380.875 819.3664 39.15038
v 364.5413 806.9693 33.36749
v 363.2691 807.9436 33.24091
v 367.8214 806.1938 30.4644
v 369.7625 805.9384 31.65051
v 388.0422 813.542 69.65286
v 380.0234 819.5636 37.54203
v 382.4124 818.4102 42.75526
v 392.8259 806.4278 37.06804
v 364.9706 806.7147 33.61186
v 376.5351 822.5125 51.99166
v 378.7356 820.0695 38.92729
v 382.8953 818.3135 42.66809
v 375.7039 819.1572 38.6251
v 400.1526 804.4942 66.56316
v 359.5862 809.7571 33.53714
v 378.5703 820.5121 41.77351
v 388.5622 811.7314 50.41325
v 378.2693 820.6008 41.61715
v 374.3676 822.3206 40.87644
v 359.5854 810.127 30.19722
v 365.0672 824.7303 37.47259
v 362.1908 808.5364 33.66031
v 372.7049 824.7281 39.23411
v 352.1089 801.3954 39.62705
v 381.2949 819.0563 38.92725
v 300.7723 802.6571 21.60548
v 381.2887 819.0266 37.23781
v 379.9656 819.576 38.81956
v 381.8207 819.4294 38.93665
v 380.0066 819.9946 42.45823
v 351.0132 801.6208 38.93048
v 349.6278 811.2996 44.36863
v 372.8965 824.6442 40.16
v 349.5653 810.1269 44.27285
v 345.621 804.2804 33.53314
v 400.0455 804.5162 62.02559
v 378.1102 820.7877 40.43208
v 380.527 819.7122 68.11069
v 346.9028 803.7289 37.62913
v 390.5647 810.5261 42.37141
v 329.5877 862.1068 35.43697
v 349.4507 802.4791 37.20708
v 338.6904 806.7864 35.8299
v 387.4053 816.2413 58.97498
v 344.9668 804.6202 34.29309
v 344.1426 805.0947 37.35372
v 351.1268 815.582 28.80426
v 384.3396 817.9309 40.02995
v 378.4074 818.8614 37.9468
v 400.041 804.4234 60.49974
v 379.7228 819.9823 41.31586
v 352.6232 812.5783 44.09435
v 349.2608 831.7435 37.69943
v 345.299 804.5816 36.33955
v 346.1736 803.9189 32.7827
v 378.6352 820.5295 44.37202
v 380.8305 820.4124 39.59145
v 381.546 819.848 39.09347
v 377.9997 820.8369 42.62701
v 377.9 821.4628 43.07775
v 350.1283 818.9222 30.63778
v 385.5346 818.8699 38.3023
v 335.0413 842.4642 39.54844
v 327.3337 805.8509 30.70996
v 375.3455 822.6551 42.24748
v 381.4299 819.9962 39.67979
v 400.1338 804.37 60.02113
v 374.9131 808.424 32.87026
v 374.2927 822.1678 39.1828
v 366.7872 806.6248 30.27092
v 309.439 809.3834 26.32668
v 340.8689 806.3074 36.08793
v 400.1315 804.4315 74.61244
v 382.3314 818.6335 41.50453
v 349.75 817.861 29.77907
v 376.8465 821.1478 41.73734
v 375.1252 822.3527 46.21508
v 303.084 808.167 26.22539
v 374.5669 822.648 43.1663
v 361.7994 843.5 65.00679
v 353.6415 844.2824 66.00612
v 296.5511 807.1638 23.26574
v 400.1503 804.618 58.67599
v 342.6496 805.6999 39.24883
v 372.5361 825.0159 44.30737
v 368.2633 821.0461 38.10585
v 361.5793 844.4892 55.8752
v 378.965 820.3445 45.23463
v 345.1139 845.4339 57.61706
v 376.0746 821.8153 45.94284
v 374.9463 822.4972 46.40836
v 290.1227 805.12 23.8633
v 375.7689 821.9788 45.35098
v 378.9246 820.4149 43.72123
v 383.6166 818.7691 45.32727
v 380.6741 820.1919 49.08844
v 352.9161 801.668 44.78027
v 350.6726 802.0724 40.01586
v 344.5786 827.2694 38.5822
v 386.0573 818.7059 44.5134
v 381.9621 819.477 44.69424
v 383.8181 818.328 44.16099
v 384.4056 818.9255 44.17847
v 351.5416 801.2332 38.79761
v 382.212 818.7476 43.3544
v 293.6188 799.9189 28.47875
v 385.4406 818.8034 44.77291
v 350.0333 802.3855 40.17464
v 400.0222 805.0736 82.25893
v 373.9493 822.9768 39.93666
v 386.2194 817.9953 36.22969
v 370.7586 803.8743 40.52439
v 350.9212 801.6513 38.03139
v 348.7419 802.9377 41.35537
v 384.1402 818.8435 48.25306
v 400.1912 804.4622 77.38033
v 301.752 805.4034 24.17826
v 383.7075 818.8099 48.45507
v 383.0811 818.4887 50.55534
v 381.5902 819.0165 49.83038
v 387.7788 813.716 55.22734
v 385.0577 818.3624 44.91953
v 400.0324 804.4414 60.15475
v 400.0389 804.4868 55.5611
v 386.7777 818.8439 50.29477
v 382.6552 818.7457 51.03181
v 283.7445 803.6115 26.53389
v 384.63 818.541 53.29897
v 381.3592 819.2538 50.09405
v 381.1781 820.0026 43.04046
v 384.6479 818.4007 50.41259
v 400.1461 804.5045 50.766
v 400.1448 804.4853 51.83644
v 387.2658 818.2073 48.24153
v 400.023 804.4463 59.5959
v 388.9273 811.2806 76.21835
v 400.0883 804.7519 39.49681
v 351.0429 809.5835 43.82067
v 337.4344 851.919 40.36998
v 388.6209 811.5991 73.99611
v 400.0294 804.4704 37.72991
v 384.413 819.383 45.68627
v 324.5808 809.8316 38.0337
v 327.074 810.3233 40.43985
v 362.1854 842.4257 66.9634
v 384.9925 819.134 41.92352
v 328.7232 866.3516 33.21674
v 383.7241 818.6178 53.52357
v 375.6198 822.0772 45.88797
v 400.0714 804.5328 42.77083
v 375.2322 822.2379 46.33005
v 379.6717 820.013 43.95567
v 340.8484 827.768 36.31531
v 372.9919 825.3451 72.0919
v 383.9686 818.3836 47.77392
v 383.5261 818.3299 47.29877
v 375.7235 821.5465 47.39562
v 362.0544 843.2247 61.99422
v 383.9367 818.3295 42.82226
v 328.7902 870.7741 31.81231
v 375.6916 821.9186 43.5653
v 380.3933 820.1479 45.70106
v 381.4331 818.9982 43.82375
v 376.6705 821.4165 44.39527
v 384.0161 818.3913 45.74317
v 360.958 843.2326 60.75803
v 370.5201 826.2058 57.84248
v 383.4765 818.4551 55.33986
v 383.4111 818.1843 46.67198
v 364.0582 808.1691 30.69753
v 380.9368 819.536 41.54536
v 380.7002 819.4431 44.2298
v 380.6916 819.7469 44.81906
v 381.0445 819.2127 44.05226
v 380.79 819.6472 47.79037
v 384.7041 819.2505 45.43873
v 384.2402 819.0208 47.5708
v 385.7528 819.0126 48.68695
v 383.6715 818.9323 49.03445
v 376.5823 821.1753 48.16833
v 400.1683 804.5112 44.80136
v 399.9381 802.7234 37.1567
v 333.3886 861.0117 35.5976
v 385.5619 818.8489 52.04594
v 318.4266 805.3342 23.87672
v 365.9946 806.4053 45.65249
v 350.8153 817.5272 29.40604
v 374.7534 822.9899 46.12594
v 373.7642 816.6098 36.5519
v 377.1619 821.6321 51.15633
v 376.0159 821.5415 49.32151
v 384.3536 818.6445 53.59112
v 382.4489 818.7481 52.37593
v 380.6866 819.7074 51.26855
v 348.1034 829.0909 37.48049
v 352.1406 814.1166 44.10661
v 346.3487 816.9139 43.87782
v 333.7635 823.016 41.03172
v 394.8528 807.1475 72.09478
v 382.7497 818.8306 59.72843
v 332.4582 811.2567 37.85386
v 384.7026 819.2799 52.31392
v 382.1836 818.8383 54.87415
v 386.2913 818.5901 47.82586
v 382.2738 818.8056 49.00414
v 383.1777 818.3476 53.12069
v 339.0601 807.6257 37.34889
v 350.3452 802.7711 44.70569
v 348.6862 806.5544 44.15329
v 377.8777 820.686 47.95361
v 383.8824 818.1548 42.53788
v 371.3009 802.3719 44.39858
v 377.9463 821.1463 50.99239
v 377.5614 803.9305 29.554
v 362.2839 843.4467 58.20538
v 385.393 818.6655 57.29976
v 362.2233 844.3036 55.49566
v 325.4131 809.2755 33.65622
v 346.8451 803.8063 43.5524
v 381.4187 819.179 55.74813
v 384.9463 819.4145 49.01186
v 348.9802 802.9332 45.17247
v 378.5628 820.5586 52.56065
v 379.9242 819.95 50.06476
v 350.579 802.6041 44.78221
v 369.2006 829.2892 72.97646
v 380.3394 819.8169 50.34002
v 400.0882 804.4667 67.8991
v 346.8307 814.8521 47.36884
v 400.0757 804.5491 64.97807
v 381.0027 819.6383 40.95154
v 400.131 804.3749 69.06538
v 384.7838 818.3926 58.09286
v 348.6705 803.1577 42.89946
v 349.9152 802.3055 41.73824
v 301.5132 806.8428 25.04622
v 400.099 804.4781 62.34061
v 375.773 803.2456 27.97283
v 379.2042 820.2582 50.20472
v 379.9631 819.9636 51.58736
v 400.0293 804.5115 65.98495
v 351.0624 801.7258 42.99078
v 350.1709 802.2258 41.31767
v 377.8343 820.4277 50.01501
v 379.3504 820.1139 55.71209
v 333.7496 819.1838 39.59399
v 345.2366 813.9815 47.94773
v 345.2778 812.9944 47.4163
v 345.6625 814.1325 47.66516
v 379.1295 820.1885 56.20751
v 400.0817 804.7373 70.31174
v 385.7129 818.758 53.41633
v 395.4694 807.1739 42.18042
v 327.1457 868.5314 33.09994
v 368.7679 808.4753 31.85231
v 400.0774 804.505 63.13232
v 386.9283 818.2027 53.86744
v 377.9095 820.8377 55.92314
v 371.2835 825.9899 40.79835
v 346.8455 803.5693 40.92765
v 354.072 843.0824 49.63166
v 378.1985 820.8266 55.38902
v 378.2285 820.3517 52.88809
v 376.647 820.8614 52.69136
v 342.2421 806.2293 44.46617
v 335.5942 845.8692 44.60749
v 340.8915 811.3633 43.91137
v 352.2174 845.0839 40.23637
v 396.8921 805.9246 40.2909
v 343.3725 805.6399 44.39936
v 376.3549 822.0626 51.01838
v 380.2329 819.7079 47.08616
v 343.4685 809.8921 46.42593
v 376.349 821.4212 48.98093
v 345.817 812.83 47.25207
v 375.8799 821.6185 50.8017
v 400.012 804.5898 73.6208
v 375.0305 822.4327 53.51463
v 337.557 842.3311 37.39069
v 379.7041 820.0261 55.03143
v 400.0059 804.3393 73.82961
v 400.0925 804.5664 72.9186
v 345.6355 814.2789 47.94453
v 346.1889 814.584 47.79365
v 328.2905 869.7797 32.34343
v 400.0666 804.426 61.15283
v 374.6903 822.952 54.65387
v 355.9426 814.0231 29.91338
v 400.0468 804.5346 64.66707
v 400.1438 804.5121 57.85872
v 341.4187 819.6031 40.0132
v 347.7481 812.3724 44.87484
v 351.9693 801.422 41.01103
v 373.6851 824.3851 54.69366
v 376.1873 822.5476 51.3772
v 373.4528 824.3995 49.01306
v 334.9821 857.8776 34.53932
v 369.7454 826.0562 56.19143
v 380.5157 820.1764 46.17016
v 400.0019 804.556 74.96557
v 370.713 826.2793 54.52788
v 361.6751 808.5791 45.37356
v 379.0601 804.7078 30.70523
v 378.2534 820.6689 53.33006
v 378.8231 820.4131 41.29522
v 368.5933 804.7377 45.20174
v 400.1259 804.7598 75.63444
v 379.4001 820.1378 48.44653
v 377.6035 810.3886 34.18446
v 368.3471 817.8618 35.72987
v 364.4959 807.1821 44.14466
v 376.7941 821.8884 51.32109
v 377.2822 821.5762 51.79738
v 363.7427 807.664 45.50179
v 399.8307 804.6663 77.97453
v 400.1488 804.4531 76.32081
v 365.6974 817.6824 34.92133
v 350.7169 844.7605 34.88015
v 374.934 822.5935 51.96822
v 376.658 821.7953 51.06676
v 400.1103 804.4923 77.78896
v 376.3025 821.5267 50.70977
v 400.1195 804.5989 78.79989
v 380.7383 819.9291 53.93965
v 380.3957 820.3774 54.20816
v 400.0124 804.4779 57.54728
v 400.0397 804.477 57.1184
v 375.9739 822.1917 53.71295
v 400.0808 804.4469 56.80532
v 332.9702 862.3046 33.55643
v 371.1178 802.27 43.98413
v 370.7665 802.1587 44.22371
v 364.1787 806.7062 44.22339
v 338.1614 827.7055 34.76189
v 372.6145 822.6371 39.03127
v 335.6461 848.6333 36.61189
v 363.0401 807.8588 45.36515
v 366.0421 806.3381 41.65928
v 379.1167 820.1358 50.16898
v 377.0251 821.3783 55.72584
v 379.5287 820.1099 47.48678
v 375.5105 822.3435 54.50342
v 354.9777 811.6773 44.18817
v 359.5021 806.746 44.0473
v 369.0707 826.609 43.01221
v 400.1386 804.4641 58.16165
v 367.0758 805.461 44.78373
v 367.6993 805.3509 45.31912
v 377.4686 821.28 54.934
v 374.4657 823.0579 52.53399
v 349.9362 802.4022 40.72647
v 357.4549 842.4571 41.51293
v 358.5816 843.3739 41.75279
v 332.8653 856.6864 35.19862
v 374.9848 822.2258 53.08954
v 351.7952 801.2927 42.6081
v 375.1526 822.5681 57.90805
v 348.0495 820.3504 39.2478
v 372.8827 824.9467 53.93291
v 375.5424 821.5483 52.71048
v 363.1355 806.411 44.13213
v 287.7721 804.6463 24.69106
v 367.4292 829.8647 48.26789
v 382.6049 818.6716 45.08389
v 336.3806 855.9359 37.87325
v 370.3095 804.2327 37.21019
v 279.4081 799.8471 28.38696
v 357.7936 843.1889 69.5041
v 362.1259 845.4805 43.11278
v 390.4132 810.6352 38.93487
v 383.3111 818.8296 45.65405
v 400.062 804.564 43.75478
v 372.6129 825.0366 43.45734
v 388.4291 814.5891 78.62346
v 373.7836 823.1271 41.14978
v 376.2562 822.064 43.05325
v 344.1187 820.0248 41.09775
v 376.912 822.0864 42.71364
v 347.1345 803.7686 38.80878
v 400.1849 804.4389 41.74087
v 357.4699 842.3408 44.89241
v 360.2967 842.7144 43.99208
v 346.0742 804.4391 38.76821
v 357.5108 842.3331 39.7354
v 347.2658 803.703 38.51446
v 380.2454 811.603 35.51427
v 361.3729 814.4388 31.81922
v 346.907 803.363 38.80535
v 347.6341 803.6391 42.39379
v 347.6632 808.8516 44.43819
v 354.0567 843.2168 42.35835
v 355.0239 843.5262 41.97062
v 355.403 843.8294 39.65071
v 382.1358 819.1005 54.48932
v 355.1988 843.7387 40.07801
v 360.021 842.5232 42.19322
v 346.3412 808.5153 44.53797
v 376.5028 821.1443 50.32643
v 342.9756 805.7535 41.60923
v 366.9011 813.1823 33.63993
v 359.7174 843.4896 42.24661
v 324.6523 808.2383 30.94682
v 343.5843 805.2868 38.76599
v 359.6763 843.0733 44.36078
v 335.9932 815.6748 38.68882
v 400.1802 813.7333 84.25558
v 375.1817 821.8816 50.76281
v 375.7403 821.9247 44.35191
v 343.2078 839.0746 36.78205
v 347.6433 811.5552 44.68398
v 344.4956 804.8593 35.99143
v 343.9978 804.7023 34.79282
v 346.9295 820.3333 39.97323
v 372.471 825.1171 42.21344
v 345.8931 832.2673 37.54485
v 340.0243 807.3232 39.84883
v 342.8637 806.8583 45.25883
v 349.6138 819.0098 38.13095
v 384.7803 820.1165 79.50846
v 306.3445 808.2828 25.92805
v 368.3121 822.0845 39.3547
v 374.4649 822.3956 41.43779
v 373.7379 823.4113 39.85018
v 344.7186 812.419 47.28774
v 334.9485 808.3835 36.06734
v 357.1847 829.5817 34.97197
v 358.0257 827.3845 34.8958
v 349.9981 813.1938 44.4947
v 332.3224 853.2521 39.2927
v 347.4373 814.7633 46.0115
v 349.7467 845.8948 47.31913
v 363.0583 807.9131 38.12418
v 347.3042 847.7873 42.07596
v 347.455 847.5224 43.07633
v 346.9867 848.304 42.27798
v 347.93 814.2232 45.40744
v 372.0644 824.377 38.77104
v 370.4573 823.3412 39.18707
v 374.3305 823.7933 45.48877
v 358.3496 843.614 39.77946
v 346.6258 848.591 42.47498
v 370.7163 826.4096 40.14582
v 345.9876 812.1789 44.98812
v 380.2336 819.727 58.50041
v 354.3421 811.9057 44.16576
v 374.8939 822.4913 42.72852
v 337.1171 812.1135 40.32281
v 367.9578 827.0274 41.45716
v 345.1871 813.7465 47.72661
v 338.1996 844.4679 48.22379
v 368.0776 827.0765 41.2222
v 347.6577 847.4908 42.56105
v 400.0089 803.4817 37.48486
v 347.6108 847.2169 41.86003
v 347.1986 847.9557 44.02362
v 332.7821 846.6609 40.31434
v 354.7081 799.9095 33.83341
v 369.2858 823.3374 39.35785
v 368.7058 826.7079 40.84412
v 400.0504 810.6363 65.44804
v 397.3728 817.1452 84.43484
v 377.7614 799.8362 45.00119
v 347.5195 812.26 46.63368
v 366.0919 829.7355 38.82735
v 346.1395 814.2414 47.44956
v 346.844 811.4369 44.83949
v 358.3688 843.6775 41.18534
v 347.6652 812.3896 46.74374
v 365.2824 835.3373 48.82938
v 344.9596 809.2854 45.27828
v 361.5953 844.834 48.17508
v 352.7006 821.2495 31.44642
v 350.6978 813.6326 44.22155
v 378.2661 807.4037 32.41762
v 380.5592 799.9251 30.28896
v 332.8713 855.8365 38.27596
v 350.1056 811.7452 44.14835
v 354.7263 812.1676 45.20649
v 359.8212 842.8457 41.05972
v 399.4269 799.9762 33.48336
v 377.1775 823.3975 74.87551
v 346.8827 815.2651 46.5882
v 331.5577 857.1773 37.62658
v 364.1991 837.3294 72.75203
v 358.0259 843.2139 40.87421
v 317.8198 809.3243 32.15565
v 346.4306 812.651 47.14408
v 360.6089 842.9699 53.78647
v 356.516 842.9877 43.21917
v 355.9271 810.6403 44.14458
v 356.1324 810.7351 44.02708
v 355.0633 843.6223 45.36745
v 381.863 818.8231 49.64974
v 352.6808 845.1949 42.69651
v 360.3106 843.5994 38.20976
v 344.6311 813.5239 47.78624
v 357.8977 842.6384 38.46532
v 345.656 810.6404 44.75142
v 359.6919 809.168 44.18941
v 381.2229 813.4611 36.07515
v 356.4951 843.0252 36.72411
v 350.7593 811.8997 43.88368
v 343.8481 805.3908 41.02667
v 357.509 842.4108 50.48634
v 354.764 843.8447 40.40932
v 356.5454 809.8715 44.11699
v 358.8449 842.9642 37.29755
v 369.4654 825.7381 55.52214
v 358.3745 843.8497 49.11032
v 360.3017 842.747 41.05335
v 360.2463 807.606 44.06467
v 348.9229 799.8622 30.49199
v 357.4955 810.4419 44.30514
v 359.0648 843.3077 41.17851
v 356.1564 811.0496 44.6171
v 360.8038 843.4055 40.88761
v 356.6251 810.7498 44.68542
v 357.1489 810.9734 45.49751
v 356.2765 842.0297 38.66328
v 356.9867 810.7354 45.04201
v 356.7454 810.3336 44.2762
v 351.716 844.9494 54.423
v 352.0504 844.8997 47.05369
v 351.6851 844.8045 47.6181
v 356.8962 810.5085 44.64352
v 360.58 843.1113 43.70848
v 360.8385 843.5374 46.04256
v 358.8422 843.5824 39.34954
v 372.2012 825.1891 57.93777
v 364.2052 807.3536 45.53293
v 359.2907 843.3132 39.63696
v 358.2033 842.7161 37.81102
v 369.9704 826.3831 45.34213
v 356.5981 842.9678 37.29103
v 370.8086 826.3126 40.72693
v 343.2647 799.9286 29.25109
v 368.774 826.7338 44.40363
v 374.8743 822.1641 51.5866
v 368.3614 827.0752 43.6232
v 370.6793 826.375 45.06109
v 380.0264 820.1904 55.1278
v 373.0075 824.6683 45.10951
v 372.9299 824.7456 44.57349
v 373.2393 824.7135 45.22801
v 367.2166 828.558 42.83274
v 368.0202 826.9852 43.47386
v 367.9874 826.9704 42.96688
v 372.8077 824.4813 42.26132
v 373.6261 824.453 42.79085
v 371.2504 825.9637 46.89334
v 369.2857 826.4012 44.08768
v 374.3458 823.0788 54.02061
v 342.3759 799.9456 29.2711
v 370.0661 825.9189 41.81643
v 376.0015 823.001 51.7781
v 379.3968 799.8875 30.7906
v 375.9993 821.264 50.33696
v 376.9554 821.017 48.82035
v 376.8657 821.0802 48.36176
v 375.2785 821.7839 46.8856
v 354.5814 799.9622 35.19551
v 354.6543 812.6869 29.20391
v 374.7886 822.5789 48.63803
v 382.9211 818.5806 48.20734
v 368.3557 824.786 39.22478
v 370.351 826.0494 45.94208
v 355.6516 811.6296 32.54543
v 375.1913 822.3712 55.54988
v 388.9038 799.946 31.17639
v 374.5755 822.6259 43.94128
v 370.8711 826.1813 47.30496
v 356.9913 841.8247 41.20486
v 369.7378 826.1244 46.38373
v 354.8525 799.8355 33.44663
v 369.9549 825.9652 43.29162
v 368.5807 826.8072 41.21903
v 370.0176 826.0954 56.49272
v 374.1217 824.1545 45.12824
v 373.2566 824.3074 44.66331
v 372.182 825.2257 42.79902
v 372.6641 824.8611 41.29543
v 371.9578 803.2982 31.47928
v 370.2329 825.9064 40.84606
v 372.4932 824.8924 58.50433
v 361.4491 844.5265 45.49344
v 360.6567 842.6181 47.93689
v 360.2517 842.7913 47.47206
v 353.3098 844.4002 46.26931
v 359.5552 843.3812 47.28415
v 360.2151 842.6292 45.2218
v 372.4123 825.0955 40.55414
v 355.7915 843.0404 46.20286
v 372.1356 825.3533 41.12988
v 346.1854 799.9913 30.12568
v 367.5424 827.4978 40.77304
v 355.0276 843.5893 49.30684
v 354.5963 843.8683 49.11434
v 371.6444 803.7652 33.89147
v 358.2301 843.6165 44.5585
v 356.0866 842.1558 41.66449
v 374.3992 823.0437 48.37888
v 357.7153 809.5495 44.15392
v 369.9308 825.8992 55.85958
v 372.5334 824.932 56.22682
v 374.0424 802.4318 25.26586
v 377.6761 800.1456 44.78922
v 354.7752 800.0939 39.81086
v 354.4922 800.141 40.21975
v 369.1799 826.4713 41.13523
v 397.2707 806.1624 79.88597
v 398.6079 805.1952 48.9464
v 352.7287 800.9137 37.70464
v 354.6559 800.5162 44.22908
v 363.4881 803.5431 44.2352
v 372.7586 802.989 35.83572
v 369.8602 825.8145 55.0074
v 385.8031 800.3771 29.36105
v 370.6217 826.2896 56.76857
v 370.2184 826.0295 39.14677
v 369.9256 825.8064 54.47668
v 355.6895 800.6308 45.66098
v 370.7647 826.3195 51.13704
v 370.8592 825.7778 38.83501
v 352.7697 800.8896 42.35369
v 354.7632 799.9796 39.50757
v 397.5971 801.567 36.33343
v 370.3245 825.8707 40.43126
v 354.5831 800.1666 43.83577
v 367.9515 826.9836 41.95053
v 398.8979 804.8205 64.79175
v 358.0294 801.4031 45.94711
v 370.8161 826.3276 41.83467
v 398.4961 805.2271 43.23556
v 371.4773 825.7787 51.82456
v 379.4572 820.0928 53.14352
v 379.2547 799.9129 30.95289
v 398.9831 804.9584 50.51425
v 398.8776 804.9375 46.4286
v 353.7766 800.4049 41.87819
v 399.527 804.6274 39.87101
v 373.1148 824.816 57.0005
v 379.7347 819.9953 53.83335
v 375.4554 822.2929 39.14528
v 367.4393 827.645 41.17013
v 370.5334 821.6423 39.32488
v 355.3419 843.0383 49.84755
v 368.8554 826.7258 42.18742
v 358.1459 843.4393 50.28656
v 399.0416 804.9248 45.94905
v 399.1843 804.8508 47.17511
v 373.1964 824.2542 58.76645
v 358.0019 843.1764 52.53308
v 372.3382 824.7272 60.14989
v 398.9132 804.9392 46.798
v 399.5412 804.6541 73.00436
v 372.1106 825.1897 50.9958
v 399.976 804.4584 72.60133
v 397.3191 805.7505 49.38301
v 371.8785 825.3172 51.50716
v 362.0153 845.4611 51.90518
v 399.5504 804.5634 67.42863
v 370.8265 826.1569 47.76673
v 371.1101 825.9294 56.19595
v 370.7516 826.3055 53.42431
v 371.641 825.5752 49.06881
v 398.4782 805.2025 49.84696
v 372.4433 825.1775 52.73645
v 371.1996 826.0178 50.9236
v 398.9086 805.0123 49.80351
v 317.8793 799.8652 27.38729
v 375.3738 801.5051 39.431
v 361.9196 845.0699 53.79729
v 370.4688 826.2002 56.30752
v 399.4872 804.5622 69.18881
v 397.4927 812.7388 83.88268
v 397.0797 805.8481 50.6556
v 397.3393 809.6855 82.60429
v 345.3357 807.1643 44.73583
v 381.8364 819.1799 51.5515
v 382.3101 818.9128 51.55777
v 372.1101 825.3812 50.09993
v 372.2589 825.14 49.37234
v 372.4805 825.1462 54.42334
v 396.9289 805.8892 51.50233
v 399.7072 804.4948 62.02094
v 399.0919 805.3463 82.23985
v 372.2197 825.2536 54.55699
v 381.8286 819.2289 45.51546
v 355.3471 800.1255 44.9221
v 372.9759 803.0235 26.32932
v 372.9519 802.7874 33.7499
v 345.987 800.0728 29.2324
v 398.5485 803.5796 37.91937
v 315.6019 800.9422 25.89629
v 372.7674 824.9019 46.60872
v 370.196 825.9308 39.34168
v 304.967 801.0851 22.6948
v 372.7132 824.9596 52.77486
v 371.2816 825.841 57.19258
v 375.1498 822.3253 56.21966
v 309.5764 802.6971 24.90726
v 385.9413 799.8086 29.54324
v 371.1026 825.7318 38.82361
v 288.3136 800.6427 28.58916
v 359.8159 841.6225 71.71122
v 370.9893 825.8269 58.26298
v 349.7791 814.2509 44.75058
v 289.1061 800.438 27.05955
v 399.2513 804.0877 38.19699
v 343.9049 800.2136 29.04609
v 341.865 801.1457 28.86937
v 368.9323 825.5238 39.4015
v 373.0382 802.7184 38.37653
v 353.0579 844.5028 48.23081
v 287.4264 801.2594 28.5171
v 352.4094 844.6792 49.06657
v 360.4817 842.7364 51.33543
v 399.599 804.5121 38.91386
v 353.7576 800.3916 37.69859
v 369.6308 827.3771 71.379
v 382.5109 818.5356 44.69434
v 344.701 829.1026 38.10292
v 345.0859 813.92 48.19072
v 376.2994 800.6869 44.47408
v 349.5678 802.3971 33.26414
v 394.7935 807.9893 52.7798
v 375.6183 822.2236 39.36287
v 375.3584 821.7547 50.74529
v 357.3022 841.9466 47.47286
v 326.0041 800.5299 28.73519
v 374.4579 801.9946 36.67143
v 398.68 804.9517 40.58843
v 377.4882 820.6037 39.02693
v 299.0761 801.015 21.36156
v 365.3852 810.8068 32.3271
v 345.3406 814.9462 46.27832
v 379.184 819.8886 38.39761
v 353.4536 800.7434 39.86176
v 398.1447 805.4154 47.37919
v 341.2268 799.9711 29.36892
v 356.8081 842.3751 49.98857
v 356.8189 843.2338 71.12843
v 399.6234 804.6752 74.99028
v 397.2159 805.8713 42.14843
v 397.8702 805.4294 41.23308
v 358.6455 843.9591 45.71373
v 399.2571 804.6597 70.0268
v 359.445 843.3215 45.80712
v 354.2994 800.1055 42.02982
v 358.9984 843.725 45.82817
v 372.1699 803.481 30.36094
v 368.1815 799.8737 45.03136
v 358.1418 843.4298 51.04383
v 399.1722 804.8747 75.14053
v 383.7459 817.9467 37.74808
v 399.191 804.8764 73.86976
v 360.7882 843.4396 50.18951
v 366.7174 806.1651 32.22848
v 357.4172 842.235 49.9533
v 357.1019 842.8368 45.7484
v 360.7975 843.5996 46.79393
v 361.0193 844.282 47.19091
v 398.1921 805.5195 77.29887
v 358.2637 843.5064 45.03899
v 358.4659 843.7652 45.40495
v 341.8174 828.5231 36.59235
v 348.1159 803.1152 30.36327
v 346.194 848.4239 44.7401
v 355.9621 800.6493 45.98785
v 352.7402 801.0891 40.53217
v 399.4153 804.7872 42.76525
v 327.2729 802.3503 28.76466
v 372.4129 825.0113 56.63572
v 397.0516 804.5061 38.56142
v 320.044 801.9983 26.14837
v 352.8496 844.4758 49.30767
v 350.8227 845.2141 47.11699
v 343.9873 848.078 52.44149
v 363.6076 807.8355 32.01021
v 357.1732 843.2724 62.65522
v 351.3846 845.0065 65.0414
v 344.488 800.3166 30.36829
v 355.8425 843.6348 68.1955
v 353.2584 800.5155 29.49176
v 345.8032 845.0241 59.89388
v 364.5956 806.9651 34.43415
v 399.0953 804.7829 72.14167
v 338.2918 802.0127 30.58647
v 364.5301 807.2824 31.92405
v 399.4828 804.5312 70.47178
v 371.8899 824.7902 38.68221
v 352.944 844.3123 49.64817
v 354.0436 800.3211 38.82973
v 381.2775 819.7398 57.65612
v 362.8164 808.0888 35.62053
v 367.557 805.6649 33.14018
v 340.3219 800.5327 29.42944
v 362.9115 799.9734 46.68573
v 353.9151 800.4127 40.85773
v 353.3899 800.6562 41.44733
v 345.102 848.3651 52.18346
v 399.2212 804.6839 71.76558
v 399.0658 804.9172 72.7634
v 352.1948 844.9809 47.97143
v 287.2911 799.9747 28.48214
v 354.4247 800.0289 42.19182
v 382.6529 818.4712 38.1226
v 354.2109 800.1298 42.24914
v 354.3631 800.2124 39.53857
v 382.8217 818.4705 39.76308
v 353.2629 800.7221 38.75588
v 398.5574 805.1696 45.30148
v 334.5365 859.5891 34.84149
v 335.6253 857.6689 35.78236
v 352.7105 800.9054 42.95306
v 353.8662 800.3237 43.22142
v 377.0923 821.3991 60.02226
v 354.5531 800.0281 43.33204
v 379.8147 820.0196 55.58186
v 353.3168 843.9 48.12016
v 398.6862 805.0102 68.46036
v 398.7987 805.024 70.27589
v 398.1864 816.3215 84.65644
v 399.3347 804.8963 77.64
v 397.9102 805.3666 57.61291
v 383.7983 818.2674 36.51866
v 399.9305 804.4058 70.62369
v 399.4389 804.7664 74.20255
v 398.882 804.9701 52.84344
v 378.4822 800.0344 35.6
v 358.8308 843.4149 44.36261
v 384.6284 819.0844 36.30079
v 360.9089 843.8673 47.53326
v 355.9478 800.1351 45.06939
v 399.6523 804.4982 70.89177
v 399.3186 804.6373 71.47397
v 383.547 801.0825 29.01943
v 399.3784 804.6182 71.67611
v 398.7182 805.0816 44.8845
v 360.3765 842.6909 48.91237
v 361.3385 844.2826 51.79778
v 359.0454 843.5891 49.23775
v 361.6522 844.686 39.85451
v 361.3916 844.5528 49.14354
v 333.555 800.1006 28.90751
v 375.607 821.9747 56.9293
v 399.4515 804.538 65.7898
v 355.1068 801.5033 46.55696
v 354.9739 843.0135 50.12348
v 377.0135 821.5603 57.11671
v 354.0845 800.3921 44.25538
v 376.8054 821.6854 57.55505
v 355.2136 843.1261 52.77091
v 353.7953 843.6962 42.46898
v 354.24 844.1571 43.51801
v 377.7808 820.7743 41.79762
v 353.3559 800.6632 44.08848
v 355.8441 800.6791 45.45005
v 355.5665 800.6405 45.35289
v 358.8254 843.235 46.61522
v 379.6695 820.0047 58.13835
v 353.7126 800.3876 42.70064
v 360.7216 843.3416 48.24112
v 393.4916 809.0798 43.97643
v 359.2812 843.0142 41.07594
v 283.1103 799.9787 28.44894
v 355.1183 800.4513 46.42397
v 358.7534 843.1988 41.06293
v 375.7925 821.8666 56.26776
v 398.9201 804.9784 45.27675
v 381.3623 820.361 48.99578
v 393.8344 799.9118 32.70388
v 353.2629 845.0764 45.57628
v 355.0516 800.4761 45.56023
v 283.1475 799.9787 28.45045
v 399.7207 804.6124 49.48328
v 356.3624 800.1297 45.59362
v 355.2096 800.427 47.40532
v 355.9927 800.6339 47.00828
v 386.919 800.7312 29.8628
v 357.5633 842.6001 42.51289
v 369.5444 800.9555 44.21891
v 381.9382 818.6744 42.67596
v 380.5959 819.7481 49.519
v 347.8043 803.5501 43.91628
v 347.592 803.6742 43.19432
v 359.8674 842.9938 39.6329
v 354.0453 800.8516 44.7886
v 399.037 804.9013 46.66339
v 346.9196 801.0818 29.61636
v 347.9656 803.4587 42.8019
v 360.6875 842.8581 40.02123
v 360.5757 842.8437 40.44691
v 398.8535 805.1382 49.58492
v 283.0357 799.9787 28.44591
v 399.9278 804.533 76.24554
v 376.2587 821.5974 56.11276
v 399.9186 804.4895 77.17424
v 383.9099 818.1301 40.95438
v 383.9611 818.135 41.56017
v 398.0225 805.3651 51.65627
v 375.5966 822.1235 57.93277
v 355.5866 842.5825 41.59347
v 398.508 805.4617 49.31813
v 399.6912 804.6766 74.01519
v 396.7797 805.8862 52.56775
v 397.918 805.3591 53.14962
v 398.526 805.1242 54.15955
v 398.6463 805.1066 65.00063
v 361.5322 844.8302 46.34949
v 372.4465 825.1171 41.87449
v 377.2299 820.6108 49.97017
v 358.6817 843.3518 44.09237
v 344.1755 805.2364 38.97263
v 354.6598 843.6916 40.89405
v 398.2714 815.6368 84.57216
v 398.7546 805.0711 41.87092
v 398.6443 805.0178 67.03384
v 344.6992 805.0187 38.84128
v 397.8217 805.5476 49.48956
v 399.9464 804.4832 46.15406
v 398.4634 805.1673 67.21914
v 398.7923 805.012 45.4882
v 375.2206 822.3019 57.27825
v 385.4745 818.4187 36.00887
v 361.2472 844.3957 47.67396
v 352.1767 845.0217 44.07087
v 363.7001 838.2255 39.10989
v 393.9635 808.7367 49.35472
v 398.5257 805.1117 69.35542
v 398.2471 805.2558 50.37819
v 356.7253 842.9403 39.73298
v 356.2898 843.2441 39.70137
v 359.9083 843.338 45.81024
v 399.9601 804.3801 40.77876
v 368.9338 826.5706 45.51731
v 398.1429 805.397 44.16756
v 397.6405 805.6796 45.43147
v 398.8584 804.8076 65.16297
v 399.2847 804.6534 64.40018
v 399.3537 804.6272 57.43868
v 399.5989 804.6991 73.33839
v 348.7867 845.9427 41.77577
v 381.2446 819.5405 58.13184
v 399.4693 804.7301 76.58379
v 399.2154 804.7076 70.60499
v 398.9124 800.7762 35.83899
v 354.9531 810.0186 44.02213
v 356.9914 843.1416 51.70324
v 345.8468 807.5472 44.71016
v 373.395 824.1829 58.43061
v 399.4912 815.5879 84.74194
v 399.4029 801.7485 36.74644
v 350.8846 803.2148 45.16334
v 367.9188 827.5678 45.61408
v 298.0906 803.1068 21.18158
v 371.2856 805.1538 32.191
v 374.8008 823.0431 58.17622
v 373.4571 823.5332 41.76619
v 303.5799 801.7905 22.08656
v 373.3312 823.6481 42.36477
v 245.8225 799.9847 28.12907
v 399.1507 804.7399 56.76408
v 398.7903 804.8991 57.69254
v 345.3019 808.633 45.03352
v 288.17 801.3986 25.30191
v 361.6829 844.769 40.82076
v 306.5159 802.7143 23.99948
v 359.3812 842.9427 45.45419
v 373.6315 824.2612 48.77181
v 398.7192 804.9533 59.31782
v 362.0685 845.579 45.8248
v 360.1723 843.5354 46.98562
v 354.2792 812.2851 45.3077
v 355.0097 812.6746 35.21721
v 328.9037 808.9317 35.29785
v 358.257 843.7684 43.32547
v 345.6139 807.0966 44.62386
v 356.6785 842.136 38.98227
v 287.5041 801.3418 27.19249
v 399.2053 804.7087 59.1256
v 312.0886 802.835 26.42197
v 354.2442 843.0657 50.01761
v 374.0275 823.9815 54.75637
v 357.3279 810.8658 37.91265
v 333.153 801.7286 29.59069
v 325.8248 801.3515 28.95868
v 382.6906 818.8837 46.21799
v 330.6049 802.2304 29.43499
v 399.5765 804.586 60.84628
v 313.4939 804.2437 25.73258
v 268.245 799.8818 28.41925
v 332.5575 804.3496 31.48752
v 399.839 804.4402 58.28733
v 357.5288 842.434 48.73204
v 358.0894 810.4537 41.9867
v 357.4935 842.2797 46.65954
v 386.8296 818.1813 55.84917
v 354.3448 843.9988 45.7404
v 276.9863 799.8818 28.38408
v 379.5674 820.1247 51.22087
v 378.6916 820.4221 46.78308
v 317.7241 802.5824 24.92937
v 384.2957 819.3066 55.44485
v 362.113 845.5346 45.30254
v 398.5833 805.1002 55.71299
v 354.8144 843.5531 43.60677
v 394.435 808.4306 66.32851
v 277.1114 799.8818 28.38422
v 399.2924 804.7748 55.30201
v 356.2348 837.9059 37.00731
v 373.6903 802.3455 42.34085
v 315.5021 803.2972 24.65092
v 353.6637 800.3201 29.78369
v 381.5582 819.5827 54.9165
v 398.8915 804.892 56.57262
v 377.3073 800.8173 27.43199
v 323.1609 800.6266 28.12181
v 399.1991 804.7037 61.97742
v 353.549 800.4195 32.49419
v 353.5315 800.4624 36.07857
v 354.0933 800.25 41.65249
v 352.5147 800.8917 29.69378
v 394.8338 807.9686 41.29159
v 351.4608 801.4373 36.09554
v 394.5571 808.1911 42.31296
v 355.0368 843.44 46.01654
v 398.4894 805.189 66.71272
v 398.7841 804.9044 60.99264
v 398.8991 804.8539 64.1513
v 380.0111 819.9816 56.54545
v 350.8177 801.7766 30.02628
v 398.6983 804.967 63.382
v 395.0416 802.1693 35.34516
v 355.5737 843.3868 42.47049
v 380.0236 802.2228 28.78205
v 398.6102 805.0798 66.03301
v 398.5626 805.1646 65.52531
v 398.329 805.2777 66.12111
v 399.9112 804.3831 63.65004
v 399.8568 804.424 64.37095
v 376.9011 800.8967 32.90136
v 323.5334 802.3073 27.95823
v 352.5955 800.889 37.49572
v 339.4443 801.489 30.23199
v 360.6963 843.4234 42.1502
v 379.2359 820.1968 56.7476
v 358.2616 843.5503 46.38627
v 353.6135 843.6349 49.60352
v 372.9145 802.374 44.47816
v 398.8162 804.8363 66.01556
v 379.7121 820.0124 56.11164
v 354.0937 800.2139 42.13264
v 354.2886 800.1697 43.75731
v 338.2821 803.8746 32.47237
v 371.5579 801.3841 44.23711
v 370.5167 801.9619 44.03176
v 353.8222 843.4655 48.51611
v 340.5392 801.8392 30.56879
v 354.5464 843.9249 45.41373
v 381.9829 819.0737 54.74194
v 385.5656 818.8524 46.19966
v 394.8082 807.3421 64.82985
v 399.4044 814.6567 84.70216
v 354.9727 800.6471 47.33336
v 361.3623 800.957 45.0098
v 354.6674 799.9216 41.86244
v 358.1107 843.5049 42.39348
v 335.308 800.8003 29.18383
v 352.8431 800.8872 43.69503
v 381.051 819.7379 56.89793
v 354.2535 801.253 45.28427
v 355.057 801.0732 46.9558
v 370.0575 802.269 44.10051
v 383.2327 818.7803 56.66242
v 377.1124 821.3032 58.94855
v 382.5291 799.9 29.03942
v 392.8479 800.2872 32.51597
v 354.679 799.9217 37.54011
v 353.4742 842.9273 44.57801
v 392.1811 801.9722 33.58028
v 354.9471 844.0501 39.56825
v 379.722 799.8449 30.41409
v 353.0015 843.4689 42.3647
v 376.5082 800.8912 41.47513
v 334.0961 820.8932 39.3193
v 358.156 803.547 44.87708
v 377.8838 800.3066 36.39804
v 377.7824 800.3825 35.72637
v 349.1808 846.312 40.33335
v 372.4871 801.8771 44.42627
v 374.2479 800.7504 44.24332
v 351.1706 845.0054 46.32016
v 394.4872 808.4606 61.12755
v 397.2326 802.8406 37.14593
v 376.6986 800.9237 35.64211
v 376.0144 801.2177 37.54972
v 374.8558 801.9874 29.95668
v 350.8885 845.4803 46.1786
v 348.0707 846.4541 44.32644
v 345.0764 799.8591 29.68685
v 387.1058 816.8525 57.97742
v 354.4606 800.0723 41.35145
v 295.3267 802.192 20.22207
v 292.969 802.2805 21.21901
v 289.9303 801.689 21.09252
v 344.3846 804.0095 33.99614
v 397.5672 805.7843 48.24696
v 289.0115 801.4509 22.87818
v 385.0905 819.0142 38.6927
v 309.0688 801.2153 24.81811
v 289.333 801.6955 21.94325
v 399.3495 808.6498 82.8595
v 385.1445 819.0231 39.16381
v 347.006 847.4531 35.00092
v 301.7647 800.311 20.83725
v 350.506 845.6667 46.69757
v 363.9433 800.0362 44.66547
v 399.679 812.0443 85.3935
v 348.2944 846.8495 44.93901
v 343.6393 811.8189 47.04478
v 353.4872 843.7526 46.93468
v 328.8237 800.6429 28.73837
v 301.3823 801.2412 21.00408
v 346.0284 807.62 44.63187
v 389.0017 800.4467 30.42553
v 352.7244 844.4176 40.6616
v 378.6913 820.4896 60.59317
v 353.9451 800.1608 31.32742
v 348.8643 846.5739 40.11599
v 345.8977 808.3262 44.70869
v 356.3854 800.2467 46.29138
v 384.1027 799.9611 29.24871
v 351.6283 844.9824 49.22305
v 378.0117 800.3683 26.08616
v 375.1132 822.3315 57.14377
v 288.3264 800.6562 30.53842
v 366.9408 805.2183 44.17335
v 343.3994 805.249 37.35184
v 359.7472 842.8957 43.89985
v 377.1844 800.578 39.53876
v 349.5488 846.1276 47.59079
v 395.4003 800.3087 33.33228
v 354.2805 843.2112 47.19733
v 390.2733 801.2594 31.87454
v 353.1356 843.2221 47.87609
v 351.378 844.658 46.47667
v 355.9934 841.6947 36.65155
v 386.6018 801.3666 30.30197
v 382.8256 802.3433 29.81309
v 345.5938 807.9855 44.8765
v 373.7149 823.3809 42.53035
v 355.2266 812.1996 36.29858
v 356.8343 799.862 46.08085
v 336.237 802.445 30.59556
v 364.6413 800.5551 44.05864
v 377.0758 800.874 30.65001
v 361.4456 844.417 42.00192
v 354.6997 799.8426 32.50919
v 354.1838 843.303 50.88598
v 353.7421 843.7443 52.32962
v 398.7629 805.4381 80.16414
v 375.3881 821.7998 50.82789
v 342.5834 801.3081 30.33964
v 327.1811 800.4443 28.70845
v 375.7526 821.5145 50.64595
v 321.7775 801.3861 27.32208
v 388.6327 812.1803 56.68341
v 298.4364 802.4813 19.84636
v 326.5925 802.5368 29.68246
v 314.5376 802.1695 25.46612
v 399.4368 805.0116 79.14046
v 356.3406 842.8041 42.77826
v 350.2949 802.1708 39.43076
v 354.2739 800.0006 31.84905
v 353.6107 843.287 48.02279
v 384.0277 818.0907 52.73846
v 395.6449 807.2757 42.93055
v 354.5834 799.9633 34.37271
v 343.926 800.6092 29.05089
v 351.8812 845.0398 35.04498
v 326.8615 870.4773 32.5615
v 348.166 847.1969 42.74596
v 345.3513 802.0573 31.28112
v 330.823 800.6625 28.84578
v 397.6908 815.378 84.58791
v 376.6341 821.5166 55.81103
v 287.9103 800.8549 30.5322
v 352.2714 799.9088 30.96877
v 346.7885 803.8472 42.76361
v 395.6826 806.9165 43.15771
v 374.8908 822.4729 57.10329
v 351.2966 801.3548 42.57876
v 348.9109 846.8149 42.97194
v 375.8193 801.2069 43.45742
v 351.6763 801.3413 32.07084
v 348.4307 846.1692 44.36373
v 370.5559 802.3156 43.94325
v 355.0815 842.9355 43.85073
v 377.536 800.4472 37.52536
v 289.541 800.0429 32.11958
v 350.1246 802.1984 42.15936
v 351.5156 801.4237 33.80921
v 376.1016 821.8131 58.07136
v 371.8243 825.4837 54.93761
v 388.3489 811.3678 55.02212
v 347.2835 847.7433 45.10582
v 368.03 801.0205 44.10016
v 330.0951 844.8806 44.22993
v 399.147 811.7342 83.42855
v 352.6298 800.8825 34.38769
v 372.3516 800.2948 44.3132
v 348.573 846.5808 49.34775
v 388.7881 811.1758 55.11211
v 358.5684 799.8075 47.51448
v 339.8588 849.8076 35.88911
v 346.963 847.787 47.70881
v 316.6192 801.6857 24.41056
v 346.9847 847.9434 46.11222
v 399.9781 804.8476 79.99832
v 378.7248 800.1906 30.36112
v 368.4749 800.1023 44.10694
v 373.1217 824.7278 45.97245
v 354.6437 799.9173 33.02245
v 372.8394 824.9151 45.39392
v 376.7539 821.3818 39.92453
v 376.4986 821.7526 57.93894
v 352.3255 844.7571 40.71857
v 359.3574 801.4472 45.52427
v 382.2579 818.6229 37.06036
v 394.8912 806.8323 55.49979
v 352.3995 801.0577 45.1967
v 374.1575 823.411 58.84583
v 387.8762 801.1787 30.637
v 349.4363 800.7231 29.72829
v 289.7336 800.5327 25.86509
v 328.9794 869.6879 32.09295
v 351.1204 801.6391 39.26048
v 394.7776 806.8997 58.7184
v 343.3076 800.164 28.82674
v 380.3606 800.6424 27.6381
v 381.8184 819.0427 39.833
v 349.5641 802.6533 44.87845
v 372.857 824.6826 56.36565
v 335.9031 847.4028 43.72469
v 287.862 800.9305 29.52156
v 351.7495 801.3818 43.77893
v 388.0533 817.0776 37.02822
v 332.1645 801.0065 29.02117
v 399.2757 810.2661 83.18678
v 352.2018 801.271 41.19296
v 354.6506 801.3395 46.84609
v 374.9846 801.8484 45.39458
v 333.1755 843.3524 40.19903
v 374.8371 822.8093 57.32101
v 347.5418 803.6869 44.29839
v 379.6115 820.0094 60.57536
v 317.0511 801.3317 24.63353
v 355.5126 843.1506 39.21553
v 310.8191 801.1829 25.68544
v 346.2258 848.4411 46.24967
v 339.1066 802.2238 30.90779
v 337.6809 801.3341 29.8315
v 396.466 806.1422 59.59861
v 348.5699 803.2795 42.64922
v 354.3612 800.0655 33.40379
v 349.1847 846.1855 42.36194
v 358.8264 800.3956 46.6401
v 350.9627 801.7294 45.03109
v 374.7382 822.8545 58.60313
v 346.2896 849.0032 36.00421
v 343.1937 800.795 29.51092
v 346.6425 848.221 45.96055
v 398.8708 802.569 37.31627
v 375.0503 822.4891 57.22179
v 376.4704 801.1275 28.32077
v 305.4929 801.7285 23.13974
v 351.8455 800.1315 29.53831
v 377.842 800.381 34.77669
v 353.7957 800.3307 34.48045
v 399.3745 803.1839 37.54685
v 293.0715 805.9898 23.38885
v 356.4047 843.0736 36.21212
v 373.7799 799.992 44.55479
v 372.9411 801.0061 44.3231
v 350.0403 845.9307 42.23523
v 347.9127 846.9308 39.91939
v 371.8593 825.2538 38.64426
v 379.0521 799.9209 32.0124
v 393.7064 800.6987 32.77794
v 375.5079 799.9892 44.5214
v 398.2863 800.2879 34.19325
v 359.0454 800.9377 45.98367
v 355.9548 811.6046 35.42855
v 382.588 800.4692 28.31196
v 373.2825 824.2914 56.36051
v 339.4186 853.2364 38.67688
v 350.0993 802.2805 44.57816
v 343.0998 800.6611 28.92772
v 397.0478 801.0049 35.03824
v 381.1037 800.9174 28.15843
v 342.4927 850.7937 36.82577
v 399.4305 800.3959 34.59737
v 399.451 803.7323 37.79819
v 354.1551 800.1661 33.82723
v 398.5804 801.4749 37.30147
v 368.0807 827.0473 44.01322
v 375.2378 800.8395 44.65573
v 376.5683 821.5116 58.43638
v 333.4543 860.8505 33.87214
v 340.5869 851.5749 37.55252
v 378.737 820.2785 39.3037
v 347.0441 847.2187 38.81032
v 346.5274 804.0171 41.21445
v 355.9367 843.2031 36.88854
v 348.356 846.7313 39.29257
v 346.4673 804.1482 40.69202
v 352.5662 802.0116 44.91698
v 399.345 804.7947 51.69719
v 353.5531 800.6187 44.61479
v 338.9713 801.1516 29.8493
v 398.4864 804.7321 39.47557
v 394.2592 808.7019 56.63956
v 398.8994 800.486 34.93014
v 384.6264 800.5503 28.82231
v 326.5587 801.3197 28.84011
v 378.3048 800.27 31.7677
v 351.3992 801.48 45.26199
v 394.993 806.953 55.1012
v 356.6265 811.6459 29.40522
v 351.4737 800.3196 29.63932
v 324.6707 800.8042 28.51782
v 310.4038 808.411 21.97662
v 326.5633 801.876 29.05582
v 373.5137 801.5731 44.56856
v 347.1616 847.2066 41.17146
v 347.9382 803.3348 42.43646
v 377.3017 800.326 45.11985
v 299.0329 801.5385 19.96748
v 380.4662 819.9497 56.95493
v 345.8327 848.8801 41.45534
v 346.7112 803.7128 40.35379
v 348.372 803.5577 42.16721
v 346.9105 803.7851 43.27285
v 354.5176 843.9794 39.37379
v 375.7045 822.3023 60.54607
v 360.2107 800.5705 46.11982
v 394.6044 807.7759 57.83559
v 351.193 801.6117 44.64256
v 346.1576 848.842 39.68393
v 347.6538 803.5656 41.99991
v 396.0312 806.3988 53.71717
v 341.4211 800.1302 28.63464
v 324.8083 801.5439 28.57739
v 355.9881 811.4609 33.31029
v 376.6901 821.6819 60.52117
v 399.876 804.5623 52.63131
v 398.6031 804.2541 38.62013
v 398.6012 801.2268 37.06246
v 399.6547 804.6519 53.78432
v 375.9052 821.8768 58.50186
v 394.9177 807.0383 67.96668
v 347.7882 846.9348 40.50398
v 349.2928 846.2264 42.18458
v 366.0583 802.0685 44.1745
v 349.2219 846.1284 42.50843
v 346.6234 812.1231 45.00028
v 288.1503 799.9584 28.47937
v 352.9697 845.4012 43.42829
v 350.1384 845.3536 38.46326
v 347.1697 812.1098 45.09285
v 351.3744 801.4885 44.96098
v 390.6652 800.4529 31.21939
v 344.5919 805.1096 39.42875
v 349.402 802.5874 42.00167
v 348.9932 846.0325 38.60993
v 294.8053 800.1654 20.50698
v 348.4856 846.3715 41.30262
v 350.9774 845.4228 42.41084
v 293.8707 801.465 20.64019
v 293.2314 801.6179 20.80507
v 348.8812 802.8981 40.87653
v 377.4394 821.2171 60.58154
v 291.3352 800.7535 20.93625
v 339.5266 809.6798 43.11309
v 297.4004 801.0145 20.12729
v 329.4263 801.4873 28.89374
v 288.4535 800.5665 31.99989
v 338.7692 810.2267 42.07844
v 289.9571 800.3964 23.61475
v 351.3607 844.6884 43.35868
v 348.3961 803.1642 39.85969
v 344.6281 805.8718 44.48762
v 396.6548 800.3366 33.81086
v 351.3133 844.9087 38.78252
v 320.0465 800.5707 26.31392
v 350.4559 844.6579 41.9077
v 310.3001 800.4702 25.30056
v 354.4167 843.5094 41.56497
v 353.9773 843.6007 41.70489
v 395.6309 806.4541 57.55478
v 355.7645 799.891 44.55841
v 370.7455 804.7967 32.96424
v 303.3977 800.4517 21.81416
v 353.967 843.8804 41.12588
v 354.8691 799.9324 43.54822
v 300.3621 800.3539 20.4329
v 354.3023 843.6985 40.94649
v 399.411 806.7829 82.50102
v 351.9055 845.0228 38.17793
v 356.5814 799.8858 47.41367
v 349.1343 803.0298 44.97181
v 377.7262 820.9611 60.91228
v 354.5708 843.5208 41.48633
v 358.1792 843.394 40.99823
v 306.9158 801.3336 23.78676
v 357.1063 841.9268 40.89236
v 354.0505 844.3524 40.02063
v 336.9162 800.2068 28.61627
v 355.3354 800.0113 44.29269
v 352.6637 843.7196 38.50415
v 355.5864 842.7559 50.08807
v 398.1321 807.5471 82.39626
v 378.571 800.5112 28.34739
v 362.0801 845.3846 40.95114
v 353.0942 844.5622 39.37987
v 354.6677 799.9828 39.01006
v 376.1755 801.2792 26.96463
v 302.8112 801.1769 21.12768
v 372.6581 824.9737 49.94176
v 359.4561 843.1223 40.262
v 356.8857 842.0475 36.26162
v 357.0299 842.4213 36.39049
v 321.3266 799.8688 27.44724
v 356.3958 799.8648 45.07648
v 353.257 844.338 40.50275
v 354.462 843.8703 40.22688
v 363.1823 807.9701 45.48991
v 313.92 800.013 25.68436
v 347.2873 803.7773 43.83303
v 359.5322 843.1438 39.71701
v 346.6549 848.2168 35.48698
v 352.8275 844.5555 35.81073
v 300.1841 800.8082 20.37594
v 354.5194 799.9965 36.93777
v 369.5067 825.4823 50.44888
v 351.8753 801.2113 43.39582
v 352.112 845.1284 37.53736
v 339.6173 800.0902 29.26034
v 376.6139 820.856 49.95575
v 376.2433 821.0387 50.03364
v 305.4409 800.1113 22.64692
v 352.6657 801.0332 41.36545
v 388.7538 801.4393 31.26583
v 395.5991 806.7811 57.57027
v 398.1869 805.3395 56.14064
v 367.4437 803.9867 44.55337
v 355.0934 799.9748 43.87302
v 354.8992 799.8509 43.32876
v 368.618 827.4345 55.05255
v 354.8344 799.8614 41.41196
v 338.3279 800.285 29.24119
v 337.041 800.8143 29.28332
v 351.3707 844.8816 37.53531
v 399.4962 813.2827 85.51036
v 374.6136 822.2838 51.22783
v 377.4429 800.3221 43.38917
v 351.3247 844.0626 34.97166
v 367.8149 827.3673 40.02374
v 356.1323 836.0307 36.62586
v 308.1471 800.5885 24.26921
v 385.6657 800.9548 29.6104
v 349.1789 846.3263 36.31514
v 325.1873 801.9286 28.80076
v 362.2489 844.1496 39.64374
v 350.0886 844.1709 35.09695
v 394.9992 806.7978 61.33596
v 347.5972 803.4335 40.71632
v 376.9461 800.8996 25.84732
v 287.5563 801.0714 30.03571
v 395.2845 806.668 58.47794
v 353.6863 813.1852 30.23829
v 352.7608 813.8722 28.95879
v 351.4531 801.3552 43.06092
v 348.8611 846.397 36.20656
v 394.8847 800.1311 33.03204
v 351.4678 844.9484 36.10377
v 350.3994 845.513 37.08289
v 395.5531 801.0202 34.35567
v 332.1819 800.2938 28.80698
v 381.0101 819.412 58.50256
v 348.0212 846.6264 38.84393
v 354.7104 799.9701 40.95036
v 347.997 846.8583 35.75686
v 371.3718 800.0194 44.08897
v 346.6641 799.9082 29.86031
v 352.7853 845.0305 46.04639
v 391.1414 800.7998 31.90245
v 384.496 818.5151 50.77096
v 349.715 802.5416 44.74723
v 347.0767 847.403 35.99042
v 395.9683 806.5427 57.87281
v 344.8952 847.6428 54.01142
v 345.5129 846.6185 56.43015
v 337.807 853.1429 35.42303
v 348.826 846.3492 36.03116
v 386.2927 800.6132 29.4118
v 352.3825 801.0378 42.85051
v 347.7446 847.0538 44.85754
v 347.8497 847.0527 35.95049
v 388.0359 800.2735 29.84608
v 394.7026 805.7229 38.14332
v 318.496 801.8477 25.38553
v 362.0915 845.7128 48.20085
v 373.3283 800.1007 44.16753
v 350.083 812.2095 44.27017
v 394.5688 808.7136 79.46148
v 345.9826 804.236 44.68326
v 346.1835 804.6086 44.3427
v 317.5025 800.3289 24.92486
v 348.4118 803.3279 41.22123
v 319.1741 801.5058 25.83398
v 347.8271 803.2632 40.73204
v 358.1866 842.7804 36.94625
v 348.4634 803.1375 40.81245
v 344.5762 803.3882 32.88565
v 356.8861 810.0767 43.95191
v 356.6209 810.1911 43.97673
v 299.8765 800.9722 20.27142
v 336.1843 801.3867 29.67007
v 299.6346 804.8763 22.75338
v 373.0233 802.7218 32.77858
v 353.2218 841.6394 35.4098
v 378.1146 801.1489 27.05556
v 394.7314 801.4249 34.47625
v 350.4782 802.0601 43.98314
v 393.6229 808.9897 57.33039
v 354.667 843.7871 36.68018
v 353.5648 843.0104 35.99409
v 348.9618 845.8757 34.91891
v 352.3004 801.1378 44.0313
v 392.1784 800.8748 32.53345
v 292.4872 801.0351 20.75717
v 381.8039 799.9878 29.32513
v 334.7011 802.0811 30.02371
v 388.3492 811.339 57.77702
v 388.4268 811.4179 59.37848
v 349.264 802.7757 44.06291
v 394.0698 801.6099 34.31007
v 390.1158 799.9557 31.7428
v 350.3148 845.3685 35.65153
v 394.7238 807.0131 56.02269
v 378.4739 820.5192 46.35197
v 382.1611 819.0199 58.6248
v 340.8547 799.8083 29.27048
v 393.8099 809.0154 57.19633
v 395.9495 806.3012 57.85045
v 394.425 808.7686 57.29507
v 360.1366 843.578 38.5976
v 393.634 809.0158 57.71812
v 352.5137 801.0207 43.58419
v 345.2323 811.4974 46.92176
v 395.0127 806.7194 60.33147
v 346.8836 803.537 38.03699
v 370.0197 826.0761 56.89806
v 378.6943 799.8748 37.04959
v 360.5763 843.247 39.35378
v 356.3673 839.9694 36.93951
v 395.0674 807.6968 57.42259
v 395.3898 807.4001 57.52426
v 358.234 843.5855 41.56046
v 360.9264 843.2935 39.36699
v 359.452 842.9725 39.40564
v 361.5194 843.8057 38.56464
v 394.4691 808.4231 72.04729
v 346.0797 804.4178 39.86705
v 363.6119 807.6178 45.42599
v 358.3014 843.529 38.62814
v 395.0473 819.4457 83.62183
v 350.9704 801.7121 44.82283
v 358.4524 843.7726 39.02698
v 374.701 801.9448 36.15803
v 359.5059 843.0692 37.70671
v 346.0905 847.4431 34.96889
v 352.8013 844.5863 46.57802
v 347.3783 846.4043 34.97153
v 344.7492 800.2862 29.08979
v 349.8048 802.4506 44.44957
v 399.4115 804.7721 74.77779
v 355.4893 843.5067 48.25664
v 370.6281 801.3136 44.13149
v 352.2996 801.0377 33.22388
v 355.8731 843.2766 37.81439
v 391.4909 800.5279 31.97594
v 353.9533 841.7578 36.03368
v 394.1283 800.9932 33.61757
v 387.3882 816.3495 63.75884
v 354.8622 843.7678 48.26159
v 348.7076 846.58 36.28673
v 348.3018 846.6894 37.11938
v 384.8417 801.9101 30.14081
v 287.5667 802.3064 23.39326
v 344.3577 799.9132 29.16219
v 353.5656 844.5539 39.58582
v 354.3799 799.8536 31.0513
v 300.1088 801.5859 20.62536
v 353.897 843.8671 39.73134
v 373.5368 823.8472 53.68029
v 397.5776 816.5912 84.28189
v 343.9772 801.9333 31.46221
v 392.8455 809.417 56.76977
v 343.3161 801.4865 31.00823
v 371.5775 825.8043 46.72181
v 370.7909 826.2182 46.4347
v 362.0783 808.3293 45.33375
v 347.5793 803.5354 41.73745
v 348.0629 803.4727 43.00419
v 348.8276 802.9539 42.1299
v 396.5861 817.8484 84.20805
v 349.1029 802.8331 42.99064
v 350.3286 800.1157 30.17709
v 380.8385 819.6298 48.40662
v 388.8112 812.2067 77.34231
v 373.8994 823.8798 46.34788
v 381.5269 819.1919 58.6974
v 347.2503 847.6732 45.589
v 351.6884 801.2456 43.18332
v 355.0026 799.8379 39.97304
v 397.2598 805.7314 41.21132
v 377.9552 820.7976 45.39268
v 391.9876 809.849 60.08164
v 388.2536 812.97 70.72495
v 386.5169 815.9965 76.08849
v 385.3473 799.9566 29.256
v 370.8953 804.1168 34.61229
v 389.7176 810.6583 57.65088
v 379.0124 799.8745 33.56523
v 398.2244 805.4809 48.53022
v 339.0551 828.3354 34.87645
v 351.3916 801.5785 43.42234
v 357.2704 800.3448 47.01339
v 354.7963 799.872 38.21213
v 388.8585 811.071 57.92133
v 354.5279 799.9785 42.61055
v 356.7551 799.9317 46.81255
vt 0.1433077 0.5033505
vt 0.1479919 0.5052245
vt 0.1537693 0.5045742
vt 0.5287633 0.4453294
vt 0.36024 0.9934168
vt 0.526427 0.433449
vt 0.5332637 0.4321218
vt 0.02775254 0.8513772
vt 0.02595925 0.8525114
vt 0.6134911 0.998489
vt 0.02692538 0.8496898
vt 0.2872143 0.8768811
vt 0.2849358 0.8804037
vt 0.2910899 0.8793494
vt 0.8346434 0.2084723
vt 0.8253242 0.2086782
vt 0.8352926 0.2148864
vt 0.8540421 0.9450907
vt 0.8462279 0.9426006
vt 0.8544986 0.9475055
vt 0.8485866 0.9417903
vt 0.904979 0.7370033
vt 0.891974 0.7599171
vt 0.9419245 0.7451407
vt 0.1313133 0.501088
vt 0.1239347 0.5083853
vt 0.1312695 0.5066701
vt 0.6135103 0.9984026
vt 0.6132812 0.9984619
vt 0.02741301 0.850841
vt 0.0298304 0.8556936
vt 0.02346802 0.8558775
vt 0.02904136 0.8540522
vt 0.8834361 0.7114613
vt 0.8765557 0.7264564
vt 0.9024812 0.6968548
vt 0.914651 0.6407473
vt 0.9144427 0.6665081
vt 0.9237623 0.6362771
vt 0.3208938 0.4739512
vt 0.3277409 0.4748845
vt 0.3270512 0.4651454
vt 0.7250073 0.2110944
vt 0.7212229 0.2133362
vt 0.7264504 0.2146958
vt 0.8769984 0.6450468
vt 0.9134495 0.6324282
vt 0.03093071 0.8579583
vt 0.5307067 0.6017443
vt 0.5372472 0.6072066
vt 0.5361061 0.592087
vt 0.1886649 0.4474186
vt 0.1903884 0.4513842
vt 0.193754 0.4509914
vt 0.2038772 0.5007629
vt 0.1963117 0.4998704
vt 0.1991146 0.5017812
vt 0.8845794 0.2196882
vt 0.8835072 0.2238138
vt 0.886045 0.2257735
vt 0.8406392 0.9046557
vt 0.8457565 0.9062938
vt 0.8419252 0.9109095
vt 0.1688466 0.4988505
vt 0.1766555 0.4875314
vt 0.1649346 0.4906607
vt 0.8891207 0.3396612
vt 0.8888309 0.3396975
vt 0.8917358 0.334506
vt 0.8172967 0.2530476
vt 0.8286321 0.2521849
vt 0.821911 0.2492657
vt 0.8484627 0.1700428
vt 0.8509083 0.1777144
vt 0.8558543 0.1707857
vt 0.8598062 0.9288567
vt 0.8597222 0.933491
vt 0.8659527 0.9312874
vt 0.8889411 0.3402022
vt 0.1204362 0.4396372
vt 0.1197314 0.441071
vt 0.1230767 0.4386926
vt 0.1151633 0.440275
vt 0.8537413 0.9243114
vt 0.8597718 0.9127158
vt 0.1921942 0.4755608
vt 0.1967137 0.4760057
vt 0.1922956 0.4729704
vt 0.03266692 0.2563739
vt 0.01861906 0.2690125
vt 0.02958083 0.2774464
vt 0.8296202 0.2417629
vt 0.8279368 0.2356672
vt 0.8887477 0.3408403
vt 0.03323817 0.2827281
vt 0.04719567 0.3379009
vt 0.06824613 0.3267413
vt 0.8468945 0.9316103
vt 0.8519026 0.9353916
vt 0.8872454 0.3451239
vt 0.8863336 0.3451662
vt 0.8581855 0.93425
vt 0.8564309 0.9387055
vt 0.1761175 0.9887722
vt 0.1700161 0.9944447
vt 0.1753194 0.9990234
vt 0.312816 0.8963859
vt 0.3145742 0.8926632
vt 0.1949935 0.5548236
vt 0.2434216 0.5744383
vt 0.2195313 0.5264501
vt 0.1287029 0.4911392
vt 0.1293073 0.4964228
vt 0.1324563 0.4922317
vt 0.7038499 0.3194127
vt 0.8834484 0.6108607
vt 0.1111236 0.3363337
vt 0.5833404 0.3617561
vt 0.5868648 0.3491871
vt 0.5800883 0.3588132
vt 0.8872865 0.3456507
vt 0.7897808 0.2525662
vt 0.7337559 0.3419871
vt 0.7433384 0.3456657
vt 0.2797306 0.3897232
vt 0.2873192 0.3886845
vt 0.27911 0.3809313
vt 0.1952031 0.4863071
vt 0.1939809 0.4858053
vt 0.1889648 0.4975269
vt 0.7601993 0.2031801
vt 0.7771469 0.2020491
vt 0.7730056 0.1947321
vt 0.07492495 0.7531299
vt 0.2790527 0.4769366
vt 0.2879312 0.48351
vt 0.2823014 0.4753885
vt 0.6421081 0.4970279
vt 0.6266887 0.4913054
vt 0.6314484 0.5033995
vt 0.2715359 0.3837712
vt 0.2736287 0.390057
vt 0.2752569 0.3859385
vt 0.8470896 0.8626374
vt 0.8583071 0.8718591
vt 0.8561085 0.8608623
vt 0.0217669 0.687739
vt 0.02534771 0.6952068
vt 0.02665424 0.683902
vt 0.1313374 0.4565512
vt 0.1338305 0.4666235
vt 0.1343229 0.4622289
vt 0.5079466 0.9852659
vt 0.3935547 0.9979669
vt 0.4978012 0.9839033
vt 0.737125 0.9973607
vt 0.4954929 0.9771848
vt 0.1212511 0.4660577
vt 0.1234233 0.4689788
vt 0.127502 0.4696393
vt 0.3209403 0.3968349
vt 0.3236678 0.3939772
vt 0.3154502 0.3967654
vt 0.3244627 0.3973888
vt 0.2664416 0.4123732
vt 0.271035 0.4126164
vt 0.2704077 0.40537
vt 0.2308221 0.3758422
vt 0.2219167 0.3757268
vt 0.2256606 0.3813004
vt 0.8363923 0.8485981
vt 0.837231 0.8575526
vt 0.8508804 0.8518069
vt 0.0009765625 0.7585047
vt 0.07159315 0.8118836
vt 0.02440798 0.763029
vt 0.1133232 0.5962595
vt 0.9198048 0.8717445
vt 0.9088829 0.8831251
vt 0.9163009 0.878754
vt 0.1085732 0.6548772
vt 0.05989528 0.6434219
vt 0.09612417 0.6545358
vt 0.1157403 0.4773062
vt 0.1160166 0.4821497
vt 0.1188951 0.4824187
vt 0.2199569 0.3742666
vt 0.2184846 0.374812
vt 0.8722197 0.9287061
vt 0.09903121 0.3597124
vt 0.09814095 0.3056571
vt 0.2052748 0.4848075
vt 0.2089334 0.4850023
vt 0.2072728 0.4796957
vt 0.5009766 0.9936593
vt 0.8385723 0.2278311
vt 0.5050818 0.9914957
vt 0.5019901 0.9990234
vt 0.8437412 0.219776
vt 0.1205368 0.4436949
vt 0.1221111 0.4493645
vt 0.1212757 0.4411851
vt 0.8871926 0.3458283
vt 0.9033891 0.9042757
vt 0.9037449 0.9024068
vt 0.9039997 0.9030003
vt 0.2217715 0.3710157
vt 0.8934349 0.2668453
vt 0.8841904 0.2676812
vt 0.8882504 0.2773719
vt 0.8479224 0.9531158
vt 0.2517354 0.4566563
vt 0.2499199 0.4588225
vt 0.2544305 0.4638374
vt 0.2690828 0.4562637
vt 0.2676842 0.4550184
vt 0.2667191 0.4565479
vt 0.9021783 0.906759
vt 0.8940482 0.3298496
vt 0.8926324 0.3290079
vt 0.8943921 0.3290014
vt 0.8915974 0.334197
vt 0.843895 0.4436094
vt 0.8442739 0.4412301
vt 0.8451938 0.4412632
vt 0.2092083 0.3775442
vt 0.21772 0.3730391
vt 0.2081532 0.3712201
vt 0.8396394 0.4519363
vt 0.5543413 0.5255091
vt 0.5519877 0.5121622
vt 0.5428996 0.5200533
vt 0.8270601 0.4738673
vt 0.8334715 0.4646664
vt 0.3419914 0.4534763
vt 0.3357599 0.4509201
vt 0.3354478 0.4541309
vt 0.8538607 0.9438591
vt 0.3060229 0.3669226
vt 0.3083863 0.3608844
vt 0.3028927 0.3647593
vt 0.2873919 0.3932054
vt 0.2940392 0.393504
vt 0.02067971 0.281635
vt 0.0216918 0.2768503
vt 0.01359844 0.2667168
vt 0.8891872 0.932451
vt 0.8880115 0.9311994
vt 0.8900005 0.9307541
vt 0.2862062 0.41413
vt 0.2780657 0.4082736
vt 0.2820613 0.4213184
vt 0.0373683 0.25741
vt 0.03590703 0.2504855
vt 0.5542687 0.6729206
vt 0.5641596 0.6533525
vt 0.5548673 0.6557901
vt 0.2843597 0.3437094
vt 0.2618392 0.3675315
vt 0.2603173 0.3772331
vt 0.2657998 0.3694886
vt 0.2950618 0.4059527
vt 0.2970002 0.3957821
vt 0.2901263 0.4023708
vt 0.8882223 0.9341452
vt 0.05330586 0.2473203
vt 0.05071568 0.2536042
vt 0.05803943 0.2600907
vt 0.05430091 0.9045251
vt 0.05456209 0.9068957
vt 0.0549214 0.9058037
vt 0.8565516 0.4135667
vt 0.8559147 0.4130678
vt 0.8566211 0.4132585
vt 0.8555495 0.4184093
vt 0.897466 0.3215832
vt 0.8964537 0.3208729
vt 0.8975179 0.3207888
vt 0.02550459 0.2798871
vt 0.5473292 0.8876883
vt 0.5159053 0.8936872
vt 0.5476215 0.8968276
vt 0.2973249 0.3750699
vt 0.2944739 0.3737819
vt 0.2961671 0.3474673
vt 0.01467514 0.6819381
vt 0.2957001 0.3468084
vt 0.2961311 0.3429853
vt 0.6169192 0.5613716
vt 0.6548024 0.5416982
vt 0.6306093 0.534444
vt 0.2143879 0.3644781
vt 0.3250542 0.4058077
vt 0.7404118 0.1688907
vt 0.3282697 0.402427
vt 0.4931641 0.7874395
vt 0.5814654 0.8547021
vt 0.581666 0.8313097
vt 0.298595 0.3826649
vt 0.2635946 0.4135603
vt 0.26759 0.4151658
vt 0.895722 0.3258731
vt 0.8689836 0.9715449
vt 0.868047 0.970894
vt 0.8698856 0.9696636
vt 0.1152177 0.4765624
vt 0.1107049 0.4729878
vt 0.1111805 0.4826756
vt 0.7404941 0.2809095
vt 0.09337544 0.2642829
vt 0.8410603 0.2039038
vt 0.8397253 0.2089809
vt 0.8514519 0.2047161
vt 0.8687361 0.9720419
vt 0.9011422 0.9088171
vt 0.8980262 0.9077905
vt 0.8995577 0.9119367
vt 0.8982888 0.9144179
vt 0.8615369 0.4051413
vt 0.8616067 0.4032879
vt 0.862264 0.4032525
vt 0.8610643 0.4061535
vt 0.8643547 0.3990701
vt 0.8745052 0.3748535
vt 0.8715066 0.3694127
vt 0.8761873 0.3713551
vt 0.8740728 0.3757527
vt 0.8617184 0.9861289
vt 0.861216 0.9837327
vt 0.8605329 0.986442
vt 0.8611727 0.9872737
vt 0.2737925 0.3829235
vt 0.8731659 0.3774858
vt 0.8656833 0.3756066
vt 0.8763438 0.8292522
vt 0.872295 0.8272427
vt 0.8724136 0.83025
vt 0.8707121 0.3825229
vt 0.9147765 0.1627327
vt 0.9054232 0.1732316
vt 0.9153609 0.1721559
vt 0.2187519 0.3758666
vt 0.8692729 0.8263505
vt 0.8816329 0.8259178
vt 0.04253817 0.2554747
vt 0.04339361 0.2527589
vt 0.7598048 0.2574325
vt 0.7584648 0.2499169
vt 0.3097975 0.4761029
vt 0.3084521 0.4800719
vt 0.3139975 0.4782079
vt 0.006865978 0.2608282
vt 0.867883 0.385183
vt 0.870102 0.3843668
vt 0.8692242 0.386245
vt 0.04421234 0.7023338
vt 0.04998398 0.7047603
vt 0.05303669 0.7041814
vt 0.2804892 0.4519714
vt 0.2778091 0.4482594
vt 0.2779307 0.4590169
vt 0.8681966 0.3881333
vt 0.1984303 0.4846463
vt 0.1218874 0.4535073
vt 0.1277318 0.4593253
vt 0.8863438 0.3480326
vt 0.8414894 0.216284
vt 0.03932953 0.2737839
vt 0.04654074 0.2555308
vt 0.8591155 0.9375036
vt 0.009945154 0.2597059
vt 0.008197308 0.2642178
vt 0.8295237 0.4727005
vt 0.8288464 0.4740255
vt 0.1122324 0.4878937
vt 0.1078937 0.486526
vt 0.8512138 0.4282642
vt 0.8511878 0.4282777
vt 0.8527368 0.4252791
vt 0.2512591 0.4216701
vt 0.2533576 0.4217093
vt 0.2501864 0.4154553
vt 0.8241947 0.2299237
vt 0.8195868 0.24146
vt 0.1915476 0.4697132
vt 0.1959684 0.4732845
vt 0.1951814 0.4637198
vt 0.2771132 0.4938122
vt 0.2823517 0.4986115
vt 0.2828898 0.4946504
vt 0.8512105 0.4282719
vt 0.8552908 0.4191253
vt 0.8550228 0.4186015
vt 0.855476 0.4187296
vt 0.3164842 0.4568555
vt 0.3080866 0.4501675
vt 0.3019822 0.4531276
vt 0.2948327 0.487727
vt 0.2923615 0.4911879
vt 0.2989452 0.4894949
vt 0.5625829 0.5266292
vt 0.556155 0.5195735
vt 0.288487 0.486807
vt 0.2817647 0.4886613
vt 0.7584708 0.235357
vt 0.7444412 0.2401867
vt 0.7578121 0.2395784
vt 0.7385258 0.2382821
vt 0.7449689 0.2353539
vt 0.1988485 0.3894912
vt 0.2043686 0.3905407
vt 0.2037225 0.3834646
vt 0.8512033 0.4282899
vt 0.8512082 0.4282785
vt 0.2059605 0.388069
vt 0.2064252 0.3937154
vt 0.2680211 0.4525539
vt 0.2729375 0.4467652
vt 0.265986 0.3834791
vt 0.2688844 0.3886549
vt 0.5287217 0.6351548
vt 0.8497015 0.4318261
vt 0.8922535 0.926251
vt 0.8932924 0.9241688
vt 0.9017289 0.7852777
vt 0.9043579 0.7832408
vt 0.8983815 0.7845561
vt 0.8964844 0.9178018
vt 0.8911656 0.9162189
vt 0.1939204 0.5172145
vt 0.1883013 0.5184736
vt 0.1977961 0.5225174
vt 0.1420071 0.4582736
vt 0.1414216 0.4542677
vt 0.1399488 0.4563272
vt 0.1410847 0.4593563
vt 0.7421886 0.2503389
vt 0.7315572 0.246645
vt 0.8686761 0.2505529
vt 0.8631396 0.2524545
vt 0.8722951 0.2517362
vt 0.8938809 0.9230132
vt 0.8814276 0.9271814
vt 0.8664635 0.2616833
vt 0.8655914 0.2579798
vt 0.8624044 0.2712882
vt 0.8642112 0.2563415
vt 0.8667501 0.2563
vt 0.1872988 0.5080294
vt 0.1809607 0.5057594
vt 0.3143526 0.8901024
vt 0.3116189 0.8862699
vt 0.3105166 0.8953236
vt 0.7413372 0.2448241
vt 0.7385745 0.2430699
vt 0.8807951 0.9477459
vt 0.8797525 0.9469444
vt 0.8814734 0.9465721
vt 0.2883248 0.5024585
vt 0.2841811 0.5027502
vt 0.2772942 0.5138663
vt 0.3398485 0.8749667
vt 0.336224 0.8718405
vt 0.3394792 0.8805511
vt 0.8802853 0.9487609
vt 0.9591811 0.7250564
vt 0.9719746 0.7081491
vt 0.9561337 0.7239289
vt 0.1229138 0.4945949
vt 0.1153162 0.4903464
vt 0.1170244 0.495627
vt 0.8411179 0.3158971
vt 0.8475251 0.3148391
vt 0.8399444 0.3139796
vt 0.8705611 0.9687886
vt 0.8693248 0.9680805
vt 0.8713848 0.9676591
vt 0.3071451 0.4958469
vt 0.3093388 0.489028
vt 0.3009109 0.4959918
vt 0.002063751 0.2624496
vt 0.006260872 0.2660435
vt 0.06075835 0.7194989
vt 0.05206513 0.7159988
vt 0.05806851 0.7261651
vt 0.7799195 0.166045
vt 0.2015469 0.4810967
vt 0.1995971 0.4760085
vt 0.1977339 0.4776459
vt 0.8859668 0.9387732
vt 0.1436603 0.417237
vt 0.117152 0.9990234
vt 0.1419933 0.4200079
vt 0.1381674 0.420328
vt 0.9081353 0.8946834
vt 0.9078599 0.8942128
vt 0.9082264 0.8945088
vt 0.1591797 0.9952834
vt 0.9043155 0.9023164
vt 0.8220273 0.9921873
vt 0.573861 0.3636429
vt 0.8212374 0.9954861
vt 0.5737228 0.3696548
vt 0.8203574 0.9956087
vt 0.1649799 0.5004179
vt 0.157196 0.4932177
vt 0.9083758 0.8942403
vt 0.1595863 0.99529
vt 0.9087667 0.8934856
vt 0.1594922 0.9955426
vt 0.05060792 0.7175875
vt 0.0425818 0.2497922
vt 0.03317451 0.2514232
vt 0.9134414 0.8845474
vt 0.3160436 0.4083753
vt 0.3129256 0.4081866
vt 0.3155215 0.4110709
vt 0.301784 0.44148
vt 0.9310853 0.8494795
vt 0.9308516 0.8494154
vt 0.9312248 0.8492057
vt 0.931047 0.8495372
vt 0.05547619 0.9070402
vt 0.05600183 0.9081674
vt 0.05656078 0.9094266
vt 0.3200204 0.4093072
vt 0.1130815 0.4718028
vt 0.1155469 0.475365
vt 0.1650596 0.5092019
vt 0.1622069 0.5091801
vt 0.1696634 0.5108706
vt 0.05025069 0.8960857
vt 0.0481813 0.8946182
vt 0.04949942 0.8945292
vt 0.1760473 0.4780902
vt 0.1737049 0.4761554
vt 0.1762431 0.4826441
vt 0.04868913 0.9033546
vt 0.3115051 0.9013674
vt 0.3100141 0.9044347
vt 0.3121989 0.9034567
vt 0.9387058 0.834622
vt 0.9375611 0.834227
vt 0.939476 0.8331751
vt 0.06752515 0.2441323
vt 0.7130177 0.2397569
vt 0.1957986 0.3857658
vt 0.03344297 0.2764184
vt 0.9357879 0.840208
vt 0.1940124 0.3891581
vt 0.2929543 0.9926326
vt 0.8633398 0.8410395
vt 0.8599073 0.8491551
vt 0.7348745 0.2446412
vt 0.9427585 0.826991
vt 0.9427022 0.8269278
vt 0.9427673 0.8269513
vt 0.2823033 0.9983848
vt 0.2802812 0.9982429
vt 0.2796123 0.9981571
vt 0.2032664 0.4936887
vt 0.2733886 0.406218
vt 0.3165228 0.8910362
vt 0.8868876 0.2034535
vt 0.8719845 0.2026693
vt 0.8860437 0.2063172
vt 0.3225374 0.4254345
vt 0.3211467 0.4349805
vt 0.3292308 0.4317939
vt 0.9452966 0.8215004
vt 0.9427782 0.8268915
vt 0.1691346 0.4660026
vt 0.1712906 0.4713732
vt 0.1776028 0.4707743
vt 0.1549897 0.4997979
vt 0.1512463 0.4994467
vt 0.1574576 0.5043943
vt 0.8868557 0.2001523
vt 0.8863462 0.1968652
vt 0.9336776 0.8414625
vt 0.1259277 0.4724601
vt 0.1235821 0.4729896
vt 0.1269314 0.4815054
vt 0.867043 0.246772
vt 0.8659815 0.2486737
vt 0.8715858 0.2450484
vt 0.9349577 0.8417352
vt 0.2110851 0.5096918
vt 0.2208576 0.5147254
vt 0.2019074 0.5181253
vt 0.01554561 0.2644407
vt 0.0190165 0.2579701
vt 0.8744199 0.2367389
vt 0.02810884 0.2812408
vt 0.02647233 0.281278
vt 0.2685599 0.4451621
vt 0.2679257 0.4483157
vt 0.3220298 0.3811717
vt 0.3237147 0.3804407
vt 0.3188572 0.37234
vt 0.1242137 0.441676
vt 0.9308017 0.8500072
vt 0.9653968 0.1652071
vt 0.9643066 0.1674832
vt 0.9654226 0.16463
vt 0.9347104 0.8422447
vt 0.9346965 0.8421724
vt 0.04692133 0.8896781
vt 0.04894428 0.8934112
vt 0.04509315 0.8862025
vt 0.04569793 0.890362
vt 0.2719345 0.4422515
vt 0.8581313 0.9930796
vt 0.8568535 0.9930323
vt 0.8583695 0.9925963
vt 0.3104768 0.485352
vt 0.3100431 0.4917687
vt 0.857618 0.9942415
vt 0.8769996 0.3676945
vt 0.8759515 0.3663095
vt 0.8772348 0.3663124
vt 0.8773001 0.3690847
vt 0.8856938 0.9393184
vt 0.8744323 0.9382237
vt 0.1572242 0.430569
vt 0.1496065 0.4346794
vt 0.1575346 0.4384776
vt 0.8856046 0.9394984
vt 0.8666499 0.9762025
vt 0.865517 0.9763635
vt 0.8658577 0.9780306
vt 0.8564157 0.9974478
vt 0.145565 0.4186294
vt 0.143857 0.4229116
vt 0.8855891 0.3499622
vt 0.3205729 0.4513812
vt 0.3259926 0.4558619
vt 0.323169 0.4448444
vt 0.5002651 0.5851021
vt 0.2644391 0.4102854
vt 0.5024994 0.5936671
vt 0.4990384 0.6028223
vt 0.7999084 0.9626268
vt 0.7997437 0.9658986
vt 0.8026088 0.9626017
vt 0.8986392 0.3183908
vt 0.8977296 0.3203938
vt 0.8762288 0.3544177
vt 0.2184 0.5070052
vt 0.2227142 0.5044547
vt 0.2139063 0.4976038
vt 0.02688909 0.2901834
vt 0.8828412 0.354991
vt 0.2695966 0.4382198
vt 0.268321 0.4395887
vt 0.8651939 0.9789444
vt 0.2817369 0.4019253
vt 0.2821009 0.4030503
vt 0.2865269 0.3974718
vt 0.1173041 0.5010545
vt 0.19491 0.5129004
vt 0.8652702 0.3954456
vt 0.8636123 0.394518
vt 0.8665034 0.3929962
vt 0.5497757 0.5867077
vt 0.5437386 0.5957656
vt 0.8655475 0.3961703
vt 0.2531183 0.377769
vt 0.8666868 0.3926505
vt 0.8766641 0.3704136
vt 0.8752517 0.3677734
vt 0.8817707 0.2141719
vt 0.8800842 0.2164651
vt 0.8814328 0.2164065
vt 0.295207 0.4997355
vt 0.2914808 0.4968688
vt 0.2704601 0.4778523
vt 0.2636125 0.4777476
vt 0.2648478 0.4815979
vt 0.8646064 0.9799289
vt 0.8642927 0.9805582
vt 0.0278101 0.6974366
vt 0.3100581 0.361622
vt 0.02944112 0.6977115
vt 0.02614927 0.7002725
vt 0.273488 0.4210898
vt 0.02833891 0.6935734
vt 0.8548607 0.2796353
vt 0.8581773 0.2795613
vt 0.8594224 0.2752561
vt 0.8584311 0.9824405
vt 0.8503649 0.2832031
vt 0.8522528 0.2798408
vt 0.9008316 0.3136157
vt 0.9007664 0.3090057
vt 0.9031557 0.309905
vt 0.8538105 0.9964764
vt 0.8996676 0.3160609
vt 0.8974192 0.3181729
vt 0.8989167 0.3175542
vt 0.3356214 0.5628363
vt 0.014678 0.2846808
vt 0.2993383 0.5114868
vt 0.3236253 0.5028908
vt 0.2770863 0.4354473
vt 0.2815475 0.4296517
vt 0.2784691 0.4242178
vt 0.8796403 0.9503108
vt 0.263741 0.4368047
vt 0.2669044 0.440701
vt 0.2704403 0.4304318
vt 0.8794146 0.9500098
vt 0.8787375 0.9523619
vt 0.8585285 0.4062898
vt 0.1081653 0.4362596
vt 0.1043665 0.4314654
vt 0.0991168 0.4370778
vt 0.8487461 0.4317888
vt 0.8493243 0.4327833
vt 0.8457136 0.440209
vt 0.8587624 0.271861
vt 0.01211715 0.2638596
vt 0.009735346 0.2655456
vt 0.9249107 0.8618895
vt 0.9123402 0.8643223
vt 0.9233741 0.8645441
vt 0.3115377 0.4681938
vt 0.3088155 0.4707808
vt 0.9525893 0.1649349
vt 0.9641262 0.1679021
vt 0.951574 0.1701328
vt 0.9635897 0.1694948
vt 0.05130768 0.9101313
vt 0.9488919 0.8146945
vt 0.9482353 0.8162668
vt 0.9435426 0.8115181
vt 0.9466944 0.8190098
vt 0.944761 0.818995
vt 0.9456877 0.8202347
vt 0.2801738 0.3680487
vt 0.2742417 0.3649266
vt 0.2786653 0.3701752
vt 0.9763926 0.9974213
vt 0.9780421 0.9981241
vt 0.9771608 0.9977441
vt 0.7893595 0.5014651
vt 0.7802643 0.4961312
vt 0.7892574 0.5015319
vt 0.2653248 0.442623
vt 0.2660503 0.4500536
vt 0.8636503 0.8532563
vt 0.8641385 0.8494283
vt 0.8582429 0.8533317
vt 0.9061044 0.9985094
vt 0.9061217 0.9985352
vt 0.7881156 0.9987628
vt 0.9061249 0.9985284
vt 0.7888012 0.9984261
vt 0.7880859 0.9987896
vt 0.7891139 0.9990234
vt 0.5598184 0.9981382
vt 0.2084198 0.4878458
vt 0.2129595 0.4915183
vt 0.7889779 0.9983296
vt 0.02755332 0.8642225
vt 0.03472204 0.865652
vt 0.003786325 0.2675303
vt 0.3137946 0.489234
vt 0.006467104 0.2713622
vt 0.8281564 0.4749522
vt 0.1068101 0.4744663
vt 0.1082528 0.4713974
vt 0.1038597 0.4745201
vt 0.8233579 0.4782184
vt 0.03567296 0.8676085
vt 0.6915376 0.9988957
vt 0.6913633 0.9988942
vt 0.6916167 0.9990234
vt 0.7996786 0.4943815
vt 0.8002192 0.485007
vt 0.8057907 0.4902439
vt 0.7984846 0.4951909
vt 0.5296558 0.5855738
vt 0.5391825 0.5769979
vt 0.5245594 0.5784725
vt 0.2454896 0.2209442
vt 0.2850319 0.2257086
vt 0.2920259 0.1564234
vt 0.115171 0.4465017
vt 0.1179953 0.4481368
vt 0.8851755 0.7979027
vt 0.8751036 0.8004683
vt 0.8910767 0.8018444
vt 0.5964308 0.9115129
vt 0.04200454 0.8801996
vt 0.04294181 0.8862809
vt 0.04382842 0.8837335
vt 0.03907609 0.8744187
vt 0.02808452 0.8743675
vt 0.03909686 0.8744601
vt 0.8718529 0.96658
vt 0.871547 0.963493
vt 0.8710965 0.9671684
vt 0.1100252 0.4902061
vt 0.1135242 0.4963742
vt 0.1133192 0.4912573
vt 0.2962754 0.4372759
vt 0.2906196 0.4315577
vt 0.286329 0.440163
vt 0.8715113 0.9674725
vt 0.8831155 0.3551594
vt 0.8832138 0.3549557
vt 0.1087286 0.4404039
vt 0.3227487 0.4620334
vt 0.3231447 0.4576696
vt 0.8826254 0.3560666
vt 0.8798115 0.3610454
vt 0.8798131 0.3610462
vt 0.9780319 0.9981101
vt 0.7032937 0.2241465
vt 0.7227777 0.2309042
vt 0.9780424 0.9981146
vt 0.009637594 0.2690142
vt 0.8157382 0.4834825
vt 0.8128535 0.4853896
vt 0.8788344 0.2251633
vt 0.03828025 0.2410131
vt 0.04983711 0.2493933
vt 0.2764382 0.4059575
vt 0.2802999 0.4045639
vt 0.877325 0.365205
vt 0.8827267 0.9441848
vt 0.667284 0.4390171
vt 0.6343073 0.4546789
vt 0.6757111 0.4468638
vt 0.8835101 0.9411604
vt 0.8839049 0.9421538
vt 0.3113172 0.4242882
vt 0.3129256 0.4218041
vt 0.3061497 0.4185843
vt 0.881741 0.9435965
vt 0.867076 0.3885596
vt 0.8493007 0.2576703
vt 0.8541956 0.2522036
vt 0.867015 0.3917553
vt 0.8607281 0.3909903
vt 0.8745714 0.9607311
vt 0.8736273 0.9631326
vt 0.8596475 0.866671
vt 0.8765946 0.9561353
vt 0.8754342 0.9521927
vt 0.8755887 0.9569046
vt 0.8759242 0.9572174
vt 0.7767549 0.194042
vt 0.07590604 0.7418829
vt 0.2118537 0.410239
vt 0.2192361 0.4128485
vt 0.2170799 0.4092553
vt 0.3043058 0.4726809
vt 0.2237115 0.4249743
vt 0.8783631 0.9523126
vt 0.5254393 0.5471042
vt 0.5283046 0.544953
vt 0.5292894 0.5430137
vt 0.2427425 0.3884251
vt 0.8784305 0.9531161
vt 0.328619 0.4417599
vt 0.3326344 0.4504141
vt 0.3241642 0.4376311
vt 0.3162026 0.4425772
vt 0.7096097 0.2183734
vt 0.7206091 0.2158752
vt 0.7001953 0.2172109
vt 0.7123792 0.2133195
vt 0.8779913 0.9539359
vt 0.3055239 0.4798077
vt 0.3071933 0.4793677
vt 0.8774193 0.9549495
vt 0.3450426 0.9380645
vt 0.3442938 0.9380162
vt 0.3449016 0.9375547
vt 0.3454072 0.9390336
vt 0.868664 0.9976159
vt 0.3447261 0.936834
vt 0.3434216 0.9331648
vt 0.3496307 0.9486926
vt 0.3492639 0.9488462
vt 0.3492346 0.9480171
vt 0.3499243 0.9497053
vt 0.3042586 0.907397
vt 0.3031772 0.9049991
vt 0.3006319 0.9077014
vt 0.111017 0.5074715
vt 0.1131935 0.5073531
vt 0.1122701 0.5000794
vt 0.2855284 0.4332013
vt 0.2866347 0.4324481
vt 0.7300582 0.2360566
vt 0.5239363 0.9128739
vt 0.5188024 0.9245378
vt 0.8199692 0.1924018
vt 0.5249395 0.920921
vt 0.8245777 0.1865901
vt 0.3562935 0.9705868
vt 0.355726 0.9708179
vt 0.3554984 0.969516
vt 0.357068 0.9712331
vt 0.2495766 0.4018942
vt 0.5156108 0.5567355
vt 0.2426007 0.3930706
vt 0.2475216 0.39617
vt 0.3584602 0.9743442
vt 0.358218 0.9718627
vt 0.2899165 0.3551107
vt 0.2892365 0.3513994
vt 0.2861199 0.3560122
vt 0.3771699 0.9929572
vt 0.375982 0.9908578
vt 0.3771388 0.9906937
vt 0.05374241 0.7136471
vt 0.3769714 0.9947438
vt 0.3760374 0.9950625
vt 0.5207721 0.4839713
vt 0.5105202 0.4788803
vt 0.5214796 0.481528
vt 0.8542764 0.2730233
vt 0.8552632 0.276511
vt 0.5118312 0.491978
vt 0.514794 0.489046
vt 0.501699 0.499921
vt 0.6594847 0.5016752
vt 0.644936 0.4843017
vt 0.3568797 0.997393
vt 0.3538046 0.9945823
vt 0.345113 0.9949677
vt 0.3697971 0.9793403
vt 0.3695803 0.9797833
vt 0.3691607 0.9789529
vt 0.01440358 0.6788149
vt 0.3711566 0.9802862
vt 0.3508229 0.9521444
vt 0.5623404 0.9978488
vt 0.5600479 0.9953451
vt 0.812941 0.9280518
vt 0.5614631 0.9950693
vt 0.8130742 0.9295774
vt 0.8116022 0.9254838
vt 0.3470707 0.9520381
vt 0.8676596 0.9955038
vt 0.8667445 0.9990234
vt 0.351065 0.9535096
vt 0.3496776 0.9559643
vt 0.3515822 0.9564442
vt 0.3304836 0.6338758
vt 0.3317451 0.6322447
vt 0.3318649 0.6327507
vt 0.3006136 0.4989187
vt 0.1577733 0.4627519
vt 0.1581976 0.4660632
vt 0.1612535 0.4635779
vt 0.3279417 0.6358312
vt 0.5016782 0.499936
vt 0.5016798 0.4999237
vt 0.501686 0.4999301
vt 0.531564 0.6122323
vt 0.5233392 0.6118723
vt 0.5015639 0.5000339
vt 0.1585763 0.4606497
vt 0.3651876 0.9770399
vt 0.3642581 0.9775056
vt 0.3638675 0.9761822
vt 0.3674058 0.9779476
vt 0.1209025 0.4823102
vt 0.3551818 0.9690444
vt 0.3538101 0.9718501
vt 0.3548862 0.968465
vt 0.3601556 0.9734942
vt 0.3617964 0.9747326
vt 0.2996762 0.483446
vt 0.3754125 0.9859377
vt 0.3747475 0.9856859
vt 0.3750243 0.9852054
vt 0.3767009 0.9893461
vt 0.4193219 0.8450329
vt 0.4178021 0.8468976
vt 0.4189462 0.843817
vt 0.4199699 0.8463956
vt 0.7509738 0.2177654
vt 0.745749 0.217541
vt 0.7562706 0.2131221
vt 0.7459856 0.2221576
vt 0.7606729 0.2090675
vt 0.7493004 0.200839
vt 0.5578105 0.9833468
vt 0.5569403 0.9836662
vt 0.5576747 0.9827498
vt 0.5586271 0.9852937
vt 0.8588355 0.2499314
vt 0.6995719 0.26429
vt 0.6942751 0.2644153
vt 0.7057204 0.2598525
vt 0.5352644 0.6299955
vt 0.1719205 0.478562
vt 0.6963666 0.2670036
vt 0.3464166 0.941531
vt 0.3453519 0.9435981
vt 0.347408 0.9438992
vt 0.3477308 0.944496
vt 0.3486948 0.9468004
vt 0.5684268 0.1377493
vt 0.5686662 0.1382626
vt 0.5675807 0.1391855
vt 0.6725565 0.2871104
vt 0.6454564 0.3104815
vt 0.6490273 0.3095742
vt 0.2889693 0.4304539
vt 0.2894611 0.4272478
vt 0.6076019 0.3449352
vt 0.5908405 0.3325229
vt 0.6121267 0.3413494
vt 0.592744 0.3571487
vt 0.5745841 0.3702502
vt 0.5812565 0.3687711
vt 0.7262145 0.2412521
vt 0.7288064 0.2367148
vt 0.7292429 0.238567
vt 0.7004122 0.2569478
vt 0.5620199 0.5781577
vt 0.5580547 0.5697237
vt 0.5522414 0.5814844
vt 0.302578 0.3952026
vt 0.3053401 0.3982282
vt 0.3051817 0.3951082
vt 0.307637 0.4051225
vt 0.5034242 0.6029441
vt 0.2647846 0.4035138
vt 0.4163775 0.8375987
vt 0.4160762 0.8368345
vt 0.3184078 0.4240069
vt 0.3209519 0.4156602
vt 0.3169568 0.4148551
vt 0.2850897 0.9869011
vt 0.282371 0.9840796
vt 0.2833925 0.983794
vt 0.2854041 0.987475
vt 0.2721869 0.9990234
vt 0.2853789 0.9875037
vt 0.3056319 0.4843767
vt 0.3520995 0.9598684
vt 0.3512149 0.9618286
vt 0.3519041 0.9588406
vt 0.3523183 0.9608647
vt 0.694245 0.268747
vt 0.6651046 0.2364793
vt 0.6877648 0.2736441
vt 0.03497005 0.246642
vt 0.5253966 0.4199225
vt 0.5268173 0.4106779
vt 0.5317361 0.4117424
vt 0.5183983 0.4285992
vt 0.3517899 0.9580081
vt 0.6389075 0.4175669
vt 0.6514022 0.4286193
vt 0.6649693 0.4262832
vt 0.3715914 0.9806064
vt 0.5158308 0.4317658
vt 0.5170379 0.4289083
vt 0.5567316 0.9809956
vt 0.5169511 0.4303485
vt 0.3072004 0.4804143
vt 0.3063436 0.4822644
vt 0.001018763 0.2627301
vt 0.5570613 0.9815237
vt 0.5563076 0.9807873
vt 0.7353055 0.2303474
vt 0.7333753 0.2259324
vt 0.07337856 0.7812603
vt 0.1934032 0.4815396
vt 0.3710618 0.983888
vt 0.3732214 0.982335
vt 0.3739831 0.9835757
vt 0.8602592 0.2440471
vt 0.1443546 0.4568546
vt 0.1499417 0.4538593
vt 0.1436639 0.4533501
vt 0.7820531 0.221059
vt 0.7670259 0.2203145
vt 0.6373464 0.2863937
vt 0.6370217 0.2894545
vt 0.6358501 0.2871363
vt 0.4662058 0.7160872
vt 0.4670038 0.6978824
vt 0.4774283 0.7063452
vt 0.7284871 0.503508
vt 0.462761 0.7191135
vt 0.8353236 0.3117797
vt 0.8323539 0.3225816
vt 0.2359648 0.9116175
vt 0.2316883 0.9091682
vt 0.229138 0.9027885
vt 0.2456343 0.9241827
vt 0.4096068 0.5680621
vt 0.4188006 0.5596142
vt 0.115678 0.9860841
vt 0.419084 0.5608685
vt 0.2819319 0.4493734
vt 0.1160535 0.9867901
vt 0.1088372 0.9744238
vt 0.2512003 0.9316882
vt 0.2465345 0.9262755
vt 0.8491536 0.9971512
vt 0.2477056 0.9269202
vt 0.8476269 0.9976948
vt 0.8500031 0.9971603
vt 0.848058 0.9980671
vt 0.254409 0.9370947
vt 0.8470703 0.9978532
vt 0.3641244 0.6045388
vt 0.3525065 0.6105403
vt 0.3568497 0.6108317
vt 0.4279882 0.8683204
vt 0.4241406 0.8661977
vt 0.4263447 0.8616009
vt 0.4317872 0.8796927
vt 0.5602165 0.9907881
vt 0.5587912 0.9909596
vt 0.5597529 0.9890869
vt 0.5609425 0.9933412
vt 0.7823769 0.1917014
vt 0.785249 0.1834819
vt 0.7993559 0.1777963
vt 0.2931979 0.4816459
vt 0.2921152 0.4879025
vt 0.6595032 0.4827369
vt 0.7782587 0.1947447
vt 0.7673341 0.1991756
vt 0.7760738 0.1969728
vt 0.2824689 0.9821376
vt 0.280659 0.978851
vt 0.8108079 0.9132351
vt 0.5529479 0.3903786
vt 0.5340014 0.4070339
vt 0.5372792 0.4061252
vt 0.2736452 0.439959
vt 0.2833221 0.4384339
vt 0.5015721 0.5000139
vt 0.5725913 0.3759454
vt 0.8826529 0.9946365
vt 0.6599257 0.4789284
vt 0.112299 0.4314703
vt 0.151902 0.5113971
vt 0.1548324 0.5086049
vt 0.8825911 0.9945914
vt 0.8825163 0.9950595
vt 0.4227011 0.852724
vt 0.4232326 0.8585035
vt 0.4231099 0.8536408
vt 0.1477211 0.4944322
vt 0.1500316 0.4912534
vt 0.1469185 0.4919675
vt 0.8459 0.9980126
vt 0.8463329 0.9983823
vt 0.8456663 0.9982058
vt 0.2660299 0.952417
vt 0.8455094 0.997942
vt 0.2673345 0.9540819
vt 0.2706603 0.9611495
vt 0.2773068 0.9768859
vt 0.2756112 0.969794
vt 0.2686734 0.9603784
vt 0.6114318 0.2303029
vt 0.6116657 0.2308072
vt 0.6107664 0.2306792
vt 0.6110655 0.2313238
vt 0.6118059 0.2311092
vt 0.590367 0.1850821
vt 0.5906141 0.1856168
vt 0.5900796 0.1862425
vt 0.8580989 0.8577343
vt 0.5427548 0.08172452
vt 0.5432678 0.08284516
vt 0.5415659 0.08318377
vt 0.6258202 0.2614677
vt 0.6243917 0.2626244
vt 0.6259535 0.2617631
vt 0.6257267 0.2612667
vt 0.6242228 0.2622499
vt 0.8110914 0.2032841
vt 0.2078631 0.3820855
vt 0.8662109 0.9954504
vt 0.8666396 0.9935045
vt 0.7190078 0.2121812
vt 0.721199 0.2108058
vt 0.2905142 0.483346
vt 0.4462512 0.9170659
vt 0.4436779 0.9160585
vt 0.4434032 0.9102823
vt 0.4477001 0.921549
vt 0.4457162 0.9219259
vt 0.7407714 0.9518621
vt 0.271806 0.3618473
vt 0.2647774 0.3656172
vt 0.03663898 0.7226458
vt 0.04286098 0.7188157
vt 0.03764892 0.7186697
vt 0.3229465 0.3845354
vt 0.4482915 0.9227957
vt 0.6265506 0.2630581
vt 0.6267879 0.2635697
vt 0.6244762 0.2628117
vt 0.4617636 0.5304965
vt 0.4601717 0.5279578
vt 0.4638591 0.5289345
vt 0.3158484 0.7441279
vt 0.3204048 0.7421674
vt 0.3084089 0.7376084
vt 0.715398 0.2154775
vt 0.8792074 0.2213524
vt 0.8838062 0.2162242
vt 0.4552267 0.5353469
vt 0.421563 0.7529185
vt 0.4086723 0.7465264
vt 0.4300119 0.7460664
vt 0.4084586 0.7634614
vt 0.2948554 0.5047104
vt 0.2761793 0.4261051
vt 0.5446713 0.5463635
vt 0.5522136 0.5527338
vt 0.5520886 0.5382499
vt 0.3912649 0.7774276
vt 0.3886873 0.7626102
vt 0.1256431 0.9384352
vt 0.4038828 0.7672338
vt 0.1275087 0.9424717
vt 0.1137566 0.9370416
vt 0.2182854 0.8889335
vt 0.2158864 0.8870553
vt 0.2147571 0.8844175
vt 0.227224 0.9003011
vt 0.2046568 0.8716033
vt 0.2998569 0.4776535
vt 0.6353902 0.2821898
vt 0.634681 0.2848229
vt 0.6335143 0.2825143
vt 0.6431538 0.2972942
vt 0.6440336 0.2986858
vt 0.6301306 0.2920717
vt 0.1471797 0.9863542
vt 0.1462881 0.9929483
vt 0.1487667 0.9898853
vt 0.8531275 0.1321532
vt 0.1222293 0.9448912
vt 0.1301279 0.9484381
vt 0.6893817 0.5196718
vt 0.6863153 0.5220523
vt 0.05761719 0.9987213
vt 0.7732072 0.1747416
vt 0.7732488 0.1707299
vt 0.768068 0.177121
vt 0.4300357 0.8817603
vt 0.7866386 0.909399
vt 0.432711 0.8824456
vt 0.804579 0.1735102
vt 0.8080484 0.1636851
vt 0.8194643 0.1608586
vt 0.8038437 0.173671
vt 0.6984067 0.5135535
vt 0.6937353 0.5055753
vt 0.06033156 0.9967261
vt 0.3782957 0.5931608
vt 0.3784468 0.5819432
vt 0.3858491 0.5866807
vt 0.3781256 0.5932829
vt 0.3679154 0.5978199
vt 0.377811 0.5935748
vt 0.7248287 0.4707993
vt 0.72439 0.4712961
vt 0.7241545 0.4694076
vt 0.7253647 0.4718577
vt 0.8471645 0.9985352
vt 0.2576385 0.9420319
vt 0.8467538 0.9979569
vt 0.8465348 0.9979848
vt 0.3351112 0.6300465
vt 0.329111 0.624355
vt 0.3430578 0.6228992
vt 0.3321602 0.6325003
vt 0.6326962 0.3458546
vt 0.6153461 0.3327577
vt 0.6139545 0.3519372
vt 0.1946791 0.8588833
vt 0.1796312 0.8468431
vt 0.1850936 0.8468279
vt 0.2000785 0.8658683
vt 0.3243608 0.4169347
vt 0.3272719 0.4106184
vt 0.7259586 0.1687993
vt 0.8708905 0.8473709
vt 0.8740277 0.8433943
vt 0.8728873 0.839047
vt 0.1982871 0.8741746
vt 0.7559363 0.994944
vt 0.7548828 0.9940111
vt 0.1839496 0.8453335
vt 0.7558738 0.9940662
vt 0.3297887 0.6267459
vt 0.3209629 0.4777769
vt 0.0009765625 0.2617456
vt 0.1741964 0.8372927
vt 0.3452501 0.6207842
vt 0.3370025 0.6083966
vt 0.07641983 0.7798601
vt 0.07485795 0.7733191
vt 0.8677756 0.2201254
vt 0.8721064 0.2219955
vt 0.8656697 0.2159886
vt 0.8651135 0.85122
vt 0.8653814 0.8540882
vt 0.4658203 0.996258
vt 0.8050802 0.1555507
vt 0.7676176 0.2042497
vt 0.7671377 0.2042799
vt 0.4416634 0.7367401
vt 0.4376447 0.7253809
vt 0.4508347 0.7292566
vt 0.1644258 0.5114176
vt 0.1667917 0.5177431
vt 0.1201153 0.4738949
vt 0.4383638 0.7393926
vt 0.616902 0.2420825
vt 0.6172862 0.2429106
vt 0.616924 0.2431051
vt 0.112322 0.9850927
vt 0.1173836 0.9885965
vt 0.4333689 0.7434058
vt 0.4269755 0.7356853
vt 0.738263 0.95542
vt 0.7284726 0.9586862
vt 0.7404659 0.9536284
vt 0.1974587 0.5186517
vt 0.7340739 0.9590144
vt 0.01313233 0.2605394
vt 0.7209166 0.9622738
vt 0.7330694 0.9598577
vt 0.453124 0.7272978
vt 0.4487598 0.7101161
vt 0.2048473 0.4863243
vt 0.2009034 0.4839325
vt 0.1976535 0.4832066
vt 0.5169822 0.996419
vt 0.515197 0.998089
vt 0.5153208 0.9956182
vt 0.5172861 0.9965095
vt 0.5162286 0.9982238
vt 0.5177608 0.9963396
vt 0.1375487 0.9645382
vt 0.1248033 0.9663804
vt 0.1351439 0.9592282
vt 0.1400163 0.9693205
vt 0.1179855 0.9906299
vt 0.1048206 0.9990234
vt 0.4061506 0.5706209
vt 0.4020164 0.5735649
vt 0.3966856 0.5521485
vt 0.5832326 0.1695609
vt 0.5838796 0.1709588
vt 0.5816297 0.1694111
vt 0.7303137 0.4813395
vt 0.7186874 0.4971616
vt 0.7317277 0.4841079
vt 0.7286603 0.4954478
vt 0.9537423 0.9477826
vt 0.7348216 0.4901724
vt 0.9572189 0.962211
vt 0.9454219 0.973538
vt 0.3919884 0.5760438
vt 0.3917596 0.5812675
vt 0.7255105 0.9665733
vt 0.7244025 0.9675905
vt 0.1436253 0.9768354
vt 0.1393231 0.9786617
vt 0.1446878 0.9809387
vt 0.8417586 0.14183
vt 0.840005 0.1310081
vt 0.8370965 0.1458257
vt 0.8199466 0.1603942
vt 0.8201046 0.1603158
vt 0.7155852 0.9753925
vt 0.7084721 0.9732246
vt 0.7122577 0.9784165
vt 0.5584888 0.9855825
vt 0.5588206 0.9857756
vt 0.8375617 0.9962421
vt 0.8380744 0.9988748
vt 0.8376977 0.9959851
vt 0.6520734 0.3174039
vt 0.6525025 0.318988
vt 0.6514264 0.3195068
vt 0.5339139 0.4091963
vt 0.5350868 0.4080531
vt 0.4263228 0.8615406
vt 0.4263048 0.8615575
vt 0.4263328 0.8615653
vt 0.128201 0.9527612
vt 0.1319137 0.9523968
vt 0.2263223 0.9000666
vt 0.4540309 0.5362085
vt 0.4426172 0.5437025
vt 0.4431565 0.5441832
vt 0.4533224 0.5336788
vt 0.3624014 0.9978352
vt 0.4418524 0.9067809
vt 0.4387229 0.9060451
vt 0.4406756 0.9041921
vt 0.8199664 0.1604332
vt 0.6401491 0.3174957
vt 0.6216676 0.2894702
vt 0.6317905 0.3244259
vt 0.6466643 0.3117321
vt 0.645687 0.3126044
vt 0.5594065 0.9877558
vt 0.5584905 0.9878888
vt 0.5506608 0.09930539
vt 0.5508906 0.09981723
vt 0.5497417 0.100408
vt 0.5511456 0.1003776
vt 0.5510734 0.1035414
vt 0.552595 0.1037312
vt 0.5523303 0.1031653
vt 0.5532329 0.1050848
vt 0.9078615 0.9946287
vt 0.3680302 0.6016456
vt 0.3558878 0.5907017
vt 0.3705178 0.5996536
vt 0.01868122 0.8538755
vt 0.01765299 0.8636117
vt 0.02312571 0.8522047
vt 0.02500063 0.8505306
vt 0.6938866 0.4082395
vt 0.6913832 0.4066167
vt 0.6929774 0.4064844
vt 0.7043711 0.4271843
vt 0.7210898 0.4629479
vt 0.5175824 0.9981117
vt 0.5184533 0.995899
vt 0.5191603 0.9962131
vt 0.5196371 0.9946908
vt 0.719984 0.4602776
vt 0.7190795 0.4699209
vt 0.7182493 0.4564676
vt 0.7170073 0.4633834
vt 0.7133857 0.4463521
vt 0.715059 0.4557374
vt 0.7167392 0.4529051
vt 0.7103419 0.4402063
vt 0.7104804 0.4479136
vt 0.707608 0.4333022
vt 0.7043895 0.4400182
vt 0.7081796 0.435625
vt 0.6993458 0.4283396
vt 0.5239187 0.9966964
vt 0.7035817 0.4368349
vt 0.5197218 0.9947235
vt 0.5188259 0.99511
vt 0.5200607 0.9951885
vt 0.6914552 0.3994429
vt 0.689599 0.4016371
vt 0.6907275 0.3973691
vt 0.5212276 0.9954197
vt 0.6923084 0.4049382
vt 0.5201141 0.9953506
vt 0.3533111 0.9646761
vt 0.3519988 0.9670672
vt 0.3538072 0.9662349
vt 0.6289073 0.326781
vt 0.6140877 0.3243206
vt 0.8131844 0.9309605
vt 0.808621 0.9324643
vt 0.8121837 0.9353938
vt 0.05487267 0.9889565
vt 0.05605467 0.993323
vt 0.05420685 0.9931204
vt 0.05581689 0.9960952
vt 0.7399461 0.2273382
vt 0.7301381 0.2140069
vt 0.2498382 0.997891
vt 0.3512383 0.9584776
vt 0.4220814 0.8514165
vt 0.4148606 0.8579459
vt 0.4311751 0.5506155
vt 0.4202863 0.5599444
vt 0.4392146 0.5442054
vt 0.4296475 0.5441663
vt 0.5844282 0.9987428
vt 0.5843246 0.9990234
vt 0.4395241 0.5439761
vt 0.5816194 0.99308
vt 0.4393592 0.5436724
vt 0.4428245 0.5443665
vt 0.5745379 0.9827632
vt 0.5793137 0.9891863
vt 0.5738139 0.9826014
vt 0.5779494 0.9896265
vt 0.5809304 0.9937281
vt 0.2987589 0.9984956
vt 0.296735 0.9990234
vt 0.2980752 0.9988415
vt 0.837465 0.9981349
vt 0.6506137 0.3102386
vt 0.6481541 0.3187882
vt 0.6521912 0.3122146
vt 0.6489867 0.3070162
vt 0.6416803 0.3065747
vt 0.6477399 0.3120421
vt 0.4352419 0.8903148
vt 0.432678 0.8905078
vt 0.7741604 0.9209228
vt 0.5721303 0.3762084
vt 0.5470158 0.3700917
vt 0.5719224 0.3763747
vt 0.8801135 0.9944521
vt 0.5728686 0.3754871
vt 0.5527382 0.3555372
vt 0.5883865 0.3421845
vt 0.4905834 0.5079672
vt 0.4896501 0.5086765
vt 0.483213 0.5138383
vt 0.4958213 0.4888149
vt 0.4821975 0.4946625
vt 0.2836738 0.4479102
vt 0.2789324 0.9758517
vt 0.4496889 0.9258271
vt 0.7348706 0.4951181
vt 0.7364163 0.4984078
vt 0.9329259 0.9847112
vt 0.9446588 0.9728321
vt 0.9248047 0.9571643
vt 0.9261485 0.9745532
vt 0.7255969 0.4968939
vt 0.6821359 0.3702498
vt 0.6830873 0.3792555
vt 0.5150582 0.9946314
vt 0.6772197 0.3621196
vt 0.5146484 0.9954114
vt 0.7514648 0.9946289
vt 0.6722385 0.353444
vt 0.668945 0.3501035
vt 0.6584609 0.3296588
vt 0.6526531 0.3193323
vt 0.135294 0.5036935
vt 0.1343527 0.5010237
vt 0.6925692 0.4056301
vt 0.6927049 0.4059207
vt 0.2940979 0.3502568
vt 0.0258472 0.2477255
vt 0.0295403 0.252652
vt 0.1145813 0.5118039
vt 0.1186419 0.5113083
vt 0.116869 0.517297
vt 0.1573803 0.4757526
vt 0.144212 0.4769835
vt 0.1582308 0.4810291
vt 0.8888077 0.9966539
vt 0.7897758 0.2229527
vt 0.7983665 0.2336117
vt 0.0698185 0.7694125
vt 0.0702858 0.7653453
vt 0.7089344 0.2110395
vt 0.07768941 0.7831624
vt 0.7370518 0.2358236
vt 0.0864284 0.7861328
vt 0.08272576 0.7858005
vt 0.3352346 0.4639884
vt 0.3324652 0.4602776
vt 0.2949665 0.4668168
vt 0.2930994 0.4682493
vt 0.366868 0.5476096
vt 0.3702591 0.5477892
vt 0.3717051 0.5424122
vt 0.1225538 0.4231654
vt 0.1371174 0.4236041
vt 0.1283548 0.421348
vt 0.8716161 0.2572156
vt 0.8006241 0.2278969
vt 0.8052066 0.2256943
vt 0.8038495 0.2210186
vt 0.0798068 0.7815549
vt 0.739093 0.2197299
vt 0.7317893 0.2205343
vt 0.7246833 0.2192758
vt 0.2908528 0.4693714
vt 0.2924347 0.8853607
vt 0.2942827 0.8981363
vt 0.2974415 0.886183
vt 0.2676103 0.3672422
vt 0.2614985 0.3560953
vt 0.1549699 0.4853683
vt 0.1526244 0.4853942
vt 0.5252959 0.5958813
vt 0.5347764 0.5474302
vt 0.7989098 0.225988
vt 0.8466215 0.2800786
vt 0.8396799 0.282668
vt 0.2770804 0.7486895
vt 0.2740363 0.7395787
vt 0.268856 0.7416063
vt 0.7395062 0.2965755
vt 0.1270399 0.4101497
vt 0.1185892 0.4093029
vt 0.1302831 0.4148558
vt 0.4912109 0.9986496
vt 0.4993049 0.9990234
vt 0.7353516 0.9946219
vt 0.1489615 0.4882971
vt 0.02060115 0.7850803
vt 0.03710272 0.8037443
vt 0.07197232 0.8222635
vt 0.2957181 0.742501
vt 0.2866446 0.7450448
vt 0.2960681 0.7665865
vt 0.2850238 0.8753986
vt 0.2861551 0.8747879
vt 0.2824241 0.8742831
vt 0.2811154 0.8755293
vt 0.1647471 0.8606923
vt 0.175331 0.8777159
vt 0.1881987 0.880098
vt 0.7421718 0.2243054
vt 0.7358643 0.2299468
vt 0.1474903 0.6431596
vt 0.1605027 0.6591763
vt 0.1888609 0.6734525
vt 0.03888252 0.810801
vt 0.2558131 0.7941295
vt 0.1936748 0.7260713
vt 0.2226445 0.7016832
vt 0.2143288 0.6961905
vt 0.2848469 0.8776953
vt 0.282382 0.8805119
vt 0.2848701 0.883741
vt 0.5385528 0.5853158
vt 0.348996 0.7817878
vt 0.3493637 0.7984515
vt 0.3653139 0.7936193
vt 0.2106216 0.4762299
vt 0.2106328 0.4770564
vt 0.2129242 0.4820479
vt 0.8264592 0.3227483
vt 0.8319785 0.3104917
vt 0.8016687 0.309972
vt 0.8038203 0.2354546
vt 0.7958521 0.2392772
vt 0.8131981 0.2510315
vt 0.8119818 0.2646044
vt 0.1397805 0.4099593
vt 0.1407442 0.412343
vt 0.1252756 0.8501006
vt 0.1391705 0.8594391
vt 0.1442921 0.8554223
vt 0.1645269 0.4840221
vt 0.9152129 0.8080484
vt 0.9219147 0.8084337
vt 0.9169085 0.8009235
vt 0.8522298 0.2899358
vt 0.8388453 0.2530383
vt 0.8236696 0.2665465
vt 0.8407274 0.3089224
vt 0.8179414 0.2637032
vt 0.8007298 0.241526
vt 0.7056473 0.2083679
vt 0.810691 0.2326899
vt 0.2566683 0.7106987
vt 0.2619292 0.7260597
vt 0.2756464 0.7292541
vt 0.2848278 0.733329
vt 0.6366199 0.428714
vt 0.286979 0.7281634
vt 0.8105401 0.2193465
vt 0.3012509 0.7921264
vt 0.8064325 0.2175914
vt 0.1102245 0.4489819
vt 0.1136899 0.456702
vt 0.1183624 0.4523122
vt 0.8079064 0.2113844
vt 0.8259213 0.2051831
vt 0.2629349 0.3468428
vt 0.5698381 0.6538008
vt 0.262296 0.3413992
vt 0.2711062 0.3424287
vt 0.2907548 0.7276725
vt 0.2849616 0.720252
vt 0.1658824 0.8865042
vt 0.1627643 0.8774481
vt 0.3985869 0.3016161
vt 0.4016378 0.31221
vt 0.3997373 0.2889875
vt 0.3514721 0.8653923
vt 0.686812 0.5149976
vt 0.2961589 0.7293166
vt 0.2834249 0.8731946
vt 0.2985829 0.8657334
vt 0.5568285 0.2664773
vt 0.5443672 0.5763327
vt 0.1162109 0.9969814
vt 0.1222751 0.9961835
vt 0.1523423 0.6651208
vt 0.1333993 0.6577482
vt 0.1361493 0.678903
vt 0.6125829 0.4003211
vt 0.6441838 0.3873612
vt 0.6458275 0.4127119
vt 0.8764894 0.2438737
vt 0.8784947 0.2327805
vt 0.270798 0.4281293
vt 0.2726362 0.3759681
vt 0.2772412 0.3748663
vt 0.8107481 0.2413159
vt 0.9178064 0.6046327
vt 0.9230734 0.6147649
vt 0.9505816 0.6123123
vt 0.697295 0.827533
vt 0.7875143 0.8237092
vt 0.7804303 0.763255
vt 0.2844411 0.8216232
vt 0.8145851 0.2425478
vt 0.8668242 0.2385619
vt 0.8617586 0.2259657
vt 0.8584052 0.2366706
vt 0.2580919 0.4877982
vt 0.2318008 0.4489661
vt 0.2264168 0.4689205
vt 0.8498244 0.2512053
vt 0.8513004 0.2480357
vt 0.8531459 0.247668
vt 0.8553725 0.2494766
vt 0.8519367 0.2405825
vt 0.9415112 0.6320949
vt 0.9544015 0.6342577
vt 0.8574619 0.246714
vt 0.3774826 0.810194
vt 0.2893671 0.5860357
vt 0.08525918 0.5801477
vt 0.8451441 0.2420015
vt 0.5423619 0.6465783
vt 0.6117634 0.9945955
vt 0.3592122 0.628073
vt 0.3904516 0.6080585
vt 0.9327166 0.9983688
vt 0.9317788 0.9979585
vt 0.9339074 0.9978642
vt 0.7266853 0.9976453
vt 0.5351557 0.9958865
vt 0.8817077 0.5709547
vt 0.9004757 0.9964632
vt 0.8888994 0.573426
vt 0.8870192 0.5778088
vt 0.1889337 0.8929806
vt 0.8742297 0.2315253
vt 0.8739887 0.2237847
vt 0.3262868 0.955218
vt 0.3258555 0.9618147
vt 0.3315954 0.9637478
vt 0.6097428 0.9963753
vt 0.6150935 0.9960353
vt 0.1397874 0.9990234
vt 0.3393309 0.9913099
vt 0.3413663 0.9898033
vt 0.337739 0.9898098
vt 0.413681 0.9098558
vt 0.3468103 0.9130454
vt 0.3577662 0.9990234
vt 0.1373664 0.7157519
vt 0.8152324 0.5859687
vt 0.9102472 0.5953934
vt 0.9065021 0.5984393
vt 0.1702275 0.6742966
vt 0.8652791 0.9348935
vt 0.7289012 0.9985294
vt 0.7279631 0.9974068
vt 0.8756694 0.2480177
vt 0.8627949 0.2544471
vt 0.3125558 0.872453
vt 0.3158588 0.875325
vt 0.319337 0.8663533
vt 0.4774767 0.2593888
vt 0.3331256 0.9599074
vt 0.332937 0.9552994
vt 0.3279712 0.952908
vt 0.7197266 0.9967446
vt 0.896005 0.5729553
vt 0.720686 0.9990234
vt 0.7239372 0.9975734
vt 0.6112182 0.468539
vt 0.6122647 0.4449437
vt 0.2653048 0.5167863
vt 0.2634439 0.5797471
vt 0.2914636 0.5497992
vt 0.1310408 0.5092084
vt 0.135855 0.5073947
vt 0.9043792 0.5813726
vt 0.8994242 0.5814526
vt 0.900224 0.589718
vt 0.9282227 0.9976544
vt 0.8789985 0.22729
vt 0.8801215 0.2303056
vt 0.8844415 0.2255831
vt 0.7849225 0.9302739
vt 0.7858397 0.9373305
vt 0.7855848 0.9231703
vt 0.5865746 0.1870093
vt 0.7828774 0.9335178
vt 0.7812204 0.9389713
vt 0.5911365 0.1709049
vt 0.593711 0.1826627
vt 0.6384057 0.1691763
vt 0.593313 0.1930501
vt 0.2331376 0.5100783
vt 0.2455442 0.5550773
vt 0.06984282 0.3905132
vt 0.1100152 0.4091797
vt 0.2193086 0.4910946
vt 0.7768106 0.9370542
vt 0.7755027 0.929773
vt 0.6066574 0.4659696
vt 0.1858794 0.9984112
vt 0.08426777 0.1376081
vt 0.179513 0.9986715
vt 0.03135903 0.5512468
vt 0.1790692 0.9968889
vt 0.05555687 0.6147777
vt 0.1175303 0.6212652
vt 0.05473971 0.4073899
vt 0.03332543 0.3792683
vt 0.9233441 0.5813994
vt 0.9225616 0.5749987
vt 0.7908578 0.987635
vt 0.7904398 0.9894125
vt 0.7914292 0.9905753
vt 0.5889437 0.3206112
vt 0.6835036 0.4960208
vt 0.6795422 0.4847807
vt 0.6642334 0.480515
vt 0.2796828 0.9966595
vt 0.6939428 0.1822844
vt 0.7207522 0.1776223
vt 0.7140998 0.13727
vt 0.7911109 0.968457
vt 0.7890328 0.9629857
vt 0.7884158 0.9659929
vt 0.8880212 0.5899989
vt 0.8789669 0.5964997
vt 0.9033364 0.996807
vt 0.3427477 0.9828488
vt 0.3400993 0.9825352
vt 0.9292783 0.9981139
vt 0.190537 0.5029384
vt 0.1955757 0.4951469
vt 0.620795 0.4262905
vt 0.6258936 0.4456095
vt 0.5875795 0.3193207
vt 0.584229 0.3258647
vt 0.8994141 0.9989826
vt 0.9022086 0.9982922
vt 0.575636 0.4842288
vt 0.6103621 0.5192819
vt 0.5973815 0.4789026
vt 0.5347416 0.9977415
vt 0.5330361 0.9956073
vt 0.8974013 0.5835726
vt 0.7459947 0.1685042
vt 0.3290629 0.4054852
vt 0.7507523 0.1706893
vt 0.7400066 0.1719674
vt 0.2458587 0.389037
vt 0.5213842 0.5522652
vt 0.2974935 0.6449517
vt 0.300586 0.6358346
vt 0.3115857 0.6357812
vt 0.8280699 0.2233508
vt 0.506433 0.04606783
vt 0.6352628 0.5283203
vt 0.8384229 0.2220446
vt 0.6119387 0.326362
vt 0.8347454 0.228802
vt 0.2614081 0.418276
vt 0.2615709 0.4259684
vt 0.96227 0.6144817
vt 0.9763892 0.6374116
vt 0.3402807 0.8097532
vt 0.5413623 0.9982501
vt 0.54074 0.9980493
vt 0.5416098 0.9970872
vt 0.06471468 0.9965056
vt 0.0589525 0.9985166
vt 0.06850263 0.9990234
vt 0.04959033 0.9122528
vt 0.5208113 0.5709319
vt 0.6093057 0.4518481
vt 0.3522009 0.4925444
vt 0.359634 0.4824612
vt 0.3520584 0.4858915
vt 0.801773 0.6096001
vt 0.7797751 0.6005173
vt 0.7996607 0.5527508
vt 0.507143 0.09872866
vt 0.0009765625 0.9155014
vt 0.4374532 0.09745479
vt 0.07184845 0.9990234
vt 0.4779401 0.9988052
vt 0.05933547 0.9779693
vt 0.07793352 0.9977328
vt 0.8689035 0.2212192
vt 0.7320922 0.9976675
vt 0.5405031 0.9966946
vt 0.7318757 0.9981955
vt 0.7333421 0.9976726
vt 0.7544903 0.9982128
vt 0.8135691 0.3705806
vt 0.8310202 0.3349499
vt 0.8907076 0.1972852
vt 0.8018587 0.9605138
vt 0.8422681 0.871619
vt 0.8448287 0.8781538
vt 0.8484296 0.8736619
vt 0.8945854 0.1964502
vt 0.8907373 0.2024624
vt 0.0009765625 0.0419178
vt 0.9868164 0.9981226
vt 0.05647345 0.1111591
vt 0.0258359 0.07812762
vt 0.1394244 0.9960389
vt 0.8443899 0.8815554
vt 0.5764979 0.3853205
vt 0.5795703 0.3857391
vt 0.5757254 0.3813919
vt 0.8853852 0.2266388
vt 0.3202855 0.09678185
vt 0.3616188 0.1123967
vt 0.05263235 0.5153819
vt 0.8217685 0.8818529
vt 0.3429663 0.9792937
vt 0.3387713 0.9795873
vt 0.3367882 0.9747897
vt 0.3335845 0.9755859
vt 0.3371727 0.9785985
vt 0.5742277 0.3943573
vt 0.5354825 0.8152122
vt 0.08034845 0.6593789
vt 0.8547847 0.9114399
vt 0.8449547 0.9093822
vt 0.8487599 0.91326
vt 0.909546 0.186911
vt 0.9078438 0.1931535
vt 0.9106047 0.1887008
vt 0.8759156 0.2234281
vt 0.8454092 0.908015
vt 0.8499212 0.9047561
vt 0.895509 0.68845
vt 0.9115546 0.6857015
vt 0.7964258 0.968706
vt 0.2707062 0.6152272
vt 0.2806692 0.64754
vt 0.8545392 0.8898642
vt 0.8639431 0.8919106
vt 0.8541579 0.8873842
vt 0.8906451 0.2067307
vt 0.8526554 0.8809998
vt 0.8652509 0.197345
vt 0.9779912 0.6599231
vt 0.4633906 0.9746625
vt 0.4657146 0.9921088
vt 0.4679256 0.9901837
vt 0.7880101 0.9599352
vt 0.1834315 0.1652685
vt 0.2067897 0.1179578
vt 0.8489246 0.8819844
vt 0.8907753 0.1896851
vt 0.8495206 0.8742584
vt 0.8962641 0.1897914
vt 0.9041373 0.1873602
vt 0.1518314 0.9908274
vt 0.1521125 0.9990234
vt 0.1561349 0.9940702
vt 0.9528272 0.5313345
vt 0.5310778 0.9977393
vt 0.9343091 0.5713571
vt 0.5288086 0.9985352
vt 0.9141811 0.5741027
vt 0.8671532 0.2201306
vt 0.8040767 0.3718272
vt 0.7361695 0.1728523
vt 0.7418942 0.17703
vt 0.8518004 0.2117467
vt 0.8588357 0.2069626
vt 0.8457924 0.2155187
vt 0.8787399 0.2505409
vt 0.87682 0.2513338
vt 0.8873813 0.2131061
vt 0.8478549 0.8914647
vt 0.8184932 0.8714955
vt 0.8838468 0.1871542
vt 0.1519333 0.09279084
vt 0.3300061 0.4001859
vt 0.8603607 0.1947137
vt 0.8592429 0.1983443
vt 0.3646114 0.9958344
vt 0.365186 0.9922646
vt 0.9161749 0.566088
vt 0.9192176 0.5668783
vt 0.8596327 0.2022772
vt 0.8766521 0.8855821
vt 0.8784719 0.8775567
vt 0.8671674 0.8778013
vt 0.7290571 0.5182892
vt 0.7141938 0.5728055
vt 0.7459892 0.5468969
vt 0.8588332 0.1952978
vt 0.8616914 0.1872478
vt 0.856384 0.1779832
vt 0.8665206 0.171992
vt 0.8244513 0.8559368
vt 0.8585434 0.1910675
vt 0.8548111 0.1899
vt 0.1008768 0.9969433
vt 0.1134834 0.1178471
vt 0.8403056 0.2021202
vt 0.840242 0.2039037
vt 0.8444402 0.1960783
vt 0.1340053 0.9977261
vt 0.07073203 0.6501798
vt 0.05341338 0.653782
vt 0.6939428 0.7492199
vt 0.6212204 0.7818812
vt 0.8749515 0.8335698
vt 0.8762877 0.8339788
vt 0.6897626 0.4168185
vt 0.9931641 0.9976326
vt 0.6809483 0.414975
vt 0.6904515 0.4148191
vt 0.247981 0.9941661
vt 0.5026661 0.9882826
vt 0.8340632 0.2030351
vt 0.8318443 0.1961401
vt 0.8684512 0.8875694
vt 0.756038 0.9984013
vt 0.2451813 0.6550702
vt 0.2472496 0.6416596
vt 0.2295055 0.6357964
vt 0.8701512 0.6871069
vt 0.1282561 0.4009016
vt 0.8265609 0.7078587
vt 0.8436711 0.1944531
vt 0.8431269 0.18712
vt 0.1345699 0.3709386
vt 0.8461015 0.1898929
vt 0.8479024 0.1891736
vt 0.8463931 0.1760129
vt 0.840207 0.1802929
vt 0.0569483 0.9711214
vt 0.04754394 0.9606166
vt 0.6774303 0.6413083
vt 0.7395806 0.7346195
vt 0.7572718 0.719638
vt 0.7306013 0.7298566
vt 0.09756017 0.4405064
vt 0.09717155 0.4464707
vt 0.1002517 0.4393896
vt 0.8467309 0.1672835
vt 0.8436825 0.1611257
vt 0.8408035 0.1714494
vt 0.8585219 0.167052
vt 0.8606028 0.1702035
vt 0.3679507 0.5282362
vt 0.3647105 0.54345
vt 0.3125 0.9922137
vt 0.3753434 0.8017809
vt 0.2361528 0.9698316
vt 0.2112973 0.9631947
vt 0.2067593 0.9703547
vt 0.8613828 0.1674908
vt 0.8191673 0.851281
vt 0.01030024 0.6131082
vt 0.1337891 0.9968178
vt 0.211201 0.4722363
vt 0.8611584 0.1547034
vt 0.8426071 0.1509873
vt 0.09730864 0.4382651
vt 0.09804749 0.4393818
vt 0.09200096 0.4408224
vt 0.8444493 0.1727608
vt 0.6531305 0.7026205
vt 0.7282521 0.7037964
vt 0.8724712 0.8066864
vt 0.8687612 0.8154842
vt 0.8751799 0.8112838
vt 0.8394533 0.1577379
vt 0.8340557 0.727366
vt 0.8251953 0.7199169
vt 0.2349865 0.542321
vt 0.2552333 0.5814592
vt 0.2381747 0.5383479
vt 0.8264127 0.835415
vt 0.8265669 0.8253145
vt 0.8193704 0.8381274
vt 0.8576491 0.1609451
vt 0.335429 0.7761962
vt 0.8301976 0.8458271
vt 0.1997502 0.4387267
vt 0.2031722 0.4593038
vt 0.8286394 0.8174158
vt 0.821283 0.8273854
vt 0.540926 0.9976832
vt 0.5392588 0.996549
vt 0.8348843 0.8404864
vt 0.8438702 0.8428644
vt 0.8501502 0.8311291
vt 0.6581389 0.7386042
vt 0.6206206 0.7589515
vt 0.8616803 0.835741
vt 0.3670715 0.4069452
vt 0.3642759 0.4035063
vt 0.3620656 0.4128351
vt 0.1348859 0.5973803
vt 0.3490497 0.8492765
vt 0.3308071 0.8218001
vt 0.8634643 0.8174257
vt 0.8640087 0.8212132
vt 0.868467 0.8177047
vt 0.8196301 0.8462917
vt 0.8616061 0.1626185
vt 0.7193888 0.6159596
vt 0.3430741 0.9930055
vt 0.3401051 0.9932265
vt 0.1528225 0.7362776
vt 0.8781329 0.8198889
vt 0.8842335 0.8175408
vt 0.8773934 0.8178288
vt 0.8618948 0.8996564
vt 0.8606675 0.9029887
vt 0.8661975 0.8993793
vt 0.8348308 0.8294346
vt 0.4441203 0.2319542
vt 0.4329841 0.2376068
vt 0.4404853 0.2445546
vt 0.3751154 0.8260423
vt 0.3884967 0.8118406
vt 0.4694353 0.1646736
vt 0.03658974 0.9244199
vt 0.3794456 0.7958559
vt 0.3759861 0.78978
vt 0.2507753 0.9589068
vt 0.2507763 0.9468316
vt 0.2267532 0.9282299
vt 0.3440869 0.9944099
vt 0.3455305 0.9931363
vt 0.266999 0.6519939
vt 0.3923373 0.8067091
vt 0.2550249 0.9538596
vt 0.1301615 0.8332959
vt 0.1477222 0.8351661
vt 0.9208059 0.5544486
vt 0.9014498 0.5561587
vt 0.901909 0.5652493
vt 0.7451172 0.9975545
vt 0.725689 0.9987441
vt 0.1622119 0.4882414
vt 0.8939053 0.5983446
vt 0.9134386 0.5878651
vt 0.8812874 0.9974225
vt 0.8764648 0.9985352
vt 0.8766744 0.9961509
vt 0.8889034 0.563254
vt 0.8700083 0.816587
vt 0.8727302 0.8227469
vt 0.8772533 0.8200997
vt 0.7546119 0.665814
vt 0.7249187 0.6304457
vt 0.191519 0.4149974
vt 0.8546751 0.4055987
vt 0.8519717 0.4122965
vt 0.8530583 0.4174216
vt 0.8468775 0.4194747
vt 0.8493052 0.4059734
vt 0.8532398 0.4032688
vt 0.855728 0.3982499
vt 0.859002 0.3971833
vt 0.7131191 0.7312657
vt 0.8712122 0.8501037
vt 0.9126343 0.1594513
vt 0.9913621 0.9976591
vt 0.6185231 0.9930466
vt 0.619019 0.9990234
vt 0.8655069 0.8608881
vt 0.9055618 0.1766569
vt 0.2655193 0.08950043
vt 0.9189939 0.1483719
vt 0.9143714 0.150245
vt 0.9271815 0.16304
vt 0.4703465 0.9949468
vt 0.2443516 0.447387
vt 0.2372327 0.4369316
vt 0.9003097 0.1877933
vt 0.9050722 0.1699895
vt 0.8655446 0.8573889
vt 0.466643 0.9990234
vt 0.9070567 0.179513
vt 0.2272637 0.4271389
vt 0.3933516 0.7421145
vt 0.8864293 0.8285615
vt 0.8851775 0.8267435
vt 0.3720703 0.7455969
vt 0.4745114 0.9919032
vt 0.9100977 0.165957
vt 0.8596638 0.8723534
vt 0.2908476 0.2057849
vt 0.8118975 0.4779236
vt 0.2337818 0.4324708
vt 0.7467355 0.5821061
vt 0.8616795 0.8620532
vt 0.8637176 0.376035
vt 0.8617649 0.3877807
vt 0.9427145 0.7981333
vt 0.02856898 0.9059796
vt 0.9363998 0.805056
vt 0.9296442 0.7924988
vt 0.9481369 0.804661
vt 0.03991008 0.9026684
vt 0.9327565 0.81434
vt 0.5718682 0.3674374
vt 0.5442828 0.9937459
vt 0.5698104 0.3691261
vt 0.5664803 0.3625104
vt 0.5655204 0.3666023
vt 0.5915701 0.3113744
vt 0.5861301 0.3060042
vt 0.5888795 0.31767
vt 0.8677245 0.9403213
vt 0.8722931 0.9361436
vt 0.8573424 0.942159
vt 0.8667717 0.9447867
vt 0.5574578 0.3674428
vt 0.5628253 0.3718401
vt 0.1787109 0.9995117
vt 0.0009765625 0.6005467
vt 0.1010367 0.1540215
vt 0.530023 0.4135233
vt 0.5105166 0.4340533
vt 0.7483301 0.9990234
vt 0.6109092 0.334674
vt 0.6087294 0.3314394
vt 0.2891545 0.9986842
vt 0.03474974 0.5083942
vt 0.2875634 0.9978145
vt 0.3393068 0.9937126
vt 0.4364667 0.9987648
vt 0.8201056 0.9984158
vt 0.4355482 0.9990234
vt 0.5419922 0.9949849
vt 0.4366455 0.9967575
vt 0.2560685 0.4742812
vt 0.7900664 0.9874143
vt 0.9234867 0.1448151
vt 0.9144661 0.147405
vt 0.8765258 0.8310753
vt 0.5348693 0.4265096
vt 0.575873 0.3901055
vt 0.8462644 0.826245
vt 0.8301336 0.8276938
vt 0.3182592 0.9990234
vt 0.3177001 0.9968472
vt 0.3115234 0.9969968
vt 0.5713285 0.359027
vt 0.7950599 0.9903447
vt 0.5422873 0.9951172
vt 0.4300461 0.9958024
vt 0.5427579 0.9939584
vt 0.4328163 0.9937687
vt 0.4348944 0.992319
vt 0.8636981 0.7967664
vt 0.8597178 0.8107299
vt 0.85967 0.8130161
vt 0.851399 0.8129332
vt 0.1871178 0.8652043
vt 0.1806983 0.8564285
vt 0.3372846 0.9930142
vt 0.3368642 0.9915952
vt 0.334342 0.9922107
vt 0.1812744 0.8653466
vt 0.2632174 0.6038383
vt 0.3361635 0.994035
vt 0.3348334 0.9943063
vt 0.340312 0.9974253
vt 0.5494359 0.3736389
vt 0.5592539 0.9990234
vt 0.9770488 0.9985352
vt 0.5585231 0.9980354
vt 0.5576172 0.9984989
vt 0.9500781 0.7978516
vt 0.9432445 0.7775183
vt 0.9582053 0.7951269
vt 0.5666157 0.3748716
vt 0.3340368 0.9931594
vt 0.6733667 0.360023
vt 0.8407884 0.9961487
vt 0.6753746 0.3618727
vt 0.1656606 0.5066234
vt 0.1593127 0.5051503
vt 0.839799 0.996043
vt 0.8404878 0.9969056
vt 0.8392815 0.9964116
vt 0.8393165 0.9958538
vt 0.8392363 0.9972844
vt 0.8407138 0.9982926
vt 0.8419575 0.9966149
vt 0.7541342 0.9944836
vt 0.8417894 0.9975922
vt 0.3781809 0.9989563
vt 0.8426418 0.8064433
vt 0.308172 0.9894707
vt 0.4368798 0.9934709
vt 0.3177333 0.9957355
vt 0.8193359 0.9984484
vt 0.7524275 0.9939965
vt 0.3627524 0.9811684
vt 0.3574786 0.9787026
vt 0.3629129 0.9867092
vt 0.3586576 0.988053
vt 0.9315854 0.9866517
vt 0.2592385 0.5927607
vt 0.7202762 0.5033125
vt 0.3407996 0.9529585
vt 0.337219 0.9461663
vt 0.5601194 0.3221861
vt 0.5711175 0.3408047
vt 0.5814662 0.3360689
vt 0.7909827 0.9859288
vt 0.7904062 0.9832443
vt 0.8776324 0.821664
vt 0.3349202 0.964476
vt 0.3382595 0.9593006
vt 0.8962722 0.8726333
vt 0.8991318 0.8764612
vt 0.934436 0.187731
vt 0.9379571 0.1787621
vt 0.9490192 0.1794512
vt 0.8955739 0.8796139
vt 0.5730886 0.3670794
vt 0.5729009 0.3654728
vt 0.8207831 0.9969126
vt 0.5731215 0.3587631
vt 0.8228905 0.4514304
vt 0.8291915 0.4237107
vt 0.8074481 0.4458975
vt 0.5837582 0.3403555
vt 0.7977878 0.985811
vt 0.5827807 0.349201
vt 0.5793461 0.347867
vt 0.8320776 0.8241551
vt 0.848494 0.8186808
vt 0.7515116 0.9985277
vt 0.7912568 0.9825324
vt 0.9200837 0.8335705
vt 0.9279997 0.8241919
vt 0.9109879 0.8225478
vt 0.7843778 0.9844404
vt 0.788622 0.9957232
vt 0.8070395 0.9124249
vt 0.8049934 0.9247497
vt 0.8087585 0.9230101
vt 0.8034509 0.9189311
vt 0.5734659 0.3779825
vt 0.3364439 0.9814287
vt 0.5722244 0.388911
vt 0.9543294 0.7463598
vt 0.949469 0.7340537
vt 0.7630987 0.6505598
vt 0.4243164 0.9987789
vt 0.8944634 0.9967377
vt 0.3023531 0.9990234
vt 0.2998047 0.9891843
vt 0.834012 0.8158522
vt 0.5771261 0.3580036
vt 0.8005546 0.9687299
vt 0.803269 0.9646381
vt 0.8238539 0.8083359
vt 0.8282335 0.8119247
vt 0.8321315 0.8088223
vt 0.1181917 0.1959749
vt 0.5922043 0.3177131
vt 0.7938281 0.9894147
vt 0.7946306 0.9882776
vt 0.7928963 0.988713
vt 0.560905 0.3443638
vt 0.3018212 0.9094949
vt 0.3048754 0.9094955
vt 0.9300442 0.9990234
vt 0.7572182 0.9361584
vt 0.5348219 0.301239
vt 0.820626 0.8069841
vt 0.8320417 0.7931478
vt 0.8177744 0.797042
vt 0.7902935 0.9733973
vt 0.7891474 0.972307
vt 0.7897882 0.9754181
vt 0.8395241 0.7924
vt 0.8113098 0.5354817
vt 0.8466677 0.7862779
vt 0.2145614 0.899345
vt 0.2218895 0.9003531
vt 0.212639 0.8905026
vt 0.1978755 0.8822458
vt 0.2243557 0.904552
vt 0.780748 0.9990234
vt 0.6006098 0.2672579
vt 0.6038319 0.2646575
vt 0.6384879 0.3173703
vt 0.834469 0.8113849
vt 0.8335132 0.7871355
vt 0.6281197 0.3002073
vt 0.622166 0.2900137
vt 0.6616517 0.3750907
vt 0.6573493 0.3624045
vt 0.6602405 0.3569431
vt 0.2792858 0.8943248
vt 0.6745917 0.3708463
vt 0.9187743 0.9990234
vt 0.6706716 0.3768377
vt 0.5137397 0.3708541
vt 0.2734151 0.8723804
vt 0.2666016 0.881782
vt 0.5899649 0.2468174
vt 0.2911133 0.3117594
vt 0.6037809 0.2588079
vt 0.9093297 0.7870484
vt 0.8454802 0.7810458
vt 0.8581922 0.782807
vt 0.8639189 0.7798673
vt 0.6086782 0.8532517
vt 0.6753004 0.9970186
vt 0.6911919 0.9774967
vt 0.6945815 0.9866418
vt 0.7061502 0.9631413
vt 0.8414733 0.7877653
vt 0.1175703 0.6293694
vt 0.6238472 0.8311526
vt 0.616887 0.8742198
vt 0.7213731 0.9492676
vt 0.7323958 0.9439114
vt 0.7435263 0.9305947
vt 0.7778492 0.1711466
vt 0.7451105 0.940599
vt 0.7556997 0.9258825
vt 0.6959885 0.9118246
vt 0.6473763 0.9087187
vt 0.9163952 0.6080511
vt 0.8618462 0.7857391
vt 0.8569856 0.785547
vt 0.725391 0.9265647
vt 0.7668172 0.916358
vt 0.4712704 0.4316875
vt 0.4945253 0.4648463
vt 0.380352 0.1606612
vt 0.3044561 0.9001229
vt 0.3014283 0.9020212
vt 0.3108785 0.9944117
vt 0.3674723 0.40035
vt 0.3858947 0.3673226
vt 0.3668774 0.3932295
vt 0.3141977 0.8809725
vt 0.3080809 0.8833491
vt 0.3764006 0.4215732
vt 0.3798328 0.4038293
vt 0.3711193 0.4143165
vt 0.3456795 0.9901429
vt 0.5747265 0.9977586
vt 0.5732422 0.9846613
vt 0.4488809 0.517042
vt 0.4496882 0.5306067
vt 0.1113424 0.2775148
vt 0.1016948 0.2816595
vt 0.4590901 0.5217106
vt 0.3619712 0.9990234
vt 0.3738509 0.4472549
vt 0.3742309 0.4389076
vt 0.3652147 0.454144
vt 0.525812 0.4426106
vt 0.3482878 0.990236
vt 0.3495719 0.9879544
vt 0.9182903 0.1927845
vt 0.4106688 0.5387315
vt 0.128819 0.5936996
vt 0.3617099 0.5506877
vt 0.3552803 0.5311742
vt 0.3523704 0.5065459
vt 0.3764357 0.5018948
vt 0.04700869 0.9566725
vt 0.3491189 0.5423633
vt 0.3202081 0.7538489
vt 0.3458411 0.5003916
vt 0.08833995 0.792245
vt 0.3421019 0.5219738
vt 0.8667588 0.7859991
vt 0.868957 0.7898659
vt 0.8716863 0.7863324
vt 0.3763999 0.4472097
vt 0.105708 0.9529823
vt 0.06489302 0.9482155
vt 0.1045093 0.9625167
vt 0.4792905 0.2003391
vt 0.4586402 0.2112676
vt 0.416118 0.2213436
vt 0.2481596 0.9976397
vt 0.2492062 0.9990234
vt 0.2492475 0.9973963
vt 0.1878764 0.9983833
vt 0.2520813 0.9979356
vt 0.2473143 0.9984202
vt 0.7264636 0.2219591
vt 0.2470703 0.9976715
vt 0.7483596 0.1781912
vt 0.1865234 0.9986141
vt 0.7724407 0.1391883
vt 0.7569635 0.1740978
vt 0.708609 0.2421384
vt 0.7312443 0.2366923
vt 0.8713525 0.9955645
vt 0.3047171 0.4358298
vt 0.8735746 0.9990234
vt 0.8742008 0.9963568
vt 0.3009679 0.4408388
vt 0.3587024 0.4312403
vt 0.3610239 0.4302067
vt 0.3601523 0.4223298
vt 0.02869944 0.760554
vt 0.189314 0.9985865
vt 0.3581637 0.4394264
vt 0.03383129 0.7622976
vt 0.05672012 0.995511
vt 0.9026463 0.8052201
vt 0.8945917 0.8012544
vt 0.8960791 0.808964
vt 0.6041496 0.9273969
vt 0.5935282 0.9221666
vt 0.3642664 0.2097647
vt 0.3623812 0.2540005
vt 0.6076865 0.9376518
vt 0.6159042 0.9338601
vt 0.900874 0.7936422
vt 0.868022 0.7971668
vt 0.2914491 0.8821174
vt 0.6350453 0.9360896
vt 0.6591963 0.945346
vt 0.7999848 0.8801199
vt 0.7963147 0.8920602
vt 0.807622 0.889089
vt 0.4176843 0.8750775
vt 0.2856647 0.9921066
vt 0.2844735 0.9933429
vt 0.1568334 0.403788
vt 0.4195566 0.8649338
vt 0.8779733 0.9162726
vt 0.8758706 0.9067361
vt 0.3926658 0.8613936
vt 0.3803058 0.8469853
vt 0.8019944 0.8557502
vt 0.4217239 0.4726726
vt 0.471255 0.4919677
vt 0.9518785 0.1616355
vt 0.9129216 0.839536
vt 0.9489386 0.1643315
vt 0.9484684 0.1552159
vt 0.939338 0.1633598
vt 0.2587826 0.946648
vt 0.2624312 0.9476177
vt 0.2607888 0.9455683
vt 0.8466218 0.9984627
vt 0.3450487 0.868432
vt 0.5194859 0.9974183
vt 0.5205019 0.9971899
vt 0.520207 0.9962437
vt 0.5201485 0.9976919
vt 0.5204637 0.9980829
vt 0.9523349 0.9990234
vt 0.5191559 0.9980944
vt 0.5212525 0.9966329
vt 0.5214021 0.9979619
vt 0.5222333 0.9969363
vt 0.5219438 0.9960753
vt 0.520813 0.9952228
vt 0.5230486 0.9953119
vt 0.606595 0.8847551
vt 0.8531365 0.673319
vt 0.523108 0.9979034
vt 0.5221696 0.9980244
vt 0.5235655 0.9979735
vt 0.6988077 0.4446191
vt 0.6986127 0.4475536
vt 0.2838736 0.9942105
vt 0.1296866 0.4071702
vt 0.3511655 0.9833476
vt 0.3673863 0.4802731
vt 0.9708526 0.9976156
vt 0.9715849 0.9990234
vt 0.9697266 0.9981267
vt 0.7195976 0.4588186
vt 0.1571868 0.9974573
vt 0.9254295 0.5487722
vt 0.971845 0.9973169
vt 0.9730728 0.9980711
vt 0.713858 0.4717438
vt 0.137529 0.9939938
vt 0.9541463 0.9978198
vt 0.3133194 0.4651738
vt 0.3012938 0.4598998
vt 0.85274 0.6194744
vt 0.984646 0.9312313
vt 0.5816989 0.3694153
vt 0.5828375 0.3691516
vt 0.1811781 0.4533138
vt 0.1719048 0.4517629
vt 0.1706636 0.4568799
vt 0.6817256 0.4542531
vt 0.5454566 0.9961569
vt 0.7002462 0.4731989
vt 0.6744899 0.4736383
vt 0.4043001 0.3240082
vt 0.4032787 0.3278966
vt 0.5115812 0.9817169
vt 0.9860409 0.9226825
vt 0.9969871 0.9037255
vt 0.954449 0.9264307
vt 0.3391128 0.9826947
vt 0.5453677 0.9990234
vt 0.5439453 0.9976208
vt 0.6836975 0.4485818
vt 0.8018171 0.9716803
vt 0.3294139 0.9662104
vt 0.712017 0.9990234
vt 0.7119261 0.9976247
vt 0.7126891 0.998565
vt 0.4159036 0.5111723
vt 0.4014802 0.4941821
vt 0.7099609 0.9985104
vt 0.3906134 0.5289844
vt 0.3760945 0.5401121
vt 0.3274774 0.9930958
vt 0.09863281 0.9867337
vt 0.3268642 0.9948905
vt 0.3826023 0.5558438
vt 0.3725892 0.5629549
vt 0.3641723 0.5784647
vt 0.3726741 0.5905099
vt 0.3505679 0.5781127
vt 0.3293068 0.5919774
vt 0.3568828 0.5657824
vt 0.3436678 0.6000333
vt 0.4600393 0.2306905
vt 0.4499615 0.2425852
vt 0.46745 0.2439861
vt 0.03053141 0.24458
vt 0.03214884 0.2377958
vt 0.3403807 0.4605986
vt 0.4736121 0.2286044
vt 0.1297466 0.9779669
vt 0.4740762 0.2177808
vt 0.1187217 0.9720458
vt 0.3662803 0.9848502
vt 0.367758 0.9866566
vt 0.368443 0.9851118
vt 0.3666151 0.9990234
vt 0.5289104 0.4628996
vt 0.3678949 0.9985923
vt 0.3321173 0.972837
vt 0.3365929 0.9695544
vt 0.7209214 0.9947271
vt 0.9177375 0.7839625
vt 0.7211394 0.9942533
vt 0.7197266 0.9947601
vt 0.0165313 0.9940766
vt 0.3476999 0.9841523
vt 0.3488328 0.9803317
vt 0.5289366 0.4575591
vt 0.5244384 0.4502958
vt 0.4461665 0.6793592
vt 0.4210511 0.643554
vt 0.4006389 0.6895034
vt 0.06513654 0.9182194
vt 0.9319259 0.1821327
vt 0.9287806 0.177492
vt 0.3586113 0.9919189
vt 0.3406031 0.9747755
vt 0.3426945 0.974577
vt 0.341799 0.970544
vt 0.3534491 0.9795551
vt 0.355329 0.9842024
vt 0.3393724 0.964663
vt 0.3434894 0.9630678
vt 0.3463976 0.9646025
vt 0.3320007 0.9408621
vt 0.331255 0.9503287
vt 0.6639469 0.2014358
vt 0.7950304 0.9245197
vt 0.7894521 0.9114714
vt 0.7963197 0.9466998
vt 0.8019911 0.9365216
vt 0.8012499 0.9237095
vt 0.3464328 0.5637476
vt 0.355998 0.5637649
vt 0.8591082 0.9578414
vt 0.8418023 0.963856
vt 0.8528252 0.9716805
vt 0.8822097 0.3177117
vt 0.8885928 0.3109248
vt 0.8762209 0.315027
vt 0.8793214 0.3219351
vt 0.8786018 0.3178748
vt 0.8892241 0.3042007
vt 0.8746775 0.3264107
vt 0.8742192 0.331684
vt 0.7077244 0.49865
vt 0.7145381 0.5027511
vt 0.9608575 0.8961141
vt 0.8699499 0.3265691
vt 0.2477322 0.9780872
vt 0.8782587 0.3261303
vt 0.7444216 0.1624775
vt 0.3967272 0.262537
vt 0.1196074 0.4629165
vt 0.8010231 0.9137917
vt 0.6953499 0.4895244
vt 0.547636 0.9976778
vt 0.6685099 0.4698255
vt 0.7163466 0.491303
vt 0.4781912 0.6142375
vt 0.8864203 0.3161388
vt 0.9396423 0.1713862
vt 0.9329672 0.1703618
vt 0.2485256 0.9946289
vt 0.3802941 0.9981332
vt 0.2475975 0.994046
vt 0.6796045 0.4363102
vt 0.666963 0.4074323
vt 0.6732605 0.3946182
vt 0.3765181 0.9973656
vt 0.6260503 0.3133655
vt 0.6133868 0.2999775
vt 0.6148689 0.2925768
vt 0.6167393 0.2790436
vt 0.9463088 0.1682799
vt 0.939623 0.1659757
vt 0.6763748 0.4183104
vt 0.3793307 0.9969443
vt 0.862322 0.3711994
vt 0.8658645 0.373707
vt 0.867956 0.3660263
vt 0.1598821 0.5108684
vt 0.1552219 0.5118707
vt 0.1565251 0.5136145
vt 0.5203487 0.4425474
vt 0.6563958 0.9750924
vt 0.6293519 0.9670969
vt 0.02291489 0.8918644
vt 0.6913244 0.9551595
vt 0.8982457 0.7716927
vt 0.9618423 0.7604042
vt 0.7766656 0.4613916
vt 0.9623733 0.7449563
vt 0.9288956 0.7888516
vt 0.3450882 0.979149
vt 0.9616916 0.7757918
vt 0.7784977 0.4788691
vt 0.898899 0.8820772
vt 0.8944919 0.882862
vt 0.3364885 0.9648984
vt 0.9487664 0.1731166
vt 0.9465288 0.1735694
vt 0.9478225 0.1759582
vt 0.9133841 0.5657227
vt 0.7512212 0.9972354
vt 0.9118659 0.5652741
vt 0.9508154 0.1661196
vt 0.01198303 0.996011
vt 0.0004882812 0.9867368
vt 0.1707644 0.9982045
vt 0.7972968 0.4747618
vt 0.8568146 0.3318321
vt 0.1925474 0.8853254
vt 0.8574213 0.384766
vt 0.8535941 0.3773735
vt 0.8406473 0.3755467
vt 0.8543954 0.3947834
vt 0.8574055 0.3786846
vt 0.8607393 0.3791312
vt 0.8578975 0.3764328
vt 0.6214923 0.2839315
vt 0.8641867 0.362582
vt 0.8584918 0.3566025
vt 0.8618269 0.3648941
vt 0.8650004 0.3540166
vt 0.8722351 0.3358102
vt 0.875139 0.3344917
vt 0.9317396 0.1722454
vt 0.870191 0.3466708
vt 0.3297688 0.9990234
vt 0.3376167 0.7669881
vt 0.3510676 0.7710515
vt 0.9380316 0.1653195
vt 0.9337752 0.1645257
vt 0.791142 0.4224169
vt 0.1315599 0.8130339
vt 0.1394042 0.8199956
vt 0.6027933 0.9412011
vt 0.7943417 0.7285742
vt 0.09012185 0.1322296
vt 0.08537591 0.4765236
vt 0.3519012 0.4746233
vt 0.3527769 0.4674878
vt 0.05624323 0.7738295
vt 0.07761743 0.8008467
vt 0.06776668 0.7832545
vt 0.05480874 0.7767253
vt 0.3887286 0.4331456
vt 0.07599368 0.790128
vt 0.8848628 0.6083298
vt 0.1422827 0.8696709
vt 0.2998209 0.7223168
vt 0.3279593 0.3917731
vt 0.3274996 0.9641084
vt 0.757153 0.8796846
vt 0.8880598 0.8097713
vt 0.8861836 0.8133343
vt 0.8907951 0.8108531
vt 0.3347635 0.9677057
vt 0.8906393 0.8084564
vt 0.885394 0.8129283
vt 0.3271976 0.9505956
vt 0.3273613 0.9484549
vt 0.322547 0.9477786
vt 0.8009592 0.948349
vt 0.1102664 0.4641379
vt 0.7945756 0.9638954
vt 0.7904791 0.9584177
vt 0.7901901 0.9603208
vt 0.8758233 0.6078613
vt 0.8740234 0.6011851
vt 0.9037601 0.9990234
vt 0.3290009 0.9743169
vt 0.7983674 0.974058
vt 0.5860208 0.3559234
vt 0.7961011 0.9716481
vt 0.7997913 0.9715425
vt 0.1789882 0.4735748
vt 0.001953125 0.9336436
vt 0.7906725 0.9634493
vt 0.7944009 0.9669961
vt 0.7926322 0.9696302
vt 0.7873218 0.9623132
vt 0.7828453 0.9686999
vt 0.7877071 0.9651293
vt 0.7912737 0.9545569
vt 0.789497 0.9570798
vt 0.3024123 0.4679499
vt 0.1093273 0.4937899
vt 0.3118279 0.3586255
vt 0.3055687 0.3574111
vt 0.02225709 0.6961348
vt 0.4691769 0.9832865
vt 0.7885782 0.9539056
vt 0.468316 0.9785939
vt 0.4632197 0.9944044
vt 0.4594486 0.9925137
vt 0.4573866 0.9990234
vt 0.7895101 0.9487023
vt 0.7930787 0.9563687
vt 0.4706184 0.9694667
vt 0.4639332 0.9677252
vt 0.8709072 0.2556946
vt 0.03169632 0.6712378
vt 0.03494954 0.6743774
vt 0.03405499 0.6657257
vt 0.8587062 0.8304169
vt 0.4571522 0.9821607
vt 0.4608588 0.9762866
vt 0.6077144 0.9808239
vt 0.7881041 0.9559155
vt 0.3511069 0.8596736
vt 0.02123487 0.9720092
vt 0.3535123 0.8607269
vt 0.3440899 0.862779
vt 0.0389924 0.7018075
vt 0.7920728 0.9700593
vt 0.7951883 0.9691793
vt 0.7881839 0.962844
vt 0.7956641 0.9718519
vt 0.7962174 0.9767026
vt 0.7911626 0.9808032
vt 0.793498 0.9798776
vt 0.7891042 0.9749697
vt 0.7902411 0.9769124
vt 0.4541016 0.9916316
vt 0.7939826 0.9802995
vt 0.7946519 0.9815683
vt 0.7937295 0.9845566
vt 0.4620293 0.9710308
vt 0.7880291 0.9629408
vt 0.7948043 0.9770306
vt 0.7926898 0.9760382
vt 0.7932191 0.9774967
vt 0.7912484 0.9753212
vt 0.7940242 0.9793211
vt 0.7959929 0.9817107
vt 0.5862514 0.935302
vt 0.7968256 0.9797492
vt 0.03062367 0.6730124
vt 0.02802491 0.6705586
vt 0.7968532 0.9759953
vt 0.5721452 0.3753827
vt 0.3326511 0.9877291
vt 0.5879029 0.3398871
vt 0.7782648 0.9995117
vt 0.5363345 0.996084
vt 0.7291495 0.9974922
vt 0.7988102 0.9540023
vt 0.3248839 0.9532562
vt 0.3193359 0.9548494
vt 0.03047204 0.6802226
vt 0.03284526 0.6784549
vt 0.0362165 0.6831587
vt 0.7466638 0.994101
vt 0.6048349 0.2967523
vt 0.7477647 0.9951172
vt 0.7474376 0.9937158
vt 0.7773472 0.9429517
vt 0.7874131 0.9529984
vt 0.1427157 0.462534
vt 0.1486909 0.4592023
vt 0.1435111 0.4575729
vt 0.7686887 0.9442872
vt 0.6050168 0.9768003
vt 0.606405 0.9745936
vt 0.6084431 0.9844328
vt 0.6056319 0.9804466
vt 0.6030273 0.9985352
vt 0.7833441 0.9498475
vt 0.8887807 0.8260639
vt 0.896453 0.8243825
vt 0.8907695 0.8196596
vt 0.2947854 0.9962692
vt 0.006951027 0.7951212
vt 0.2984958 0.87368
vt 0.3031677 0.2856166
vt 0.292335 0.3154297
vt 0.3086424 0.2924325
vt 0.7782627 0.9837458
vt 0.7877094 0.9684564
vt 0.2900307 0.8755437
vt 0.6052035 0.9743298
vt 0.6092401 0.9873277
vt 0.4553235 0.9862573
vt 0.0677017 0.8274086
vt 0.07728551 0.8389992
vt 0.08895554 0.8399478
vt 0.2029106 0.6765276
vt 0.2679293 0.2751851
vt 0.2954827 0.2997369
vt 0.8907625 0.8168873
vt 0.2868268 0.3379364
vt 0.2894568 0.3436472
vt 0.8964409 0.8164703
vt 0.7812307 0.9698511
vt 0.7758023 0.9707386
vt 0.7809151 0.97895
vt 0.7793504 0.9677409
vt 0.504766 0.2254833
vt 0.5143169 0.2602489
vt 0.5188657 0.2299062
vt 0.7786098 0.9663741
vt 0.7828462 0.9651461
vt 0.781177 0.9667966
vt 0.28861 0.3746529
vt 0.290395 0.3651297
vt 0.7804319 0.9492521
vt 0.7791256 0.9419537
vt 0.7800312 0.9575752
vt 0.3796767 0.3273458
vt 0.1219292 0.5891434
vt 0.3196313 0.1768136
vt 0.326216 0.238571
vt 0.3437192 0.2116591
vt 0.6137971 0.993608
vt 0.225836 0.2778829
vt 0.2797067 0.3626007
vt 0.2770684 0.3623639
vt 0.2774295 0.3024648
vt 0.4175496 0.3332949
vt 0.4206565 0.3967475
vt 0.4527984 0.3435509
vt 0.01694068 0.9903957
vt 0.2940288 0.9029852
vt 0.3319809 0.3928708
vt 0.3325038 0.389052
vt 0.04501677 0.7271854
vt 0.194765 0.25911
vt 0.9082124 0.8060564
vt 0.899416 0.7997147
vt 0.5864739 0.2740346
vt 0.7503334 0.9974287
vt 0.3480985 0.2344812
vt 0.3106055 0.8991888
vt 0.3069974 0.9055731
vt 0.1572266 0.9794461
vt 0.1189201 0.2395593
vt 0.1628208 0.9801558
vt 0.312396 0.9052821
vt 0.1575002 0.988243
vt 0.5242417 0.7572335
vt 0.05737019 0.6749427
vt 0.5078802 0.7676858
vt 0.9644132 0.5721788
vt 0.2988948 0.9041406
vt 0.2980634 0.9076902
vt 0.6210345 0.9980314
vt 0.2451666 0.9975516
vt 0.62467 0.9933906
vt 0.2865652 0.9990234
vt 0.9706614 0.5905778
vt 0.1027608 0.4862362
vt 0.9698172 0.5767472
vt 0.8898947 0.8269117
vt 0.2858793 0.9017839
vt 0.09409046 0.4599527
vt 0.1006753 0.4743851
vt 0.102639 0.4686861
vt 0.2799089 0.3587019
vt 0.3030063 0.8962918
vt 0.3068351 0.8968585
vt 0.3091754 0.8945752
vt 0.3136604 0.8956656
vt 0.1572481 0.2506632
vt 0.144802 0.2521874
vt 0.2969186 0.9084234
vt 0.2553926 0.6256683
vt 0.2863681 0.3757089
vt 0.2887259 0.3798558
vt 0.03466487 0.6906336
vt 0.03249836 0.6840773
vt 0.0398314 0.6873254
vt 0.4713459 0.2788906
vt 0.1053452 0.4780149
vt 0.1078722 0.4829093
vt 0.3062534 0.8883942
vt 0.30106 0.8852462
vt 0.3242991 0.8833984
vt 0.4794806 0.9990234
vt 0.2461052 0.9665614
vt 0.4784064 0.9957902
vt 0.05373311 0.6913788
vt 0.05871534 0.6894756
vt 0.05397558 0.6885734
vt 0.3227137 0.8793749
vt 0.3323603 0.4561409
vt 0.2954638 0.880403
vt 0.3004745 0.8825587
vt 0.3052268 0.8806725
vt 0.3430277 0.8750923
vt 0.3301082 0.8760341
vt 0.3283002 0.8739238
vt 0.05424529 0.5499889
vt 0.3474308 0.8765212
vt 0.3043833 0.8850259
vt 0.3496792 0.8749923
vt 0.05796234 0.5538972
vt 0.3285993 0.8854034
vt 0.3274515 0.8775297
vt 0.293818 0.3845739
vt 0.2920377 0.3630867
vt 0.1475086 0.5142521
vt 0.1622083 0.5484685
vt 0.9363222 0.1589139
vt 0.9343022 0.1435582
vt 0.9345427 0.1588786
vt 0.9296462 0.1507713
vt 0.3124715 0.9010651
vt 0.1195897 0.2434943
vt 0.5646642 0.8760052
vt 0.1400242 0.2283219
vt 0.9317994 0.158278
vt 0.4043831 0.3123066
vt 0.8982106 0.8274378
vt 0.8977159 0.8251593
vt 0.4767004 0.2215986
vt 0.02156454 0.5324934
vt 0.0402121 0.4937859
vt 0.3205489 0.8758736
vt 0.2954121 0.3540509
vt 0.5140765 0.2253529
vt 0.5107291 0.2156075
vt 0.6080313 0.3373486
vt 0.2218032 0.5935321
vt 0.7334633 0.2141676
vt 0.7335882 0.2093823
vt 0.9076529 0.8129861
vt 0.8994367 0.8175452
vt 0.02660704 0.6749468
vt 0.06922007 0.7432297
vt 0.07141948 0.7419055
vt 0.5148282 0.9892559
vt 0.5108889 0.9848756
vt 0.5155806 0.9857591
vt 0.168144 0.4755876
vt 0.0232159 0.7578781
vt 0.01749972 0.7547804
vt 0.1411748 0.6046613
vt 0.403232 0.3998502
vt 0.8750254 0.7773029
vt 0.05054061 0.7704166
vt 0.1966438 0.4454294
vt 0.2200375 0.9990234
vt 0.8197722 0.1800886
vt 0.7898756 0.1897753
vt 0.3516076 0.863394
vt 0.4086199 0.3285596
vt 0.2079093 0.624465
vt 0.2214582 0.6390768
vt 0.02021146 0.6752487
vt 0.3109112 0.5882592
vt 0.320847 0.6055688
vt 0.02370238 0.3422822
vt 0.898923 0.8237845
vt 0.9354738 0.5605394
vt 0.7425311 0.2137493
vt 0.3232193 0.8718451
vt 0.1693962 0.4491802
vt 0.1735127 0.4471952
vt 0.3938006 0.311588
vt 0.3897829 0.2856088
vt 0.08157868 0.5640354
vt 0.1458931 0.4331074
vt 0.1417198 0.43424
vt 0.07993825 0.565674
vt 0.3927178 0.3205936
vt 0.3872049 0.326351
vt 0.1231477 0.4200041
vt 0.1385963 0.4176369
vt 0.1344907 0.41363
vt 0.3483701 0.8671811
vt 0.1645179 0.4793986
vt 0.8904302 0.8064978
vt 0.1379642 0.4961419
vt 0.1444287 0.4993312
vt 0.2819977 0.3796204
vt 0.05715537 0.7039335
vt 0.07009053 0.7118853
vt 0.06244469 0.6960655
vt 0.8047573 0.1484552
vt 0.3994439 0.3250099
vt 0.4018433 0.3921696
vt 0.3957565 0.395818
vt 0.1658266 0.4565449
vt 0.1621473 0.4500555
vt 0.1571586 0.4474666
vt 0.1864297 0.4552503
vt 0.187623 0.4563475
vt 0.1885619 0.4543689
vt 0.3901693 0.3306652
vt 0.3934768 0.3262266
vt 0.1371188 0.6534729
vt 0.6156735 0.9622198
vt 0.04962599 0.9990234
vt 0.03662172 0.9300779
vt 0.4431373 0.2605098
vt 0.2445385 0.4145817
vt 0.36374 0.4217211
vt 0.01464772 0.6650389
vt 0.1569402 0.4200678
vt 0.6153145 0.3210534
vt 0.3041205 0.3697585
vt 0.302412 0.3722051
vt 0.225235 0.3921468
vt 0.2313688 0.3919128
vt 0.2234943 0.3854871
vt 0.6009057 0.9797493
vt 0.9820492 0.6607688
vt 0.5908203 0.9855759
vt 0.5930493 0.9794055
vt 0.2968571 0.4415066
vt 0.2294099 0.4150911
vt 0.2249572 0.4134449
vt 0.2292578 0.4201584
vt 0.2176406 0.3906468
vt 0.2141032 0.3930832
vt 0.2188501 0.398708
vt 0.5084159 0.5704792
vt 0.5046246 0.575503
vt 0.5116471 0.5804287
vt 0.2153013 0.4059488
vt 0.3113031 0.3864417
vt 0.312362 0.37778
vt 0.3085842 0.3875645
vt 0.2451787 0.4221432
vt 0.2496183 0.4237906
vt 0.2360156 0.4167024
vt 0.2321527 0.4099816
vt 0.220139 0.4098487
vt 0.2422493 0.4184791
vt 0.2403352 0.4135503
vt 0.2405071 0.4165871
vt 0.2289755 0.4021405
vt 0.2227073 0.4034454
vt 0.2272027 0.409645
vt 0.2401471 0.4192221
vt 0.2349076 0.4002832
vt 0.04555493 0.5506123
vt 0.04616266 0.774408
vt 0.12113 0.5092378
vt 0.04244518 0.6870493
vt 0.03726625 0.6778413
vt 0.03871417 0.244821
vt 0.3047628 0.3769773
vt 0.3060203 0.3845379
vt 0.2670853 0.5010563
vt 0.3301258 0.3964165
vt 0.7553977 0.1642494
vt 0.2886944 0.4437568
vt 0.06328434 0.7782428
vt 0.0733206 0.784245
vt 0.3492359 0.4853808
vt 0.5767483 0.8654495
vt 0.8127856 0.1460105
vt 0.7771678 0.9586326
vt 0.7685547 0.9560635
vt 0.3237903 0.2753254
vt 0.2346692 0.4277855
vt 0.2445624 0.4283872
vt 0.2371194 0.4234457
vt 0.5223762 0.6013157
vt 0.2484341 0.4277576
vt 0.2206798 0.4131852
vt 0.2825994 0.4578503
vt 0.5079499 0.5812929
vt 0.2317941 0.4279227
vt 0.2699839 0.731309
vt 0.2377584 0.7448431
vt 0.2471051 0.4498379
vt 0.2360899 0.4319477
vt 0.09355678 0.827041
vt 0.8211979 0.1282855
vt 0.02033114 0.6594599
vt 0.04453802 0.6921288
vt 0.03612757 0.6928174
vt 0.04682493 0.6996286
vt 0.1531494 0.4697928
vt 0.166687 0.4241583
vt 0.1739278 0.4257402
vt 0.2783203 0.9985352
vt 0.2023113 0.4866687
vt 0.1595161 0.4848663
vt 0.3463073 0.4317514
vt 0.3368268 0.4405057
vt 0.3395121 0.4444313
vt 0.7286063 0.2032038
vt 0.8204826 0.1968645
vt 0.04061349 0.539288
vt 0.2161102 0.3679752
vt 0.2301981 0.3612162
vt 0.3151236 0.3781954
vt 0.313715 0.3730203
vt 0.2681935 0.4906894
vt 0.2713075 0.4924431
vt 0.2496622 0.4533418
vt 0.9220314 0.5304703
vt 0.1474609 0.9965962
vt 0.2963471 0.463889
vt 0.2917485 0.4603426
vt 0.2895501 0.4605757
vt 0.2682819 0.4876665
vt 0.2734141 0.4872963
vt 0.04844219 0.4601774
vt 0.004006259 0.4934765
vt 0.263407 0.485715
vt 0.2726214 0.4952646
vt 0.2797534 0.501423
vt 0.2774923 0.5059884
vt 0.2426634 0.4377627
vt 0.2621319 0.4798266
vt 0.3251603 0.7525899
vt 0.5978 0.9417059
vt 0.227931 0.384667
vt 0.2228515 0.3825383
vt 0.2582989 0.4782285
vt 0.2620969 0.4513972
vt 0.2659354 0.4600569
vt 0.2580919 0.4333558
vt 0.1922541 0.4341735
vt 0.2308305 0.7089984
vt 0.2760811 0.4597432
vt 0.2791185 0.4688488
vt 0.2599778 0.4543409
vt 0.2542346 0.4428256
vt 0.2576792 0.4671992
vt 0.2672117 0.4701458
vt 0.2796698 0.5067714
vt 0.2866864 0.4683077
vt 0.2855406 0.46123
vt 0.2784147 0.4880849
vt 0.2588055 0.4368784
vt 0.2495146 0.430891
vt 0.2501161 0.4413913
vt 0.2798409 0.4649076
vt 0.2784526 0.4843343
vt 0.274297 0.4906043
vt 0.7340981 0.1946477
vt 0.735522 0.1882876
vt 0.7304381 0.187237
vt 0.2804708 0.4730329
vt 0.2818599 0.4713864
vt 0.3152192 0.3721334
vt 0.3114343 0.3697062
vt 0.2587223 0.411249
vt 0.2521906 0.410437
vt 0.2583668 0.4165884
vt 0.3142304 0.7359291
vt 0.3174999 0.6225114
vt 0.3189547 0.6076294
vt 0.3258533 0.6225923
vt 0.131346 0.6204594
vt 0.2943115 0.4452966
vt 0.8701172 0.9982384
vt 0.2687864 0.3793896
vt 0.2936594 0.3419867
vt 0.3011571 0.9111328
vt 0.136029 0.2506222
vt 0.5745254 0.4893599
vt 0.024337 0.434678
vt 0.3086313 0.9083562
vt 0.1273966 0.2504343
vt 0.7483594 0.997563
vt 0.8465421 0.9225098
vt 0.2312423 0.9808784
vt 0.2008317 0.4645684
vt 0.2037899 0.4736199
vt 0.173382 0.5091377
vt 0.2067075 0.5048686
vt 0.192796 0.5078921
vt 0.01156963 0.5179595
vt 0.001464844 0.5649414
vt 0.9804688 0.9983218
vt 0.2109976 0.5030882
vt 0.20962 0.5065509
vt 0.1848722 0.5042698
vt 0.1817069 0.5041842
vt 0.1484239 0.42922
vt 0.1576509 0.4261627
vt 0.1687036 0.5066264
vt 0.191695 0.5006452
vt 0.1817997 0.4761724
vt 0.136837 0.5022959
vt 0.1426122 0.5060967
vt 0.5670912 0.67006
vt 0.2075438 0.5784823
vt 0.2589459 0.6611328
vt 0.1900411 0.6222447
vt 0.08737502 0.9792997
vt 0.4716797 0.9980271
vt 0.2228792 0.6051192
vt 0.5599974 0.682453
vt 0.5624067 0.688558
vt 0.2792275 0.3380762
vt 0.1362391 0.574759
vt 0.1717975 0.6180997
vt 0.1053627 0.3098344
vt 0.1789017 0.5283216
vt 0.1684551 0.5289256
vt 0.2320788 0.5289098
vt 0.01269531 0.6739933
vt 0.01293826 0.680781
vt 0.5425009 0.682425
vt 0.1482217 0.5099645
vt 0.1364722 0.5944256
vt 0.5993087 0.9990234
vt 0.319397 0.8741433
vt 0.2034613 0.9000846
vt 0.1902433 0.8924268
vt 0.1053274 0.5008128
vt 0.1816094 0.4933186
vt 0.2923956 0.3375289
vt 0.5478331 0.6817403
vt 0.1583109 0.5081005
vt 0.1714785 0.5085298
vt 0.6192558 0.4159861
vt 0.04643625 0.9567126
vt 0.2277422 0.5168819
vt 0.1684151 0.462889
vt 0.1664562 0.4609165
vt 0.01295424 0.6710979
vt 0.5601302 0.6969774
vt 0.209795 0.489839
vt 0.2110944 0.4923902
vt 0.1273744 0.5109247
vt 0.1298513 0.5230104
vt 0.5999075 0.2927939
vt 0.1811647 0.432701
vt 0.1896052 0.4376686
vt 0.1837802 0.4278382
vt 0.9133383 0.1859056
vt 0.8565916 0.8963354
vt 0.2082207 0.4759455
vt 0.2093811 0.4735107
vt 0.2803686 0.9964586
vt 0.2047584 0.4901264
vt 0.1410713 0.488902
vt 0.1360271 0.4912247
vt 0.3265218 0.8689657
vt 0.9193968 0.1893602
vt 0.9177031 0.1891145
vt 0.1733704 0.4403609
vt 0.1810493 0.439078
vt 0.1742387 0.4354436
vt 0.1337163 0.4864792
vt 0.1336923 0.4902396
vt 0.1861153 0.4659973
vt 0.180855 0.4681141
vt 0.1869376 0.4732419
vt 0.1789858 0.4664806
vt 0.2049344 0.4876666
vt 0.2178333 0.492788
vt 0.1868186 0.4822952
vt 0.1827886 0.482386
vt 0.1874816 0.487211
vt 0.7835616 0.1732345
vt 0.1492631 0.4653746
vt 0.1841977 0.4783001
vt 0.4943234 0.9835039
vt 0.9240017 0.1803944
vt 0.7578154 0.219726
vt 0.1285233 0.4827867
vt 0.1222537 0.4887558
vt 0.1926243 0.443894
vt 0.1847003 0.4427364
vt 0.1165369 0.4171067
vt 0.2968206 0.9942597
vt 0.2982085 0.995742
vt 0.1991189 0.3698709
vt 0.9199946 0.1889265
vt 0.1391888 0.444676
vt 0.1287081 0.4396367
vt 0.1358092 0.4476623
vt 0.1825235 0.4964684
vt 0.188962 0.4762472
vt 0.1905642 0.4604279
vt 0.191474 0.4587854
vt 0.8717752 0.8916638
vt 0.9316387 0.1652318
vt 0.1671648 0.5110953
vt 0.6035144 0.4226223
vt 0.3617111 0.2773701
vt 0.1553369 0.48279
vt 0.7410108 0.994286
vt 0.1746294 0.4631593
vt 0.8860109 0.9963951
vt 0.8869551 0.9990234
vt 0.8837891 0.9972057
vt 0.4002467 0.9987169
vt 0.1865766 0.4779717
vt 0.8537597 0.8731079
vt 0.1375837 0.4802519
vt 0.1418221 0.4757277
vt 0.2830133 0.4667721
vt 0.8439804 0.8979428
vt 0.7415986 0.9959375
vt 0.3976403 0.9961835
vt 0.3982843 0.9990234
vt 0.7382913 0.9990234
vt 0.1535034 0.4611888
vt 0.06163831 0.5329928
vt 0.9841067 0.9976021
vt 0.9849337 0.9990234
vt 0.9638672 0.997972
vt 0.9652982 0.9983944
vt 0.9683866 0.997905
vt 0.966427 0.9990234
vt 0.01881574 0.5399385
vt 0.6069336 0.9984577
vt 0.1367295 0.4961849
vt 0.1330314 0.4979234
vt 0.1519663 0.4939059
vt 0.1322079 0.4829403
vt 0.8443462 0.1430079
vt 0.8017578 0.8259346
vt 0.1352463 0.4967061
vt 0.1298091 0.4549729
vt 0.1343341 0.4545353
vt 0.1339271 0.484393
vt 0.113162 0.5030596
vt 0.1376309 0.4711039
vt 0.129719 0.4762961
vt 0.8526855 0.9069529
vt 0.2608311 0.3978936
vt 0.01010323 0.3827137
vt 0.1542497 0.502184
vt 0.2940342 0.9931791
vt 0.2033799 0.3756363
vt 0.3173699 0.4769787
vt 0.1580672 0.5030645
vt 0.5591374 0.9868059
vt 0.928174 0.1884966
vt 0.9309587 0.1918307
vt 0.9290197 0.1841072
vt 0.742196 0.9972262
vt 0.6220213 0.7010113
vt 0.129396 0.4582726
vt 0.1198976 0.4891394
vt 0.1606445 0.9718663
vt 0.9809151 0.5138798
vt 0.2876761 0.4496653
vt 0.1093743 0.5103934
vt 0.1169713 0.5503025
vt 0.7499911 0.1657199
vt 0.9652352 0.5244757
vt 0.9682059 0.5209104
vt 0.9577149 0.5278063
vt 0.05029297 0.7257114
vt 0.04569054 0.7231531
vt 0.9732907 0.5996965
vt 0.9850475 0.9979159
vt 0.9894705 0.6611328
vt 0.9145403 0.5609646
vt 0.9766757 0.6478938
vt 0.4252832 0.2507931
vt 0.9698725 0.6398737
vt 0.573279 0.6907872
vt 0.5745846 0.6787552
vt 0.1296167 0.4707381
vt 0.1093955 0.4974039
vt 0.2986109 0.4541905
vt 0.4759394 0.05317223
vt 0.1200216 0.4774543
vt 0.1019862 0.4648521
vt 0.8946078 0.1884993
vt 0.1286631 0.4617811
vt 0.09556413 0.481679
vt 0.1048403 0.4810293
vt 0.10414 0.4838557
vt 0.2310908 0.3834788
vt 0.272404 0.3954384
vt 0.09324551 0.4701186
vt 0.9904844 0.9990234
vt 0.1080868 0.463835
vt 0.1279721 0.4561286
vt 0.03423858 0.6765792
vt 0.1029766 0.4598546
vt 0.1290433 0.448704
vt 0.1360703 0.4647983
vt 0.1420374 0.4646862
vt 0.3987617 0.9954916
vt 0.1199062 0.4684821
vt 0.6088471 0.3043779
vt 0.7446289 0.9945251
vt 0.05652884 0.5000947
vt 0.1693571 0.4515703
vt 0.1654932 0.4467527
vt 0.1307061 0.4482622
vt 0.134352 0.4487749
vt 0.1383796 0.4502792
vt 0.1408768 0.4498649
vt 0.1241591 0.4509594
vt 0.1212568 0.449972
vt 0.1271284 0.4465743
vt 0.18066 0.4362407
vt 0.1724331 0.4368541
vt 0.1572597 0.4455284
vt 0.1532185 0.4410801
vt 0.3236408 0.9562328
vt 0.1455774 0.4446535
vt 0.1451929 0.4474608
vt 0.1507008 0.442256
vt 0.03351665 0.6455484
vt 0.5566339 0.7133415
vt 0.02691507 0.654218
vt 0.02845073 0.6465169
vt 0.02449322 0.6514895
vt 0.1147828 0.4380416
vt 0.005679303 0.47742
vt 0.1099017 0.4224302
vt 0.1040432 0.4248006
vt 0.9725609 0.5199038
vt 0.1374133 0.4358819
vt 0.09950924 0.4573824
vt 0.08772349 0.4430279
vt 0.1124849 0.4245389
vt 0.9430517 0.5525922
vt 0.1328604 0.4273055
vt 0.125658 0.4260752
vt 0.3166058 0.3695278
vt 0.1786797 0.4330898
vt 0.1741567 0.4298112
vt 0.8081055 0.9985352
vt 0.09465861 0.4302645
vt 0.09214878 0.4389966
vt 0.1429849 0.4312348
vt 0.1609788 0.4224689
vt 0.0179503 0.6523396
vt 0.6083984 0.9956306
vt 0.8090026 0.8135827
vt 0.8201847 0.808358
vt 0.03584957 0.6620961
vt 0.05240178 0.6597661
vt 0.02319129 0.5403951
vt 0.01941653 0.5445505
vt 0.9633603 0.5612327
vt 0.9587264 0.5398592
vt 0.9597023 0.5359045
vt 0.9583089 0.5283712
vt 0.8387721 0.1535073
vt 0.5548475 0.8856493
vt 0.8364794 0.1579813
vt 0.5504115 0.88965
vt 0.7561638 0.9970309
vt 0.0565412 0.7011663
vt 0.7504442 0.9973251
vt 0.8372842 0.1619292
vt 0.5344805 0.9103073
vt 0.8295939 0.1761783
vt 0.615009 0.3750391
vt 0.9578958 0.5303538
vt 0.08562303 0.4350153
vt 0.6085802 0.9982443
vt 0.6091886 0.9985352
vt 0.04345703 0.9514418
vt 0.575671 0.6631278
vt 0.5764242 0.5880592
vt 0.5719196 0.589415
vt 0.5645826 0.5967348
vt 0.2508268 0.3557818
vt 0.5742412 0.3602451
vt 0.7988522 0.9927522
vt 0.2931154 0.4259596
vt 0.2967298 0.4208367
vt 0.2923031 0.4224776
vt 0.1940949 0.6854395
vt 0.7913975 0.1787708
vt 0.7787335 0.1987839
vt 0.8028297 0.1627335
vt 0.3029497 0.3911476
vt 0.7564121 0.2140107
vt 0.0799222 0.7621238
vt 0.08496094 0.4372438
vt 0.1408641 0.4252348
vt 0.1459403 0.4261236
vt 0.3365014 0.4580986
vt 0.2872036 0.4330773
vt 0.7952166 0.9826397
vt 0.1042519 0.4531491
vt 0.5318785 0.5596722
vt 0.5780389 0.5688108
vt 0.9746361 0.5183474
vt 0.9778337 0.517783
vt 0.7990314 0.995837
vt 0.5548589 0.725733
vt 0.2878635 0.4176509
vt 0.289988 0.4241474
vt 0.2913725 0.4144285
vt 0.3012745 0.4195778
vt 0.2137311 0.390182
vt 0.1197948 0.4266305
vt 0.06289601 0.7454148
vt 0.06934357 0.7463639
vt 0.06277084 0.7424469
vt 0.5611541 0.5963963
vt 0.2755218 0.3296143
vt 0.2888074 0.3348478
vt 0.1163054 0.4255576
vt 0.1695162 0.9977623
vt 0.9227426 0.7879394
vt 0.1694336 0.9985352
vt 0.9149882 0.7865791
vt 0.1701666 0.9980855
vt 0.9583027 0.5349904
vt 0.3179128 0.4008675
vt 0.5799938 0.7046674
vt 0.02380518 0.7963959
vt 0.272485 0.3376446
vt 0.6113192 0.6373973
vt 0.7972423 0.1665166
vt 0.2526016 0.3567153
vt 0.2559352 0.3726499
vt 0.7740619 0.1788236
vt 0.1910329 0.4546067
vt 0.8392274 0.3203577
vt 0.06283498 0.7317123
vt 0.05365658 0.7297218
vt 0.05106759 0.7317373
vt 0.06258011 0.7348096
vt 0.0163238 0.6535846
vt 0.5647911 0.7023197
vt 0.2763841 0.3984529
vt 0.0526607 0.735992
vt 0.2723317 0.3553321
vt 0.04155278 0.7109063
vt 0.05805588 0.7135558
vt 0.05040932 0.7109214
vt 0.04589772 0.7180848
vt 0.04492116 0.7120844
vt 0.0403955 0.7137384
vt 0.2865891 0.4110407
vt 0.2892547 0.4116054
vt 0.2849805 0.4064044
vt 0.06646329 0.9311723
vt 0.05273366 0.7253859
vt 0.2868468 0.8759308
vt 0.5731989 0.7069043
vt 0.7919922 0.997497
vt 0.5966059 0.6606138
vt 0.06632257 0.7365747
vt 0.9209479 0.99764
vt 0.9199814 0.9979219
vt 0.9173083 0.9966757
vt 0.04925418 0.7133757
vt 0.674561 0.3809261
vt 0.3735352 0.9976175
vt 0.8399163 0.9990234
vt 0.3755098 0.9990234
vt 0.9235413 0.1916548
vt 0.8924175 0.87682
vt 0.3749512 0.9975812
vt 0.3045342 0.422855
vt 0.02475405 0.8676923
vt 0.2699917 0.983599
vt 0.2796481 0.9922111
vt 0.4899327 0.4794827
vt 0.7899025 0.4912125
vt 0.8110352 0.9979464
vt 0.4011587 0.8257289
vt 0.8140823 0.9982708
vt 0.2761446 0.9688946
vt 0.8140128 0.995704
vt 0.4018894 0.8116158
vt 0.2980401 0.9982483
vt 0.2958984 0.9983646
vt 0.6517588 0.3389177
vt 0.4826003 0.4726845
vt 0.7710629 0.1696331
vt 0.2649503 0.9599678
vt 0.8166938 0.9990234
vt 0.06605363 0.7518119
vt 0.06891751 0.7530119
vt 0.1133613 0.9466358
vt 0.3224413 0.9589507
vt 0.02920198 0.6685681
vt 0.8349902 0.4431571
vt 0.2489862 0.9345957
vt 0.2435821 0.9353313
vt 0.8531244 0.3705934
vt 0.6047348 0.3613212
vt 0.05854583 0.7424055
vt 0.05891418 0.7454635
vt 0.9591672 0.9142025
vt 0.9813539 0.9048555
vt 0.2505326 0.9951255
vt 0.4027596 0.8501388
vt 0.7574292 0.9099611
vt 0.7557125 0.9204414
vt 0.904569 0.5739386
vt 0.6202759 0.2780588
vt 0.6172778 0.2765585
vt 0.6140774 0.2676706
vt 0.6214907 0.2708253
vt 0.2676502 0.9648258
vt 0.2306565 0.919293
vt 0.1399865 0.9848273
vt 0.8576803 0.3749756
vt 0.7704573 0.8941416
vt 0.7839081 0.9003946
vt 0.7835231 0.8869002
vt 0.9944602 0.9981338
vt 0.995684 0.9974811
vt 0.9947163 0.9985352
vt 0.7514763 0.9943085
vt 0.9760742 0.9980794
vt 0.5170018 0.9985352
vt 0.516037 0.9982246
vt 0.8176986 0.4714937
vt 0.9177984 0.9987717
vt 0.6978038 0.4400272
vt 0.9169922 0.9981926
vt 0.6546552 0.3479471
vt 0.04434347 0.7308663
vt 0.3795339 0.9979309
vt 0.070153 0.7574147
vt 0.819375 0.9990234
vt 0.2298196 0.911478
vt 0.03120351 0.8864976
vt 0.03519654 0.8890135
vt 0.8888729 0.87861
vt 0.8841996 0.8764676
vt 0.1624275 0.8379189
vt 0.7223532 0.994227
vt 0.7232832 0.9951172
vt 0.3760464 0.5468111
vt 0.4394313 0.7025199
vt 0.8812032 0.3260932
vt 0.3985027 0.8313037
vt 0.5687803 0.2895787
vt 0.8415262 0.9914014
vt 0.5574604 0.3362892
vt 0.8798828 0.9951172
vt 0.4487565 0.9732341
vt 0.4566965 0.9692279
vt 0.4602393 0.9501191
vt 0.806179 0.9421978
vt 0.8096421 0.918685
vt 0.5561688 0.9887872
vt 0.8532019 0.9807998
vt 0.7125301 0.5145296
vt 0.2617756 0.9573675
vt 0.3214643 0.3736517
vt 0.0315671 0.7080639
vt 0.440918 0.9985352
vt 0.4527057 0.9835819
vt 0.5335892 0.395576
vt 0.5267552 0.395798
vt 0.9828278 0.8956351
vt 0.86182 0.9724979
vt 0.09304285 0.9388001
vt 0.4308538 0.7020922
vt 0.4300749 0.7151877
vt 0.08643252 0.9123764
vt 0.09033121 0.905744
vt 0.07616588 0.9112639
vt 0.4074019 0.710863
vt 0.09350277 0.9113059
vt 0.8652608 0.9573995
vt 0.6956332 0.4345582
vt 0.6908925 0.4320385
vt 0.5177922 0.9982987
vt 0.9501953 0.9986227
vt 0.03610277 0.8819853
vt 0.03022385 0.8842108
vt 0.6615182 0.9981446
vt 0.6656367 0.9990234
vt 0.8739179 0.9440808
vt 0.8917563 0.3137711
vt 0.8975434 0.3148587
vt 0.8848149 0.3190611
vt 0.5831943 0.3312573
vt 0.7219426 0.9936395
vt 0.02669537 0.9990234
vt 0.8827471 0.8955203
vt 0.8495699 0.4256437
vt 0.3281021 0.4377737
vt 0.7932132 0.874307
vt 0.8084823 0.874298
vt 0.5200387 0.4643137
vt 0.372767 0.9951028
vt 0.3532622 0.9754186
vt 0.8886122 0.325579
vt 0.3671319 0.9811394
vt 0.8869992 0.9068677
vt 0.8962402 0.8992084
vt 0.8407116 0.4289466
vt 0.349648 0.9729964
vt 0.3476667 0.9700136
vt 0.3494568 0.9656165
vt 0.3486171 0.9652593
vt 0.347681 0.9622313
vt 0.3451905 0.957786
vt 0.4457692 0.2571266
vt 0.142882 0.9990234
vt 0.87154 0.3653302
vt 0.4552807 0.977017
vt 0.9395825 0.929106
vt 0.08493929 0.9212892
vt 0.1054738 0.9124058
vt 0.4235014 0.7208725
vt 0.4057503 0.7137353
vt 0.3703506 0.9884035
vt 0.7775385 0.9940053
vt 0.7775868 0.9983372
vt 0.7970372 0.980885
vt 0.5903499 0.2127986
vt 0.7975721 0.9043125
vt 0.3495274 0.9639829
vt 0.3505347 0.9646388
vt 0.8707224 0.3610775
vt 0.9217224 0.817206
vt 0.3416121 0.9443349
vt 0.34495 0.9480572
vt 0.7926449 0.9941862
vt 0.7939414 0.9939317
vt 0.7930983 0.9951172
vt 0.994121 0.9980282
vt 0.7924805 0.9938722
vt 0.246582 0.9945371
vt 0.8423539 0.9974083
vt 0.1644648 0.8313538
vt 0.3375583 0.9378001
vt 0.8101569 0.9412041
vt 0.7640622 0.1895268
vt 0.4132985 0.270561
vt 0.4273247 0.2584764
vt 0.8145643 0.1335533
vt 0.1879917 0.9990234
vt 0.04319024 0.8981698
vt 0.7737162 0.1837535
vt 0.9519621 0.9980346
vt 0.6979965 0.4293448
vt 0.6901292 0.4280607
vt 0.9504983 0.9973153
vt 0.0362668 0.8963485
vt 0.04288673 0.8941969
vt 0.04066205 0.8912072
vt 0.05199409 0.7462674
vt 0.06160426 0.7513906
vt 0.8902353 0.886216
vt 0.8990959 0.8836204
vt 0.8832626 0.3396944
vt 0.9493497 0.1753004
vt 0.9596576 0.1736658
vt 0.9241158 0.8585485
vt 0.8971627 0.8891945
vt 0.9312108 0.8324111
vt 0.916281 0.8461394
vt 0.3553882 0.9754235
vt 0.6733232 0.9843317
vt 0.8152803 0.873045
vt 0.8087218 0.8678375
vt 0.4106436 0.865985
vt 0.861639 0.2732353
vt 0.01461554 0.6862315
vt 0.01370215 0.6925533
vt 0.3603516 0.9980175
vt 0.3306556 0.9397098
vt 0.3479784 0.948809
vt 0.3470149 0.9466108
vt 0.1685636 0.8327041
vt 0.04606438 0.7372376
vt 0.7477921 0.1822969
vt 0.7666875 0.1834986
vt 0.7296022 0.1817223
vt 0.7250088 0.1819561
vt 0.3293722 0.4185139
vt 0.7412339 0.1850662
vt 0.1553361 0.420964
vt 0.8370017 0.4523074
vt 0.03581834 0.7121142
vt 0.07416868 0.7705342
vt 0.07127953 0.7626221
vt 0.7965255 0.9776374
vt 0.2822266 0.994493
vt 0.06448817 0.7587163
vt 0.5723267 0.3715889
vt 0.5722347 0.3694848
vt 0.8571711 0.3648099
vt 0.711075 0.1921406
vt 0.3318703 0.992754
vt 0.7404738 0.2076346
vt 0.7389011 0.2019527
vt 0.7485776 0.2013319
vt 0.8001766 0.9577796
vt 0.148853 0.6462588
vt 0.8489835 0.3238615
vt 0.7897474 0.998593
vt 0.9780559 0.998121
vt 0.4008544 0.3439837
vt 0.359918 0.8585615
vt 0.5769763 0.6361799
vt 0.2637217 0.3335251
vt 0.9617903 0.1736923
vt 0.9264892 0.8586305
vt 0.844758 0.4329938
vt 0.8596664 0.4084073
vt 0.8640523 0.3957828
vt 0.08424693 0.8287632
vt 0.8601744 0.9891903
vt 0.8846637 0.3521905
vt 0.7321257 0.1746262
vt 0.3315535 0.4163314
vt 0.5092773 0.9985352
vt 0.3548883 0.8599986
vt 0.1202186 0.2496468
vt 0.1772323 0.445215
vt 0.0009765625 0.946185
vt 0.5362749 0.3987515
vt 0.1327808 0.6297924
vt 0.9222696 0.8670264
vt 0.1850376 0.4625316
vt 0.05243992 0.9007193
vt 0.06910849 0.7418956
vt 0.1191528 0.852066
vt 0.2609823 0.7093529
vt 0.5855798 0.5653579
vt 0.1101674 0.8448269
vt 0.2266652 0.683074
vt 0.06544185 0.7658658
vt 0.1993514 0.6666105
vt 0.856903 0.4126762
vt 0.2357823 0.6900982
vt 0.5665561 0.5345842
vt 0.5935158 0.5361921
vt 0.2365845 0.7002636
vt 0.2324324 0.6894382
vt 0.2259838 0.6950352
vt 0.1395323 0.4226367
vt 0.07864571 0.7390702
vt 0.8555304 0.418521
vt 0.8727834 0.9641975
vt 0.2544706 0.350329
vt 0.5746233 0.6171125
vt 0.8630283 0.9830247
vt 0.8625507 0.9843593
vt 0.2876608 0.4244344
vt 0.216497 0.6849957
vt 0.1874971 0.4509645
vt 0.0436306 0.7082232
vt 0.1642706 0.4356828
vt 0.1617959 0.4328986
vt 0.892114 0.3340417
vt 0.8919678 0.3343914
vt 0.03573322 0.6686735
vt 0.8959625 0.316814
vt 0.2234197 0.3703843
vt 0.223525 0.3686649
vt 0.5593874 0.5169817
vt 0.2109215 0.3946558
vt 0.539138 0.5375503
vt 0.2373183 0.3825219
vt 0.5332403 0.5344063
vt 0.2129202 0.3958112
vt 0.1707721 0.4346498
vt 0.1966821 0.899173
vt 0.361971 0.997457
vt 0.8809243 0.2535916
vt 0.879796 0.2544049
vt 0.8813318 0.2551735
vt 0.174238 0.4455474
vt 0.1709104 0.4467305
vt 0.7763672 0.9961776
vt 0.8731069 0.2620673
vt 0.879449 0.2688835
vt 0.8742546 0.2575375
vt 0.7439642 0.9479172
vt 0.748466 0.9445183
vt 0.1776018 0.4441918
vt 0.884696 0.2566415
vt 0.8861722 0.2521198
vt 0.5846448 0.3302503
vt 0.793084 0.9916658
vt 0.8033156 0.9494522
vt 0.2405834 0.3859938
vt 0.6374121 0.3306506
vt 0.9441322 0.9746678
vt 0.7110096 0.9474022
vt 0.6947483 0.4203078
vt 0.9943566 0.9973466
vt 0.1595848 0.4298085
vt 0.8761024 0.2758119
vt 0.8651034 0.2783461
vt 0.869795 0.2870873
vt 0.8474035 0.3129989
vt 0.8552784 0.3069934
vt 0.845782 0.3099918
vt 0.8571267 0.3129805
vt 0.1807034 0.443148
vt 0.1887891 0.4618376
vt 0.61756 0.2434973
vt 0.8629938 0.3209102
vt 0.1426749 0.4453539
vt 0.1433318 0.450469
vt 0.8647937 0.3079749
vt 0.8915751 0.2459107
vt 0.8834179 0.2440908
vt 0.8684028 0.272342
vt 0.8914394 0.2566285
vt 0.8465335 0.9355416
vt 0.8212881 0.9735905
vt 0.8444825 0.3122656
vt 0.8446009 0.307289
vt 0.5911835 0.8490554
vt 0.856832 0.2914672
vt 0.1295223 0.9854468
vt 0.1708484 0.4371213
vt 0.1440609 0.4402692
vt 0.8594729 0.3034779
vt 0.8690127 0.2950854
vt 0.177165 0.8346777
vt 0.8174864 0.9967226
vt 0.3981275 0.8079435
vt 0.3510509 0.997578
vt 0.5556641 0.9928576
vt 0.5826131 0.8614202
vt 0.8127007 0.807964
vt 0.3158894 0.46353
vt 0.319211 0.4697977
vt 0.8950104 0.9945962
vt 0.9126019 0.7117994
vt 0.8920898 0.9985352
vt 0.8964802 0.9972848
vt 0.8977559 0.9972398
vt 0.8944433 0.9943277
vt 0.9179558 0.7897539
vt 0.894043 0.9946289
vt 0.1743095 0.4271509
vt 0.8090143 0.9930759
vt 0.2550797 0.4083418
vt 0.8751279 0.2691839
vt 0.8093767 0.9905722
vt 0.808625 0.9894042
vt 0.1671536 0.4476827
vt 0.2858891 0.4184893
vt 0.04701328 0.6450768
vt 0.5471053 0.7560325
vt 0.2762499 0.3500774
vt 0.5609096 0.6251051
vt 0.3197794 0.4073061
vt 0.7985383 0.9985664
vt 0.7980759 0.9990234
vt 0.8877984 0.7766263
vt 0.165355 0.4402153
vt 0.2719183 0.4036725
vt 0.6360881 0.2836916
vt 0.6363207 0.2841902
vt 0.89177 0.7808754
vt 0.6021901 0.8409778
vt 0.8253123 0.7859468
vt 0.9155543 0.8155518
vt 0.1674657 0.436646
vt 0.3158078 0.4363223
vt 0.3140261 0.4387238
vt 0.8407288 0.9379058
vt 0.907844 0.9946221
vt 0.9077148 0.9946289
vt 0.2687871 0.405039
vt 0.2070906 0.3968281
vt 0.2106807 0.3962785
vt 0.2167418 0.4020249
vt 0.2120316 0.3993976
vt 0.3356965 0.4441572
vt 0.2508464 0.3728786
vt 0.2482574 0.3691853
vt 0.5550068 0.5995358
vt 0.8908068 0.2370281
vt 0.8837663 0.2351174
vt 0.2934227 0.4299257
vt 0.2263646 0.3695635
vt 0.5589007 0.5117022
vt 0.2253129 0.367118
vt 0.8466207 0.917129
vt 0.2803054 0.3749572
vt 0.5008391 0.5778006
vt 0.2602115 0.4045034
vt 0.2281101 0.3649136
vt 0.3088319 0.3931447
vt 0.152813 0.4525697
vt 0.1815867 0.4503524
vt 0.01021288 0.9977577
vt 0.831113 0.7778709
vt 0.6094969 0.8347385
vt 0.2371759 0.3776243
vt 0.6122427 0.2320471
vt 0.3490918 0.9592302
vt 0.3610642 0.9767737
vt 0.2922866 0.4506049
vt 0.3730054 0.9887555
vt 0.3193052 0.4481204
vt 0.8106278 0.9102047
vt 0.3113041 0.4175447
vt 0.3122816 0.4179378
vt 0.005859375 0.9983354
vt 0.2572179 0.4060156
vt 0.4999245 0.5720011
vt 0.009967063 0.9990234
vt 0.276582 0.4210105
vt 0.2943723 0.4540072
vt 0.2956488 0.4332907
vt 0.3064992 0.4279448
vt 0.81011 0.9159262
vt 0.5563731 0.9861876
vt 0.2997921 0.4341676
vt 0.3016987 0.4317208
vt 0.3267324 0.4212174
vt 0.3110914 0.4155938
vt 0.5525917 0.6883801
vt 0.7045416 0.9850325
vt 0.01482954 0.8549405
vt 0.3541048 0.6130888
vt 0.3489023 0.6176559
vt 0.2866254 0.4208993
vt 0.2977507 0.4324179
vt 0.7314875 0.1690966
vt 0.2731669 0.3995758
vt 0.6381086 0.2880334
vt 0.6384174 0.2886754
vt 0.7071487 0.9546472
vt 0.3561721 0.9724985
vt 0.05224609 0.9985352
vt 0.342237 0.9340668
vt 0.2442322 0.3592586
vt 0.2709131 0.4033778
vt 0.5722474 0.6365775
vt 0.0417521 0.6722832
vt 0.5098575 0.5612139
vt 0.2582374 0.3808403
vt 0.2574298 0.3847395
vt 0.3525938 0.9620607
vt 0.5187027 0.48556
vt 0.4252425 0.8578957
usemtl Tile_+001_+004_texture_1
f 2529/2 2249/1 2439/3
f 1080/7 1047/4 1083/6
f 955/11 3/8 1457/9
f 2690/13 2856/12 1107/14
f 1415/16 190/15 189/17
f 1557/19 1643/18 1644/20
f 1643/18 1557/19 1575/21
f 1520/23 183/22 243/24
f 187/26 1293/25 2156/27
f 1457/29 3/10 956/28
f 39/33 8/31 2205/32
f 22/35 2099/34 3348/36
f 1865/38 3357/37 1709/39
f 1240/41 2575/40 1585/42
f 1928/44 486/43 1533/45
f 3357/37 1519/46 1730/47
f 2205/32 8/31 480/48
f 1804/50 973/49 991/51
f 323/53 290/52 2883/54
f 2567/56 1248/55 1263/57
f 1580/59 474/58 53/60
f 53/63 474/61 1132/62
f 2454/65 3315/64 543/66
f 125/69 52/67 1710/68
f 280/71 12/70 40/72
f 1018/74 1409/73 1480/75
f 78/77 299/76 3181/78
f 1710/68 52/67 91/79
f 492/81 3173/80 263/82
f 3173/80 492/81 3189/83
f 299/76 1551/84 241/85
f 1362/87 2659/86 1366/88
f 2801/90 2586/89 1515/91
f 73/92 40/72 46/93
f 1710/68 91/79 81/94
f 30/96 579/95 1763/97
f 14/99 1615/98 299/76
f 1710/68 97/100 1953/101
f 299/76 1661/102 14/99
f 14/99 1661/102 1640/103
f 2155/105 586/104 585/106
f 1891/110 1307/109 2213/111
f 363/113 434/112 1294/114
f 990/116 1730/47 1519/46
f 3100/119 2927/118 1143/120
f 1953/101 97/100 116/121
f 1615/98 1551/84 299/76
f 1730/123 3272/122 1709/124
f 3355/126 1432/125 455/127
f 2314/129 529/128 1264/130
f 1531/132 1909/131 463/133
f 2329/136 2930/135 224/137
f 1666/139 3058/138 1673/140
f 479/142 508/141 1889/143
f 1709/39 3357/37 1730/47
f 113/145 1479/144 309/146
f 1732/148 1799/147 51/149
f 26/151 2852/150 380/152
f 2219/157 2580/153 1389/155
f 1391/159 1181/158 1180/160
f 507/162 27/161 1900/163
f 27/161 507/162 526/164
f 188/166 521/165 1816/167
f 1404/169 1544/168 2167/170
f 443/172 1489/171 1109/173
f 2157/175 2721/174 1089/176
f 2601/179 109/178 103/180
f 661/182 1772/181 1707/183
f 2919/185 3091/184 1700/186
f 2344/188 1403/187 1404/169
f 2731/189 299/76 241/85
f 1519/117 1581/190 990/191
f 620/193 2487/192 2635/194
f 563/198 104/195 1498/197
f 1390/201 3135/200 559/202
f 1953/101 116/121 260/203
f 230/206 118/204 1858/205
f 1403/187 2344/188 2348/207
f 1595/209 1591/208 1599/210
f 1275/213 467/212 1276/214
f 1421/216 1420/215 2359/217
f 1858/205 118/204 122/218
f 124/221 155/219 1966/220
f 1966/220 155/219 1739/222
f 438/225 160/223 2048/224
f 510/227 2437/226 2183/228
f 2048/224 160/223 165/229
f 202/231 536/230 1544/232
f 1834/233 165/229 159/234
f 2266/236 1626/235 2544/237
f 1640/103 146/238 14/99
f 1688/240 1888/239 1855/241
f 1432/125 3355/126 1413/242
f 3355/126 3278/243 1413/242
f 2542/245 3081/244 3034/246
f 286/249 169/247 1849/248
f 1882/251 634/250 1254/252
f 2169/253 2586/89 1028/254
f 3037/256 1718/255 1273/257
f 1790/260 49/259 457/261
f 2727/263 1935/262 1039/264
f 1849/248 169/247 303/265
f 3279/267 1068/266 1925/268
f 1862/270 195/269 184/271
f 232/274 203/272 2032/273
f 2032/273 203/272 208/275
f 209/278 210/276 1955/277
f 3108/279 3081/244 2542/245
f 1449/281 63/280 1423/282
f 1855/241 518/283 1877/284
f 50/288 1433/285 1592/287
f 1811/290 2370/289 2146/291
f 299/76 78/77 1661/102
f 276/295 2596/293 526/164
f 1597/297 388/296 1574/298
f 1877/284 518/283 1689/299
f 1247/300 521/165 1231/301
f 1955/277 210/276 211/302
f 297/305 214/303 1775/304
f 2668/307 2992/306 2908/308
f 1629/310 990/191 1925/268
f 157/312 1439/311 191/313
f 1775/304 214/303 212/314
f 122/218 220/315 3082/316
f 3082/316 220/315 225/317
f 3082/316 225/317 229/318
f 234/321 240/319 1798/320
f 1798/320 240/319 440/322
f 1798/320 242/323 234/321
f 426/326 245/324 2560/325
f 2560/325 245/324 247/327
f 1761/329 249/328 1962/330
f 1962/330 249/328 416/331
f 455/127 1889/143 367/332
f 247/327 256/333 2563/334
f 1469/336 1066/335 1470/337
f 2563/334 256/333 258/338
f 227/340 494/339 1136/341
f 1404/169 2167/170 2421/342
f 1469/336 412/343 552/344
f 3216/345 2169/253 2669/346
f 2827/348 1769/347 1629/309
f 2649/350 2571/349 1502/351
f 2382/353 258/338 252/354
f 252/354 259/355 2382/353
f 1847/357 1828/356 1832/358
f 596/360 514/359 2423/361
f 2382/353 259/355 533/362
f 2312/363 529/128 2314/129
f 1181/158 21/364 1297/365
f 1953/101 260/203 400/366
f 189/17 157/312 166/367
f 3350/369 2982/368 3216/345
f 1640/103 78/77 1655/370
f 1502/352 1505/371 1506/372
f 159/234 268/373 1834/233
f 1834/233 268/373 265/374
f 2908/308 1006/375 2159/376
f 275/379 271/377 1841/378
f 564/381 3338/380 137/382
f 119/384 217/383 46/93
f 1342/386 2315/385 1321/387
f 1509/389 2343/388 2424/390
f 1841/378 271/377 284/391
f 117/394 274/392 2041/393
f 1513/396 2074/395 2053/397
f 442/399 2366/398 1706/400
f 2516/401 536/230 3013/402
f 72/404 2498/403 2424/390
f 1012/406 2723/405 1543/407
f 1012/406 1208/408 1046/409
f 540/411 581/410 997/412
f 2041/393 274/392 275/379
f 282/414 279/413 1841/378
f 540/411 3194/415 2320/416
f 596/360 2384/417 591/418
f 1886/419 508/141 2133/420
f 1841/378 279/413 441/422
f 1841/378 284/391 282/414
f 288/424 285/423 1849/248
f 305/426 344/425 269/427
f 1849/248 285/423 286/249
f 229/318 289/428 3085/429
f 2674/431 1153/430 2377/432
f 1661/102 78/77 1640/103
f 3133/434 328/433 3130/435
f 3130/435 328/433 3125/436
f 1524/437 1629/309 1958/438
f 3073/440 3294/439 3295/441
f 3085/429 289/428 292/442
f 2735/443 292/442 288/424
f 2964/445 1639/444 3288/446
f 2964/445 560/447 449/448
f 2466/450 2229/449 2674/431
f 1201/452 2161/451 2193/453
f 1012/406 964/454 1941/455
f 293/458 296/456 2051/457
f 2431/460 562/459 1256/461
f 1777/463 1033/462 1215/464
f 2051/457 296/456 436/465
f 1542/467 498/466 3242/468
f 2922/470 368/469 2845/471
f 1553/473 565/472 1265/474
f 502/477 301/475 1848/476
f 1848/476 301/475 297/305
f 2683/479 2958/478 2676/480
f 2627/482 2649/481 1502/352
f 162/484 1503/483 1223/485
f 2252/488 2486/487 178/489
f 3279/267 1925/268 3350/369
f 1849/248 303/265 302/490
f 2873/494 3157/491 3008/493
f 314/497 308/495 1857/496
f 1857/496 308/495 312/499
f 569/504 3313/500 5/502
f 3315/64 3323/505 2869/506
f 317/509 316/507 1857/496
f 1857/498 316/508 314/510
f 1223/485 1669/511 162/484
f 2169/253 2519/512 2669/346
f 1028/254 2586/89 1495/513
f 103/180 319/514 2601/179
f 44/516 573/515 41/517
f 2053/397 1989/518 1513/396
f 2601/179 319/514 1857/496
f 358/521 321/519 1906/520
f 1906/520 321/519 354/522
f 184/271 324/523 1862/270
f 1862/270 324/523 326/524
f 1862/270 326/524 461/525
f 41/517 573/515 2609/526
f 2668/307 575/527 3089/528
f 1986/530 1304/529 2574/531
f 331/534 335/532 1866/533
f 1925/268 990/191 1763/97
f 1164/536 1229/535 2722/537
f 1763/97 2982/368 1925/268
f 3216/345 2982/368 2169/253
f 1866/533 335/532 2443/538
f 637/540 451/539 1170/541
f 338/544 337/542 1875/543
f 1958/545 1925/268 1068/266
f 997/412 581/410 1631/547
f 2982/368 579/95 2853/548
f 1875/543 337/542 347/549
f 1631/547 581/410 2189/550
f 1629/309 1524/437 2827/348
f 1109/173 1462/552 1453/553
f 1208/408 1941/455 270/554
f 330/557 339/555 2105/556
f 2105/556 339/555 1875/543
f 583/559 2565/558 2311/560
f 1816/167 2285/562 188/166
f 1167/563 585/108 2161/451
f 2161/451 585/108 586/107
f 1461/565 1195/564 1102/566
f 1502/352 1506/372 2627/482
f 216/568 1965/567 254/569
f 2105/556 343/570 342/571
f 2106/573 1261/572 2324/574
f 2871/576 2901/575 491/577
f 105/579 194/578 1461/565
f 46/93 40/72 119/384
f 1875/543 347/549 2097/580
f 171/582 3104/581 382/583
f 3104/581 171/582 1391/159
f 567/585 1205/584 1602/586
f 2097/580 347/549 349/587
f 2213/111 2442/588 2566/589
f 2442/588 2213/111 970/590
f 2801/90 1239/591 1240/592
f 1602/586 1205/584 3277/593
f 3108/279 3138/594 969/595
f 742/596 591/418 2381/597
f 492/81 559/202 3135/200
f 2801/90 3034/246 1239/591
f 2713/599 588/598 2089/600
f 559/202 3146/601 1390/201
f 1906/520 354/522 357/602
f 1906/605 357/603 456/604
f 1515/91 3138/594 3108/279
f 346/607 359/606 2097/580
f 2097/580 359/606 1906/520
f 1866/533 360/608 336/609
f 2178/611 362/610 360/608
f 591/418 539/612 596/360
f 250/615 372/613 1981/614
f 2683/479 2082/616 2995/617
f 1981/614 372/613 394/618
f 3034/246 2801/90 2542/245
f 523/621 379/619 1976/620
f 562/459 2431/460 1509/389
f 1976/620 379/619 381/622
f 1849/248 384/623 2688/624
f 2704/626 2222/625 2109/627
f 2688/624 384/623 531/628
f 1775/304 385/629 2011/630
f 2011/630 385/629 413/631
f 1981/614 394/618 396/632
f 3008/493 3158/633 2226/634
f 1953/101 400/366 411/635
f 652/637 1234/636 144/638
f 3349/642 1246/639 2303/641
f 2076/644 1833/643 572/645
f 1955/277 403/646 402/647
f 1953/101 411/635 2399/648
f 1253/650 594/649 2569/651
f 295/652 3081/244 969/595
f 2399/648 411/635 1957/653
f 3155/655 595/654 742/596
f 742/596 595/654 539/612
f 2011/630 413/631 428/656
f 601/658 1228/657 28/659
f 1293/25 1311/660 368/469
f 970/590 2478/661 1263/57
f 1962/330 416/331 1981/614
f 423/664 417/662 2002/663
f 991/51 979/665 56/666
f 2002/663 417/662 422/667
f 56/666 1804/50 991/51
f 2002/663 424/669 423/664
f 381/622 425/670 2552/671
f 92/673 2451/672 1168/674
f 442/399 2309/675 2254/676
f 2345/678 2026/677 2341/679
f 2552/671 425/670 426/326
f 1761/329 427/680 182/681
f 1830/685 612/682 1686/684
f 2326/686 1231/301 188/166
f 612/682 1732/148 1737/687
f 3202/689 616/688 361/690
f 2011/630 428/656 2410/691
f 616/688 235/692 981/693
f 396/696 433/694 2765/695
f 2765/695 433/694 435/698
f 2014/699 435/698 430/700
f 3071/704 1662/701 2378/703
f 672/706 622/705 1255/707
f 3216/345 2669/346 3350/369
f 1240/592 2586/89 2801/90
f 1515/91 3108/279 2542/245
f 2051/457 436/465 437/708
f 618/710 2407/709 2021/711
f 2051/457 437/708 2015/712
f 2015/712 437/708 545/713
f 1798/320 440/322 2025/714
f 2025/714 440/322 2032/273
f 3276/716 222/715 855/717
f 1841/378 441/422 2046/718
f 2046/718 441/422 445/719
f 2046/718 445/719 446/720
f 1541/721 560/447 2964/445
f 2929/723 2952/722 3034/246
f 2375/725 453/724 452/726
f 2622/727 1502/351 2594/728
f 1906/605 456/604 2595/729
f 2595/729 456/604 458/730
f 2595/729 458/730 2374/731
f 2374/731 458/730 460/732
f 1862/270 461/525 2365/733
f 2365/736 461/734 465/735
f 465/735 468/737 2660/738
f 2660/738 468/737 469/739
f 2581/741 1687/740 1784/742
f 2131/744 471/743 470/745
f 2935/747 472/746 471/748
f 1517/750 2406/749 2381/597
f 1308/752 19/751 1452/753
f 476/757 475/754 2131/755
f 2131/759 475/756 477/758
f 2131/759 477/758 2789/760
f 1452/753 1453/553 1308/752
f 2651/762 620/193 2196/763
f 2789/760 477/758 478/764
f 2205/32 480/48 3028/765
f 3028/765 480/48 484/766
f 473/769 2082/767 2627/482
f 1941/455 1208/408 1012/406
f 265/374 481/770 1834/233
f 1293/25 368/469 363/113
f 3103/772 647/771 958/773
f 1834/233 481/770 516/774
f 3028/765 484/766 487/775
f 2185/778 490/776 489/777
f 450/781 493/779 2838/780
f 2838/780 493/779 495/782
f 2686/784 959/783 966/785
f 3110/787 1992/786 2172/788
f 3120/790 1416/789 3135/200
f 356/792 641/791 464/793
f 1907/796 496/795 365/797
f 487/775 500/798 2672/799
f 2672/799 500/798 501/800
f 1860/802 503/801 1792/803
f 3234/805 1385/804 2825/806
f 2825/806 1385/804 1006/375
f 2001/808 2020/807 2263/809
f 1792/803 503/801 505/810
f 406/812 509/811 1957/653
f 1416/789 3213/813 3189/83
f 652/637 1983/814 1987/815
f 1957/653 509/811 512/816
f 1705/817 512/816 43/818
f 470/745 513/819 2131/744
f 1068/546 1514/820 2800/821
f 2131/744 513/819 515/822
f 2627/482 2929/723 3086/823
f 1834/233 516/774 517/824
f 2838/780 517/824 488/825
f 474/58 1580/59 390/826
f 971/828 1514/827 1068/266
f 1882/251 658/829 1227/830
f 1705/817 519/831 1976/620
f 1976/620 519/831 523/621
f 2051/457 525/832 293/458
f 975/834 1642/833 397/835
f 2688/624 531/628 2054/836
f 2054/836 531/628 532/837
f 32/839 31/838 38/840
f 2052/841 532/837 525/832
f 2382/353 533/362 2007/842
f 3073/440 1111/843 1032/844
f 2007/842 533/362 534/845
f 2667/846 534/845 424/669
f 1860/802 538/847 537/848
f 309/146 1257/849 113/145
f 2719/851 542/850 1808/852
f 1808/852 542/850 544/853
f 1531/132 463/133 1850/854
f 3032/857 2270/856 2271/858
f 2571/349 2425/859 2594/728
f 2270/856 3032/857 2680/860
f 2015/712 545/713 2071/861
f 2636/863 2139/862 459/864
f 2071/861 545/713 546/866
f 144/638 2367/867 2005/868
f 2360/869 144/638 2029/870
f 2800/821 1945/871 1456/872
f 1945/871 1626/873 2740/874
f 2071/861 546/866 548/875
f 1515/91 579/95 3138/594
f 2861/877 2917/876 2425/859
f 2719/851 548/875 371/878
f 561/881 558/879 3367/880
f 3367/880 558/879 555/882
f 1456/872 1928/44 1533/45
f 911/885 570/884 3367/880
f 3367/880 570/884 561/881
f 617/888 574/886 3353/887
f 3353/887 574/886 615/889
f 671/891 1974/890 2174/892
f 3086/823 3071/702 473/769
f 2944/894 2998/893 2932/895
f 2132/896 672/706 2453/897
f 1068/546 2800/821 1186/898
f 3086/823 3034/246 3081/244
f 1449/281 1742/899 606/900
f 1742/899 1535/902 606/900
f 642/906 580/904 3184/905
f 3184/905 580/904 582/907
f 2098/911 1810/908 2305/910
f 3183/912 582/907 577/913
f 93/915 1381/914 1776/916
f 843/919 587/917 3370/918
f 1503/483 162/484 1491/920
f 3370/918 587/917 599/921
f 3370/918 599/921 3136/922
f 1362/87 1342/386 2252/488
f 3136/925 599/923 3366/924
f 204/927 1510/926 1541/721
f 589/929 600/928 3366/924
f 3366/924 600/928 685/930
f 1014/931 3058/138 607/932
f 1512/934 1043/933 1054/935
f 455/127 1432/125 1889/143
f 632/938 603/936 3160/937
f 1799/147 50/286 2967/939
f 3160/937 603/936 703/940
f 3353/887 615/889 625/941
f 724/945 623/942 2286/943
f 2378/703 2958/478 3071/704
f 2286/947 623/944 624/946
f 3353/887 625/941 2333/948
f 994/950 1928/949 1456/883
f 2333/948 625/941 626/951
f 2333/948 626/951 3218/952
f 3218/952 626/951 701/953
f 740/956 627/954 2187/955
f 2676/480 2376/957 2309/675
f 1209/959 1638/958 2214/960
f 2187/955 627/954 628/961
f 686/964 629/962 2940/963
f 635/966 2295/965 2133/421
f 2940/963 629/962 737/967
f 2214/960 1638/958 2898/968
f 645/971 633/969 3127/970
f 3127/970 633/969 636/972
f 3160/937 636/972 632/938
f 1700/186 3091/184 1417/973
f 907/976 640/974 2543/975
f 2543/975 640/974 642/906
f 577/913 648/977 3183/912
f 3183/912 648/977 649/978
f 963/979 1706/400 2366/398
f 3127/970 649/978 645/971
f 576/982 650/980 2879/981
f 2879/981 650/980 842/983
f 690/986 653/984 2858/985
f 2858/985 653/984 918/987
f 734/996 664/994 2949/995
f 2949/995 664/994 844/997
f 1205/584 567/585 3283/998
f 3283/998 567/585 3073/440
f 2133/421 2295/965 1886/1002
f 3081/244 3071/702 3086/823
f 2722/537 2485/1003 1164/536
f 3367/880 666/1005 3152/1006
f 3152/1006 666/1005 668/1007
f 3034/246 3086/823 2929/723
f 3152/1006 668/1007 669/1008
f 3353/887 669/1008 621/1009
f 1504/1012 675/1010 676/1011
f 2282/1017 2891/1016 2453/897
f 3366/924 685/930 2940/963
f 2940/963 685/930 686/964
f 2148/1029 1835/1028 2100/1030
f 2066/1032 1451/1031 140/1033
f 2066/1032 2033/1034 2727/263
f 2303/641 2164/1035 3349/642
f 691/1038 689/1037 2858/985
f 2858/985 689/1037 690/986
f 2995/617 2958/478 2683/479
f 1952/1040 2726/1039 1949/1041
f 733/1044 692/1042 2802/1043
f 2802/1043 692/1042 693/1045
f 2562/1046 693/1045 691/1047
f 2082/616 2683/479 387/1048
f 917/1051 695/1049 2792/1050
f 2792/1050 695/1049 694/1052
f 2519/512 1028/254 3065/1056
f 3218/952 701/953 916/1061
f 1671/1063 1842/1062 1646/1064
f 3160/937 703/940 705/1065
f 2980/1071 3000/1070 2082/616
f 2884/1074 704/1068 735/1073
f 1651/1075 1186/898 1026/1076
f 1362/87 178/489 179/1078
f 3160/937 705/1065 2602/1079
f 2602/1079 705/1065 706/1080
f 2879/981 706/1080 702/1081
f 3277/593 1205/584 3048/1082
f 2628/1084 3139/1083 2640/1085
f 237/1086 2723/405 1982/1087
f 1464/1090 709/1088 3093/1089
f 942/1093 710/1091 2743/1092
f 2743/1092 710/1091 711/1095
f 1003/1097 995/1096 1265/474
f 1982/1087 2723/405 1046/409
f 854/1100 712/1098 2555/1099
f 2555/1099 712/1098 860/1101
f 778/1105 715/1102 2477/1103
f 514/359 596/360 1422/1106
f 2477/1108 715/1104 810/1107
f 861/1112 720/1109 3362/1110
f 3362/1114 720/1111 721/1113
f 3362/1114 721/1113 3014/1115
f 3014/1115 721/1113 791/1117
f 3016/1119 722/1118 719/1120
f 852/1123 723/1121 1562/1122
f 1562/1122 723/1121 783/1124
f 681/1127 725/1125 2904/1126
f 2904/1126 725/1125 727/1128
f 266/1133 3021/1132 2366/398
f 607/932 1013/1134 1014/931
f 939/1139 732/1138 2802/1043
f 2802/1043 732/1138 733/1044
f 2884/1074 735/1073 2949/995
f 2366/398 442/399 266/1133
f 530/1144 622/705 3191/1145
f 2940/963 737/967 935/1146
f 607/932 1690/1149 1013/1134
f 3071/704 2958/478 2995/617
f 3212/1150 222/715 3276/716
f 2441/1151 2439/3 630/1152
f 2914/1154 741/1148 933/1153
f 3359/1156 745/1155 613/1157
f 2313/1159 3310/1158 3222/1160
f 2281/1162 746/1161 2808/1163
f 2808/1163 746/1161 748/1165
f 3269/1168 747/1167 731/1169
f 2808/1164 748/1166 2200/1170
f 2725/1173 749/1171 752/1172
f 2725/1173 752/1172 2734/1174
f 2734/1174 752/1172 751/1175
f 2717/1178 753/1176 754/1177
f 325/1179 1452/753 19/751
f 2687/1182 756/1180 755/1181
f 2437/226 510/227 2344/188
f 2591/1184 758/1183 757/1185
f 2620/1187 759/1186 758/1183
f 237/1086 1531/132 238/1188
f 2344/188 322/1189 2437/226
f 1928/949 2786/1190 2119/1191
f 2969/1194 266/1133 2498/403
f 864/1197 760/1195 1605/1196
f 1605/1196 760/1195 761/1198
f 1605/1196 761/1198 2597/1199
f 972/1202 36/1201 2581/741
f 1894/1204 553/1203 2713/1205
f 2597/1199 761/1198 940/1207
f 2600/1210 763/1208 762/1209
f 2683/479 2676/480 1706/400
f 764/1213 765/1211 2523/1212
f 3257/1215 2307/1214 1632/1216
f 2786/1190 1928/949 994/950
f 1617/1218 474/58 390/826
f 1617/1218 1168/674 1169/1219
f 2523/1212 765/1211 859/1220
f 813/1223 766/1221 2848/1222
f 2848/1222 766/1221 781/1224
f 2376/957 2378/703 431/1225
f 2969/1194 2329/136 224/137
f 1154/1226 2326/686 1255/707
f 1421/216 2359/217 1517/750
f 673/1228 1758/1227 1748/1229
f 782/1233 767/1230 2910/1231
f 2910/1235 767/1232 779/1234
f 713/1238 768/1236 1525/1237
f 1525/1237 768/1236 857/1239
f 1525/1237 770/1240 713/1238
f 2384/417 1517/750 2381/597
f 2498/403 442/399 2254/676
f 3021/1132 266/1133 2969/1194
f 604/1241 2980/1071 387/1048
f 1465/1244 773/1242 2530/1243
f 2429/1247 774/1245 775/1246
f 3174/1249 777/1248 714/1250
f 2910/1235 779/1234 3215/1252
f 3215/1252 779/1234 851/1253
f 3000/1070 2980/1071 2917/876
f 1673/140 551/1254 1910/1255
f 2848/1222 781/1224 782/1233
f 1222/1258 1559/1257 1435/1259
f 1562/1122 783/1124 2294/1260
f 2294/1260 783/1124 784/1262
f 1691/1268 1698/1267 551/1254
f 825/1272 787/1270 2937/1271
f 2937/1271 787/1270 788/1273
f 3009/1274 788/1273 786/1275
f 887/1278 790/1276 2395/1277
f 2395/1277 790/1276 789/1279
f 3014/1115 791/1117 1395/1280
f 1395/1280 791/1117 792/1282
f 2281/1162 792/1282 605/1283
f 800/1286 793/1284 3063/1285
f 3063/1285 793/1284 794/1287
f 999/1289 1663/1288 1817/1290
f 798/1293 795/1291 3192/1292
f 3192/1292 795/1291 796/1294
f 1854/1296 1243/1295 2609/526
f 374/1299 15/1298 1490/1300
f 2866/1301 796/1294 770/1240
f 628/1305 797/1302 2331/1303
f 2586/89 2982/368 2853/548
f 2577/1307 2575/40 1240/41
f 2861/877 3000/1070 2917/876
f 2331/1309 797/1304 798/1293
f 3016/1119 799/1310 2449/1311
f 2729/1312 1026/1077 1487/1313
f 79/1315 1494/1314 98/1316
f 19/751 1049/1317 1048/1318
f 2449/1311 799/1310 800/1286
f 1186/898 1958/438 1068/546
f 1049/1317 19/751 1308/752
f 819/1325 805/1323 2455/1324
f 1986/530 2708/1326 2885/1327
f 3091/184 3089/528 3011/1328
f 2455/1324 805/1323 806/1329
f 2092/1332 809/1330 808/1331
f 2477/1108 810/1107 2947/1333
f 2947/1333 810/1107 811/1334
f 806/1329 812/1335 2890/1336
f 2890/1336 812/1335 813/1223
f 941/1339 816/1337 3211/1338
f 1239/591 3034/246 2952/722
f 2478/661 970/590 1371/1340
f 3211/1338 816/1337 817/1341
f 2952/722 2577/1342 1239/591
f 2868/1343 817/1341 815/1344
f 711/1095 818/1345 3057/1346
f 3057/1346 818/1345 819/1325
f 170/1348 2558/1347 2698/1349
f 945/1352 820/1350 3132/1351
f 3132/1351 820/1350 821/1353
f 3132/1351 821/1353 2841/1354
f 3000/1072 2861/1308 2649/481
f 2486/487 170/1348 2698/1349
f 2841/1354 821/1353 889/1355
f 874/1358 822/1356 2794/1357
f 2794/1357 822/1356 823/1359
f 2947/1333 824/1360 2607/1361
f 2607/1364 824/1362 832/1363
f 1507/1367 826/1365 827/1366
f 2395/1277 828/1368 3247/1369
f 3247/1369 828/1368 829/1370
f 3247/1369 829/1370 3121/1371
f 3121/1371 829/1370 830/1373
f 3121/1372 830/1374 831/1375
f 2607/1364 832/1363 3220/1376
f 3220/1376 832/1363 833/1377
f 2937/1271 833/1377 825/1272
f 815/1344 834/1378 2868/1343
f 2868/1343 834/1378 835/1379
f 823/1359 836/1380 3144/1381
f 3144/1381 836/1380 837/1382
f 835/1379 840/1388 3119/1389
f 3119/1389 840/1388 841/1390
f 2879/981 842/983 3370/918
f 3370/918 842/983 843/919
f 2949/995 844/997 2299/1391
f 2299/1391 844/997 872/1392
f 3115/1394 845/1393 1831/1395
f 1831/1398 845/1396 949/1397
f 3359/1156 850/1401 2427/1402
f 2427/1402 850/1401 853/1403
f 3215/1252 851/1253 2570/1404
f 2570/1404 851/1253 875/1405
f 2427/1402 853/1403 852/1123
f 1525/1237 857/1239 3291/1406
f 3291/1406 857/1239 854/1100
f 1550/1408 858/1407 677/1409
f 2523/1212 859/1220 1586/1410
f 1586/1410 859/1220 858/1407
f 2555/1099 860/1101 3362/1110
f 3362/1110 860/1101 861/1112
f 931/1414 863/1412 1609/1413
f 1609/1413 863/1412 864/1197
f 2904/1126 870/1421 681/1127
f 2299/1391 872/1392 2182/1422
f 1637/1425 873/1423 876/1424
f 2570/1404 875/1405 874/1358
f 1637/1425 876/1424 878/1426
f 1637/1425 878/1426 1546/1427
f 877/1429 880/1428 1546/1427
f 1546/1427 880/1428 879/1430
f 2817/1433 881/1432 722/1118
f 786/1275 883/1434 3009/1274
f 3009/1274 883/1434 881/1432
f 3017/1436 884/1435 2205/32
f 2205/32 884/1435 885/1437
f 1457/9 885/1437 776/1438
f 954/1441 886/1439 1384/1440
f 1384/1440 886/1439 899/1442
f 2395/1277 888/1443 887/1278
f 2841/1354 889/1355 3129/1444
f 3129/1444 889/1355 891/1445
f 3129/1444 891/1445 1357/1446
f 1357/1446 891/1445 1356/1447
f 1360/1449 892/1448 888/1443
f 1358/1451 893/1450 892/1448
f 1354/1453 895/1452 894/1454
f 1353/1456 896/1455 895/1452
f 1352/1458 898/1457 897/1459
f 1384/1440 899/1442 1361/1460
f 1361/1460 899/1442 1351/1462
f 890/1464 900/1463 1356/1447
f 1356/1447 900/1463 904/1465
f 903/1468 901/1466 1347/1467
f 1347/1467 901/1466 902/1470
f 1356/1447 904/1465 1349/1471
f 1349/1471 904/1465 1347/1469
f 431/1225 562/459 2309/675
f 2792/1050 905/1472 3369/1473
f 3369/1473 905/1472 906/1474
f 3369/1473 906/1474 907/976
f 2746/1478 910/1477 3170/1479
f 3170/1482 910/1480 912/1481
f 3170/1482 912/1481 2804/1483
f 3218/952 916/1061 3186/1487
f 3186/1487 916/1061 917/1051
f 981/693 1510/926 204/927
f 2858/985 918/987 919/1488
f 3050/1489 919/1488 745/1155
f 2477/1103 921/1490 920/1491
f 1341/1493 922/1492 921/1490
f 925/1497 923/1494 1340/1495
f 1340/1498 923/1496 922/1492
f 677/1409 924/1499 1550/1408
f 1550/1502 924/1500 926/1501
f 1550/1502 926/1501 1337/1503
f 1337/1503 926/1501 1339/1504
f 3115/1506 927/1505 780/1507
f 2961/1510 928/1509 927/1511
f 775/1246 929/1512 2433/1513
f 2433/1513 929/1512 1335/1514
f 2294/1260 930/1515 3275/1516
f 3275/1516 930/1515 931/1414
f 2914/1154 933/1153 3003/1521
f 2940/963 935/1146 937/1525
f 2523/1212 936/1526 934/1527
f 2940/963 937/1525 2993/1528
f 2993/1528 937/1525 3072/1529
f 539/612 976/1530 1422/1106
f 731/1169 938/1531 3269/1168
f 3269/1168 938/1531 939/1139
f 2597/1199 940/1207 941/1532
f 2743/1094 943/1533 942/1534
f 3159/1536 944/1535 2892/1537
f 2892/1537 944/1535 1332/1538
f 2992/306 2668/307 3089/528
f 948/1543 946/1540 1331/1541
f 1331/1544 946/1542 3132/1351
f 950/1548 947/1546 1328/1547
f 1328/1547 947/1546 948/1543
f 1831/1398 949/1397 951/1549
f 2842/1551 298/1550 2156/27
f 1831/1398 951/1549 950/1548
f 902/1470 952/1552 1384/1440
f 1384/1440 952/1552 953/1553
f 1384/1440 953/1553 954/1441
f 776/1438 955/11 1457/9
f 1457/9 956/30 39/33
f 1381/914 93/915 1956/1554
f 1956/1554 1592/287 1433/285
f 2786/1192 994/1217 2740/874
f 1486/1556 2772/1555 1495/513
f 511/1557 2944/894 499/1558
f 499/1558 2942/1559 511/1557
f 2805/1561 1159/1560 2217/1562
f 1046/409 2723/405 1012/406
f 3157/491 3158/633 3008/493
f 1945/871 2800/821 1514/820
f 2827/348 1846/1564 2893/1565
f 635/966 973/49 2295/965
f 1487/1313 255/1566 1917/1567
f 1626/873 961/1568 2740/874
f 504/1572 1651/1569 1208/1571
f 1975/1574 2772/1573 1585/42
f 1026/1076 1186/898 2800/821
f 2709/1576 497/1575 604/1241
f 2057/1578 2056/1577 2923/1579
f 1192/1581 3264/1580 383/1582
f 1958/438 964/454 1524/437
f 1154/1226 1255/707 622/705
f 3206/1583 1639/444 2964/445
f 419/1585 980/1584 17/1586
f 966/785 959/783 973/49
f 2729/1312 1487/1313 1431/1587
f 3108/279 969/595 3081/244
f 2982/368 2586/89 2169/253
f 1893/1589 2800/821 401/1590
f 3279/267 971/828 1068/266
f 2669/346 971/828 3350/369
f 964/454 1543/407 1524/437
f 2019/1591 2709/1576 3021/1132
f 3287/1593 1163/1592 2168/1594
f 2581/741 1801/1595 972/1202
f 2951/1596 972/1202 49/259
f 237/1086 2827/348 1543/407
f 987/1598 2724/1597 2313/1159
f 973/49 977/1599 966/785
f 604/1241 3021/1132 2709/1576
f 2148/1029 2100/1030 2306/1600
f 1026/1076 2800/821 1893/1589
f 964/454 1958/438 270/554
f 236/1601 980/1584 2893/1565
f 1510/926 981/693 2819/1602
f 1111/843 2819/1602 1645/1603
f 1729/1605 985/1604 1309/1606
f 1769/347 3272/122 3322/1607
f 58/1609 986/1608 554/1610
f 987/1612 2598/1611 1389/155
f 2598/1614 987/1598 2313/1159
f 1441/1616 2710/1615 1183/1617
f 2682/1619 1037/1618 407/1620
f 431/1225 1256/461 562/459
f 2850/1622 2675/1621 2703/1623
f 2703/1623 2675/1621 2403/1624
f 2958/478 2378/703 2376/957
f 2340/1626 2438/1625 2456/1627
f 1431/1629 1487/1588 1516/1628
f 993/1631 3080/1630 1712/1632
f 407/1620 1793/1634 985/1604
f 1028/254 2519/512 2169/253
f 1724/1636 2460/1635 1120/1637
f 1292/1639 2876/1638 2690/13
f 2690/13 2195/1640 1292/1639
f 3322/1607 3272/122 1730/123
f 979/665 991/51 2877/1641
f 1963/1643 2415/1642 2330/1644
f 2697/1646 992/1645 1418/1647
f 152/1649 2733/1648 150/1650
f 2893/1565 6/1651 3271/1652
f 236/1601 1846/1564 17/1586
f 3272/122 448/1653 196/1654
f 1925/268 1958/545 1629/310
f 986/1608 60/1655 174/1656
f 1945/871 994/1217 1456/872
f 3272/122 196/1654 150/1650
f 54/1658 610/1657 2091/1659
f 2722/537 2454/65 2317/1660
f 882/1662 1994/1661 482/1663
f 961/1568 2119/1193 2740/874
f 2733/1648 995/1096 1003/1097
f 616/688 1552/1664 235/692
f 3356/1666 1566/1665 1111/843
f 150/1650 1709/124 3272/122
f 995/1096 2788/1667 1265/474
f 976/1530 539/612 530/1144
f 196/1654 4/1668 3356/1666
f 3271/1652 3368/1669 3272/122
f 2119/1193 961/1568 590/1670
f 13/1671 6/1651 2893/1565
f 1795/1673 2483/1672 578/1674
f 3128/1675 2682/1619 985/1604
f 1842/1062 1671/1063 639/1676
f 862/1677 1729/1605 578/1674
f 2627/482 3086/823 473/769
f 2682/1619 3128/1675 1037/1618
f 419/1585 17/1586 2939/1678
f 404/1679 1793/1634 407/1620
f 985/1604 1729/1605 3128/1675
f 2939/1678 17/1586 2931/1680
f 962/1682 3095/1681 20/1683
f 2931/1680 1647/1684 1485/1685
f 1736/1689 2458/1686 1094/1688
f 862/1677 1703/1690 3128/1675
f 1703/1690 862/1677 3360/1691
f 862/1692 54/1658 3360/1693
f 2082/767 3000/1072 2649/481
f 2216/1695 231/1694 2068/1696
f 1697/1698 1014/931 1013/1134
f 457/261 972/1202 1801/1595
f 2323/1699 1703/1690 3360/1691
f 2850/1622 1085/1700 1934/1701
f 419/1585 13/1671 2893/1565
f 6/1651 3368/1669 3271/1652
f 3271/1652 3272/122 1769/347
f 2931/1680 17/1586 1846/1564
f 2306/1600 2100/1030 2684/1703
f 2939/1678 13/1671 419/1585
f 969/595 3138/594 295/652
f 3157/1705 2873/492 3293/1704
f 3208/1707 2287/1706 2013/1708
f 3256/1711 1807/1709 1660/1710
f 2956/1713 1603/1712 3277/593
f 1154/1226 2021/711 2695/1714
f 370/1716 2103/1715 457/261
f 448/1653 3368/1669 3361/1717
f 2175/1719 1589/1718 1260/1720
f 1071/1722 1035/1721 2199/1723
f 3361/1717 111/1725 448/1653
f 76/1727 667/1726 37/1728
f 2088/1730 3185/1729 2194/1731
f 3262/1733 3285/1732 1566/1665
f 1031/1735 3281/1734 35/1736
f 418/1738 420/1737 2175/1719
f 35/1736 1027/1739 1031/1735
f 3262/1733 3336/1743 35/1736
f 2208/1749 1610/1748 1621/1750
f 2181/1756 2979/1753 1382/1755
f 35/1736 3281/1734 3262/1733
f 35/1736 3048/1082 1027/1739
f 1032/844 1111/843 3285/1732
f 3336/1743 73/92 563/196
f 1128/1759 192/1758 76/1727
f 1823/1761 2963/1760 1011/1762
f 1786/1763 2197/1745 1538/1764
f 1052/1767 3097/1766 3074/1768
f 1991/1775 2970/1774 1589/1718
f 2013/1708 3055/1776 2112/1772
f 78/77 1720/1777 1655/370
f 1621/1779 1610/1751 1155/1778
f 567/585 1602/586 1549/1780
f 1549/1780 3295/441 3294/439
f 1111/843 3073/440 557/1781
f 1757/1783 1759/1782 1863/1784
f 1749/1787 1124/1786 1103/1788
f 73/92 3336/1743 1566/1665
f 1598/1792 1382/1789 2061/1791
f 3283/998 1027/1739 3048/1082
f 3294/439 3073/440 567/585
f 563/196 1498/199 76/1727
f 975/834 535/1793 2145/1794
f 1130/1796 1396/1795 1657/1797
f 2867/1798 2156/27 996/1799
f 2208/1801 2201/1800 1029/1802
f 3054/1805 1104/1804 141/1806
f 602/1808 611/1807 739/1809
f 3356/1666 1111/843 1645/1603
f 3356/1666 4/1668 280/71
f 3356/1666 280/71 1566/1665
f 1770/1812 1760/1811 602/1808
f 1022/1817 1130/1796 1940/1818
f 3336/1743 3262/1733 1566/1665
f 73/92 280/71 40/72
f 215/1820 2206/1819 1581/190
f 1111/843 1566/1665 3285/1732
f 3206/1583 2964/445 449/448
f 2194/1731 1022/1817 1658/1821
f 3251/1823 1760/1811 2832/1822
f 1031/1735 3285/1732 3262/1733
f 1031/1735 3262/1733 3281/1734
f 3283/998 1032/844 1031/1735
f 1796/1824 535/1793 1666/139
f 1032/844 3283/998 3073/440
f 3285/1732 1031/1735 1032/844
f 2083/1829 1921/1825 2143/1827
f 1539/1830 1921/1828 2878/1831
f 2206/1819 1616/1832 1879/1833
f 280/71 4/1668 12/70
f 2090/1835 1864/1834 2201/1800
f 2201/1800 1864/1834 1029/1802
f 1199/1837 1944/1836 1197/1838
f 1684/1841 1682/1840 1685/1842
f 196/1654 448/1653 12/70
f 583/559 2311/560 1230/1843
f 3294/439 567/585 1549/1780
f 3295/441 557/1781 3073/440
f 1680/1848 1157/1847 1152/1849
f 2181/1756 1041/1850 1036/1851
f 6/1651 3361/1717 3368/1669
f 960/1854 3266/1853 1052/1767
f 37/1728 3048/1082 35/1736
f 35/1736 76/1727 37/1728
f 1029/1803 2154/1855 2208/1749
f 2567/56 1263/57 320/1856
f 2567/56 856/1857 1248/55
f 1715/1858 639/1676 974/1859
f 1069/1861 1082/1860 1197/1839
f 448/1653 119/384 40/72
f 1613/1863 2979/1862 2181/1754
f 1943/1865 1868/1864 2211/1866
f 448/1653 3272/122 3368/1669
f 2853/548 1515/91 2586/89
f 1621/1752 1908/1867 2208/1868
f 1706/400 963/979 387/1048
f 217/383 111/1725 13/1671
f 111/1725 3361/1717 13/1671
f 1029/1802 1041/1850 2154/1869
f 2218/1873 1930/1870 1499/1872
f 2305/910 1424/1874 2098/911
f 217/383 119/384 111/1725
f 1619/1878 2209/1876 1593/1877
f 69/1879 1415/16 189/17
f 2127/1881 1943/1865 2211/1866
f 69/1879 189/17 104/1882
f 999/1289 1653/1883 1663/1288
f 1046/409 1208/408 1431/1629
f 121/1884 46/93 217/383
f 35/1736 3336/1743 563/196
f 2201/1800 2208/1801 2090/1835
f 1208/1571 1651/1569 1431/1587
f 163/1885 2695/1714 1088/1886
f 1260/1720 1649/1887 2526/1888
f 2939/1678 1415/16 69/1879
f 1963/1643 1939/1889 404/1679
f 121/1884 217/383 69/1879
f 2962/1891 1885/1890 2907/1892
f 1910/1894 1393/1893 2127/1895
f 2098/909 1424/1875 2274/1897
f 563/196 76/1727 35/1736
f 73/92 46/93 121/1884
f 1518/1898 2145/1794 535/1793
f 2072/1900 2073/1899 107/1901
f 1522/1773 2125/1902 1392/1903
f 1392/1903 1320/1904 1522/1773
f 2127/1880 1789/1905 2701/1907
f 1824/1911 2447/1908 2491/1910
f 2451/672 92/673 98/1316
f 79/1315 1128/1759 77/1912
f 1979/1916 1072/1913 1872/1915
f 3087/1919 1924/1918 2733/1648
f 194/578 1224/1920 1195/564
f 1833/643 1823/1921 572/645
f 213/1923 2654/1922 114/1924
f 1224/1920 1262/1925 1105/1926
f 1538/1930 1521/1927 1590/1929
f 105/579 1224/1920 194/578
f 1102/566 2451/672 1461/565
f 2918/1934 1112/1933 1967/1935
f 141/1806 1463/1936 3054/1805
f 2172/788 1721/1937 1926/1938
f 213/1923 105/1932 151/1940
f 3172/1942 3286/1941 960/1854
f 2918/1944 2081/1943 3352/1945
f 1102/566 1195/564 1105/1926
f 141/1806 1104/1804 390/826
f 1105/1926 1195/564 1224/1920
f 390/826 1580/59 141/1806
f 1119/1950 199/1949 1200/1951
f 83/1953 1299/1952 1156/1954
f 2194/1731 2270/856 2088/1730
f 1128/1759 1131/1955 1104/1804
f 1119/1950 1122/1956 1176/1957
f 34/1958 1865/38 1861/1959
f 1833/643 2076/644 3107/1960
f 1620/1962 1870/1961 1593/1877
f 1196/1964 1106/1963 1160/1965
f 584/1966 1105/1926 1262/1925
f 1461/565 151/1968 105/579
f 1865/38 1709/39 3300/1969
f 1528/1971 983/1970 2113/1972
f 1992/786 1530/1974 1681/1975
f 55/1978 1224/1976 213/1923
f 1224/1920 84/1979 1262/1925
f 84/1979 1224/1920 55/1977
f 1299/1952 84/1979 1139/1980
f 1169/1219 474/58 1617/1218
f 2004/1982 3309/1981 2941/1983
f 3022/1987 2090/1985 1908/1867
f 76/1727 77/1912 1128/1759
f 69/1879 104/1882 121/1884
f 2287/1706 3055/1776 2013/1708
f 73/92 121/1884 563/196
f 667/1726 76/1727 192/1758
f 77/1912 76/1727 201/1989
f 1494/1314 79/1315 77/1912
f 584/1966 1102/566 1105/1926
f 1924/1918 3300/1990 2733/1648
f 619/1992 1845/1991 2218/1873
f 98/1316 1427/1993 1434/1994
f 167/1995 76/1727 1498/199
f 1549/1780 3126/1996 3180/1997
f 1493/1998 2451/672 584/1966
f 151/1940 2654/1922 213/1923
f 2654/1922 253/2000 443/172
f 1681/1975 1530/1974 2016/2002
f 1930/2003 2218/1871 276/295
f 1492/2004 151/1968 100/2005
f 2592/2007 1047/2006 1080/5
f 1908/1988 2538/2008 2539/2009
f 1617/1218 1131/1955 79/1315
f 106/2010 151/1968 1461/565
f 167/1995 98/1316 201/1989
f 98/1316 92/673 79/1315
f 1585/42 2772/1573 1240/41
f 1383/2012 2401/2011 83/2013
f 98/1316 167/1995 1427/1993
f 83/1953 1262/1925 84/1979
f 53/63 1122/1956 1119/1950
f 2733/1648 1709/124 150/1650
f 2035/2015 643/2014 2042/2016
f 1492/2004 100/2005 147/2017
f 253/2018 2654/2001 1492/2004
f 253/2018 483/2019 206/2020
f 443/172 1479/144 2654/1922
f 1492/2004 147/2017 219/2022
f 483/2019 253/2018 168/2023
f 106/2010 100/2005 151/1968
f 2102/2025 2016/2002 1530/1974
f 2013/1708 1912/1948 1772/181
f 1493/1998 1169/1219 1168/674
f 128/2026 1439/311 156/2027
f 1439/311 128/2026 1496/2028
f 1786/2031 661/182 1800/2030
f 191/313 106/2010 1434/1994
f 201/1989 98/1316 1494/1314
f 201/1989 1494/1314 77/1912
f 2111/2032 1035/1721 1654/2033
f 3180/1997 3295/441 1549/1780
f 1490/1300 1091/2034 1282/2035
f 3064/2039 3331/2036 1656/2038
f 104/195 166/2041 1498/197
f 1439/311 1496/2028 191/313
f 1590/1931 1786/2029 1538/1765
f 128/2026 248/2042 1438/2043
f 1160/1965 1460/2044 1196/1964
f 128/2026 156/2027 190/15
f 2907/1892 1979/1914 2962/1891
f 2093/2047 2467/2046 2508/2048
f 156/2027 157/312 190/15
f 1485/1685 1438/2043 248/2042
f 1484/2051 3358/2049 2099/34
f 2099/34 3358/2049 34/1958
f 157/312 189/17 190/15
f 2654/2001 151/1968 1492/2004
f 147/2017 100/2005 1496/2028
f 1496/2028 128/2026 1428/2052
f 201/1989 76/1727 167/1995
f 219/2022 168/2023 253/2018
f 168/2023 147/2017 1496/2028
f 1224/1976 105/1932 213/1923
f 1430/2053 1438/2043 1535/903
f 1519/117 3358/2054 1581/190
f 157/312 156/2027 1439/311
f 161/2055 1428/2052 1430/2053
f 1573/2057 1458/2056 1476/2058
f 1018/74 1458/2056 1573/2057
f 1878/2059 2491/1910 1178/2060
f 167/1995 166/367 157/312
f 1461/565 1434/1994 106/2010
f 1914/2061 1811/290 2035/2015
f 1428/2052 1438/2043 1430/2053
f 119/384 448/1653 111/1725
f 1144/2063 2034/2062 1158/2064
f 3325/2066 3324/2065 3198/2067
f 1772/181 3208/1707 2013/1708
f 1466/2069 1477/2068 1482/2070
f 1458/2056 161/2055 1430/2053
f 1480/75 136/2071 123/2072
f 3300/1990 1709/124 2733/1648
f 1095/2074 1100/2073 2923/1579
f 1260/1720 1589/1718 2970/1774
f 2330/1644 967/2076 1963/1643
f 2447/2078 1920/2077 2140/2079
f 87/2080 123/2072 136/2071
f 483/2019 1480/75 123/2072
f 87/2080 206/2020 123/2072
f 1500/2082 1539/1830 661/182
f 147/2017 168/2023 219/2022
f 206/2020 483/2019 123/2072
f 1658/1821 1668/2084 2194/1731
f 136/2071 1480/75 1409/73
f 1158/2064 2034/2062 2111/2032
f 218/2085 1466/2069 1410/2086
f 3324/2065 3231/2087 3210/2088
f 3324/2065 3235/2089 3231/2087
f 92/673 1168/674 1617/1218
f 1409/73 1573/2057 1571/2090
f 79/1315 92/673 1617/1218
f 1166/2091 1914/2061 1249/2092
f 1477/2068 1571/2090 1482/2070
f 351/2094 462/2093 651/2095
f 1466/2069 1447/2096 1410/2086
f 1484/2051 1483/2097 2144/2098
f 1392/1903 2042/2016 1320/1904
f 1883/2100 1812/2099 1942/2101
f 186/2103 1450/2102 218/2104
f 1466/2069 218/2085 1545/2105
f 404/1679 407/1620 1701/2106
f 168/2023 1496/2028 1458/2056
f 1428/2052 161/2055 1496/2028
f 1458/2056 1496/2028 161/2055
f 1018/74 483/2019 1458/2056
f 1480/75 483/2019 1018/74
f 1498/199 166/367 167/1995
f 206/2021 87/2081 1488/2107
f 1306/2108 1668/2084 2094/2109
f 102/2110 186/2103 1401/2111
f 1979/1914 2907/1892 2010/2112
f 2010/2112 1072/2113 1979/1914
f 1008/2115 307/2114 221/2116
f 2199/1723 1035/1721 2111/2032
f 1489/171 1488/2107 307/2114
f 1193/2118 2225/2117 2111/2032
f 2111/2032 1654/2033 1193/2118
f 1008/2115 221/2116 341/2119
f 1219/2121 3340/2120 1113/2122
f 2028/2125 1071/2124 2199/1724
f 364/2127 350/2126 352/2128
f 2145/1794 1715/1858 974/1859
f 341/2119 1109/173 1008/2115
f 1008/2115 1109/173 1489/171
f 218/2104 1450/2102 86/2129
f 2035/2015 1582/2131 1914/2061
f 1458/2056 483/2019 168/2023
f 206/2021 443/172 253/2000
f 1050/2132 1054/935 3053/2133
f 2112/1772 1120/1637 1522/2134
f 307/2114 1008/2115 1489/171
f 405/2136 2751/2135 304/2137
f 1162/2139 1220/2138 2631/2140
f 307/2114 1450/2102 1444/2141
f 2987/2143 2513/2142 2770/2144
f 3259/2146 2761/2145 967/2076
f 2718/2147 2701/1907 1789/1905
f 967/2076 3153/2149 3259/2146
f 190/15 1415/16 1485/1685
f 967/2076 3001/2150 3153/2149
f 967/2151 2823/2153 3001/2152
f 1090/2155 1053/2154 1050/2132
f 2467/2046 2093/2047 2430/2156
f 3153/2149 3204/2157 3259/2146
f 2438/1625 1837/2159 2737/2160
f 2061/2162 3230/2161 2079/2163
f 543/66 2869/506 1300/2166
f 1511/2167 1029/1802 1536/2168
f 2004/2171 2061/2169 1788/2170
f 1788/2172 2061/2162 1382/1755
f 1444/2141 221/2116 307/2114
f 631/2174 527/2173 726/2175
f 1184/2177 1057/2176 1249/2092
f 1488/2107 1489/171 206/2021
f 86/2130 1545/2105 218/2085
f 1306/2108 2653/2178 2194/1731
f 241/85 1162/2139 2631/2140
f 2468/2179 2032/273 1322/2180
f 2032/273 2621/2181 1322/2180
f 2621/2181 2670/2182 1322/2180
f 2468/2179 1322/2180 2479/2183
f 2670/2182 2479/2183 1322/2180
f 2479/2183 3314/2184 2468/2179
f 3314/2184 1798/320 2468/2179
f 3314/2184 2553/2185 1798/320
f 2553/2185 2630/2186 1798/320
f 1166/2091 1249/2092 1315/2187
f 3300/1969 1861/1959 1865/38
f 15/1298 374/1299 311/2188
f 1022/1817 1253/650 1658/1821
f 1091/2034 1470/337 1066/335
f 1808/852 544/853 538/847
f 538/847 1860/802 1808/852
f 1920/2192 1538/1764 1564/2191
f 726/2175 527/2173 304/2137
f 191/313 1434/1994 1427/1993
f 99/2194 227/340 1136/341
f 2130/2195 2172/788 1681/1975
f 1681/1975 2172/788 1992/786
f 1598/1792 2061/1791 2079/2165
f 1282/2197 1408/2196 1150/2198
f 311/2188 1049/1317 1308/752
f 127/2201 1108/2200 2088/1730
f 2010/2112 2962/1891 1072/2113
f 198/2202 1139/1980 84/1979
f 494/339 227/340 1048/2203
f 1262/1967 1160/1965 584/1999
f 99/2194 291/2206 1139/1980
f 2680/860 1238/2207 2088/1730
f 3112/2208 2848/1222 2910/1231
f 550/2210 348/2209 1066/335
f 3112/2208 2910/1231 2714/2211
f 1308/752 1453/553 1462/552
f 2189/550 2270/856 2194/1731
f 1490/1300 15/1298 1462/552
f 532/837 2052/841 2054/836
f 311/2199 494/2212 1048/2205
f 136/2071 1477/2068 1545/2105
f 1489/171 443/172 206/2021
f 198/2214 113/145 1257/849
f 2172/788 3114/2215 3110/787
f 1109/173 1453/553 1452/753
f 3134/2216 1834/233 517/824
f 2088/1730 1252/2217 127/2201
f 2206/1819 1879/1833 30/96
f 1462/552 15/1298 1308/752
f 2042/2016 377/2218 2035/2015
f 325/1179 19/751 1245/2219
f 2380/2221 2527/2220 2563/334
f 2563/334 2382/353 2380/2221
f 2499/2225 3083/2222 3047/2224
f 3083/2222 2443/2226 3047/2224
f 2443/2226 2365/736 3047/2224
f 2365/736 2457/2228 3047/2224
f 309/146 1479/144 1109/173
f 1462/552 1109/173 341/2119
f 1042/2232 2968/2229 1058/2231
f 1042/2232 1058/2231 1067/2233
f 3244/2235 3243/2234 310/2236
f 443/172 1109/173 1479/144
f 2741/2238 1323/2237 2550/2239
f 2741/2238 2688/624 1323/2237
f 2550/2239 1323/2237 2689/2240
f 2688/624 2689/2240 1323/2237
f 1933/2242 143/2241 1067/2233
f 2083/1829 2143/1827 1500/2243
f 377/2218 1582/2131 2035/2015
f 1271/2247 1043/2246 1083/6
f 1476/2058 1482/2070 1571/2090
f 1155/1778 1610/1751 2079/2165
f 999/1289 1272/2249 2087/2250
f 2087/2250 1653/1883 999/1289
f 3348/36 2099/34 34/1958
f 1053/2154 1054/935 1050/2132
f 2151/2253 2152/2251 2189/551
f 1054/935 1077/2254 3053/2133
f 1060/2259 1148/2255 1086/2257
f 2088/1730 1275/213 1285/2260
f 1052/1767 1050/2132 3097/1766
f 1944/1836 1199/1837 1198/2261
f 2649/481 2627/482 2082/767
f 1275/213 2088/1730 1108/2200
f 348/2262 1408/2196 1277/2263
f 1083/6 1043/2246 447/2265
f 3209/2266 1112/1933 2918/1934
f 2631/2140 1220/2138 1196/1964
f 432/2267 364/2127 221/2116
f 1914/2061 1582/2131 1184/2177
f 186/2103 1411/2268 1450/2102
f 1056/2270 3137/2269 1063/2271
f 2968/2276 1042/2230 1086/2274
f 1086/2257 1061/2277 3137/2278
f 1577/2280 1579/2279 462/2093
f 1577/2280 393/2281 1584/2282
f 2866/1301 1324/2283 2810/2284
f 3305/2286 2994/2285 142/2287
f 2810/2284 1324/2283 2396/2288
f 2866/1301 2396/2288 1324/2283
f 1805/2289 1130/1796 1870/1961
f 1933/2291 1950/2290 2679/2292
f 350/2126 393/2281 351/2094
f 2844/2297 2131/2294 3190/2296
f 2679/2293 143/2241 1933/2242
f 3190/2298 2400/2299 2844/2300
f 1577/2280 351/2094 393/2281
f 1058/2231 1078/2301 1933/2242
f 1331/1541 1326/2303 1325/2305
f 2322/2306 1304/529 1289/2307
f 3053/2133 3305/2286 3097/1766
f 1325/2305 1328/1547 948/1543
f 1326/2303 1328/1547 1325/2305
f 1331/2304 1327/2309 1326/2308
f 1328/2311 1326/2308 1329/2310
f 1327/2309 1329/2310 1326/2308
f 1327/2309 1330/2312 1329/2310
f 1327/2309 3102/2313 1330/2312
f 1331/2304 2459/2314 1327/2309
f 3102/2313 1327/2309 3111/2316
f 2459/2314 3111/2316 1327/2309
f 950/1548 1328/1547 1831/1398
f 1584/2282 1437/2318 1579/2279
f 1328/2311 1329/2310 1831/1395
f 1950/2290 1933/2291 1078/2302
f 1947/2321 3137/2269 1056/2270
f 1330/2312 1831/1395 1329/2310
f 1330/2312 3115/1394 1831/1395
f 726/2175 304/2137 2751/2135
f 3102/2313 3115/1394 1330/2312
f 1331/2315 3132/1545 2459/2323
f 3132/1351 946/1542 945/1352
f 948/1543 1331/1541 1325/2305
f 3137/2278 1060/2259 1086/2257
f 2338/2325 2414/2324 2599/2326
f 2599/2326 2797/2327 2338/2325
f 1332/1538 944/1535 943/2328
f 1805/2289 1606/2329 1130/1796
f 2892/2330 1332/1539 2743/1094
f 943/1533 2743/1094 1332/1539
f 1130/1796 1606/2329 1883/2100
f 2536/2332 2463/2331 1749/1787
f 1062/2334 609/2333 1063/2335
f 3069/2336 1198/2261 2915/2337
f 2599/2326 1080/5 2797/2327
f 1584/2282 393/2281 350/2126
f 2751/2135 654/2338 726/2175
f 2495/2340 2018/2339 1124/1786
f 1944/1836 1198/2261 3069/2336
f 2336/2342 3363/2341 2375/725
f 3363/2343 2464/2344 2375/2345
f 2336/2342 2629/2346 3363/2341
f 2336/2342 2601/179 2629/2346
f 631/2174 352/2128 527/2173
f 3244/2235 1082/1860 609/2333
f 1082/1860 3244/2235 310/2236
f 3072/1529 937/1525 936/1526
f 5/2347 2968/2229 1148/2348
f 569/504 1060/2256 1056/2322
f 569/504 1148/2349 1060/2256
f 936/1526 2523/1212 3072/1529
f 2488/2352 2887/2351 2335/2353
f 1540/2357 1959/2354 3345/2356
f 1579/2279 1577/2280 1584/2282
f 432/2267 345/2358 409/2359
f 1155/1778 1872/1915 1072/1913
f 2915/2337 1075/2361 3069/2336
f 2642/2363 2358/2362 2469/2364
f 1194/2365 1198/2261 3243/2366
f 186/2103 102/2110 345/2358
f 1950/2290 2994/2285 1077/2254
f 2936/2368 2745/2367 3005/2369
f 2936/2368 3317/2370 2745/2367
f 3365/2373 3261/2371 1967/1935
f 115/2375 593/2374 243/24
f 1620/1962 1593/1877 2209/1876
f 377/2218 1526/2376 1184/2177
f 1526/2376 377/2218 1392/1903
f 1061/2277 1042/2275 185/2377
f 1437/2380 1584/2319 101/2379
f 1042/2275 1061/2277 1086/2257
f 1057/2176 1144/2063 1249/2092
f 3345/2356 3273/2382 1540/2357
f 1129/2384 1968/2383 2076/644
f 1455/2386 1446/2385 1600/2387
f 1530/1974 1922/2388 2102/2025
f 1199/2389 1197/1839 1082/1860
f 2610/2391 29/2390 3165/2392
f 432/2267 409/2359 364/2127
f 1140/2393 609/2333 1062/2334
f 1974/890 1972/2394 2174/892
f 1972/2394 1974/890 2008/2395
f 345/2358 102/2110 101/2381
f 2189/550 2194/1731 2653/2178
f 1598/1790 2154/1869 1041/1850
f 1609/1413 3275/1516 931/1414
f 609/2333 1140/2393 1934/2398
f 88/2400 62/2399 1676/2401
f 1985/2403 1141/2402 1137/2404
f 88/2400 1596/2405 1600/2387
f 1596/2405 1437/2318 1600/2387
f 1018/74 1573/2057 1409/73
f 643/2014 2035/2015 1811/290
f 643/2014 1534/2406 1320/1904
f 1596/2405 2095/2407 1579/2279
f 2813/2409 2821/2408 2925/2410
f 2821/2408 2822/2411 2925/2410
f 2813/2409 2814/2412 2821/2408
f 2433/1513 1335/1514 2961/1510
f 1335/1514 929/1512 928/1509
f 1995/2415 3243/2234 1051/2414
f 2961/1510 2691/2416 2433/1513
f 1600/2387 1765/2417 1455/2386
f 928/1509 2961/1510 1335/1514
f 88/2400 1667/2418 1596/2405
f 2691/2416 2705/2419 2433/1513
f 2705/2419 2429/1247 2433/1513
f 2705/2419 2440/2420 2429/1247
f 1336/2422 2830/2421 1663/1288
f 1663/1288 2831/2423 1336/2422
f 1163/1592 1998/2424 2195/1640
f 2830/2421 1336/2422 3268/2425
f 2831/2423 3268/2425 1336/2422
f 3268/2425 3106/2427 2830/2421
f 1596/2405 1579/2279 1437/2318
f 3243/2366 1198/2261 1199/1837
f 1934/2398 1140/2393 1648/2428
f 1166/2091 1315/2187 2111/2032
f 2111/2032 1315/2187 1158/2064
f 3118/2429 1292/1639 2142/2430
f 1007/2433 1995/2415 1051/2414
f 344/425 305/426 3344/2434
f 283/2436 1607/2435 1624/2437
f 3017/2441 2672/2439 3025/2440
f 3025/2440 3119/1389 3017/2441
f 3025/2440 3214/2442 3119/1389
f 264/2443 1667/2418 1607/2435
f 3214/2442 2868/1343 3119/1389
f 2878/1831 2700/2444 1539/1830
f 1123/2445 1035/1721 1624/2446
f 2868/1343 3321/2447 3211/1338
f 3321/2447 3015/2448 3211/1338
f 404/1679 2028/2125 2199/1724
f 3321/2447 3267/2449 3015/2448
f 272/2450 1222/1258 1503/486
f 3267/2449 2803/2451 3015/2448
f 3267/2449 1609/2397 2803/2451
f 3267/2449 3319/2452 1609/2397
f 1035/1721 638/2453 1733/2454
f 1589/1718 2175/1719 1578/2455
f 283/2436 281/2456 1594/2457
f 3321/2447 2806/2458 3267/2449
f 3319/2452 3098/2459 1609/2397
f 1594/2457 1607/2435 283/2436
f 1271/2247 2812/2460 1648/2428
f 2812/2460 1271/2247 2356/2461
f 2718/2147 2150/2462 2701/1907
f 3287/1593 2212/2463 2000/2464
f 2111/2032 2225/2117 1166/2091
f 1584/2319 409/2465 101/2379
f 1512/934 1054/935 1090/2155
f 2224/2467 2027/2466 1204/2468
f 378/2469 1201/452 2017/2470
f 1124/1786 2018/2339 1011/1762
f 1165/2472 1206/2471 1269/2473
f 1050/2132 2957/2474 1090/2155
f 1337/1503 1339/1504 2881/2475
f 2881/2475 1338/2476 1337/1503
f 1338/2476 1550/1502 1337/1503
f 1054/935 1053/2154 1090/2155
f 1339/1504 926/1501 925/1497
f 1921/2480 2083/1826 1185/2479
f 2881/2477 2843/2481 1338/2478
f 1550/1408 1338/2478 1586/1410
f 2843/2481 1586/1410 1338/2478
f 2058/2484 1096/2483 1040/2485
f 1083/6 1047/4 2977/2486
f 3043/2487 2957/2474 1822/2488
f 83/1953 1156/1954 1383/2489
f 2881/2475 1339/1504 1340/1495
f 2042/2016 643/2014 1320/1904
f 2881/2477 1340/1498 1341/1493
f 1341/1493 2933/2490 2881/2477
f 281/2456 1579/2279 1594/2457
f 925/1497 1340/1495 1339/1504
f 922/1492 1341/1493 1340/1498
f 2027/2466 3340/2120 1219/2121
f 2933/2490 1341/1493 2477/1103
f 921/1490 2477/1103 1341/1493
f 2027/2466 1219/2121 1204/2468
f 1095/2074 1937/2492 1099/2493
f 2095/2407 264/2443 1607/2435
f 3182/2495 2031/2494 2073/1899
f 1178/2060 1674/2496 1878/2059
f 145/2497 1099/2493 1937/2492
f 2307/1214 2476/2498 407/1620
f 1099/2493 2031/2494 1100/2073
f 1270/2501 108/2499 2031/2494
f 1099/2493 145/2497 1270/2501
f 306/2503 1475/2502 59/2504
f 1539/1830 2143/2244 1921/1828
f 1040/2485 1096/2483 1093/2505
f 2718/2507 2711/2506 3270/2508
f 3270/2509 2880/2510 2718/2147
f 2880/2510 2780/2511 2718/2147
f 2507/2513 2905/2512 3312/2514
f 3312/2514 2615/2516 2507/2513
f 2507/2513 2997/2517 2905/2512
f 3312/2514 2826/1486 2615/2516
f 2997/2517 3024/2519 2905/2512
f 1461/565 98/1316 1434/1994
f 2038/2529 1989/2526 1735/2528
f 3302/2532 2039/2531 3163/2533
f 2039/2531 3302/2532 2255/2536
f 2804/1483 912/1481 911/2538
f 1579/2279 281/2456 306/2503
f 1446/2385 88/2400 1600/2387
f 1270/2500 2737/2160 1837/2159
f 306/2503 281/2456 1475/2502
f 68/2540 1625/2539 1399/2541
f 464/2543 641/794 1478/2542
f 1630/2545 1768/2544 2780/2511
f 68/2546 1478/2542 1623/2547
f 1579/2279 466/2549 462/2093
f 2223/2550 1163/1592 2195/1640
f 3182/2495 1100/2073 2031/2494
f 3237/2551 1733/2454 1678/2552
f 3236/2554 2605/2553 1562/2555
f 2151/2253 1241/2557 60/2558
f 2923/1579 2056/1577 1095/2074
f 2605/2556 2427/1402 1562/1122
f 2605/2556 2342/2560 2427/1402
f 1562/2555 2294/1261 3236/2554
f 2632/2562 2633/2561 241/85
f 2875/2564 3326/2563 1071/2124
f 1623/2547 1733/2454 3237/2551
f 2791/2567 2339/2566 2812/2460
f 306/2503 466/2549 1579/2279
f 191/313 1427/1993 157/312
f 2662/2571 2564/2568 2537/2570
f 2537/2570 2663/2572 2662/2571
f 2281/2574 2946/2573 2361/2575
f 2946/2573 1395/1281 2361/2575
f 1521/1927 2083/1826 1590/1929
f 1777/463 2170/2577 1033/462
f 1345/2579 1343/2578 1344/2580
f 1343/2578 1357/1446 1344/2580
f 1345/2579 1355/2581 1343/2578
f 1343/2578 1355/2581 3141/2582
f 1357/1446 1343/2578 3129/1444
f 3177/2584 3129/1444 1343/2578
f 1357/1446 1349/1471 1344/2580
f 1345/2579 1344/2580 1346/2585
f 1344/2580 1349/1471 1347/1469
f 1355/2581 1345/2579 3196/2586
f 1346/2585 3196/2586 1345/2579
f 1346/2585 1350/2587 3196/2586
f 1347/1469 1346/2585 1344/2580
f 1350/2587 1346/2585 1348/2588
f 1347/1469 1348/2588 1346/2585
f 1347/1469 904/1465 903/2589
f 1348/2588 1347/1469 1384/2590
f 1384/1440 1347/1467 902/1470
f 1350/2587 1348/2588 1384/2590
f 641/794 59/2591 1733/2454
f 1357/1446 1356/1447 1349/1471
f 2125/1902 1980/2592 1526/2376
f 1488/2107 86/2129 1450/2102
f 1461/565 2451/672 98/1316
f 1384/2590 3123/2593 1350/2587
f 3196/2586 1350/2587 2836/2594
f 3123/2593 2836/2594 1350/2587
f 3123/2593 2985/2595 2836/2594
f 2985/2595 3123/2593 1361/1461
f 1351/1462 1359/2597 2985/2596
f 1361/1460 1351/1462 2985/2596
f 1351/1462 899/1442 898/1457
f 3195/2599 60/1655 986/1608
f 1359/2597 1351/1462 1352/1458
f 898/1457 1352/1458 1351/1462
f 1822/2488 2957/2474 3045/2600
f 2863/2601 1040/2485 1093/2505
f 1352/1458 897/1459 896/1455
f 1352/2604 1353/2602 3164/2603
f 896/1455 1353/1456 1352/1458
f 2061/2606 2004/1982 2941/1983
f 1353/2602 1354/2608 3164/2603
f 895/1452 1354/1453 1353/1456
f 1539/1830 1500/2082 2143/2244
f 1354/2608 2419/2609 3164/2603
f 1500/2245 1590/1929 2083/1826
f 1354/1453 894/1454 893/1450
f 2419/2610 1354/1453 1358/1451
f 893/1450 1358/1451 1354/1453
f 3141/2582 3177/2584 1343/2578
f 641/791 466/2549 306/2503
f 3196/2586 3141/2582 1355/2581
f 2074/395 2912/2613 2067/2614
f 1356/1447 891/1445 890/1464
f 1648/2428 1140/2393 2679/2293
f 2072/1900 2863/2601 3182/2495
f 1437/2318 1765/2417 1600/2387
f 3164/2605 1359/2597 1352/1458
f 2125/1902 1522/1773 2460/2615
f 1934/2398 3244/2235 609/2333
f 2419/2610 1358/1451 1360/1449
f 1151/2618 1000/2617 2927/118
f 892/1448 1360/1449 1358/1451
f 888/1443 2395/1277 1360/1449
f 2078/2620 2126/2619 2793/2621
f 2985/2596 1359/2597 2707/2622
f 3164/2605 2707/2622 1359/2597
f 3164/2605 2896/2624 2707/2622
f 2896/2624 2716/2625 2707/2622
f 2216/1695 3253/2626 3252/2627
f 1360/2616 3245/2629 2419/2630
f 3245/2629 1360/2616 3247/2631
f 2395/1277 3247/1369 1360/1449
f 1143/120 2927/118 1967/1935
f 3172/1942 960/1854 2972/2632
f 3123/2593 1384/2590 1361/1461
f 2707/2623 2426/2633 2985/2634
f 2963/1760 1103/1788 1011/1762
f 1151/2636 1968/2383 1129/2384
f 1596/2405 1667/2418 264/2443
f 464/793 304/2137 651/2095
f 1478/2542 68/2546 464/2543
f 1363/2639 1364/2638 3090/2640
f 3182/2495 2863/2601 1363/2642
f 1364/2638 1363/2639 2339/2643
f 2863/2601 2339/2566 1363/2642
f 3090/2641 3182/2495 1363/2642
f 2339/2643 3090/2640 1364/2638
f 3090/2641 1365/2644 3182/2495
f 1365/2644 1100/2073 3182/2495
f 1365/2644 2799/2645 1100/2073
f 3090/2641 2933/2490 1365/2644
f 2799/2645 1365/2644 2607/1364
f 2933/2490 2607/1364 1365/2644
f 2799/2646 1110/2648 1100/2075
f 2607/1364 3316/2649 2799/2645
f 1967/1935 1000/2617 2918/1934
f 2607/1364 3220/1376 3316/2649
f 3220/1376 2781/2650 3316/2649
f 3220/1376 2937/1271 2781/2650
f 2937/1271 3010/2651 2781/2650
f 2937/1271 3240/2652 3010/2651
f 3240/2652 2817/1433 3010/2651
f 2817/1433 3060/2653 3010/2651
f 2817/1433 2978/2654 3060/2653
f 3060/2653 2816/2655 3010/2651
f 2817/1433 3033/2656 2978/2654
f 1478/2542 641/794 1733/2454
f 3046/2658 2988/2657 3187/2659
f 3046/2658 2513/2142 2988/2657
f 3065/1056 2756/2660 1626/2661
f 2988/2657 3188/2663 3187/2659
f 2988/2657 3255/2665 3188/2663
f 3255/2666 2794/1357 3188/2664
f 1478/2542 1733/2454 1623/2547
f 2346/2668 2584/2667 2583/2669
f 2603/2672 2790/2670 2592/2007
f 2918/1944 1084/2673 1009/2674
f 273/2678 2911/2675 2641/2677
f 3045/2600 1044/2680 2582/2681
f 2028/2125 1939/1889 2761/2145
f 1047/4 2790/2682 2798/2683
f 1393/2685 2768/2684 1683/2686
f 2464/2344 1334/2688 421/2689
f 447/2690 2797/2327 1080/5
f 2540/2692 3233/2691 2349/2693
f 3045/2600 2582/2681 2576/2694
f 3045/2600 2576/2694 2613/2695
f 3178/2696 2495/2340 2525/2697
f 2349/2693 2525/2697 2364/2698
f 1133/2700 2337/2699 2536/2332
f 2845/471 1311/660 3234/805
f 2492/2703 2450/2702 739/1809
f 739/1809 2450/2702 602/1808
f 2150/2462 2718/2147 2780/2511
f 2450/2702 1767/2704 602/1808
f 1720/1777 2741/2238 2550/2239
f 299/76 2731/189 3181/78
f 2928/2706 2750/2705 2450/2702
f 2731/189 2741/2238 1720/1777
f 2816/2655 2775/2707 1291/2708
f 1644/20 2689/2240 2696/2709
f 2754/2711 1599/2710 2696/2709
f 2755/2713 2634/2712 1317/2714
f 2634/2712 2763/2715 1373/2716
f 1317/2714 2758/2717 2755/2713
f 2753/2719 2764/2718 2763/2715
f 1698/1267 2728/2720 2500/2721
f 1317/2714 2634/2712 1373/2716
f 1398/2723 2764/2718 2753/2719
f 1071/2124 2761/2145 2875/2564
f 2763/2715 2762/2725 2753/2719
f 2763/2715 2764/2718 1398/2723
f 21/364 1181/158 1135/2728
f 2972/2632 960/1854 1052/1767
f 2797/2327 1043/933 1512/934
f 2450/2702 2921/2729 2928/2706
f 2738/2730 1684/1841 2716/2625
f 1670/2732 2707/2622 2716/2625
f 2716/2625 1685/1842 1670/2732
f 2738/2730 2896/2624 2943/2733
f 2768/2684 1393/2685 1698/2734
f 2634/2712 2755/2713 2355/2735
f 1407/2736 2464/2344 1380/2737
f 1656/2040 2894/2738 3064/2740
f 1670/2731 2426/2633 2707/2623
f 397/835 1642/833 2693/2741
f 1671/1063 1646/1064 2693/2741
f 2426/2635 1670/2732 397/835
f 397/835 2693/2741 2426/2635
f 2693/2741 1642/833 1671/1063
f 2681/2742 1660/1710 2829/2743
f 2705/2419 568/2745 1665/2746
f 1664/2747 2705/2419 1665/2746
f 2440/2420 2705/2419 1664/2747
f 1664/2747 3205/2748 2440/2420
f 1967/1935 1112/1933 3365/2373
f 2081/1943 1009/2674 3233/2691
f 2537/2570 1055/2749 1303/2750
f 2081/1943 3233/2691 3352/1945
f 1656/2038 1751/2751 2681/2742
f 1720/1777 2550/2239 1655/370
f 2731/189 1720/1777 3181/78
f 2561/2754 1572/2753 2671/2755
f 1644/20 2550/2239 2689/2240
f 2501/2757 2774/2756 2517/2758
f 1644/20 1643/18 2550/2239
f 1591/211 2696/2709 1599/2710
f 1651/1569 2729/1312 1431/1587
f 1080/5 2599/2326 2592/2007
f 2798/2683 2573/2759 2977/2486
f 1678/2552 2820/2760 2499/2761
f 1678/2552 2759/2763 2820/2760
f 241/85 2633/2561 2731/189
f 2400/2299 239/2764 243/24
f 1213/2767 2402/2765 593/2374
f 243/24 2402/2765 2400/2299
f 2750/2705 1767/2704 2450/2702
f 3045/2600 2613/2695 2797/2327
f 273/2676 2400/2299 2911/2768
f 3286/1941 2795/2769 3266/1853
f 1047/2006 2592/2007 2790/2670
f 3172/1942 3352/1945 3233/2691
f 2935/2770 2400/2299 2402/2765
f 2797/2327 1512/934 1822/2488
f 273/2676 239/2764 2400/2299
f 2629/2346 2619/2772 2391/2773
f 3286/1941 3172/1942 3233/2691
f 2495/2340 3178/2696 2976/2774
f 1474/2776 2363/2775 2379/2777
f 2797/2327 1822/2488 3045/2600
f 243/24 593/2374 2402/2765
f 2055/2780 1529/2778 1908/1988
f 2648/2781 2363/2775 1055/2749
f 1055/2749 2537/2570 2648/2781
f 2641/2679 2548/2782 273/2783
f 3148/2785 2402/2771 1213/2766
f 2753/2719 1287/2786 1398/2723
f 1398/2723 1373/2716 2763/2715
f 2822/2411 3307/2787 2456/1627
f 333/2789 2528/2788 1537/2790
f 356/792 462/2093 466/2549
f 1937/2492 2056/1577 2057/1578
f 3286/1941 2540/2692 2795/2769
f 1537/2790 2528/2788 2481/2791
f 2512/2793 340/2792 1025/2794
f 1025/2794 1572/2753 2527/2220
f 2582/2681 1044/2680 2795/2769
f 1655/370 2550/2239 1643/18
f 2349/2693 1009/2674 3178/2696
f 3178/2696 2525/2697 2349/2693
f 2696/2709 1591/211 1644/20
f 2797/2327 447/2690 1043/933
f 2440/2420 2971/2795 2429/1247
f 329/2797 2547/2796 968/2798
f 329/2797 2655/2799 2547/2796
f 2647/2800 2753/2719 2643/2801
f 2479/2183 2481/2791 2553/2185
f 2513/2142 2880/2510 2988/2657
f 1083/6 2573/2759 1271/2247
f 2671/2755 1572/2753 968/2798
f 2464/2344 421/2689 82/2802
f 2547/2796 2671/2755 968/2798
f 2527/2220 2512/2793 1025/2794
f 3307/2787 2822/2411 2821/2408
f 3233/2691 1009/2674 2349/2693
f 329/2797 2546/2803 2655/2799
f 2528/2788 340/2792 2512/2793
f 2977/2486 1047/4 2798/2683
f 2977/2486 2573/2759 1083/6
f 340/2792 2528/2788 333/2789
f 1572/2753 2561/2754 2527/2220
f 2753/2719 2647/2800 1287/2786
f 2923/1579 2799/2645 2057/1578
f 1287/2786 2647/2800 2546/2803
f 2330/1644 1702/2805 2823/2806
f 2663/2572 90/2807 154/2808
f 2396/2288 2737/2160 2810/2284
f 1542/2809 1537/2790 2488/2352
f 2737/2160 2775/2810 2978/2811
f 462/2093 356/792 464/793
f 68/2546 112/2812 464/2543
f 1130/1796 2194/1731 1396/1795
f 1110/2648 2923/2804 1100/2075
f 2199/1723 2034/2062 1793/2813
f 1531/132 237/1086 1982/1087
f 2102/2025 1922/2388 2138/2814
f 462/2093 351/2094 1577/2280
f 464/793 651/2095 462/2093
f 2863/2601 1221/2816 1911/2817
f 364/2127 409/2359 350/2126
f 1098/2820 2063/2819 74/2821
f 2086/2822 1206/2471 1165/2472
f 1036/1851 1041/1850 1511/2167
f 2154/1855 1598/2396 2208/1749
f 1536/2168 2970/1774 1511/2167
f 2091/1659 3360/1693 54/1658
f 1837/2159 2063/2819 1114/2823
f 1184/2177 1526/2376 1057/2176
f 1837/2159 1114/2823 1270/2500
f 1511/2167 1508/2824 1036/1851
f 2091/1659 610/1657 2063/2819
f 610/1657 54/1658 2521/2825
f 3360/1693 2091/1659 2340/1626
f 2063/2819 1837/2159 2091/1659
f 507/162 848/2827 526/164
f 527/2173 651/2095 304/2137
f 1036/1852 1613/1863 2181/1754
f 572/2828 1011/1762 1129/2637
f 1035/1721 1402/2829 638/2453
f 366/2831 1635/2830 1634/2832
f 1009/2674 1084/2673 1677/2833
f 1749/1787 1103/1788 1133/2700
f 1011/1762 2018/2339 1677/2833
f 1634/2832 1635/2830 662/2834
f 304/2137 2749/2835 405/2136
f 1134/2837 1829/2836 1838/2838
f 2976/2774 1009/2674 1677/2833
f 1103/1788 1829/2836 1133/2700
f 1163/1592 3287/1593 1998/2424
f 1829/2836 1134/2837 1133/2700
f 1677/2833 1084/2673 1129/2637
f 2340/1626 2091/1659 2438/1625
f 2815/2840 575/527 3103/772
f 2110/2842 3117/2841 2104/2843
f 1456/872 401/1590 2800/821
f 1036/1851 1117/2844 2934/2845
f 3107/1960 2076/644 1968/2383
f 651/2095 527/2173 351/2094
f 1151/2847 1084/2673 2918/1944
f 1960/2851 3100/2848 1839/2850
f 204/927 361/690 616/688
f 1164/536 2106/573 2489/2852
f 643/2014 1811/290 2146/291
f 228/2854 3117/2841 1138/2855
f 3248/2856 1157/1847 1138/2855
f 3099/2858 2108/2857 1005/2859
f 1126/2860 2110/2842 541/2861
f 981/693 204/927 616/688
f 2293/2862 2425/859 604/1241
f 1385/804 3234/805 2180/2863
f 612/2864 1688/240 2608/2865
f 345/2358 1444/2141 1411/2268
f 2099/34 22/35 1484/2051
f 1484/2051 22/35 1483/2097
f 20/1683 21/364 962/1682
f 1764/2869 3289/2867 983/1970
f 3067/2871 1152/2870 1985/2872
f 504/1570 270/554 1958/438
f 1126/2860 674/2873 1767/2704
f 3117/2841 2110/2842 1127/2874
f 1411/2268 186/2103 345/2358
f 1126/2860 541/2861 1764/2868
f 1146/2875 983/1970 2108/2876
f 1157/1847 1141/2402 1985/2403
f 557/1781 3295/441 1471/2877
f 1722/2879 94/2878 2835/2880
f 2095/2407 1607/2435 1594/2457
f 341/2119 221/2116 2589/2881
f 1764/2868 674/2873 1126/2860
f 1528/1971 1142/2882 984/2883
f 3289/2867 2113/1972 983/1970
f 2673/2889 47/2886 2231/2888
f 541/2861 3289/2885 1764/2868
f 1827/2890 1830/685 1686/684
f 3203/2891 1157/1847 3248/2856
f 1985/2403 1152/1849 1157/1847
f 2104/2843 541/2861 2110/2842
f 412/343 1470/337 341/2119
f 228/2854 1138/2855 1157/1847
f 412/343 2589/2881 364/2127
f 1839/2850 3250/2892 3107/1960
f 1960/2851 3107/1960 1968/2383
f 1680/1848 1528/2893 2113/1973
f 1041/1850 1382/1755 1598/1790
f 3248/2856 3246/2894 1073/2895
f 1075/2361 1074/2896 2114/2897
f 2608/2866 1732/148 612/682
f 547/2899 3039/2898 1137/2404
f 1137/2404 3039/2898 1985/2403
f 364/2127 2589/2881 221/2116
f 2114/2897 75/2901 2616/2902
f 2114/2897 2611/2903 1075/2361
f 983/1970 982/2904 2108/2876
f 3341/2907 1149/2906 3076/2908
f 3076/2908 1074/2896 1070/2909
f 3076/2908 2114/2897 1074/2896
f 3248/2856 1149/2906 3341/2907
f 2616/2902 75/2901 3062/2910
f 1145/2911 2616/2902 3062/2910
f 1137/2404 1070/2909 547/2899
f 3069/2336 2611/2903 3165/2392
f 2034/2062 2199/1723 2111/2032
f 3107/1960 3117/2841 1833/643
f 2749/2835 1635/2830 366/2831
f 3062/2910 2990/2913 1145/2911
f 1070/2909 1141/2402 3203/2891
f 93/915 1592/287 1956/1554
f 94/2878 1773/2914 95/2915
f 3343/2916 3246/2894 1839/2850
f 1839/2850 3246/2894 3250/2892
f 3261/2371 3023/2917 3313/503
f 3345/2356 1959/2354 3343/2919
f 2927/118 3100/119 1960/2849
f 1908/1867 1766/2921 1072/2113
f 1968/2383 1151/2636 1960/2851
f 1125/2925 1838/2838 1756/2924
f 2624/2926 1773/2914 1695/2927
f 1767/2704 1125/2923 1127/2874
f 1125/2923 1767/2704 1838/2839
f 1484/2050 1581/190 3358/2054
f 1695/2927 1717/2928 2624/2926
f 1127/2874 1125/2923 3117/2841
f 352/2128 351/2094 527/2173
f 2110/2842 1126/2860 1127/2874
f 965/2932 1659/2929 1468/2931
f 1126/2860 1767/2704 1127/2874
f 2979/1862 1613/1863 2934/2846
f 1184/2177 1582/2131 377/2218
f 2113/1973 2104/2843 1680/1848
f 3251/1823 2832/1822 2137/2933
f 1152/2870 1142/2882 1528/1971
f 1157/1847 1680/1848 228/2854
f 983/1970 1146/2875 1764/2869
f 553/1206 848/2827 507/162
f 2113/1973 3289/2885 541/2861
f 1526/2376 1392/1903 2125/1902
f 1146/2934 602/1808 674/2873
f 2117/2936 2116/2935 3124/2937
f 2137/2933 1630/2938 3251/1823
f 1142/2882 1152/2870 3067/2871
f 2194/1731 3185/1729 1396/1795
f 984/2940 1142/2884 1005/2939
f 3301/2942 3042/2941 1194/2943
f 364/2127 352/2128 631/2174
f 2108/2857 1779/2944 1146/2934
f 412/343 631/2174 654/2338
f 1490/1300 341/2119 1470/337
f 3039/2898 547/2899 1194/2365
f 1155/1778 1766/2922 1621/1779
f 1079/2946 2903/2945 1978/2947
f 2915/2337 1194/2365 547/2899
f 552/344 1066/335 1469/336
f 2915/2337 1074/2896 1075/2361
f 2915/2337 547/2899 1074/2896
f 1934/1701 2115/2950 2850/1622
f 1995/2952 1147/2951 2124/2953
f 412/343 1469/336 1470/337
f 3301/2942 1005/2939 1142/2884
f 2856/12 2122/2956 1107/14
f 1005/2859 3301/2955 3099/2858
f 1005/2859 2108/2857 982/2905
f 1194/2943 3042/2941 3039/2958
f 1712/2961 1740/2960 1747/2962
f 1198/2261 1194/2365 2915/2337
f 1619/1878 1593/1877 1130/1796
f 1194/2365 3243/2366 1995/2413
f 405/2136 1978/2947 2751/2135
f 1161/2964 3110/787 1990/2965
f 366/2831 373/2966 405/2136
f 1718/258 1725/2967 1782/2968
f 1634/2832 1399/2541 429/2969
f 1809/2971 957/2970 2228/2972
f 1809/2971 398/2973 957/2970
f 1194/2365 2228/2972 3099/2858
f 2115/2975 300/2974 1107/2976
f 2128/2977 398/2973 1809/2971
f 2108/2857 3099/2858 2644/2978
f 2639/2979 3099/2858 957/2970
f 345/2358 101/2381 409/2359
f 2749/2835 366/2831 405/2136
f 982/2957 984/2940 1005/2939
f 1819/2980 1687/740 172/2981
f 631/2174 412/343 364/2127
f 2208/1868 1908/1867 2090/1985
f 2644/2978 1779/2944 2108/2857
f 646/2983 2136/2982 2137/2933
f 2832/1822 1770/1812 646/2983
f 2136/2982 1779/2944 1771/2984
f 1204/2468 2243/2985 2224/2467
f 1630/2938 2137/2933 2136/2982
f 646/2983 1770/1812 2136/2982
f 2141/2988 1699/2987 1932/2989
f 1608/2990 1538/1764 2197/1745
f 1990/2965 1995/2952 1007/2432
f 2124/2954 2228/2972 1194/2365
f 2142/2430 1292/1639 1998/2424
f 1743/2993 1741/2992 1687/740
f 1036/1852 2934/2846 1613/1863
f 1161/2964 1990/2965 2142/2994
f 429/2969 373/2966 1634/2832
f 1147/2951 1990/2965 3110/787
f 2069/2996 47/2995 1711/2997
f 215/1820 1616/1832 2206/1819
f 1978/2947 373/2966 429/2969
f 2149/2999 3287/1593 2000/2464
f 2289/3000 848/2827 1497/3001
f 1978/2947 429/2969 1079/2946
f 1161/2964 2846/3003 3110/787
f 1990/2965 1007/2432 2142/2994
f 2127/1881 2211/1866 1673/140
f 1627/3004 1625/2539 524/3005
f 1292/1639 3118/2429 2403/1624
f 1051/2414 2142/2431 1007/2433
f 295/652 3138/594 579/95
f 3118/3006 1051/2414 3243/2234
f 1645/1603 152/1649 150/1650
f 2055/2779 1155/2360 3035/3007
f 1978/2947 405/2136 373/2966
f 1630/2545 1797/3008 1768/2544
f 1048/1318 227/2204 1245/2219
f 1701/2106 1963/1643 404/1679
f 1188/3009 451/539 2190/3010
f 2207/3015 1954/3011 1170/3013
f 1436/3018 65/3016 1574/298
f 2207/3015 1170/3013 586/104
f 3066/3019 1260/1720 3022/1986
f 2149/2999 1973/3020 1182/3021
f 58/3024 1778/3022 1564/2191
f 2166/3028 2493/3026 1260/1720
f 2903/2945 2916/3029 550/2210
f 34/1958 3358/2049 3357/37
f 172/2981 1741/2992 1776/916
f 1763/97 579/95 2982/368
f 3287/1593 2149/2999 2846/3030
f 3061/3032 3038/3031 3088/3033
f 2030/3034 1776/916 1741/2992
f 1189/3036 1190/3035 2188/3037
f 586/104 2155/105 2207/3015
f 2000/2464 1973/3020 2149/2999
f 1167/563 2161/451 1201/452
f 1530/1974 2221/3039 2448/3040
f 2430/2156 1316/3042 1870/1961
f 1784/742 1687/740 1819/2980
f 614/3043 1819/2980 1781/3044
f 1784/742 370/1716 1801/1595
f 2625/3046 1936/3045 51/149
f 3322/1607 1629/309 1769/347
f 2625/3046 1717/2928 1454/3047
f 2846/3003 1161/2964 1998/2991
f 59/2591 1624/2446 1733/2454
f 2174/892 1973/3020 671/891
f 1085/1702 3244/2235 1934/2398
f 1863/3048 1759/1785 1934/2398
f 2177/3050 2179/3049 647/771
f 1187/3051 1190/3035 3092/3052
f 1201/452 2432/3053 1167/563
f 1201/452 378/2469 2432/3053
f 1521/3056 2447/3054 1824/1909
f 391/3058 1708/3057 389/3059
f 552/344 2751/2135 2903/2945
f 378/2469 2153/3060 2432/3053
f 612/2864 1830/683 1688/240
f 1970/3061 652/637 2005/868
f 2188/3037 2193/453 1188/3009
f 2191/3063 300/3062 2135/3064
f 1190/3035 2168/1594 3092/3052
f 2170/2577 1034/3065 1033/462
f 2150/2462 1699/2987 2172/788
f 1777/463 1202/3066 1218/3067
f 2699/3069 1215/464 1034/3065
f 2135/3064 2017/2470 3096/3070
f 2170/2577 2203/3071 2699/3069
f 1033/462 1034/3065 1215/464
f 654/2338 552/344 412/343
f 1202/3066 1185/3073 2198/3074
f 3278/243 3355/126 1813/3075
f 1855/241 1755/3076 2608/2865
f 2859/3077 2517/2758 2247/3078
f 1776/916 1755/3076 172/2981
f 399/3080 1076/3079 193/3081
f 399/3080 1081/3082 348/2262
f 2155/3038 1167/563 2207/3083
f 227/2204 99/2193 1245/2219
f 586/107 451/539 1188/3009
f 388/296 1414/3085 63/280
f 2448/3040 2461/3086 1530/1974
f 2000/2464 2212/2463 2190/3010
f 2000/2464 2190/3010 671/891
f 2168/1594 1190/3035 3287/1593
f 1954/3014 637/540 1170/541
f 551/1254 1697/1698 1691/1268
f 1697/1698 1682/1840 1691/1268
f 2161/451 1188/3009 2193/453
f 1319/3087 1408/2196 1081/3082
f 1256/461 431/1225 2378/703
f 2216/1695 2215/3088 3253/2626
f 1087/3090 399/3089 348/2209
f 1784/742 1801/1595 2581/741
f 1190/3035 1189/3036 2212/2463
f 2188/3037 1190/3035 1187/3051
f 1187/3051 2193/453 2188/3037
f 1087/3090 348/2209 2916/3029
f 1167/563 2155/3038 585/108
f 2135/3091 2115/2975 1759/1785
f 2161/451 586/107 1188/3009
f 3096/3070 2191/3063 2135/3064
f 2017/2470 1201/452 3096/3070
f 1721/1939 1679/3092 655/3093
f 2153/3060 3241/3094 2198/3074
f 2168/1594 2191/3063 3092/3052
f 1755/3076 1381/914 1896/3095
f 2223/3097 1203/3096 300/2974
f 3092/3052 3096/3070 1187/3051
f 1201/452 2193/453 1187/3051
f 1817/1290 988/3098 1272/2249
f 2188/3037 1188/3009 1189/3036
f 2505/3099 1891/110 1606/2329
f 348/2209 550/2210 2916/3029
f 552/344 550/2210 1066/335
f 2903/2945 550/2210 552/344
f 2135/3064 1759/1782 1757/1783
f 1107/14 2122/2956 2115/2950
f 3244/2235 3118/3006 3243/2234
f 369/3101 1636/3100 1533/45
f 1085/1702 3118/3006 3244/2235
f 2403/1624 3118/2429 2703/1623
f 2223/3097 1107/2976 1203/3096
f 2115/2975 2135/3091 300/2974
f 1292/1639 2403/1624 2675/1621
f 1048/2205 1049/1319 311/2199
f 1399/2541 444/3102 1473/3103
f 1473/3103 429/2969 1399/2541
f 2195/1640 1107/14 2223/2550
f 2624/2926 51/149 1675/3104
f 2191/3063 1163/1592 2223/2550
f 2191/3063 2168/1594 1163/1592
f 2932/895 2180/2863 3234/805
f 444/3102 1627/3004 1994/1661
f 172/2981 1877/284 1819/2980
f 1194/2365 1995/2413 2124/2954
f 1819/2980 614/3043 1784/742
f 463/855 1561/3105 181/3106
f 2115/2950 2122/2956 2850/1622
f 1319/3087 1081/3082 399/3080
f 1271/2247 1648/2428 1043/2246
f 2231/3109 48/3107 3252/3108
f 3357/37 1865/38 34/1958
f 1377/3110 2106/573 1164/536
f 1776/916 1381/914 1755/3076
f 3163/3111 1089/176 1113/3112
f 1165/2472 1232/3114 2086/2822
f 1311/660 499/1558 2944/894
f 134/3115 1483/2097 1520/23
f 74/2821 1911/3116 1221/2818
f 1792/803 505/810 502/477
f 1306/2108 2094/2109 3150/3117
f 1657/1797 1256/461 2378/703
f 2140/2079 58/3023 3258/3118
f 1449/3119 238/1188 395/3120
f 2231/2888 2215/3121 2673/2889
f 1533/45 486/43 369/3101
f 1314/3124 1806/3123 2508/2048
f 524/3005 1623/2548 1627/3004
f 95/2915 1675/3104 2535/3125
f 2445/3127 149/3126 1662/701
f 3340/2120 2027/2466 1165/2472
f 1269/2473 3340/2120 1165/2472
f 1079/2946 429/2969 1472/3129
f 2224/2467 1165/2472 2027/2466
f 3036/3130 3230/2161 2941/2607
f 255/3131 1893/1589 1636/3100
f 3241/3094 2227/3132 2198/3074
f 2078/2620 2192/3133 2239/3134
f 231/1694 2240/3135 2203/3136
f 1374/3139 2244/3138 2704/626
f 1994/1661 1627/3004 482/1663
f 1741/2992 172/2981 1687/740
f 2243/2985 2240/3135 2242/3141
f 2243/2985 2242/3141 2245/3142
f 3320/3143 554/1610 3293/3144
f 3293/3144 554/1610 2736/3145
f 2068/3146 231/1697 2203/3071
f 3058/138 1666/139 535/1793
f 2216/1695 2240/3135 231/1694
f 1893/1589 401/1590 1533/45
f 1316/3042 2430/2156 2093/2047
f 1625/2539 444/3102 1399/2541
f 2240/3137 2243/3140 2203/3072
f 1159/1560 2106/573 1377/3110
f 1159/1560 1004/3147 2217/1562
f 524/3005 68/2540 1623/2548
f 1399/2541 662/2834 112/3148
f 1399/2541 112/3148 68/2540
f 2249/1 2872/3149 2248/3150
f 2034/2062 1144/2063 1793/2813
f 3355/126 506/3151 1781/3044
f 3322/1607 1730/123 990/115
f 1693/3153 332/3152 1714/3154
f 2170/2577 2068/3146 2203/3071
f 3252/2627 2246/3156 2216/1695
f 2236/3157 1232/3114 1019/3158
f 2489/2852 1229/535 1164/536
f 2077/3160 2606/3159 2297/3161
f 1312/3163 1179/3162 1177/3164
f 2250/3166 2238/3165 2245/3142
f 482/1663 1627/3004 1623/2548
f 1772/181 661/182 3207/3167
f 482/3168 1623/2547 3237/2551
f 524/3005 1625/2539 68/2540
f 2330/1644 2415/1642 1702/2805
f 1711/3169 2673/2887 1175/3170
f 138/3172 137/382 3338/380
f 3302/2532 2062/3173 1206/2471
f 2673/2889 2215/3121 2068/3146
f 1260/1720 2493/3026 1649/1887
f 2535/3125 2532/3174 95/2915
f 2069/2996 2236/3157 2224/2467
f 2238/3165 2243/2985 2245/3142
f 2062/3173 3302/2532 3163/2533
f 3157/491 1241/2559 1010/3175
f 304/2137 464/793 2749/2835
f 3340/2120 1269/2473 2062/3173
f 429/2969 1473/3103 1472/3129
f 1663/1288 1653/1883 1016/3176
f 1855/241 1899/3177 1897/3178
f 2370/289 1811/290 1914/2061
f 51/149 2535/3125 1675/3104
f 196/1654 3356/1666 150/1650
f 2357/3180 2279/3179 2308/3181
f 3229/3185 1318/3182 1814/3184
f 2263/809 2020/807 2280/3186
f 2262/3188 1405/3187 2661/3189
f 2062/3173 3163/2533 1113/2122
f 1543/407 2827/348 1524/437
f 264/2443 2095/2407 1596/2405
f 2301/3191 2334/3190 2372/3192
f 2267/3194 2268/3193 2304/3195
f 2271/858 2270/856 2272/3196
f 1226/3198 33/3197 2024/3199
f 2275/3201 3339/3200 3338/380
f 1429/3203 2258/3202 1405/3187
f 2264/3204 2271/858 2272/3196
f 3339/3200 1210/3205 138/3172
f 1211/3207 2265/3206 138/3172
f 138/3172 1210/3205 1211/3207
f 1040/2485 1911/2817 2255/2536
f 2258/3202 1429/3203 2265/3206
f 2070/3209 2300/3208 2276/3210
f 2535/3125 51/149 1799/147
f 1113/2122 3340/2120 2062/3173
f 1211/3207 1210/3205 2291/3211
f 1207/3212 2265/3206 1429/3203
f 1405/3187 2262/3188 2276/3210
f 1216/3213 2203/3072 2878/1831
f 1221/2818 1098/2820 74/2821
f 2751/2135 552/344 654/2338
f 2903/2945 1079/2946 1087/3090
f 3163/3111 2039/2534 2036/3214
f 1087/3090 2916/3029 2903/2945
f 499/1558 1311/660 1310/3215
f 1963/1643 1701/2106 2415/1642
f 1871/3216 1717/2928 1713/3217
f 2505/3099 1805/2289 1316/3042
f 74/2821 2255/2537 1911/3116
f 1924/1918 1537/2790 1542/2809
f 3182/2495 2073/1899 2072/1900
f 1206/2471 2058/2484 2255/2536
f 2156/27 298/1550 996/1799
f 2863/2601 2072/1900 1221/2816
f 2073/1899 2031/2494 108/2499
f 971/828 2519/512 2796/3218
f 1887/3220 1898/3219 1226/3198
f 530/1144 539/612 595/654
f 742/596 539/612 591/418
f 1657/1797 1396/1795 1045/3221
f 848/2827 2289/3000 392/3222
f 2280/3186 2044/3224 2263/809
f 1098/2820 1101/3225 108/3226
f 1114/2823 1098/2820 108/3226
f 175/3228 388/296 1597/297
f 2877/1641 959/783 2686/784
f 551/1254 1673/140 1697/1698
f 1436/3018 1574/298 388/296
f 2864/3230 1809/2971 1797/3231
f 1171/3234 1274/3233 2298/3235
f 1426/3236 977/1599 973/49
f 2661/3189 2680/860 2262/3188
f 2296/3237 3339/3200 2275/3201
f 2903/2945 2751/2135 1978/2947
f 138/3172 1207/3212 1810/908
f 1405/3187 2298/3235 1274/3233
f 1210/3205 3339/3200 2291/3211
f 1242/3238 3032/857 2264/3204
f 2276/3210 1429/3203 1405/3187
f 1422/1106 976/1530 244/3239
f 2265/3206 1211/3207 2258/3202
f 138/3172 2265/3206 1207/3212
f 2291/3211 2258/3202 1211/3207
f 2258/3202 2291/3211 2298/3235
f 2703/1623 1085/1700 2850/1622
f 1079/2946 1472/3129 1087/3090
f 2298/3235 2291/3211 3339/3200
f 2298/3235 1405/3187 2258/3202
f 1897/3178 1898/3219 518/283
f 1887/3220 1689/299 518/283
f 3339/3200 1171/3234 2298/3235
f 74/2821 2036/3214 2255/2537
f 1274/3233 2661/3189 1405/3187
f 2303/641 1246/639 294/3240
f 1227/830 658/829 1228/657
f 975/834 397/835 1690/1149
f 1237/3241 1238/2207 2661/3189
f 1274/3233 1237/3241 2661/3189
f 1728/3242 1309/1606 1980/3243
f 1275/213 1108/2200 3171/3244
f 1250/3245 1252/2217 1237/3241
f 610/1657 989/3246 2063/2819
f 1089/3113 1219/2491 1113/2123
f 1711/3169 47/2998 2673/2887
f 1624/2446 1035/1721 1733/2454
f 1714/3154 391/3058 1436/3017
f 1630/2938 2864/3230 1797/3231
f 51/149 1936/3045 1737/687
f 1624/2437 1475/2502 281/2456
f 1085/1700 2703/1623 3118/2429
f 2532/3174 2480/3248 95/2915
f 1884/3250 1704/3249 1696/3251
f 2229/449 1153/430 2674/431
f 1159/1560 2805/1561 2924/3252
f 3308/3253 1010/3175 11/3254
f 1675/3104 1773/2914 2624/2926
f 1230/1843 2311/560 2312/3255
f 606/901 1535/903 1438/2043
f 387/1048 963/979 604/1241
f 2869/506 2724/1597 2752/3257
f 1231/301 2326/686 2695/1714
f 1581/190 1763/97 990/191
f 2049/3259 1532/3258 590/3260
f 1668/2084 1658/1821 1418/1647
f 1440/3262 238/1188 606/901
f 2699/3069 1034/3065 2170/2577
f 1215/3263 2699/3068 1216/3213
f 2163/3264 2370/292 2060/3265
f 1648/2428 1711/2997 1863/3048
f 1204/2986 1219/2491 1089/3113
f 1704/3249 1884/3250 1454/3047
f 2243/2985 2238/3165 2224/2467
f 2413/3266 1226/3198 1826/3267
f 1393/1896 1683/2687 1789/2148
f 1695/2927 1713/3217 1717/2928
f 1695/2927 1773/2914 94/2878
f 1045/3221 2023/3268 2302/3269
f 467/212 1275/213 1266/3270
f 2134/3272 3309/1981 2004/1982
f 2277/3274 2012/3273 1118/3275
f 1251/3277 2328/3276 2341/679
f 2701/3278 655/3093 1869/3279
f 2341/679 2328/3276 2233/3280
f 1045/3221 2233/3280 2023/3268
f 3290/3281 2302/3269 2343/388
f 3290/3281 1892/3282 1301/3283
f 1250/3245 1171/3234 1268/3284
f 127/2201 1268/3284 1108/2200
f 2341/679 2233/3280 45/3285
f 2334/3190 2308/3181 2279/3179
f 1688/240 1830/683 1888/239
f 571/3286 2476/2498 2307/1214
f 1635/3287 2749/2912 464/2543
f 464/2543 112/2812 1635/3287
f 970/590 2213/111 2377/432
f 2352/3289 2260/3288 2308/3181
f 3185/1729 1045/3221 1396/1795
f 3185/1729 1285/2260 1116/3290
f 1214/3292 2393/3291 2359/217
f 318/3293 2275/3201 564/381
f 1454/3047 1871/3216 1704/3249
f 1399/2541 1634/2832 662/2834
f 2233/3280 3185/1729 1116/3290
f 3150/3117 3200/3294 1306/2108
f 1045/3221 3290/3281 1301/3283
f 1895/3295 1795/1673 2460/1635
f 1214/3292 2392/3296 1065/3297
f 2393/3291 2347/3298 2/3299
f 2389/3301 135/3300 1276/214
f 1256/461 1301/3283 1302/3302
f 2584/2667 2346/2668 2599/2326
f 2599/2326 2346/2668 2592/2007
f 2026/677 2345/678 2389/3301
f 2019/1591 1501/3303 3333/3304
f 1898/3219 1897/3178 1899/3177
f 2026/677 2388/3305 2343/388
f 2388/3305 72/404 2343/388
f 2302/3269 3290/3281 1045/3221
f 1266/3270 3171/3244 2347/3298
f 2390/3306 318/3293 2407/709
f 2387/3307 2/3299 1/3308
f 1064/3309 2392/3296 2423/361
f 1064/3309 1065/3297 2392/3296
f 2387/3307 1/3308 1268/3284
f 1268/3284 1171/3234 2387/3307
f 1268/3284 1/3308 1108/2200
f 2381/597 591/418 2384/417
f 618/710 2406/749 2407/709
f 2341/679 45/3285 2345/678
f 2388/3305 2026/677 173/3310
f 1214/3292 2389/3301 2347/3298
f 2387/3307 2275/3201 318/3293
f 1980/3243 985/1604 1793/1634
f 2341/679 2026/677 1251/3277
f 2398/3311 2328/3276 1251/3277
f 2302/3269 2023/3268 2328/3276
f 2405/3313 1918/3312 2404/3314
f 2275/3201 3338/380 564/381
f 2/3299 2347/3298 3171/3244
f 135/3300 2389/3301 2345/678
f 1436/3017 389/3059 1871/3216
f 2/3299 2390/3306 2406/749
f 2408/3316 2412/3315 1065/3297
f 1115/3317 1826/3267 1628/3318
f 2930/135 2026/677 1065/3297
f 1301/3283 1892/3282 1302/3302
f 2328/3276 2398/3311 2302/3269
f 2398/3311 2343/388 2302/3269
f 571/3286 1702/2805 2476/2498
f 1703/1690 2323/1699 1037/1618
f 2389/3301 1214/3292 1065/3297
f 2023/3268 2233/3280 2328/3276
f 1108/2200 2/3299 3171/3244
f 1108/2200 1/3308 2/3299
f 2347/3298 2389/3301 467/212
f 158/3320 2948/3319 2420/3321
f 137/382 158/3320 2420/3321
f 2359/217 2393/3291 1517/750
f 2423/361 2384/417 596/360
f 1276/214 467/212 2389/3301
f 1276/214 135/3300 1285/2260
f 45/3285 1116/3290 2345/678
f 2323/1699 2340/2826 2416/3322
f 726/2175 654/2338 631/2174
f 1319/3087 1150/2198 1408/2196
f 1302/3302 1892/3282 2431/460
f 2423/361 2392/3296 2384/417
f 444/3102 1994/1661 882/1662
f 399/3080 193/3081 1319/3087
f 2424/390 2343/388 72/404
f 1892/3282 3290/3281 2343/388
f 1081/3082 1408/2196 348/2262
f 2343/388 1509/389 1892/3282
f 2309/675 442/399 1706/400
f 2254/676 2424/390 2498/403
f 2431/460 1256/461 1302/3302
f 1870/1961 1620/1962 2430/2156
f 3128/1675 1703/1690 1037/1618
f 1509/389 2431/460 1892/3282
f 1951/3325 1278/3323 1281/3324
f 1768/2544 1797/3008 1932/2989
f 2203/3072 2710/3326 2878/1831
f 149/3126 2445/3127 1281/3324
f 183/22 1520/23 22/35
f 1989/518 2053/397 2085/3327
f 149/3126 1657/1797 1662/701
f 367/332 2101/3329 2103/1715
f 2190/3010 1974/890 671/891
f 1657/1797 2378/703 1662/701
f 1546/1427 878/1426 877/1429
f 1791/3330 1592/287 93/915
f 1216/3213 1921/1828 1215/3263
f 1530/1974 1992/786 2846/3003
f 1182/3021 2448/3331 2221/3041
f 2416/3322 1632/1216 2323/1699
f 1530/1974 2846/3003 2221/3039
f 1972/2394 2448/3331 1182/3021
f 2448/3331 1972/2394 2008/2395
f 2270/856 2189/550 581/410
f 2737/2160 2396/2288 2438/1625
f 978/3333 1868/1864 1943/1865
f 1647/1684 1846/1564 238/1188
f 671/891 1973/3020 2000/2464
f 2461/3086 2448/3040 2008/3332
f 1182/3021 2174/892 1972/2394
f 1182/3021 1973/3020 2174/892
f 2207/3012 1922/2388 2461/3086
f 2008/2395 1974/890 2009/3335
f 2846/3030 2149/2999 2221/3041
f 1182/3021 2221/3041 2149/2999
f 1646/1064 1842/1062 3256/1711
f 3287/1593 2846/3030 1998/2424
f 2009/3335 2190/3010 637/540
f 2079/2248 2022/3337 3035/3007
f 241/85 1551/84 1614/3338
f 1769/347 2827/348 2893/1565
f 2190/3010 2009/3335 1974/890
f 2140/2079 1778/3339 58/3023
f 1921/1828 1216/3213 2878/1831
f 1321/387 520/3340 2310/3341
f 1393/1896 1789/2148 2127/1906
f 2574/531 3147/3342 2674/431
f 535/1793 1796/1824 1518/1898
f 1263/57 18/3343 970/590
f 2373/3344 1263/57 2478/661
f 1371/1340 2377/432 1153/430
f 1259/3346 1568/3345 1679/3092
f 2482/3348 594/649 233/3349
f 2484/3350 320/1856 2373/3344
f 1024/3351 2484/3350 2466/450
f 2244/3138 410/3352 2257/3353
f 367/332 1889/143 508/141
f 2321/3354 3315/64 1024/3351
f 2486/487 2252/488 2635/194
f 2317/1660 2485/1003 2722/537
f 2484/3350 2229/449 2466/450
f 1264/130 2234/3355 320/1856
f 2490/3356 2489/2852 2324/574
f 3081/244 295/652 3071/702
f 3071/702 295/652 1662/3128
f 298/1550 2502/3357 1288/3358
f 1718/255 3037/256 1753/3359
f 350/2126 409/2359 1584/2282
f 1368/3360 2247/3078 1307/109
f 1522/2134 1120/1637 2460/1635
f 1241/2559 2189/550 2653/2178
f 1686/684 1737/687 1884/3250
f 1922/2388 1530/1974 2461/3086
f 1769/347 2893/1565 3271/1652
f 2505/3099 1606/2329 1805/2289
f 1581/190 30/96 1763/97
f 2150/2462 1768/2544 1699/2987
f 2430/2156 1286/3361 2467/2046
f 1699/2987 1768/2544 1932/2989
f 1806/3123 1314/3124 2506/3362
f 1218/3067 1202/3066 2198/3074
f 1824/1911 2016/3363 2102/2024
f 2323/1699 1632/1216 1037/1618
f 3114/2215 2172/788 1699/2987
f 1891/110 1368/3360 1307/109
f 2505/3099 1368/3360 1891/110
f 1708/3057 1704/3249 389/3059
f 1520/23 1483/2097 22/35
f 2505/3099 1038/3365 1368/3360
f 1920/2077 1778/3339 2140/2079
f 1750/3367 1725/3366 1753/3359
f 1598/1792 2079/2165 1610/1751
f 2958/478 2376/957 2676/480
f 30/96 1581/190 2206/1819
f 2979/1753 1788/2172 1382/1755
f 1368/3360 1038/3365 2506/3362
f 3357/37 3358/2049 1519/46
f 2508/2048 1806/3123 1038/3365
f 2846/3003 1992/786 3110/787
f 571/3286 2307/1214 3257/1215
f 1864/1834 2090/1835 3022/1986
f 985/1604 1980/3243 1309/1606
f 1980/3243 1795/1673 1728/3242
f 1333/3370 1318/3369 2247/3078
f 389/3059 1704/3249 1871/3216
f 2247/3078 1368/3360 1333/3370
f 1185/2479 1215/3371 1921/2480
f 2578/3372 1307/109 2886/3373
f 1031/1735 1027/1739 3283/998
f 1155/2360 2055/2779 1872/1917
f 1038/3365 1806/3123 2506/3362
f 2213/111 2397/3374 1812/2099
f 1846/1564 2827/348 237/1086
f 1754/3375 2967/939 1791/3376
f 2529/2 1217/3378 1288/3358
f 1942/2101 1812/2099 2397/3374
f 1318/3369 1333/3370 2510/3379
f 2510/3380 1814/3184 1318/3182
f 1333/3370 1368/3360 2506/3362
f 2005/868 2266/236 2544/237
f 2508/2048 1038/3365 1316/3042
f 1316/3042 2093/2047 2508/2048
f 1791/3330 93/915 1782/2968
f 1863/1784 2202/3381 1757/1783
f 2416/3383 2340/1626 485/3382
f 2166/3027 2180/2863 2493/3384
f 1258/3385 2454/65 2722/537
f 2823/2806 1702/2805 571/3286
f 2505/3099 1316/3042 1038/3365
f 1139/1980 198/2202 99/2194
f 2213/111 1307/109 2377/432
f 1791/3330 1782/2968 1783/3386
f 1371/1340 1153/430 2478/661
f 2774/2756 630/1152 1290/3388
f 1045/3221 1256/461 1657/1797
f 2371/3389 1024/3351 3147/3342
f 320/1856 1263/57 2373/3344
f 3256/1711 1842/1062 1961/3390
f 2574/531 2674/431 2578/3372
f 1241/2557 2151/2253 2189/551
f 2578/3372 2674/431 2377/432
f 3364/3391 1674/2496 1178/2060
f 2229/449 2373/3344 2478/661
f 2478/661 1153/430 2229/449
f 2229/449 2484/3350 2373/3344
f 1109/173 325/1179 309/146
f 145/2497 1937/2492 1291/2708
f 2377/432 1307/109 2578/3372
f 2482/3348 2565/561 2569/651
f 295/652 579/95 30/96
f 970/590 2377/432 1371/1340
f 2893/1565 1846/1564 236/1601
f 970/590 18/3343 2442/588
f 2566/589 2385/3392 2397/3374
f 1372/3393 2214/960 287/3394
f 2535/3125 1652/3395 2532/3174
f 16/3398 1212/3397 2196/763
f 2397/3374 2213/111 2566/589
f 1303/2750 1055/2749 1407/2736
f 2569/651 16/3398 2196/763
f 1310/3215 1367/3399 2938/3400
f 965/2930 1852/3401 1665/2746
f 2385/3392 2566/589 594/649
f 3338/380 3339/3200 138/3172
f 2568/3403 3297/3402 3299/3404
f 1139/1980 291/2206 257/3405
f 2315/385 1342/386 1362/87
f 1555/3406 584/1999 1106/1963
f 1418/1647 620/193 2635/194
f 2730/3408 25/3407 2310/3341
f 1029/1802 1511/2167 1041/1850
f 583/559 2588/3409 2565/558
f 1150/2198 494/339 1282/2197
f 1066/335 348/2209 1277/2264
f 1370/3412 1174/3411 3222/1160
f 1277/2264 1091/2034 1066/335
f 3222/1160 1174/3411 2598/1614
f 449/448 1471/2877 3206/1583
f 1175/3171 1863/3048 1711/2997
f 226/3415 1092/3414 1383/2489
f 2618/3417 3156/3416 2612/3418
f 2249/1 2248/3150 3310/1158
f 1313/3419 1370/3412 1369/3420
f 25/3407 2635/194 2310/3341
f 2556/3422 2129/3421 2694/3423
f 2638/3424 2556/3422 2324/574
f 2569/651 2196/763 1253/650
f 1230/3425 1212/3397 2588/3410
f 2196/763 620/193 3239/3426
f 2773/3428 2585/3427 1376/3429
f 2234/3355 2567/56 320/1856
f 2196/763 3239/3426 1253/650
f 2709/1576 2019/1591 3333/3304
f 387/1048 2980/1071 2082/616
f 1929/3430 1559/1257 272/2450
f 1212/3397 1230/3425 2558/1347
f 2196/763 1212/3397 2651/762
f 620/193 2651/762 2487/192
f 2116/2935 2117/2936 1233/3431
f 2159/376 1006/375 1385/804
f 2558/1347 1230/3425 2312/363
f 2556/3422 2694/3423 2471/3432
f 2598/1611 3094/3433 1389/155
f 2310/3341 2252/488 1342/386
f 2311/3256 2565/561 856/1857
f 1334/2688 89/3434 421/2689
f 2310/3341 1342/386 1321/387
f 1523/3435 1982/1087 1046/409
f 2487/192 2651/762 2558/1347
f 1065/3297 2412/3315 2930/135
f 1702/2805 2415/1642 1701/2106
f 2487/192 2558/1347 170/1348
f 2635/194 2487/192 2486/487
f 2558/1347 2651/762 1212/3397
f 1261/572 2106/573 1159/1560
f 179/1078 178/489 2698/1349
f 1156/1954 226/3415 1383/2489
f 3279/267 3350/369 971/828
f 1159/1560 2924/3252 1209/959
f 170/1348 2486/487 2487/192
f 743/3437 315/3436 434/112
f 2568/3403 2692/3438 2241/3439
f 2482/3348 1248/55 2565/561
f 554/1610 3258/3440 58/1609
f 2290/3441 1746/2948 2146/3442
f 223/3444 257/3405 89/3434
f 556/3446 3070/3445 3332/3447
f 2484/3350 2720/3448 320/1856
f 1046/409 1516/1628 1523/3435
f 2471/3432 2473/3449 2659/86
f 2694/3423 2129/3421 2315/385
f 2312/363 2314/129 2698/1349
f 2698/1349 178/489 2486/487
f 178/489 1362/87 2252/488
f 23/3451 2251/3450 1312/3163
f 1312/3163 1177/3164 23/3451
f 2409/3452 2631/2140 1196/1964
f 2234/3355 856/1857 2567/56
f 2234/3355 1264/130 856/1857
f 1261/572 1159/1560 1209/959
f 1362/87 1366/88 2315/385
f 1150/2198 153/3453 82/2802
f 2659/86 2473/3449 1366/88
f 2585/3427 2314/129 1376/3429
f 2772/1555 1486/1556 1240/592
f 2653/2178 1306/2108 3200/3294
f 1264/130 1376/3429 2314/129
f 251/3454 2708/1326 1986/530
f 2473/3449 2471/3432 2694/3423
f 529/128 856/1857 1264/130
f 2145/1794 1803/3455 1715/1858
f 3251/3456 1630/2545 1021/2727
f 1248/55 2482/3348 18/3343
f 1136/341 1150/2198 82/2802
f 2694/3423 1366/88 2473/3449
f 2720/3448 3315/64 2454/65
f 1258/3385 2722/537 1264/130
f 1282/2197 1277/2263 1408/2196
f 1229/535 2773/3428 2722/537
f 2489/2852 2106/573 2324/574
f 2317/1660 2454/65 543/66
f 2785/3457 2724/1597 987/1598
f 1261/572 2702/3459 2324/574
f 2489/2852 2490/3356 2773/3428
f 2485/1003 1004/3147 1377/3110
f 1217/3378 2529/2 2441/1151
f 1257/849 1245/2219 99/2193
f 2317/1660 1004/3147 2485/1003
f 1159/1560 1377/3110 1004/3147
f 3315/64 2720/3448 1024/3351
f 543/66 1300/2166 2317/1660
f 1092/3414 226/3415 223/3444
f 1370/3412 1313/3419 1174/3411
f 2805/3461 2732/3460 2116/3462
f 1805/2289 1870/1961 1316/3042
f 1004/3147 2317/1660 2752/3257
f 2722/537 2773/3428 1264/130
f 1245/2219 19/751 1048/1318
f 320/1856 2720/3448 1264/130
f 2475/3464 2585/3427 2773/3428
f 2698/1349 2314/129 179/1078
f 2659/86 179/1078 2585/3427
f 179/1078 2659/86 1362/87
f 2471/3432 2475/3464 2773/3428
f 1248/55 856/1857 2565/561
f 277/3465 114/1924 1479/144
f 1024/3351 2466/450 3147/3342
f 2598/1614 2652/3466 3094/3467
f 2084/3468 2408/3316 1065/3297
f 2708/1326 251/3454 2578/3372
f 2698/1349 2558/1347 2312/363
f 2315/385 1366/88 2694/3423
f 1132/62 474/61 1493/3469
f 1883/2100 1891/110 1812/2099
f 1196/1964 1555/3406 1106/1963
f 2659/86 2475/3464 2471/3432
f 2773/3428 1229/535 2489/2852
f 2471/3432 2773/3428 2490/3356
f 2303/641 1426/3236 2164/1035
f 2471/3432 2490/3356 2324/574
f 2785/3457 2217/1562 2724/1597
f 2580/3472 2579/3471 2732/3463
f 1233/3431 2760/3474 1638/958
f 2130/2195 1721/1937 2172/788
f 1923/3477 1259/3476 1679/3347
f 1923/3480 1173/3479 2811/3481
f 3315/64 2321/3354 2322/2306
f 2439/3 2441/1151 2529/2
f 2084/3468 1501/3303 2408/3316
f 1493/3469 1555/3406 1176/1957
f 2305/910 1207/3212 2357/3180
f 630/1152 2774/2756 2501/2757
f 1313/3419 1369/3420 315/3436
f 83/2013 1160/1965 1262/1967
f 2502/3357 2818/3484 2872/3149
f 72/404 173/3310 2329/136
f 1293/25 1295/3485 2842/1551
f 2724/1597 2847/3486 2313/1159
f 2313/1159 2847/3486 3310/1158
f 315/3436 1387/3487 1313/3419
f 1539/1830 2700/2444 3207/3167
f 1410/2086 1414/3488 218/2085
f 173/3310 72/404 2388/3305
f 2329/136 173/3310 2930/135
f 1288/3358 996/1799 298/1550
f 2824/3490 2818/3484 2502/3357
f 2852/150 598/3491 3161/3492
f 1270/2500 2775/2810 2737/2160
f 1313/3419 1388/3493 1174/3411
f 2598/1614 2313/1159 3222/1160
f 1311/660 2944/894 3351/3494
f 1388/3493 1387/3487 2652/3466
f 2598/1614 1388/3493 2652/3466
f 2451/672 1102/566 584/1966
f 3116/3496 2219/3495 3094/3467
f 315/3436 3116/3496 1387/3487
f 1104/1804 1131/1955 390/826
f 1217/3378 2859/3077 1288/3358
f 2156/27 2867/1798 1367/3399
f 1160/1965 1106/1963 584/1999
f 2872/3149 2249/1 1288/3358
f 1369/3420 1294/114 315/3436
f 3230/2161 2061/2162 2941/2607
f 1369/3420 1370/3412 1294/114
f 1294/114 1295/3485 363/113
f 2824/3490 2502/3357 2842/1551
f 1122/1956 53/63 1132/62
f 199/1949 241/85 1200/1951
f 1162/2139 199/1949 3077/3497
f 2502/3357 2872/3149 1288/3358
f 1295/3485 2824/3490 2842/1551
f 2164/1035 1426/3236 635/966
f 1662/3128 1879/1833 2445/3499
f 2871/576 2545/3500 2249/1
f 2439/3 2249/1 2545/3500
f 2248/3150 2872/3149 3222/1160
f 3222/1160 2872/3149 1370/3412
f 1289/2307 2774/2756 1290/3388
f 1631/3501 1746/2948 2290/3441
f 2872/3149 2818/3484 1370/3412
f 1300/2166 2752/3257 2317/1660
f 1370/3412 2818/3484 2824/3490
f 2575/40 1505/3503 2622/727
f 2824/3490 1294/114 1370/3412
f 1304/529 1986/530 1289/2307
f 2783/3504 2869/506 3323/505
f 1718/258 1782/2968 93/915
f 2322/2306 3323/505 3315/64
f 2517/2758 2886/3373 2247/3078
f 2247/3078 2886/3373 1307/109
f 2885/1327 2774/2756 1986/530
f 2859/3077 2441/1151 2501/2757
f 1555/3406 1162/2139 1176/1957
f 2501/2757 2517/2758 2859/3077
f 1024/3351 2371/3389 2321/3354
f 2574/531 251/3454 1986/530
f 2859/3077 1217/3378 2441/1151
f 1162/2139 1555/3406 1220/2138
f 1288/3358 2859/3077 996/1799
f 1131/1955 1128/1759 79/1315
f 1176/1957 3077/3497 1119/1950
f 1176/1957 1122/1956 1132/62
f 2182/1422 872/1392 871/3505
f 2182/1422 871/3505 870/1421
f 1169/1219 1493/1998 474/58
f 2574/531 1304/529 2322/2306
f 1624/2446 1607/2438 1123/2445
f 2885/1327 2886/3373 2517/2758
f 2885/1327 2578/3372 2886/3373
f 2517/2758 2774/2756 2885/1327
f 2578/3372 2885/1327 2708/1326
f 1606/2329 1891/110 1883/2100
f 1284/3507 1386/3506 2833/3508
f 2774/2756 1289/2307 1986/530
f 1220/2138 1555/3406 1196/1964
f 2869/506 543/66 3315/64
f 2322/2306 2321/3354 2574/531
f 2321/3354 2371/3389 2574/531
f 2847/3486 2869/506 2871/576
f 1289/2307 1290/3388 491/577
f 199/1949 1162/2139 241/85
f 1878/2059 1824/1911 2491/1910
f 2793/2621 2606/3159 2077/3160
f 2322/2306 2783/3504 3323/505
f 2752/3257 1300/2166 2869/506
f 2752/3257 2724/1597 2217/1562
f 2752/3257 2217/1562 1004/3147
f 89/3434 2833/3508 1386/3506
f 2580/156 2785/3470 987/3458
f 2783/3504 2322/2306 1289/2307
f 1289/2307 491/577 2783/3504
f 491/577 2901/575 2783/3504
f 3310/1158 2248/3150 3222/1160
f 2847/3486 2724/1597 2869/506
f 298/1550 2842/1551 2502/3357
f 987/3458 1389/1613 2580/156
f 2869/506 2901/575 2871/576
f 2869/506 2783/3504 2901/575
f 2217/3509 2785/3470 2580/156
f 313/3510 2225/2117 1193/2118
f 2871/576 2249/1 3310/1158
f 2871/576 3310/1158 2847/3486
f 2842/1551 2156/27 1293/25
f 2852/150 26/151 2953/3511
f 363/113 368/469 566/3512
f 1387/3487 3116/3496 2652/3466
f 1311/660 2845/471 368/469
f 2922/470 1006/375 1700/186
f 2134/3513 2140/2079 3258/3118
f 434/112 363/113 743/3437
f 315/3436 743/3437 382/583
f 1176/1957 1162/2139 3077/3497
f 2805/1561 2116/2935 1233/3431
f 3333/3304 2075/3515 1118/3275
f 1385/804 2180/2863 2159/376
f 2922/470 2845/471 2825/806
f 2010/2112 2907/1892 1885/1890
f 1164/536 2485/1003 1377/3110
f 1260/1720 418/1738 2175/1719
f 2942/1559 2986/3516 511/1557
f 2942/1559 2526/3517 2986/3516
f 392/3518 1499/1872 1930/1870
f 2845/471 3234/805 2825/806
f 2953/3511 598/3491 2852/150
f 30/96 1662/3128 295/652
f 3201/3520 3265/3519 3311/3521
f 1881/3523 1880/3522 1497/3002
f 1367/3399 1310/3215 187/26
f 2942/1559 499/1558 2938/3400
f 2938/3400 2526/3517 2942/1559
f 2859/3077 2938/3400 2867/1798
f 2493/3026 2986/3524 1649/1887
f 1923/3477 1394/3525 1259/3476
f 2938/3400 499/1558 1310/3215
f 2938/3400 2859/3077 2247/3078
f 30/96 1879/1833 1662/3128
f 1679/3478 1173/3479 1923/3480
f 2526/3517 2247/3078 1318/3369
f 2247/3078 2526/3517 2938/3400
f 2022/3527 2539/2009 2538/2008
f 2986/3524 2526/1888 1649/1887
f 1168/674 2451/672 1493/1998
f 1783/3387 1725/3366 1750/3367
f 3228/3528 1318/3526 3229/3183
f 511/1557 2986/3516 2998/893
f 1021/2727 2780/2511 2784/3529
f 2526/1888 1318/3526 3228/3528
f 418/1738 2503/3530 3228/3528
f 2493/3384 2998/893 2986/3516
f 1752/3532 2955/3531 1652/3396
f 3228/3528 2503/3530 2526/1888
f 2503/3530 418/1738 1260/1720
f 2526/1888 2503/3530 1260/1720
f 3116/3496 1180/160 176/3533
f 1673/140 1910/1255 2127/1881
f 2493/3384 2932/895 2998/893
f 2998/893 2944/894 511/1557
f 1191/3534 2493/3384 2180/2863
f 246/3535 2067/2614 2012/3273
f 2701/1907 1943/3536 2127/1880
f 2932/895 2493/3384 1191/3534
f 3011/1328 1283/3537 3091/184
f 1707/183 1912/1948 1800/2030
f 2932/895 3351/3494 2944/894
f 3038/3031 3012/3538 3088/3033
f 3242/468 498/466 115/2375
f 1864/1834 1260/1720 2970/1774
f 1864/1834 3022/1986 1260/1720
f 3230/2161 3036/3130 3022/1986
f 198/2202 84/1979 277/3539
f 2010/2112 1885/1890 2962/1891
f 2992/306 3091/184 2919/185
f 1181/158 1297/365 1298/3540
f 1136/341 421/2689 89/3434
f 2158/3542 3066/3541 3061/3032
f 3066/3541 2158/3542 2160/3543
f 2166/3028 1260/1720 3066/3019
f 1402/2829 1035/1721 1071/1722
f 1564/2191 1778/3022 1920/2192
f 1824/1909 2102/3364 1521/3056
f 2160/3543 2180/2863 2166/3027
f 655/3093 1568/3345 1869/3279
f 1984/3544 2167/170 1544/168
f 84/1979 1299/1952 83/1953
f 3234/805 1311/660 3351/3494
f 1191/3534 2180/2863 2932/895
f 2133/420 479/142 1818/3545
f 1150/2198 1136/341 494/339
f 3061/3032 3066/3541 3075/3546
f 1521/3055 1920/2077 2447/2078
f 2908/308 2992/306 2919/185
f 2992/306 3089/528 3091/184
f 3088/3033 958/773 3061/3032
f 3061/3032 2179/3049 2158/3542
f 3103/772 2855/3548 2815/2840
f 1158/2064 1249/2092 1144/2063
f 1180/160 1181/158 1298/3540
f 1367/3399 187/26 2156/27
f 2177/3050 2158/3542 2179/3049
f 21/364 1993/3549 1297/365
f 94/2878 1716/3550 1695/2927
f 958/773 2179/3049 3061/3032
f 647/771 2179/3049 958/773
f 2166/3027 3066/3541 2160/3543
f 2329/136 2498/403 72/404
f 1006/375 2919/185 1700/186
f 494/339 374/2189 1282/2197
f 83/2013 1460/2044 1160/1965
f 176/3533 1298/3540 26/151
f 1313/3419 1387/3487 1388/3493
f 962/1682 2855/3548 3041/3551
f 3116/3496 3094/3467 2652/3466
f 2953/3511 1993/3549 598/3491
f 1390/201 3120/790 3135/200
f 3116/3496 3104/581 1391/159
f 1298/3540 1297/365 1993/3549
f 575/527 3011/1328 3089/528
f 1993/3549 2953/3511 1298/3540
f 2680/860 2088/1730 2270/856
f 597/3552 598/3491 1993/3549
f 2953/3511 26/151 1298/3540
f 328/433 3133/434 3124/2937
f 3125/436 2809/3553 380/152
f 380/152 3130/435 3125/436
f 2579/3554 2809/3553 2116/2935
f 382/583 3116/3496 315/3436
f 1181/158 1391/159 3122/3556
f 575/527 2815/2840 1135/2728
f 1284/3507 2833/3508 1334/2688
f 2219/157 1389/155 3094/3433
f 3122/3556 575/527 1135/2728
f 568/2745 1016/3176 1659/3557
f 655/3093 1926/3559 1721/1939
f 2172/788 1926/1938 2150/2462
f 3124/2937 3139/1083 2117/2936
f 2580/156 2732/3473 2217/3509
f 26/151 2809/3553 2579/3554
f 2579/3471 2580/3472 2219/154
f 2701/3278 1926/3559 655/3093
f 1659/3557 1665/2746 568/2745
f 3296/3560 2077/3160 2210/3561
f 380/152 2809/3553 26/151
f 2266/236 590/3260 1626/235
f 598/3491 597/3552 3151/3562
f 1277/2264 1282/2035 1091/2034
f 1665/2746 1659/3557 965/2930
f 3151/3562 3146/601 3329/3563
f 3143/3564 3332/3447 3162/3565
f 2579/3554 2219/3495 26/151
f 1016/3176 568/2745 1663/1288
f 3070/3445 3162/3565 3332/3447
f 3143/3564 3329/3563 3332/3447
f 1379/3566 21/364 644/3567
f 3130/435 3161/3492 3143/3564
f 597/3552 1378/3568 3151/3562
f 2612/3418 2617/3569 2618/3417
f 3156/3416 3166/3570 2612/3418
f 21/364 20/1683 644/3567
f 3162/3565 3130/435 3143/3564
f 3161/3492 380/152 2852/150
f 3130/435 380/152 3161/3492
f 3125/436 2116/2935 2809/3553
f 328/433 2116/2935 3125/436
f 2657/3572 3142/3571 2628/1084
f 2963/1760 1823/1761 1002/3573
f 382/583 1283/3537 171/582
f 382/583 1417/973 1283/3537
f 2120/3575 2118/3574 2658/3576
f 3104/581 3116/3496 382/583
f 1700/186 1417/973 566/3512
f 1391/159 1180/160 3116/3496
f 154/2808 90/2807 1407/2736
f 1303/2750 1407/2736 90/2807
f 2016/3363 1824/1911 1878/2059
f 1390/201 3146/601 1378/3568
f 1006/375 2908/308 2919/185
f 1407/2736 1380/2737 154/2808
f 1135/2728 1181/158 3122/3556
f 2650/3580 1836/3577 1719/3579
f 575/527 3122/3556 3011/1328
f 3122/3556 1391/159 171/582
f 171/582 3011/1328 3122/3556
f 3088/3033 2855/3548 3103/772
f 244/3239 514/359 1422/1106
f 1719/3579 2557/3581 2650/3580
f 257/3405 226/3415 1156/1954
f 3103/772 958/773 3088/3033
f 647/771 3103/772 2668/307
f 415/3582 3173/80 3189/83
f 3088/3033 3012/3538 2855/3548
f 962/1682 21/364 1135/2728
f 1943/3334 2701/3278 978/3583
f 257/3405 1156/1954 1299/1952
f 262/3584 3212/1150 2043/3585
f 3075/3546 3038/3031 3061/3032
f 1257/849 309/146 325/1179
f 2456/1627 2438/1625 2396/2288
f 1380/2737 153/3453 154/2808
f 1993/3549 1379/3566 597/3552
f 597/3552 1379/3566 1390/201
f 1390/201 1378/3568 597/3552
f 3146/601 263/82 556/3446
f 556/3446 263/82 1375/3587
f 3135/200 3189/83 492/81
f 598/3491 3329/3563 3143/3564
f 1626/873 590/1670 961/1568
f 3038/3031 3217/3588 3041/3551
f 2150/2462 1926/1938 2701/1907
f 3038/3031 3226/3589 3325/2066
f 2930/135 173/3310 2026/677
f 644/3567 1390/201 1379/3566
f 1940/1818 1942/2101 1022/1817
f 1135/2728 2815/2840 962/1682
f 3351/3494 2932/895 3234/805
f 154/2808 193/3081 1076/3079
f 3146/601 3151/3562 1378/3568
f 3095/1681 3213/813 1416/789
f 3173/80 415/3582 3212/1150
f 3173/80 3212/1150 2906/3590
f 1319/3087 193/3081 154/2808
f 415/3582 3189/83 3213/813
f 2952/722 1505/371 2577/1342
f 2969/1194 224/137 1501/3303
f 222/715 3213/813 3198/2067
f 3036/3130 3027/3591 3066/3019
f 1380/2737 82/2802 153/3453
f 1678/2552 1733/2454 638/2453
f 3210/2088 3198/2067 3324/2065
f 3299/3404 11/3254 2653/2178
f 1416/789 3189/83 3135/200
f 1632/1216 2416/3322 3257/1215
f 3263/3592 263/82 522/3593
f 3143/3564 3161/3492 598/3491
f 855/717 3210/2088 3231/2087
f 3213/813 222/715 415/3582
f 1526/2376 1980/2592 1057/2176
f 3151/3562 3329/3563 598/3491
f 2446/3594 1888/239 1830/683
f 263/82 3146/601 559/202
f 3284/3596 3292/3595 2612/3418
f 3320/3143 3293/3144 2873/494
f 154/2808 153/3453 1319/3087
f 3265/3598 3231/2087 3219/3599
f 223/3444 1386/3506 1284/3507
f 3292/3595 3297/3402 2617/3569
f 3332/3447 3329/3563 3146/601
f 1375/3587 263/82 3318/3600
f 3318/3600 1374/3139 1375/3587
f 3308/3253 2257/3353 2232/3601
f 1719/3579 2480/3248 2551/3602
f 2083/1826 1521/1927 2138/2814
f 1269/2473 1206/2471 2062/3173
f 3230/2164 2022/3337 2079/2248
f 1717/2928 2625/3046 2624/2926
f 410/3352 2244/3138 1374/3139
f 1487/1313 1026/1077 255/1566
f 1786/2031 1800/2030 1912/1948
f 855/717 3265/3598 3276/716
f 1414/3489 175/3604 1401/2111
f 1715/1858 1961/3390 1842/1062
f 1708/3057 391/3058 1714/3154
f 175/3604 1612/3605 1401/2111
f 3012/3538 3038/3031 3041/3551
f 3325/2066 3217/3588 3038/3031
f 3226/3589 3235/2089 3325/2066
f 3235/2089 3324/2065 3325/2066
f 855/717 3198/2067 3210/2088
f 1787/3606 1719/3579 65/3607
f 1679/3092 1971/3608 2811/3609
f 1414/3489 1401/2111 218/2104
f 1922/2388 2207/3012 1167/3084
f 2970/1774 1536/2168 1864/1834
f 590/1670 1532/3261 2119/1193
f 3038/3031 3075/3546 3226/3589
f 3226/3612 3075/3610 2996/3611
f 3311/3521 3265/3519 1692/3613
f 3311/3521 3309/1984 2134/3271
f 1414/3488 1410/2086 64/3614
f 1447/2096 64/3614 1410/2086
f 1466/2069 1545/2105 1477/2068
f 1185/2479 2083/1826 1167/3084
f 1167/3084 2083/1826 1922/2388
f 3066/3019 3027/3591 3075/3610
f 3036/3130 3066/3019 3022/1986
f 1593/1877 1870/1961 1130/1796
f 1447/2096 1467/3616 64/3614
f 136/2071 1545/2105 86/2130
f 1450/2102 307/2114 1488/2107
f 2941/2607 3027/3591 3036/3130
f 1979/2045 1872/1917 2962/3618
f 1825/3619 1696/3251 1708/3057
f 1444/2141 1450/2102 1411/2268
f 1825/3619 1832/358 1696/3251
f 3035/3007 1529/3620 2055/2779
f 1447/2096 1466/2069 1423/3621
f 2539/2009 3230/2161 3022/1986
f 2996/3611 3027/3591 3309/1984
f 1011/1762 1103/1788 1124/1786
f 1485/1685 1415/16 2931/1680
f 2969/1194 1501/3303 2019/1591
f 1621/1752 1766/2921 1908/1867
f 1696/3251 1832/358 1828/356
f 238/1188 1485/1685 1647/1684
f 3158/633 3157/491 1010/3175
f 2083/1826 2138/2814 1922/2388
f 1714/3154 1825/3619 1708/3057
f 1864/1834 1536/2168 1029/1802
f 2385/3392 1253/650 1022/1817
f 1423/282 63/280 1467/3617
f 341/2119 1490/1300 1462/552
f 1500/2611 661/2083 1590/1931
f 3035/3007 1155/2360 2079/2248
f 1438/2043 1440/3262 606/901
f 1742/899 1449/281 1481/3622
f 1535/903 1476/2058 1430/2053
f 2022/3527 3230/2161 2539/2009
f 2022/3527 2538/2008 1529/2778
f 2962/3618 1872/1917 2055/2779
f 1482/2070 1476/2058 1481/3623
f 1123/2445 1654/2033 1035/1721
f 1466/2069 1482/2070 1423/3621
f 1807/1709 3007/3624 1660/1710
f 3309/1984 1692/3613 2840/3625
f 2811/3483 1172/3627 1923/3628
f 1674/2496 3364/3391 2059/3629
f 1488/2107 87/2081 86/2129
f 1585/42 1983/814 1975/1574
f 1731/3630 313/3510 1752/3532
f 1476/2058 1535/903 1481/3623
f 1835/1028 1794/3631 1442/3632
f 1794/3631 2368/3633 1442/3632
f 3065/1056 1028/254 1495/513
f 1932/2989 1797/3008 1809/3232
f 3352/1946 3209/2266 2918/1934
f 1485/1685 238/1188 1440/3262
f 1063/2273 29/2390 2610/2391
f 1540/2355 1063/2273 2610/2391
f 236/1601 17/1586 980/1584
f 1877/284 1813/3075 1781/3044
f 1468/2931 1659/2929 1016/3558
f 1648/2428 1863/3048 1934/2398
f 1540/2357 148/3635 1056/2350
f 2637/3638 2123/3637 3175/3639
f 1707/183 1772/181 1912/1948
f 1213/2767 498/466 1542/467
f 2674/431 3147/3342 2466/450
f 1449/281 388/296 63/280
f 1745/3640 2112/1772 3055/1776
f 3276/716 2043/3585 3212/1150
f 1850/854 1859/3641 1565/3642
f 1877/284 172/2981 1855/241
f 3309/1984 3311/3521 1692/3613
f 1459/3643 395/3120 1859/3641
f 1476/2058 1458/2056 1430/2053
f 3278/243 1813/3075 139/3644
f 3311/3521 2134/3271 3201/3520
f 1431/1629 1516/1628 1046/409
f 2189/551 2152/2251 1746/2948
f 1909/131 1531/132 1977/3645
f 1158/2064 1315/2187 1249/2092
f 3226/3589 2840/3647 3235/2089
f 3040/3648 2226/634 2259/3649
f 3231/2087 3265/3598 855/717
f 2777/3650 2756/2662 2772/1573
f 2610/2391 3165/2392 2611/2903
f 3041/3551 2855/3548 3012/3538
f 2888/3651 2891/1016 2001/808
f 3345/2356 1143/120 3273/2382
f 2972/2632 3074/1768 3261/2918
f 2729/1312 1651/1569 1026/1077
f 566/3512 2922/470 1700/186
f 1540/2355 3342/3652 1145/2911
f 2519/512 3065/1056 2796/3218
f 3261/2918 3074/1768 3305/2286
f 1438/2043 1428/2052 128/2026
f 498/466 593/2374 115/2375
f 1052/1767 3266/1853 2957/2474
f 602/1808 1779/2944 1770/1812
f 3213/813 3095/1681 3101/3653
f 1479/144 113/145 277/3465
f 2636/863 2273/3654 1424/1875
f 1835/1028 2148/1029 386/3655
f 3201/3520 3258/3514 3193/3656
f 3258/3514 3201/3520 2134/3271
f 3219/3599 2840/3647 1692/3626
f 3096/3070 3092/3052 2191/3063
f 3193/3656 3258/3514 262/3657
f 1010/3175 1241/2559 11/3254
f 595/654 1154/1226 530/1144
f 2967/939 2535/3125 1799/147
f 1836/3659 2650/3578 1193/2118
f 491/577 630/1152 2439/3
f 575/527 2668/307 3103/772
f 2675/1621 2876/1638 1292/1639
f 3176/3661 1999/3660 2283/3662
f 244/3239 976/1530 2075/3515
f 1935/262 38/840 1969/3663
f 2184/3664 3194/415 322/1189
f 2690/13 2876/1638 2856/12
f 262/3584 2906/3590 3212/1150
f 3265/3598 2043/3585 3276/716
f 415/3582 222/715 3212/1150
f 2679/2292 1950/2290 1054/935
f 2263/809 3191/1145 2132/896
f 2043/3586 3201/3520 3193/3656
f 3309/1984 3027/3591 2941/2607
f 1285/2260 3185/1729 2088/1730
f 263/82 3173/80 3168/3665
f 1619/1878 1657/1797 149/3126
f 3300/1969 1542/467 3242/468
f 1547/3667 3224/3666 1856/3668
f 3360/1691 2340/2826 2323/1699
f 174/1656 2736/3145 986/1608
f 2177/3050 2159/376 2160/3543
f 2877/1641 991/51 959/783
f 270/554 504/1570 1208/408
f 1426/3236 294/3240 2304/3195
f 1835/1028 1744/3669 2100/1030
f 3248/2856 3250/2892 3246/2894
f 1750/3671 1753/3368 1731/3670
f 2044/3224 976/1530 530/1144
f 2100/1030 979/665 2684/1703
f 2730/3408 992/1645 2697/1646
f 1438/2043 1485/1685 1440/3262
f 1192/1581 3263/3592 522/3593
f 3168/3665 3173/80 1397/3672
f 3168/3665 1397/3672 1192/1581
f 1397/3672 3264/1580 1192/1581
f 1397/3672 3258/3440 3264/1580
f 2733/1648 152/1649 995/1096
f 522/3593 263/82 3168/3665
f 3334/3677 1097/3673 273/3675
f 541/2861 2104/2843 2113/1973
f 986/1608 2736/3145 554/1610
f 3198/2067 855/717 222/715
f 2840/3625 3226/3612 3167/3678
f 149/3126 1278/3323 1619/1878
f 3235/2089 3219/3599 3231/2087
f 994/1217 1945/871 2740/874
f 3309/1984 2840/3625 3167/3678
f 3226/3612 2996/3611 3167/3678
f 1692/3626 3265/3598 3219/3599
f 3235/2089 2840/3647 3219/3599
f 3027/3591 2996/3611 3075/3610
f 1914/2061 1184/2177 1249/2092
f 1481/3623 1423/3621 1482/2070
f 1467/3617 63/280 64/3615
f 2996/3611 3309/1984 3167/3678
f 1467/3616 1447/2096 1423/3621
f 1455/2386 102/2110 1446/2385
f 3302/2532 1206/2471 2255/2536
f 1803/3455 1961/3390 1715/1858
f 1765/2417 101/2381 1455/2386
f 313/3510 1914/2061 1166/2091
f 1166/2091 2225/2117 313/3510
f 1842/1062 639/1676 1715/1858
f 1646/1064 3256/1711 1751/2751
f 2686/784 966/785 2274/1897
f 2740/874 2119/1193 2786/1192
f 639/1676 975/834 974/1859
f 1752/3532 1750/3367 1731/3630
f 2197/1745 1786/1763 1912/3603
f 51/149 2624/2926 2625/3046
f 63/280 1414/3085 64/3615
f 2287/1706 3208/1707 3207/3167
f 1272/2249 999/1289 1817/1290
f 1459/3643 1449/3119 395/3120
f 60/2558 3195/2598 2151/2253
f 3207/3167 3208/1707 1772/181
f 1423/282 1481/3622 1449/281
f 661/182 1707/183 1800/2030
f 1900/163 27/161 3347/3679
f 2460/1635 1795/1673 1980/3243
f 1980/2592 2125/1902 2460/2615
f 463/855 1547/3667 1561/3105
f 977/1599 2304/3195 966/785
f 2326/686 1154/1226 2695/1714
f 376/3680 2955/3531 1752/3532
f 2877/1641 2686/784 979/665
f 1409/73 1477/2068 136/2071
f 979/665 2686/784 2684/1703
f 175/3228 1414/3085 388/296
f 3080/1633 3019/3681 1441/1616
f 1673/140 3058/138 1014/931
f 3101/3653 3095/1681 962/1682
f 1642/833 975/834 1671/1063
f 3007/3624 1817/1290 1663/1288
f 518/283 1898/3219 1887/3220
f 2995/617 473/768 3071/704
f 2462/3682 1753/3368 1736/1689
f 1690/1149 607/932 975/834
f 2406/749 742/596 2381/597
f 1013/1134 1685/1842 1697/1698
f 742/596 2406/749 618/710
f 388/3229 1449/3119 1459/3643
f 1120/1637 2112/1772 1745/3640
f 1738/3683 2370/289 1914/2061
f 152/1649 1552/1664 2788/1667
f 1481/3622 1535/902 1742/899
f 2788/1667 995/1096 152/1649
f 1714/3155 1459/3643 1693/3684
f 1422/1106 596/360 539/612
f 2730/3408 520/3340 2094/2109
f 2135/3064 1757/1783 378/2469
f 3007/3624 1663/1288 1660/1710
f 1459/3643 1714/3155 388/3229
f 1393/1893 1910/1894 1698/1269
f 192/1758 1128/1759 1104/1804
f 2306/1600 2273/3654 2636/863
f 2340/1626 2456/1627 3307/2787
f 2082/616 473/768 2995/617
f 1929/3430 1693/3684 1859/3641
f 1443/3686 2452/3685 49/259
f 1903/3687 1435/1259 1559/1257
f 520/3340 23/3451 24/3688
f 1908/1988 2539/2009 3022/1986
f 1267/3689 1265/474 565/472
f 276/295 526/164 1930/2003
f 1840/3691 1435/3690 1843/3692
f 95/2915 1773/2914 1675/3104
f 2042/2016 1392/1903 377/2218
f 526/164 2596/293 3347/3679
f 1843/3692 1435/3690 1946/3693
f 397/835 1670/2732 1690/1149
f 2480/3248 2532/3174 1650/3694
f 31/838 32/839 2726/1039
f 1228/657 1815/3696 28/659
f 1946/3693 1904/3697 1843/3692
f 1690/1149 1670/2732 1685/1842
f 1762/3698 36/1201 2951/1596
f 1690/1149 1685/1842 1013/1134
f 1697/1698 1685/1842 1682/1840
f 1884/3250 1696/3251 1828/356
f 1014/931 1697/1698 1673/140
f 1820/3699 1827/2890 1828/356
f 332/3152 2787/3700 1491/920
f 332/3152 1901/3701 1832/358
f 2233/3280 1116/3290 45/3285
f 61/3702 1894/1204 1890/3703
f 2096/3704 1890/3703 1894/1204
f 2284/3706 1905/3705 1225/3707
f 1890/3703 1669/511 61/3702
f 998/3708 1789/2148 1683/2687
f 1902/3709 1669/511 1223/485
f 2675/1621 2850/1622 1015/3710
f 1650/3711 376/3680 1193/2118
f 61/3702 1669/511 1902/3709
f 1731/3630 1774/3713 313/3510
f 2145/1794 974/1859 975/834
f 1902/3709 1880/3522 61/3702
f 1015/3710 2850/1622 2122/2956
f 1548/3714 1946/3693 1435/3690
f 1608/2990 1564/2191 1538/1764
f 1671/1063 975/834 639/1676
f 3115/3717 3268/3715 3109/3716
f 162/484 1669/511 1867/3718
f 3109/3716 3268/3715 2831/2426
f 2122/2956 2856/12 1015/3710
f 3105/3719 3106/2427 3268/2425
f 3102/2313 3268/3721 3115/1394
f 223/3444 1284/3507 2383/3723
f 1015/3710 2856/12 2876/1638
f 3102/3722 3105/3725 3268/3720
f 2012/3273 2277/3274 246/3535
f 67/3726 38/840 31/838
f 218/2104 1401/2111 186/2103
f 3017/1436 3028/765 3049/3727
f 1015/3710 2876/1638 2675/1621
f 62/2399 88/2400 1446/2385
f 2761/2724 3026/3728 3020/3729
f 2993/1528 3072/1529 3018/3730
f 2975/3731 2402/2771 2838/780
f 2966/3736 2860/3732 3149/3734
f 2966/3733 3259/2146 2860/3737
f 2733/1648 1003/1097 3087/1919
f 2961/3738 3115/1506 2834/3739
f 1645/1603 2819/1602 235/692
f 2954/3741 3072/1529 2791/2567
f 2954/3741 3018/3730 3072/1529
f 1222/1258 1223/3742 1503/486
f 2946/2573 3149/3743 3001/2152
f 71/3745 1547/3667 85/3746
f 2933/2490 3090/2641 2881/2477
f 2933/2647 2947/1333 2607/1361
f 86/2130 87/2080 136/2071
f 2910/1235 3215/1252 2974/3747
f 1823/1761 2899/3748 1002/3573
f 94/2878 95/2915 96/3749
f 2892/1537 3121/1372 3159/1536
f 2887/2351 2488/2352 2897/3750
f 1455/2386 101/2381 102/2110
f 1199/2389 310/2236 3243/2234
f 2882/3752 3052/3751 2946/2573
f 333/2789 1537/2790 1020/3753
f 2882/3752 2946/2573 3001/2152
f 1672/3754 3007/3624 1807/1709
f 1151/2618 2927/118 1960/2849
f 129/3756 132/3755 1856/3668
f 3247/2631 3238/3757 2983/3758
f 1629/309 3322/1607 990/115
f 3247/2631 2983/3758 3245/2629
f 2875/3759 2761/2724 2562/1046
f 2870/3761 3098/2459 3223/3762
f 2868/1343 3214/2442 3321/2447
f 1756/2924 1002/3573 1125/2925
f 1908/1988 2962/3763 2055/2780
f 2866/1301 2822/2411 2396/2288
f 2862/3764 3205/2748 2913/3765
f 2862/3764 3113/3766 2926/3767
f 2862/3764 2971/2795 3205/2748
f 2862/3764 2913/3765 3113/3766
f 2860/3737 3259/2146 3204/2157
f 2860/3735 3204/3768 3153/2158
f 2767/3769 3052/3751 2882/3752
f 1285/2260 1275/213 1276/214
f 3187/3770 3188/2664 3144/1381
f 137/382 138/3172 158/3320
f 333/2789 1020/3753 267/3771
f 2851/3773 3179/3772 2959/3774
f 2851/3773 3098/2459 2870/3761
f 2851/3773 2959/3774 3236/2554
f 2851/3773 2870/3761 3179/3772
f 2849/3776 3169/3775 3132/3777
f 2538/2008 1908/1988 1529/2778
f 1274/3233 1171/3234 1250/3245
f 2844/2300 2400/2299 2935/2770
f 2841/1354 3154/3780 2849/3781
f 1190/3035 2212/2463 3287/1593
f 2841/1354 3129/1444 3154/3780
f 2841/1354 2849/3781 3132/1351
f 3148/2785 2411/3782 3134/2216
f 1129/2637 1011/1762 1677/2833
f 2838/780 2402/2771 3148/2785
f 2838/780 3148/2785 3134/2216
f 2837/3783 3115/3717 3109/3716
f 2836/2594 3141/2582 3196/2586
f 2409/3452 1196/1964 1460/2044
f 1529/3620 3035/3007 2022/3337
f 2834/3785 3115/3717 2837/3783
f 1908/1867 1072/2113 2962/1891
f 2289/3787 1497/3002 1843/3692
f 1880/3522 1843/3692 1497/3002
f 1817/1290 3007/3624 1672/3754
f 2831/2426 2837/3783 3109/3716
f 2830/2421 3106/2427 3105/3719
f 2829/2744 3105/3725 3102/3722
f 2829/2743 2830/2421 3105/3719
f 2829/2744 3111/2317 2894/3788
f 2829/2744 3102/3722 3111/2317
f 1909/134 1977/3646 1927/3789
f 1060/2256 1947/3790 1056/2322
f 2823/2153 2767/3769 2882/3752
f 2823/2153 2882/3752 3001/2152
f 2822/2411 2866/1301 2925/2410
f 2821/2408 3004/3791 2767/3769
f 190/15 248/2042 128/2026
f 2820/2762 3031/3792 2999/3793
f 2817/1433 3016/1119 3033/2656
f 2814/2412 3004/3791 2821/2408
f 2383/3795 1284/3724 2645/3794
f 2812/2460 2954/3741 2791/2567
f 2810/2284 2737/2160 2920/3796
f 3076/2908 1149/2906 3062/2910
f 3365/2373 1112/1933 3209/2266
f 2810/2284 2920/3796 3192/1292
f 1426/3236 2304/3195 977/1599
f 3319/2452 3267/2449 3223/3762
f 3319/2452 3223/3762 3098/2459
f 2794/1357 3255/2666 3270/2508
f 2794/1357 3144/1381 3188/2664
f 1881/3523 553/1203 1894/1204
f 2425/859 2917/876 604/1241
f 2713/1205 2096/3704 1894/1204
f 2789/3797 2911/2675 3190/3798
f 2799/2645 2782/3799 2057/1578
f 2768/2684 3057/1346 3079/3800
f 1521/3547 1538/1928 1920/2190
f 2544/237 1626/235 2777/3650
f 3203/2891 3248/2856 1070/2909
f 2762/2725 2763/2715 2776/3801
f 2761/2145 3259/2146 2966/3733
f 2963/1760 1756/2924 1103/1788
f 196/1654 12/70 4/1668
f 2761/2145 2966/3733 3026/3802
f 3077/3497 199/1949 1119/1950
f 2759/2763 3214/2442 3025/2440
f 2755/2713 2758/2717 2765/695
f 2753/2719 2762/2725 2776/3801
f 2748/3808 2921/3807 2757/3809
f 2746/1478 2936/2368 3005/2369
f 2746/1478 2769/3810 2750/2705
f 2746/1478 2750/2705 2936/2368
f 3317/2370 2936/2368 2928/2706
f 2745/2367 3030/3811 3005/2369
f 3317/2370 2928/2706 2921/2729
f 3317/2370 2921/2729 2745/2367
f 2744/3813 2765/697 2758/3804
f 2743/1092 3057/1346 2768/2684
f 2743/1094 2768/3814 2892/2330
f 2742/3815 3001/2152 3149/3743
f 2742/3815 3149/3743 2860/3735
f 1569/3816 2089/600 2446/3594
f 2742/3815 3153/2158 3001/2152
f 1899/3177 1888/239 1826/3267
f 2742/3815 2860/3735 3153/2158
f 1036/1851 1508/2824 1117/2844
f 2739/3819 2745/3818 2748/3808
f 1533/45 1636/3100 1893/1589
f 2731/189 2735/443 2741/2238
f 2728/2722 2983/3758 3238/3757
f 2728/2722 2943/3822 2983/3758
f 2728/2720 2738/2730 2943/2733
f 2715/3823 2744/3813 2754/2711
f 2714/3824 2910/1235 2974/3747
f 2712/3826 3199/3825 3079/3800
f 2712/3826 3079/3800 3057/1346
f 2712/3828 3059/3827 2895/3829
f 2712/3828 3051/3831 3059/3827
f 2712/3826 2895/3830 3199/3825
f 2711/2506 2794/1357 3270/2508
f 2711/2506 2718/2507 2714/3824
f 2711/2506 2714/3824 2974/3747
f 1383/2012 2383/3795 2401/2011
f 2706/3832 2715/3823 2754/2711
f 2696/2709 2706/3832 2754/2711
f 2693/2741 3141/3833 2836/3784
f 2693/2741 3002/3834 3141/3833
f 2819/1602 981/693 235/692
f 3041/3551 3101/3653 962/1682
f 2691/2416 2961/1510 2834/3740
f 1533/45 401/1590 1456/872
f 2689/2240 2706/3832 2696/2709
f 2688/624 2741/2238 2735/443
f 1009/2674 2976/2774 3178/2696
f 2685/3835 3154/3780 3129/1444
f 1846/1564 237/1086 238/1188
f 2681/2752 2829/2744 2894/3788
f 2678/3837 3031/3792 3084/3838
f 2678/3837 2999/3793 3031/3792
f 2672/799 3049/3727 3028/765
f 2672/799 3017/1436 3049/3727
f 2672/799 2678/3837 3084/3838
f 667/1726 3048/1082 37/1728
f 2666/3841 2719/851 2706/3832
f 2666/3841 2706/3832 2689/2240
f 2666/3841 2689/2240 2688/624
f 2665/3842 2765/695 2766/3843
f 2665/3842 2755/2713 2765/695
f 2664/3844 2776/3801 2763/2715
f 2057/1578 2782/3799 2781/2650
f 2643/2801 2753/2719 2776/3801
f 609/2333 2981/3845 1063/2335
f 2641/2677 2911/2675 2789/3797
f 2641/2677 2789/3797 2677/3846
f 2634/2712 2664/3844 2763/2715
f 2633/2561 3085/429 2735/443
f 2633/2561 2735/443 2731/189
f 2626/3848 2632/2562 2631/2140
f 2621/2181 2623/3849 2670/2182
f 244/3239 3333/3304 1064/3309
f 3261/2371 1143/120 1967/1935
f 2128/2977 1809/2971 2864/3230
f 110/3850 2360/869 216/568
f 1070/2909 3248/2856 3341/2907
f 3316/2649 2782/3799 2799/2645
f 3316/2649 2781/2650 2782/3799
f 2605/2553 3236/2554 2959/3774
f 2605/2553 2959/3774 2874/3851
f 2605/2553 2874/3851 3232/3852
f 2141/2988 1932/2989 1809/3232
f 2604/3853 3366/924 1271/2247
f 2604/3853 2798/2683 2790/2682
f 2603/2671 2604/3853 2790/2682
f 2601/179 2619/2772 2629/2346
f 2592/2007 2604/3854 2603/2672
f 2576/2694 2582/2681 2779/3855
f 2573/2759 2798/2683 2604/3853
f 2573/2759 2604/3853 1271/2247
f 2572/3856 2776/3801 2664/3844
f 2564/2568 2595/729 2648/2781
f 281/2456 283/2436 1624/2437
f 1521/1927 2102/2025 2138/2814
f 2562/3760 3050/1489 3326/2563
f 2562/1046 2761/2724 3020/3729
f 2560/325 2563/334 2561/2754
f 2560/325 2561/2754 2671/2755
f 2559/3857 2602/1079 2583/2669
f 2559/3857 2583/2669 2584/2667
f 2554/3858 3085/429 2633/2561
f 2554/3858 3082/316 3085/429
f 2554/3858 3044/3859 3082/316
f 2554/3858 2633/2561 2632/2562
f 2554/3858 2632/2562 2626/3848
f 2554/3858 2626/3848 3044/3859
f 2549/3860 2488/2352 2670/2182
f 2549/3860 2670/2182 2623/3849
f 2548/2782 2641/2679 2677/3847
f 2541/3861 2779/3855 2582/2681
f 2541/3861 2582/2681 2795/2769
f 2541/3861 2543/975 2779/3855
f 2540/2692 2587/3862 2541/3861
f 2540/2692 2541/3861 2795/2769
f 2537/2570 2564/2568 2648/2781
f 2533/3863 2587/3862 2778/3864
f 2527/2220 2561/2754 2563/334
f 2524/3866 2747/3865 2525/2697
f 2522/3868 3187/3770 3174/1249
f 2522/3867 3046/2658 3187/2659
f 2522/3867 2784/3529 2770/2144
f 2522/3867 2770/2144 3046/2658
f 2515/3869 2560/325 2671/2755
f 2515/3869 2552/671 2560/325
f 1115/3317 1628/3318 2446/3594
f 2509/3870 2739/3819 2748/3808
f 2500/3871 3247/2631 3121/1372
f 3288/446 1541/721 2964/445
f 1136/341 291/2206 99/2194
f 2500/3871 3121/1372 2892/1537
f 2500/2721 2892/2330 2768/3814
f 2497/3872 3051/3831 2890/3873
f 2497/3875 2890/1336 2848/1222
f 2495/2340 2524/3866 2525/2697
f 2494/3876 2604/3854 2592/2007
f 2494/3876 2583/2669 2602/1079
f 2990/3878 3343/3877 1959/2920
f 2761/2145 1071/2124 2028/2125
f 2812/2460 2339/2566 2069/2996
f 1025/2794 340/2792 333/2789
f 2488/2352 2549/3860 2897/3750
f 2481/2791 2667/846 2630/2186
f 2481/2791 2630/2186 2553/2185
f 2481/2791 2528/2788 2667/846
f 2479/2183 2670/2182 2488/2352
f 2474/3882 2778/3864 2747/3865
f 2474/3882 2533/3863 2778/3864
f 2474/3882 2531/3883 2533/3863
f 2472/3884 2671/2755 2547/2796
f 2472/3884 2547/2796 2655/2799
f 2472/3884 2515/3869 2671/2755
f 2470/3885 2642/2363 2469/2364
f 3314/2184 2479/2183 2553/2185
f 2463/2331 2536/2332 2518/3886
f 2463/2331 2524/3866 2495/2340
f 2463/2331 2518/3886 2534/3887
f 2459/3889 3254/3888 3064/3890
f 2459/3889 3169/3892 3254/3888
f 2459/2323 3132/1545 3169/3778
f 2459/3893 3064/2740 2894/2738
f 2459/2314 2894/3894 3111/2316
f 2457/2228 2660/738 2642/2363
f 2457/2228 2642/2363 2470/3885
f 2455/1324 3051/3874 2712/3826
f 2455/1324 2890/1336 3051/3874
f 2455/1324 2712/3826 3057/1346
f 2450/2702 2757/3881 2921/2729
f 2450/2702 2492/2703 2757/3881
f 2449/3895 3192/1292 2920/3796
f 2449/3895 2920/3796 2978/2811
f 2449/1311 3033/2656 3016/1119
f 2449/1311 2978/2654 3033/2656
f 392/3222 526/164 848/2827
f 3069/2336 3165/2392 1944/1836
f 2444/3897 2769/3810 2746/1478
f 2444/3896 2518/3886 2536/2332
f 1506/372 2952/722 2929/723
f 2436/3900 2889/3899 2784/3529
f 2436/3900 2784/3529 2522/3867
f 2435/3902 2905/2515 3024/2521
f 2434/3903 2443/538 3083/2227
f 2540/2692 3286/1941 3233/2691
f 2781/2650 1937/2492 2057/1578
f 1903/3687 1859/3641 528/3904
f 2429/1247 2971/2795 2862/3764
f 3065/1056 1495/513 2756/2660
f 2426/2635 2836/3784 2985/2596
f 2426/2635 2693/2741 2836/3784
f 2422/3905 3177/2583 3141/2612
f 2422/3905 3129/3836 3177/2583
f 2422/3906 3141/3833 3002/3834
f 2422/3906 3002/3834 2685/3907
f 2422/3905 2685/3908 3129/3836
f 2419/2630 3245/2629 2983/3758
f 2419/2630 2983/3758 2943/3822
f 569/501 148/3635 3273/2382
f 2419/2610 2943/2733 2896/2624
f 2359/217 1420/215 1214/3292
f 2419/2610 2896/2624 3164/2605
f 2418/3909 3083/2227 2499/2223
f 2418/3909 3029/3910 2434/3903
f 2418/3909 3006/3911 3029/3910
f 2418/3909 2999/3793 3006/3911
f 2418/3909 2820/2762 2999/3793
f 2418/3909 2499/2223 2820/2762
f 2418/3909 2434/3903 3083/2227
f 3312/2535 2905/2515 2435/3902
f 2141/2988 1147/2951 3110/787
f 2414/2324 2584/2667 2599/2326
f 2414/2324 2559/3857 2584/2667
f 1844/3912 129/3756 70/3913
f 1077/2254 2994/2285 3053/2133
f 1869/3279 978/3583 2701/3278
f 2411/3782 1213/2766 2335/2353
f 2411/3782 2335/2353 2887/2351
f 2410/691 2765/697 2744/3813
f 2410/691 2744/3813 2715/3823
f 2409/3452 2626/3848 2631/2140
f 2994/2285 3305/2286 3053/2133
f 2402/2771 2975/3731 2935/747
f 2401/2011 2656/3914 2626/3848
f 2401/2011 2626/3848 2409/3452
f 350/2126 351/2094 352/2128
f 1386/3506 223/3444 89/3434
f 2399/648 2655/2799 2546/2803
f 2399/648 2472/3884 2655/2799
f 2394/3915 2619/2772 2601/179
f 2386/3916 2647/2800 2643/2801
f 2386/3916 2643/2801 2776/3801
f 2386/3916 2546/2803 2647/2800
f 2386/3916 2399/648 2546/2803
f 2383/3795 2656/3914 2401/2011
f 2656/3914 2383/3795 2645/3794
f 2380/2221 2667/846 2528/2788
f 2380/2221 2528/2788 2512/2793
f 2380/2221 2512/2793 2527/2220
f 2375/2345 2614/3917 2646/3918
f 2375/2345 2464/2344 2379/2777
f 2375/2345 2379/2777 2614/3917
f 2374/731 2648/2781 2595/729
f 2374/731 2646/3918 2614/3917
f 2365/736 2660/738 2457/2228
f 2364/2698 2778/3864 2587/3862
f 2364/2698 2747/3865 2778/3864
f 2364/2698 2525/2697 2747/3865
f 2363/2775 2648/2781 2374/731
f 2363/2775 2374/731 2614/3917
f 2362/3920 3044/3859 2626/3848
f 2362/3920 2656/3914 2391/2773
f 2362/3920 2626/3848 2656/3914
f 2362/3920 2394/3915 2601/179
f 2362/3920 2391/2773 2394/3915
f 1197/1838 1944/1836 3165/2392
f 1145/2911 2990/2913 1959/3879
f 2358/2362 2642/2363 2496/3921
f 2358/2362 2564/3922 2662/2569
f 2356/2461 3018/3730 2954/3741
f 2356/2461 1271/2247 3366/924
f 2356/2461 2993/1528 3018/3730
f 2356/2461 3366/924 2993/1528
f 2356/2461 2954/3741 2812/2460
f 2355/2735 2755/2713 2665/3842
f 2355/2735 2665/3842 2664/3844
f 2355/2735 2664/3844 2634/2712
f 2353/3923 2779/3855 2543/975
f 2353/3923 2576/2694 2779/3855
f 2351/3924 3025/2440 2672/2439
f 2351/3924 2672/2439 3084/3840
f 2349/2693 2587/3862 2540/2692
f 2349/2693 2364/2698 2587/3862
f 2346/2668 2583/2669 2494/3876
f 2346/2668 2494/3876 2592/2007
f 2342/3925 3232/3852 3197/3926
f 2342/2560 3197/3927 3050/1489
f 2342/3925 2605/2553 3232/3852
f 361/690 3288/446 1280/3928
f 1896/3930 1433/3929 1799/147
f 1610/1748 2208/1749 1598/2396
f 2339/2566 2843/2481 2881/2477
f 2339/2566 2791/2567 2843/2481
f 2338/2325 2797/2327 2613/2695
f 2338/2325 2613/2695 2576/2694
f 2338/2325 2576/2694 2353/3923
f 2337/2699 2769/3932 2444/3896
f 2337/2699 2444/3896 2536/2332
f 2336/2342 2375/725 2601/179
f 2333/948 2524/3866 2463/2331
f 2333/948 2463/2331 2534/3887
f 2332/3933 2534/3887 2350/3934
f 2332/3933 2333/948 2534/3887
f 2331/1309 3192/1292 2449/3895
f 2331/1309 2449/3895 3063/3935
f 1706/400 2676/480 2309/675
f 2678/3837 2672/799 501/800
f 2678/3837 501/800 496/795
f 2975/3731 2838/780 495/782
f 2131/744 2844/2295 2935/3779
f 444/3102 1625/2539 1627/3004
f 1499/3936 132/3755 1844/3912
f 1756/2924 2963/1760 1002/3573
f 1436/3017 391/3058 389/3059
f 1940/1818 1130/1796 1883/2100
f 1050/2132 3053/2133 3097/1766
f 1130/1796 1657/1797 1619/1878
f 1699/2987 2141/2988 3114/2215
f 1548/3938 1435/1259 1903/3687
f 2028/2125 404/1679 1939/1889
f 355/3939 2404/3314 327/3940
f 1851/3942 355/3939 619/1992
f 1774/3713 1738/3683 313/3510
f 1927/3789 71/3745 85/3746
f 3313/503 569/501 3273/2382
f 1909/134 1927/3789 85/3746
f 2462/3682 1731/3670 1753/3368
f 410/3352 3158/633 3249/3943
f 2178/611 3029/3910 3006/3911
f 1834/233 2887/2351 2897/3750
f 1834/233 2897/3750 2945/3944
f 1834/233 2411/3782 2887/2351
f 1679/3092 1568/3345 655/3093
f 1820/3699 2096/3704 1569/3945
f 1444/2141 345/2358 432/2267
f 3313/503 1143/120 3261/2371
f 1547/3667 463/855 1909/134
f 3042/2959 3067/2871 1985/2872
f 1569/3945 1827/2890 1820/3699
f 1945/871 1514/820 1626/873
f 1985/2872 3039/2900 3042/2959
f 517/824 2838/780 3134/2216
f 1589/1718 1578/2455 1991/1775
f 604/1241 963/979 3021/1132
f 1977/3646 1236/3946 1853/3947
f 3068/3948 1073/2895 3343/2916
f 3068/3948 3062/2910 1149/2906
f 2151/2253 3195/2598 58/3949
f 1003/1097 1267/3689 3087/1919
f 1977/3646 1853/3947 2902/3950
f 2181/1756 1382/1755 1041/1850
f 3225/3952 1059/3951 1058/2231
f 1679/3092 1721/1939 2130/3475
f 1059/3951 3313/503 3023/2917
f 968/2798 1572/2753 267/3771
f 1626/2661 2796/3218 3065/1056
f 2114/2897 3076/2908 3062/2910
f 2672/799 3028/765 487/775
f 968/2798 267/3771 1296/3953
f 2130/3475 1971/3608 1679/3092
f 3241/3094 2153/3060 1757/1783
f 1059/3951 3023/2917 1058/2231
f 1320/1904 1534/2406 1522/1773
f 1175/3413 1777/463 1218/3067
f 3241/3094 2202/3381 2227/3132
f 2404/3314 1918/3312 254/3954
f 1058/2231 3023/2917 1078/2301
f 2902/3958 1873/3956 1931/3957
f 566/3512 1417/973 382/583
f 1572/2753 1025/2794 267/3771
f 1833/643 3117/2841 2899/3959
f 2700/2444 2292/3960 3207/3167
f 2799/2646 2923/2804 1110/2648
f 2883/54 2692/3438 3150/3117
f 1022/1817 2194/1731 1130/1796
f 1757/1783 2202/3381 3241/3094
f 2227/3132 1218/3067 2198/3074
f 2231/3122 3253/2626 2215/3088
f 3087/1919 1267/3689 1554/3961
f 2677/3962 2789/760 478/764
f 1175/3413 2227/3132 1863/1784
f 2339/2566 1093/2505 2086/2822
f 2697/1646 25/3407 2730/3408
f 3107/1960 3250/2892 1138/2855
f 551/1256 1698/1269 1910/1894
f 1918/3312 2405/3313 1851/3942
f 2170/2577 1777/463 1175/3413
f 2131/2294 2789/761 3190/2296
f 980/1584 419/1585 2893/1565
f 2131/744 515/822 476/3963
f 3246/2894 3343/2916 1073/2895
f 3200/3294 3299/3404 2653/2178
f 1218/3067 2227/3132 1175/3413
f 1977/3645 1523/3435 1516/1628
f 2952/722 1506/372 1505/371
f 2246/3156 2240/3135 2216/1695
f 47/2995 2069/2996 2327/3964
f 2297/3161 3142/3571 2077/3160
f 2203/3072 2721/177 2710/3326
f 2975/3731 495/782 472/746
f 472/746 2935/747 2975/3731
f 2690/13 1107/14 2195/1640
f 471/743 2131/744 2935/3779
f 398/2973 2639/2979 957/2970
f 1581/190 1484/2050 215/1820
f 1294/114 434/112 315/3436
f 1738/3683 1774/3713 1094/3966
f 1072/1913 1766/2922 1155/1778
f 1147/2951 2141/2988 2124/2953
f 1990/2965 1147/2951 1995/2952
f 3301/2955 1194/2365 3099/2858
f 2811/3609 1173/3482 1679/3092
f 1809/3232 2124/2953 2141/2988
f 1771/2984 1779/2944 2644/2978
f 578/1674 1728/3242 1795/1673
f 1771/2984 2644/2978 2639/2979
f 2660/738 2365/736 465/735
f 578/1674 1729/1605 1309/1606
f 2136/2982 2864/3230 1630/2938
f 2105/556 2642/2363 2660/738
f 2105/556 2496/3921 2642/2363
f 2097/580 2564/3922 2358/2362
f 2097/580 2358/2362 2496/3921
f 1309/1606 1728/3242 578/1674
f 2639/2979 2864/3230 1771/2984
f 2228/2972 2124/2954 1809/2971
f 957/2970 3099/2858 2228/2972
f 2646/3918 2374/731 460/732
f 2136/2982 1771/2984 2864/3230
f 2646/3918 460/732 454/3968
f 407/1620 2476/2498 1701/2106
f 2476/2498 1702/2805 1701/2106
f 2646/3919 454/3969 453/724
f 453/724 2375/725 2646/3919
f 1779/2944 2136/2982 1770/1812
f 2052/841 2688/624 2054/836
f 2052/841 2666/3841 2688/624
f 2051/457 2719/851 2666/3841
f 2051/457 2666/3841 2052/841
f 2051/457 2071/861 2719/851
f 1839/2850 3100/2848 3343/2916
f 2838/780 488/825 450/781
f 971/828 2669/346 2519/512
f 2639/2979 2128/2977 2864/3230
f 2119/1193 486/43 1928/44
f 2832/1822 1760/1811 1770/1812
f 2048/224 2945/3944 2897/3750
f 2041/393 2623/3849 2621/2181
f 2040/3970 2897/3750 2549/3860
f 2040/3970 2549/3860 2623/3849
f 2040/3970 2048/224 2897/3750
f 2040/3970 2046/718 2048/224
f 2048/224 2046/718 446/720
f 646/2983 2137/2933 2832/1822
f 2032/273 2041/393 2621/2181
f 2025/714 2032/273 2468/2179
f 2032/273 440/322 439/3971
f 2048/224 446/720 438/225
f 2015/712 2071/861 2051/457
f 145/2497 1291/2708 2775/2707
f 2775/2707 1270/2501 145/2497
f 2766/3843 2765/695 435/698
f 435/698 2014/699 2766/3843
f 2011/630 2410/691 2715/3823
f 2410/691 428/656 427/680
f 2007/842 2667/846 2380/2221
f 2007/842 2380/2221 2382/353
f 2002/663 2630/2186 2667/846
f 2002/663 2006/3972 2630/2186
f 2560/325 2552/671 426/326
f 1981/614 2765/697 2410/691
f 534/845 2667/846 2007/842
f 424/669 2002/663 2667/846
f 1976/620 2552/671 2515/3869
f 1976/620 2515/3869 2472/3884
f 369/3101 486/43 1532/3261
f 2006/3972 2002/663 422/667
f 1441/1616 1740/2960 3080/1633
f 989/3246 2520/3973 2157/175
f 1962/330 1981/614 2410/691
f 1981/614 416/331 414/3974
f 1851/3942 2404/3314 355/3939
f 2063/2819 989/3246 2157/175
f 1957/653 411/635 408/3975
f 1957/653 408/3975 406/812
f 2014/699 430/700 403/646
f 1955/277 2664/3844 2665/3842
f 1955/277 2572/3856 2664/3844
f 403/646 1955/277 2014/699
f 1955/277 1966/220 2572/3856
f 1953/101 2399/648 2386/3916
f 619/1992 355/3939 1854/3976
f 1165/2472 1019/3158 1232/3114
f 2765/697 1981/614 396/632
f 2721/177 2243/3140 1204/2986
f 2086/2822 1093/2505 2058/2484
f 2405/3313 2404/3314 1851/3942
f 3252/3108 48/3107 2327/3978
f 2552/671 1976/620 381/622
f 2207/3012 2009/3336 1954/3980
f 2461/3086 2009/3336 2207/3012
f 1019/3158 1165/2472 2224/2467
f 1019/3158 2224/2467 2236/3157
f 2009/3336 2461/3086 2008/3332
f 2231/2888 47/2886 48/3979
f 2239/3134 1030/3981 2126/2619
f 1204/2986 1089/3113 2721/177
f 2170/3982 1175/3170 2673/2887
f 1499/1872 392/3518 2289/3223
f 25/3407 2697/1646 2635/194
f 1856/3668 132/3755 1548/3714
f 1880/3522 1840/3691 1843/3692
f 579/95 1515/91 2853/548
f 2250/3166 3252/2627 2238/3165
f 2246/3156 3252/2627 2250/3166
f 2126/2619 2702/3459 2793/2621
f 548/875 2719/851 2071/861
f 2246/3156 2250/3166 2242/3141
f 1907/796 3006/3911 2999/3793
f 1907/796 2999/3793 2678/3837
f 496/795 1907/796 2678/3837
f 572/645 1129/2384 2076/644
f 2224/2467 2238/3165 3252/2627
f 1907/796 365/797 362/610
f 1907/796 2178/611 3006/3911
f 362/610 2178/611 1907/796
f 1906/605 2595/729 2564/2568
f 1906/520 2564/3922 2097/580
f 1906/520 359/606 358/521
f 1017/3983 1648/2428 2679/2293
f 2710/1615 1441/1616 3019/3681
f 1856/3668 3224/3666 129/3756
f 2375/725 452/726 353/3985
f 2865/3986 2129/3421 2556/3422
f 1832/358 1825/3619 332/3152
f 528/3904 1859/3641 1850/854
f 1903/3687 1559/1257 1929/3430
f 3133/434 2640/1085 3124/2937
f 2097/580 349/587 346/607
f 2157/175 1183/1617 2710/1615
f 2721/174 2157/175 2710/1615
f 993/1631 1745/3640 3055/1776
f 1547/3667 71/3745 3224/3666
f 2660/738 469/739 343/570
f 343/570 2105/556 2660/738
f 1875/543 2496/3921 2105/556
f 1875/543 339/555 338/544
f 1875/543 2097/580 2496/3921
f 1856/3668 1561/3105 1547/3667
f 1223/485 1435/3690 1840/3691
f 1221/2816 107/1901 1101/3227
f 1221/2818 1101/3225 1098/2820
f 1221/2816 2072/1900 107/1901
f 2437/226 322/1189 2290/3502
f 1866/533 3029/3910 2178/611
f 1866/533 2443/538 2434/3903
f 1866/533 2434/3903 3029/3910
f 360/608 1866/533 2178/611
f 2443/538 335/532 334/3987
f 1866/533 336/609 331/534
f 1902/3709 1223/485 1840/3691
f 1543/407 964/454 1012/406
f 1089/176 2063/2819 2157/175
f 2105/556 342/571 330/557
f 1846/1564 1647/1684 2931/1680
f 2058/2484 1206/2471 2086/2822
f 1862/270 2365/733 2443/538
f 2036/3214 1089/176 3163/3111
f 2036/3214 2063/2819 1089/176
f 1531/132 1565/3642 395/3120
f 71/3745 2902/3950 70/3913
f 74/2821 2063/2819 2036/3214
f 1858/205 3082/316 3044/3859
f 1857/496 3044/3859 2362/3920
f 1857/496 319/514 317/509
f 1857/496 2362/3920 2601/179
f 1167/563 2432/3053 1185/3073
f 1931/3957 1873/3956 369/3101
f 1857/496 1858/205 3044/3859
f 1911/2817 1040/2485 2863/2601
f 1858/205 1857/496 312/499
f 1954/3014 2009/3335 637/540
f 1114/2823 2063/2819 1098/2820
f 1918/3312 1931/3957 1532/3261
f 369/3101 1532/3261 1931/3957
f 1849/248 2688/624 2735/443
f 254/3954 1918/3312 1532/3261
f 302/490 384/623 1849/248
f 1848/476 2715/3823 2706/3832
f 1848/476 2706/3832 1860/802
f 395/3120 1565/3642 1859/3641
f 1563/3988 1856/3668 1548/3714
f 1845/1991 619/1992 1854/3976
f 2521/2825 1734/3989 610/1657
f 525/832 2051/457 2052/841
f 2521/3990 862/1677 578/1674
f 2521/2825 54/1658 862/1692
f 292/442 2735/443 3085/429
f 369/3101 255/3131 1636/3100
f 288/424 1849/248 2735/443
f 1794/3631 386/3655 2060/3991
f 989/3246 2511/3992 2520/3973
f 1193/2118 376/3680 313/3510
f 1841/378 2046/718 2040/3970
f 1917/1567 255/1566 1873/3994
f 1841/378 2040/3970 2623/3849
f 2723/405 237/1086 1543/407
f 1747/2962 1183/1617 2520/3973
f 2032/273 439/3971 278/3996
f 2623/3849 2041/393 275/379
f 2511/3992 610/1657 1734/3989
f 2162/3998 2516/401 2163/3999
f 275/379 1841/378 2623/3849
f 1834/233 3134/2216 2411/3782
f 607/932 535/1793 975/834
f 3224/3666 71/3745 129/3756
f 1734/3997 2514/4000 1726/4001
f 989/3246 610/1657 2511/3992
f 1844/3937 619/1992 1499/1872
f 1795/1673 1895/3295 2514/4000
f 1734/3997 1726/4001 2511/3993
f 1726/4001 2514/4000 2504/4002
f 258/338 2382/353 2563/334
f 1216/3213 2699/3068 2203/3072
f 1747/2963 1120/1637 1712/1632
f 238/1188 1531/132 395/3120
f 1981/614 414/3974 250/615
f 1734/3997 2521/3990 2483/1672
f 1037/1618 2307/1214 407/1620
f 1516/1628 1487/1588 1977/3645
f 371/878 542/850 2719/851
f 1808/852 2706/3832 2719/851
f 1808/852 1860/802 2706/3832
f 2563/334 2560/325 247/327
f 1487/1313 1236/3946 1977/3646
f 383/1582 2873/494 261/4003
f 1493/3469 1176/1957 1132/62
f 2006/3972 422/667 242/323
f 1798/320 2630/2186 2006/3972
f 1748/1229 2162/3998 673/1228
f 1798/320 2025/714 2468/2179
f 242/323 1798/320 2006/3972
f 2069/2996 1232/3114 2236/3157
f 2032/273 278/3996 232/274
f 1230/1843 2588/3409 583/559
f 502/477 1848/476 1792/803
f 1792/803 1848/476 1860/802
f 1858/205 312/499 230/206
f 1873/3994 2902/3950 1853/3947
f 1873/3956 255/3131 369/3101
f 1890/3703 1867/3718 1669/511
f 3085/429 3082/316 229/318
f 1040/2485 2255/2536 2058/2484
f 1853/3947 1917/1567 1873/3994
f 1775/304 2715/3823 1848/476
f 578/1674 2483/1672 2521/3990
f 1775/304 2011/630 2715/3823
f 212/314 385/629 1775/304
f 297/305 1775/304 1848/476
f 1966/220 1955/277 211/302
f 1955/277 402/647 209/278
f 1909/134 85/3746 1547/3667
f 2514/4000 2483/1672 1795/1673
f 1548/3714 1850/4004 181/3106
f 1844/3912 132/3755 129/3756
f 2041/393 2032/273 208/275
f 2041/393 208/275 200/4005
f 2296/3237 2275/3201 2387/3307
f 1860/802 537/848 197/4006
f 197/4006 503/801 1860/802
f 1894/1204 61/3702 1881/3523
f 2223/2550 300/3062 2191/3063
f 1853/3947 1236/3946 1917/1567
f 2458/1686 1445/4007 1094/1688
f 2443/538 334/3987 195/269
f 195/269 1862/270 2443/538
f 1094/1688 2462/3682 1736/1689
f 1840/3691 1880/3522 1902/3709
f 619/1992 1844/3937 1851/3942
f 1895/3295 2504/4002 2514/4000
f 427/680 1761/329 2410/691
f 1761/329 182/681 180/4009
f 1761/329 180/4009 177/4010
f 1761/329 1962/330 2410/691
f 177/4010 249/328 1761/329
f 2504/4002 1895/3295 1724/1636
f 2453/897 672/706 1244/4011
f 2504/4002 1724/1636 1120/1637
f 1174/3411 1388/3493 2598/1614
f 1120/1637 1727/4012 2504/4002
f 2460/1635 1724/1636 1895/3295
f 323/53 24/3688 2771/4013
f 1890/3703 1820/3699 1694/4014
f 1256/461 1045/3221 1301/3283
f 1933/2242 1067/2233 1058/2231
f 2945/3944 2048/224 165/229
f 165/229 1834/233 2945/3944
f 1078/2302 142/2287 1950/2290
f 1881/3523 61/3702 1880/3522
f 1937/2492 1095/2074 2056/1577
f 1499/1872 619/1992 2218/1873
f 1712/1632 1745/3640 993/1631
f 1077/2254 1054/935 1950/2290
f 1850/854 1565/3642 1531/132
f 2372/3192 2334/3190 2279/3179
f 3303/4016 3306/4015 2109/627
f 1739/222 2776/3801 2572/3856
f 1739/222 2572/3856 1966/220
f 1739/222 2386/3916 2776/3801
f 1739/222 155/219 131/4017
f 1739/222 131/4017 130/4018
f 1739/222 130/4018 125/69
f 1966/220 211/302 124/221
f 1712/1632 1120/1637 1745/3640
f 3082/316 1858/205 122/218
f 2902/3950 1844/3912 70/3913
f 1740/2960 1441/1616 1183/1617
f 3080/1633 1740/2960 1712/2961
f 3207/3167 2292/3960 2287/1706
f 1747/2962 1740/2960 1183/1617
f 1956/1554 1896/3095 1381/914
f 2041/393 200/4005 117/394
f 2157/175 2520/3973 1183/1617
f 1120/1637 1747/2963 1727/4012
f 1726/4001 2520/3995 2511/3993
f 2504/4002 1727/4012 1726/4001
f 1747/2963 2520/3995 1727/4012
f 1726/4001 1727/4012 2520/3995
f 2375/725 353/3985 109/178
f 109/178 2601/179 2375/725
f 1734/3997 2483/1672 2514/4000
f 2835/2880 2839/4019 1722/2879
f 1569/3816 2713/599 2089/600
f 3043/2487 1822/2488 1512/934
f 1512/934 1090/2155 3043/2487
f 1723/4020 2766/3843 2014/699
f 1723/4020 2665/3842 2766/3843
f 1723/4020 2014/699 1955/277
f 1723/4020 1955/277 2665/3842
f 1090/2155 2957/2474 3043/2487
f 1445/4008 2368/3633 1794/3631
f 2704/626 2657/3572 2658/3576
f 2344/188 1404/169 2421/342
f 132/3755 1499/3936 1904/3697
f 2348/207 2428/4021 1403/187
f 510/227 2163/3264 375/4022
f 2184/3664 322/1189 2421/342
f 2344/188 2421/342 322/1189
f 1693/3684 1459/3643 1859/3641
f 2428/4021 2348/207 375/4022
f 1710/68 2386/3916 1739/222
f 2163/3999 2516/401 1121/4023
f 1901/3701 1890/3703 1847/357
f 1710/68 1953/101 2386/3916
f 125/69 1710/68 1739/222
f 81/94 97/100 1710/68
f 1705/817 2472/3884 2399/648
f 1705/817 2399/648 1957/653
f 1705/817 1976/620 2472/3884
f 512/816 1705/817 1957/653
f 43/818 519/831 1705/817
f 2320/416 3194/415 2176/4024
f 2320/416 581/410 540/411
f 1559/1257 1222/1258 272/2450
f 1716/3550 1722/2879 1713/3217
f 2318/4027 2316/4025 2306/1600
f 997/412 3194/415 540/411
f 1746/2948 1631/3501 2189/551
f 7/4028 2176/4024 2301/3191
f 3308/3253 11/3254 3298/4029
f 1542/2809 3300/1990 1924/1918
f 2109/627 2222/625 3303/4016
f 2146/3443 2183/228 2290/3502
f 1435/1259 1223/3742 1222/1258
f 3257/4030 485/3382 2823/2153
f 2424/390 2254/676 1509/389
f 2464/2344 3363/2343 1334/2688
f 90/2807 2663/2572 1303/2750
f 154/2808 1076/3079 2663/2572
f 1334/2688 3363/2343 1284/3507
f 457/261 1801/1595 370/1716
f 20/1683 1416/789 3120/790
f 21/364 1379/3566 1993/3549
f 1592/287 1791/3330 50/288
f 1395/1281 2946/2573 3052/3751
f 3017/2441 3119/1389 841/1390
f 3019/3984 2878/1831 2710/3326
f 3187/3770 3144/1381 837/1382
f 2523/4031 2843/2482 2791/3931
f 2292/3960 3080/1630 993/1631
f 2822/2411 2456/1627 2396/2288
f 3365/2373 3209/2266 3352/1946
f 1082/1860 310/2236 1199/2389
f 1646/1064 1751/2751 2685/3907
f 2870/3761 2806/2458 1402/2829
f 3350/369 1925/268 2982/368
f 3227/4033 3282/4032 164/4034
f 3225/3952 5/2347 3313/503
f 1471/2877 3227/4033 164/4034
f 1713/3217 1695/2927 1716/3550
f 1693/3153 1503/483 2787/3700
f 2593/4036 2590/4035 2239/3134
f 1296/3953 267/3771 1020/3753
f 2990/2913 3062/2910 3068/3948
f 1149/2906 1073/2895 3068/3948
f 1009/2674 2081/1943 2918/1944
f 2555/1099 2814/2412 2813/2409
f 3362/1110 2767/3769 3004/3791
f 1525/1237 2925/2410 2866/1301
f 2780/2511 1021/2727 1630/2545
f 1683/2687 2497/3872 998/3708
f 2738/2730 1682/1840 1684/1841
f 3119/1389 2868/1343 835/1379
f 2150/2462 2780/2511 1768/2544
f 1402/2829 2806/2458 638/2453
f 1684/1841 1685/1842 2716/2625
f 2718/2507 998/3708 2714/3824
f 2714/3824 998/3708 2497/3872
f 2918/1934 1000/2617 1151/2618
f 2989/4039 1587/4038 1622/4040
f 1641/4041 3015/2448 2803/2451
f 1641/4041 2803/2451 1605/4042
f 1937/2492 2781/2650 2816/2655
f 1826/3267 1226/3198 1898/3219
f 1052/1767 3074/1768 2972/2632
f 1936/3045 1454/3047 1884/3250
f 457/261 49/259 972/1202
f 2126/2619 1030/3981 2204/4043
f 2795/2769 1044/2680 3266/1853
f 164/4034 3282/4032 1583/4044
f 1583/4044 3282/4032 10/4045
f 3080/1630 2292/3960 2700/2444
f 3019/3984 2700/2444 2878/1831
f 2432/3053 2198/3074 1185/3073
f 2153/3060 2198/3074 2432/3053
f 1380/2737 2464/2344 82/2802
f 3256/1711 2681/2742 1751/2751
f 482/3168 3237/2551 2499/2761
f 1660/1710 2830/2421 2829/2743
f 267/3771 1025/2794 333/2789
f 3159/1536 3121/1372 831/1375
f 3207/3167 661/182 1539/1830
f 1793/2813 1144/2063 1057/2176
f 968/2798 1296/3953 329/2797
f 1663/1288 2830/2421 1660/1710
f 2086/2822 1232/3114 2339/2566
f 2622/727 1505/3503 1502/351
f 1057/2176 1980/2592 1793/2813
f 29/4046 2981/3845 1069/1861
f 833/1377 2937/1271 3220/1376
f 2413/3266 2089/600 588/598
f 1931/3957 1918/3312 1851/3942
f 1069/4047 3165/2392 29/2390
f 536/230 2516/401 2162/3998
f 3144/1381 2794/1357 823/1359
f 1663/1288 2837/3786 2831/2423
f 2727/263 3278/243 139/3644
f 2834/3740 2837/3786 1663/1288
f 3264/1580 3258/3440 3320/3143
f 3055/1776 2287/1706 993/1631
f 1694/4014 1847/357 1890/3703
f 1847/357 1832/358 1901/3701
f 2287/1706 2292/3960 993/1631
f 3110/787 3114/2215 2141/2988
f 2685/3835 2849/3781 3154/3780
f 3266/1853 960/1854 3286/1941
f 2714/2211 2497/3875 3112/2208
f 3179/3772 2870/3761 1402/2829
f 1215/464 1202/3066 1777/463
f 1402/2829 2959/3774 3179/3772
f 1946/3693 132/3755 1904/3697
f 1134/2837 2337/2699 1133/2700
f 2536/2332 1749/1787 1133/2700
f 1134/4048 1838/2839 2750/2705
f 1101/3227 2073/1899 108/2499
f 1528/2893 1680/1848 1152/1849
f 3100/119 1143/120 3345/2356
f 1020/3753 1537/2790 1296/3953
f 2700/2444 3019/3984 3080/1630
f 3042/2959 1142/2882 3067/2871
f 3042/2941 3301/2942 1142/2884
f 2769/3810 1134/4048 2750/2705
f 2306/1600 459/864 2318/4027
f 1124/1786 1749/1787 2463/2331
f 3249/3943 1010/3175 2232/3601
f 2455/1324 3057/1346 819/1325
f 58/3949 1564/3025 2151/2253
f 1209/959 1372/3393 1261/572
f 817/1341 2868/1343 3211/1338
f 630/1152 491/577 1290/3388
f 1663/1288 3327/4050 2834/3740
f 1825/3619 1714/3154 332/3152
f 3097/1766 3305/2286 3074/1768
f 2616/2902 2611/2903 2114/2897
f 602/1808 1767/2704 674/2873
f 1760/1811 611/1807 602/1808
f 3159/1536 831/1375 814/4051
f 814/4051 944/1535 3159/1536
f 2463/2331 2495/2340 1124/1786
f 3274/4052 2759/2763 2806/2458
f 58/1609 3195/2599 986/1608
f 2639/2979 398/2973 2128/2977
f 2259/3649 3158/633 410/3352
f 1402/2829 2874/3851 2959/3774
f 3326/2565 2874/3851 1402/2829
f 2616/2902 3342/3652 2611/2903
f 3238/3757 2500/3871 2728/2722
f 3068/4037 3343/3877 2990/3878
f 2769/3932 2337/2699 1134/2837
f 2976/2774 2018/2339 2495/2340
f 70/3913 129/3756 71/3745
f 811/1334 824/1360 2947/1333
f 1720/1777 78/77 3181/78
f 966/785 2304/3195 2274/1897
f 1759/1785 2115/2975 1934/2398
f 1751/2751 3331/2036 2849/4053
f 1561/3105 1563/3988 181/3106
f 1094/3966 1445/4008 1738/3683
f 1412/4055 2222/625 2257/3353
f 1499/3936 2289/3787 1843/3692
f 1374/3139 3318/3600 410/3352
f 661/2083 1786/2029 1590/1931
f 2780/2511 2880/2510 2513/2142
f 1838/2839 1767/2704 2750/2705
f 2439/3 2545/3500 491/577
f 1400/4057 1406/4056 1419/4058
f 3352/1945 3172/1942 3365/2372
f 3365/2372 3172/1942 2972/2632
f 126/4060 1560/4059 57/4061
f 1560/4059 126/4060 1567/4062
f 3249/3943 2257/3353 410/3352
f 383/1582 3320/3143 2873/494
f 2241/3439 2235/4063 2618/3417
f 984/2883 982/2904 983/1970
f 2899/3959 1823/1921 1833/643
f 3342/3652 2616/2902 1145/2911
f 146/238 1575/21 14/99
f 2107/4064 2251/3450 1321/387
f 1192/1581 522/3593 3168/3665
f 2092/1332 808/1331 807/4065
f 23/3451 520/3340 1321/387
f 1890/3703 2096/3704 1820/3699
f 1505/3503 2575/40 2577/1307
f 2930/135 2412/3315 224/137
f 2713/1205 1569/3945 2096/3704
f 383/1582 261/4003 1192/1581
f 148/3635 569/501 1056/2350
f 1696/3251 1704/3249 1708/3057
f 1001/4066 1317/2714 1373/2716
f 1548/3714 132/3755 1946/3693
f 3263/3592 3040/3648 3318/3600
f 1373/2716 1398/2723 1001/4066
f 3282/4032 3227/4033 3126/1996
f 2230/4068 2807/4067 2120/3575
f 80/4069 1317/2714 1001/4066
f 2018/2339 2976/2774 1677/2833
f 1828/356 1827/2890 1884/3250
f 120/4071 1615/4070 10/4045
f 152/1649 1645/1603 235/692
f 2784/3529 2889/3899 1021/2727
f 2681/2752 2894/3788 1656/2739
f 1406/4056 1400/4057 1279/4072
f 3313/503 1059/3951 3225/3952
f 554/1610 3320/3143 3258/3440
f 89/3434 1334/2688 2833/3508
f 1406/4056 1599/210 1419/4058
f 1557/4073 1591/208 1595/209
f 1024/3351 2720/3448 2484/3350
f 1265/474 1267/3689 1003/1097
f 973/49 635/966 1426/3236
f 2581/741 1743/2993 1687/740
f 1615/98 14/99 1633/4074
f 311/2188 1308/752 15/1298
f 1633/4074 14/99 1575/21
f 311/2213 374/2189 494/339
f 2981/3845 29/4046 1063/2335
f 2073/1899 1101/3227 107/1901
f 1419/4075 1599/2710 2754/2711
f 1628/3318 1826/3267 1888/239
f 3252/2627 2327/3964 2224/2467
f 3008/493 2226/634 3040/3648
f 2873/494 3008/493 261/4003
f 1683/2687 2895/3829 2497/3872
f 2768/2684 2895/3830 1683/2686
f 2327/3965 48/3979 47/2886
f 3342/3652 1540/2355 2610/2391
f 1558/4076 57/4061 1560/4059
f 3158/633 2259/3649 2226/634
f 57/4061 1556/4077 126/4060
f 1673/140 2211/1866 1796/1824
f 1796/1824 1666/139 1673/140
f 535/1793 607/932 3058/138
f 1676/4078 1597/297 1574/298
f 3120/790 1390/201 644/3567
f 3120/790 644/3567 20/1683
f 2259/3649 410/3352 3318/3600
f 3298/4029 2257/3353 3308/3253
f 498/466 1213/2767 593/2374
f 1425/4079 1556/4077 1552/1664
f 1241/4080 3157/1705 3293/1704
f 3305/2286 142/2287 3261/2918
f 2232/3601 2257/3353 3249/3943
f 1967/1935 2927/118 1000/2617
f 2825/806 1006/375 2922/470
f 2682/1619 407/1620 985/1604
f 2222/625 1412/4055 3303/4016
f 491/577 2545/3500 2871/576
f 3158/633 1010/3175 3249/3943
f 2089/600 2413/3266 1115/3317
f 2257/3353 2704/626 2244/3138
f 432/2267 221/2116 1444/2141
f 3156/3416 2256/4081 3166/3570
f 3308/3253 2232/3601 1010/3175
f 3318/3600 3040/3648 2259/3649
f 2807/4067 2984/4082 2118/3574
f 1729/1605 862/1677 3128/1675
f 3069/2336 1075/2361 2611/2903
f 2890/1336 2455/1324 806/1329
f 2807/4067 1375/3587 2984/4082
f 146/238 1640/103 1655/370
f 1001/4066 1567/4062 80/4069
f 3306/4015 3303/4016 3298/4029
f 3318/3600 263/82 3263/3592
f 2716/2625 2896/2624 2738/2730
f 1470/337 1091/2034 1490/1300
f 3190/2298 2911/2768 2400/2299
f 3062/2910 75/2901 2114/2897
f 3365/2372 2972/2632 3261/2918
f 82/2802 421/2689 1136/341
f 2446/3594 1628/3318 1888/239
f 3298/4029 3303/4016 1412/4055
f 80/4069 1527/4083 1305/4084
f 1118/3275 497/1575 2709/1576
f 3298/4029 1412/4055 2257/3353
f 3297/3402 3284/3596 3299/3404
f 2608/2865 1688/240 1855/241
f 3200/3294 3150/3117 2568/3403
f 1571/2090 1477/2068 1409/73
f 367/332 508/141 1886/419
f 1977/3645 1531/132 1982/1087
f 2078/2620 2793/2621 3296/3560
f 89/3434 291/2206 1136/341
f 291/2206 89/3434 257/3405
f 2704/626 2257/3353 2222/625
f 1287/2786 1001/4066 1398/2723
f 2187/4085 2331/1309 3063/3935
f 2200/4086 3149/3734 2946/3744
f 2200/4087 3026/3802 2966/3733
f 2200/4086 2966/3736 3149/3734
f 2205/32 3028/765 3017/1436
f 1573/2057 1476/2058 1571/2090
f 39/33 2205/32 1457/9
f 3087/1919 1554/3961 1287/2786
f 1645/1603 150/1650 3356/1666
f 1556/4077 1425/4079 126/4060
f 2936/2368 2750/2705 2928/2706
f 3288/446 361/690 1541/721
f 2748/3808 2745/3818 2921/3807
f 2594/728 2293/2862 2067/2614
f 10/4045 3126/1996 120/4071
f 2767/3769 485/3382 2821/2408
f 2488/2352 1537/2790 2479/2183
f 2471/3432 2324/574 2556/3422
f 3010/2651 2816/2655 2781/2650
f 3297/3402 2241/3439 2617/3569
f 3269/1168 3026/3728 2200/1170
f 361/690 204/927 1541/721
f 1017/4088 1054/935 1043/933
f 114/1924 2654/1922 1479/144
f 564/381 1088/1886 318/3293
f 1510/926 1111/843 557/1781
f 565/472 1553/473 1267/3689
f 1558/4076 1265/474 2788/1667
f 2788/1667 1556/4077 57/4061
f 2788/1667 1552/1664 1556/4077
f 3045/2600 2957/2474 1044/2680
f 1635/2830 112/3148 662/2834
f 1560/4059 1567/4062 1553/473
f 2286/947 2746/1478 3005/2369
f 1829/2836 1756/2924 1838/2838
f 1567/4062 126/4060 80/4069
f 1553/473 1558/4076 1560/4059
f 1597/297 1576/4090 175/3228
f 1148/2349 569/504 5/502
f 1896/3095 2608/2865 1755/3076
f 2074/395 2065/4092 2912/2613
f 1267/3689 1553/473 1554/3961
f 142/2287 2994/2285 1950/2290
f 3313/503 3273/2382 1143/120
f 1601/4093 2912/2613 2065/4092
f 3063/1285 2449/1311 800/1286
f 57/4061 1558/4076 2788/1667
f 1463/1936 141/1806 53/60
f 3192/1292 2331/1309 798/1293
f 2810/2284 3192/1292 796/1294
f 53/60 141/1806 1580/59
f 2548/2784 3334/3677 273/3675
f 2187/955 3063/1285 794/1287
f 2361/2576 1395/1280 792/1282
f 1605/4042 2803/2451 1609/2397
f 3261/2918 142/2287 3023/3955
f 3242/468 133/4095 1861/1959
f 1433/285 1896/3095 1956/1554
f 143/4098 3137/4096 185/4097
f 789/1279 828/1368 2395/1277
f 3225/3952 2968/2229 5/2347
f 2186/4101 3334/4099 2548/4094
f 1558/4076 1553/473 1265/474
f 1069/4047 1197/1838 3165/2392
f 588/598 553/1206 33/3197
f 3205/2748 2971/2795 2440/2420
f 133/4095 3242/468 115/2375
f 1643/18 146/238 1655/370
f 2135/3064 378/2469 2017/2470
f 1660/1710 2681/2742 3256/1711
f 2761/2145 1939/1889 1963/1643
f 3240/2652 2937/1271 788/1273
f 2984/4082 2658/3576 2118/3574
f 1839/2850 3107/1960 1960/2851
f 788/1273 3009/1274 3240/2652
f 1554/3961 1001/4066 1287/2786
f 1554/3961 1553/473 1567/4062
f 183/22 115/2375 243/24
f 1567/4062 1001/4066 1554/3961
f 3298/4029 3166/3570 2256/4081
f 2610/2391 2611/2903 3342/3652
f 174/1656 3293/3144 2736/3145
f 2294/1261 2851/3773 3236/2554
f 1078/2302 3023/3955 142/2287
f 1042/2232 1067/2233 143/2241
f 1552/1664 616/688 3202/689
f 2629/2346 2645/3794 1284/3724
f 2807/4067 2118/3574 2120/3575
f 1789/2148 998/3708 2718/2507
f 2645/3794 2391/2773 2656/3914
f 399/3089 1087/3090 2469/2364
f 3284/3596 2220/4102 3299/3404
f 2692/3438 2568/3403 3150/3117
f 2948/3319 158/3320 2950/4104
f 1664/2747 1665/2746 1852/3401
f 3198/2067 3213/813 3101/3653
f 1587/4038 1570/4105 1639/444
f 80/4069 126/4060 1527/4083
f 1279/4072 1400/4057 1280/3928
f 1050/2132 1052/1767 2957/2474
f 1298/3540 176/3533 1180/160
f 3203/2891 1141/2402 1157/1847
f 2730/3408 2310/3341 520/3340
f 1419/4058 1305/4084 1425/4079
f 1062/2334 3137/2272 1140/2393
f 11/4107 2220/4106 3284/4103
f 3140/4108 2593/4036 2192/3133
f 59/2504 641/791 306/2503
f 3275/1517 3098/2459 2851/3773
f 3275/1517 2851/3773 2294/1261
f 2480/3248 96/3749 95/2915
f 3146/601 556/3446 3332/3447
f 2214/960 2898/968 287/3394
f 2780/2511 2987/2143 2784/3529
f 2513/2142 2987/2143 2780/2511
f 2910/1231 2848/1222 782/1233
f 235/692 1552/1664 152/1649
f 2069/2996 2339/2566 1232/3114
f 2477/1108 2947/1333 2933/2647
f 2012/3273 2067/2614 2293/2862
f 1282/2035 374/1299 1490/1300
f 1527/4083 126/4060 1425/4079
f 1425/4079 1305/4084 1527/4083
f 927/1505 3115/1506 2961/3738
f 207/4109 634/250 1999/3660
f 780/1508 845/1393 3115/1394
f 3011/1328 171/582 1283/3537
f 2570/1404 2794/1357 2711/2506
f 2679/2293 1140/2393 143/2241
f 962/1682 2815/2840 2855/3548
f 874/1358 2794/1357 2570/1404
f 273/2676 1097/3676 305/426
f 1241/2559 3293/3144 174/1656
f 1845/1991 1854/3976 2609/1297
f 1241/2559 2653/2178 11/3254
f 2597/1200 1641/4041 1605/4042
f 447/2265 1080/7 1083/6
f 1419/4058 1425/4079 1400/4057
f 3116/3496 176/3533 2219/3495
f 3202/689 1280/3928 1400/4057
f 1060/2259 3137/2278 1947/2320
f 2219/3495 176/3533 26/151
f 257/3405 1299/1952 1139/1980
f 2973/4111 1836/3659 1193/2118
f 2477/1103 920/1491 778/1105
f 2585/3427 2475/3464 2659/86
f 2585/3427 179/1078 2314/129
f 246/3535 2053/397 2067/2614
f 2300/3208 2357/3180 1207/3212
f 1400/4057 1425/4079 3202/689
f 3187/3770 837/1382 777/1248
f 1273/4112 1762/3698 2951/1596
f 3299/3404 2220/4102 11/3254
f 2609/526 573/515 1821/4114
f 1193/3712 2551/4115 1650/4116
f 463/855 181/3106 1850/4004
f 181/3106 1563/3988 1548/3714
f 205/4117 273/2676 305/426
f 143/4098 185/4097 1042/2378
f 185/2377 3137/2278 1061/2277
f 270/554 1941/455 964/454
f 1099/2493 1100/2073 1095/2074
f 2523/4031 1586/1411 2843/2482
f 2165/4118 2109/627 3306/4015
f 3193/3656 262/3657 2043/3586
f 2068/1696 2215/3088 2216/1695
f 1293/25 187/26 1311/660
f 187/26 1310/3215 1311/660
f 885/1437 1457/9 2205/32
f 1044/2680 2957/2474 3266/1853
f 2433/1513 2429/1247 775/1246
f 1425/4079 1552/1664 3202/689
f 1876/4119 1228/657 658/829
f 553/1206 588/598 2713/599
f 3202/689 361/690 1280/3928
f 2530/1243 773/1242 772/4120
f 2530/1243 772/4120 771/4121
f 305/426 3304/4122 205/4117
f 1193/3712 2650/3658 2551/4115
f 1676/4078 1574/298 1448/4123
f 1622/4040 164/4034 1595/209
f 2470/3885 2469/2364 3354/4125
f 1612/3605 175/3604 1576/4091
f 2421/342 2352/3289 2334/3190
f 1054/935 1017/4088 2679/2292
f 1069/1861 609/2333 1082/1860
f 1817/1290 1672/3754 988/3098
f 530/1144 3191/1145 2263/809
f 2989/4039 1622/4040 1595/209
f 959/783 991/51 973/49
f 796/1294 2866/1301 2810/2284
f 2343/388 1251/3277 2026/677
f 16/3398 2569/651 2565/561
f 2569/651 594/649 2482/3348
f 2555/1099 3004/3791 2814/2412
f 207/4109 1254/252 634/250
f 3225/3952 1058/2231 2968/2229
f 1129/2637 1084/2673 1151/2847
f 1111/843 1510/926 2819/1602
f 963/979 2366/398 3021/1132
f 3298/4029 2253/4126 3306/4015
f 1948/4127 216/568 1988/4128
f 2068/3146 2170/2577 2673/2889
f 1226/3198 2413/3266 33/3197
f 3291/1406 2925/2410 1525/1237
f 1836/3577 2973/4110 65/3607
f 1195/564 1461/565 194/578
f 3156/3416 2593/4036 2165/4118
f 2245/3142 2242/3141 2250/3166
f 1583/4044 10/4045 1557/4073
f 2242/3141 2240/3135 2246/3156
f 104/1882 563/196 121/1884
f 586/107 1170/541 451/539
f 634/250 1905/3705 2284/3706
f 2348/207 2344/188 510/227
f 3070/3445 2807/4067 3162/3565
f 2067/2614 2622/727 2594/728
f 2343/388 2398/3311 1251/3277
f 1546/4131 879/1431 769/4130
f 2758/3804 1419/4075 2744/3813
f 1711/2997 1648/2428 2812/2460
f 2685/3907 3002/3834 2693/2741
f 3354/4125 882/1662 2470/3885
f 329/2797 1287/2786 2546/2803
f 3124/2937 2640/1085 3139/1083
f 2980/1071 604/1241 2917/876
f 3162/3565 2807/4067 2230/4068
f 2570/1404 2974/3747 3215/1252
f 2570/1404 2711/2506 2974/3747
f 1816/167 521/165 1913/4132
f 1818/3545 635/3498 2133/420
f 2590/4035 2593/4036 3156/3416
f 2369/4133 2270/856 581/410
f 1026/1076 1893/1589 255/3131
f 2408/3316 224/137 2412/3315
f 1570/4105 1587/4038 2989/4039
f 1517/750 2384/417 1421/216
f 2565/561 2588/3410 16/3398
f 2588/3410 1212/3397 16/3398
f 228/2854 2104/2843 3117/2841
f 2104/2843 228/2854 1680/1848
f 164/4034 1583/4044 1595/209
f 1039/264 1935/262 2284/3706
f 10/4129 1575/21 1557/19
f 2204/4043 2590/4035 3156/3416
f 1676/2401 62/2399 1576/4091
f 1125/2923 2899/3959 3117/2841
f 3150/3117 2094/2109 2883/54
f 514/359 244/3239 2423/361
f 2442/588 233/3349 594/649
f 1420/215 1421/216 2384/417
f 1473/3103 444/3102 1472/3129
f 997/412 322/1189 3194/415
f 3345/2356 3343/2919 3100/119
f 1612/3605 1576/4091 62/2399
f 2984/4082 1375/3587 1374/3139
f 233/3349 18/3343 2482/3348
f 2320/416 2173/4134 2369/4133
f 2183/228 2370/292 2163/3264
f 1576/4090 1597/297 1676/4078
f 157/312 1427/1993 167/1995
f 1776/916 2030/3034 1273/4112
f 166/367 104/1882 189/17
f 1829/2836 1103/1788 1756/2924
f 1599/210 1406/4056 2989/4039
f 192/1758 3054/1805 667/1726
f 9/4135 2070/3209 2264/3204
f 1485/1685 248/2042 190/15
f 667/1726 3054/1805 2956/1713
f 2594/728 1502/351 2571/349
f 2273/3654 2684/1703 2686/784
f 1984/3544 2357/3180 2260/3288
f 1319/3087 153/3453 1150/2198
f 2354/4136 2369/4133 2173/4134
f 2578/3372 251/3454 2574/531
f 2264/3204 3032/857 2271/858
f 2523/1212 934/1527 764/1213
f 2184/3664 2301/3191 2176/4024
f 590/3260 2266/236 2050/4137
f 2176/4024 2173/4134 2320/416
f 1686/684 1884/3250 1827/2890
f 2290/3502 997/412 1631/547
f 1002/3573 2899/3748 1125/2925
f 2597/1200 3211/1338 3015/2448
f 2597/1200 3015/2448 1641/4041
f 1570/4105 1406/4056 1279/4072
f 1241/2559 174/1656 60/1655
f 941/1339 3211/1338 2597/1200
f 2989/4039 1406/4056 1570/4105
f 3180/1997 3126/1996 3227/4033
f 1074/2896 547/2899 1070/2909
f 3282/4032 3126/1996 10/4045
f 7/4028 2301/3191 2372/3192
f 269/427 3304/4122 305/426
f 226/3415 257/3405 223/3444
f 1612/3605 62/2399 1446/2385
f 1070/2909 1137/2404 1141/2402
f 2759/2763 3025/2440 2351/3924
f 1097/3676 2186/4100 3344/2434
f 1192/1581 261/4003 3040/3648
f 1443/3686 2147/4138 1744/4139
f 2147/4140 979/665 1744/3669
f 2308/3181 2334/3190 2352/3289
f 3040/3648 261/4003 3008/493
f 2147/4140 56/666 979/665
f 2906/3590 262/3584 1397/3672
f 1140/2393 3137/2272 143/2241
f 1594/2457 1579/2279 2095/2407
f 2176/4024 3194/415 2184/3664
f 1397/3672 262/3584 3258/3440
f 2421/342 2334/3190 2184/3664
f 2260/3288 2167/170 1984/3544
f 1615/4070 120/4071 1614/4141
f 1614/4141 120/4071 1588/4142
f 263/82 559/202 492/81
f 2627/482 1506/372 2929/723
f 2622/727 2067/2614 2912/2613
f 2167/170 2352/3289 2421/342
f 3176/3661 2123/3637 2282/1017
f 2296/3237 1171/3234 3339/3200
f 2968/2276 1086/2274 1148/2258
f 553/1203 1881/3523 1497/3002
f 2351/3924 3031/3839 2820/2760
f 2498/403 2329/136 2969/1194
f 2282/1017 2123/3637 2047/4143
f 2167/170 2260/3288 2352/3289
f 3107/1960 1138/2855 3117/2841
f 2227/3132 2202/3381 1863/1784
f 1149/2906 3248/2856 1073/2895
f 266/1133 442/399 2498/403
f 277/3465 55/1978 114/1924
f 1403/187 2428/4021 202/4144
f 497/1575 1118/3275 2012/3273
f 2777/3650 1626/235 2756/2662
f 55/1978 213/1923 114/1924
f 758/1183 2591/1184 2620/1187
f 1471/2877 1622/4040 3206/1583
f 573/515 3347/3679 1821/4114
f 202/231 3013/402 536/230
f 1121/4023 375/4145 2163/3999
f 2575/40 2622/727 1601/4093
f 1614/3338 1604/4147 241/85
f 882/1662 3047/2224 2457/2228
f 2761/2145 1963/1643 967/2076
f 466/2549 641/791 356/792
f 972/1202 2951/1596 36/1201
f 2183/228 2437/226 2290/3502
f 1186/898 1651/1075 504/1570
f 3217/3588 3101/3653 3041/3551
f 983/1970 1528/1971 984/2883
f 1958/438 1186/898 504/1570
f 2146/3443 2370/292 2183/228
f 455/127 370/1716 1785/4148
f 2254/676 2309/675 562/459
f 1929/3430 272/2450 1503/486
f 1503/486 1693/3684 1929/3430
f 2162/3998 1748/1229 536/230
f 18/3343 1263/57 1248/55
f 99/2193 198/2214 1257/849
f 1676/2401 1448/4124 88/2400
f 2442/588 18/3343 233/3349
f 1544/168 1404/169 202/4144
f 202/4144 1404/169 1403/187
f 1497/3001 848/2827 553/1206
f 55/1977 277/3539 84/1979
f 1401/2111 1612/3605 102/2110
f 277/3465 113/145 198/2214
f 2183/228 2163/3264 510/227
f 3248/2856 1138/2855 3250/2892
f 1566/1665 280/71 73/92
f 1452/753 325/1179 1109/173
f 2771/4013 2235/4063 2241/3439
f 1424/1875 2139/862 2636/863
f 1612/3605 1446/2385 102/2110
f 1540/2355 1145/2911 1959/3879
f 1056/3636 1063/2273 1540/2355
f 3273/2382 148/3635 1540/2357
f 1070/2909 3341/2907 3076/2908
f 2267/3194 294/3240 2269/4149
f 3171/3244 1266/3270 1275/213
f 2269/4149 294/3240 1246/639
f 2371/3389 3147/3342 2574/531
f 2132/896 3191/1145 672/706
f 2253/4126 3298/4029 2256/4081
f 2109/627 3142/3571 2657/3572
f 3298/4029 2612/3418 3166/3570
f 1891/110 2213/111 1812/2099
f 2224/2467 2327/3964 2069/2996
f 604/1241 2012/3273 2293/2862
f 2210/3561 3140/4108 3296/3560
f 1942/2101 1940/1818 1883/2100
f 2568/3403 2241/3439 3297/3402
f 191/313 1496/2028 100/2005
f 1146/2934 674/2873 1764/2868
f 2499/2225 3047/2224 882/1662
f 2617/3569 2612/3418 3292/3595
f 2397/3374 2385/3392 1022/1817
f 1022/1817 1942/2101 2397/3374
f 2590/4035 2204/4043 1030/3981
f 673/1228 2162/3998 2060/3991
f 2210/3561 2109/627 2165/4118
f 2566/589 2442/588 594/649
f 1253/650 2385/3392 594/649
f 2606/3159 2793/2621 2702/3459
f 2454/65 1258/3385 2720/3448
f 300/2974 1203/3096 1107/2976
f 2635/194 2252/488 2310/3341
f 2912/2613 1601/4093 2622/727
f 2012/3273 604/1241 497/1575
f 2704/626 2109/627 2657/3572
f 1602/586 1603/1712 1549/1780
f 1658/1821 1253/650 3239/3426
f 2702/3459 1372/3393 2606/3159
f 1418/1647 992/1645 1668/2084
f 287/3394 2606/3159 1372/3393
f 1997/4152 140/1033 139/3644
f 1658/1821 3239/3426 1418/1647
f 2612/3418 3298/4029 11/3254
f 3284/4103 2612/3597 11/4107
f 1374/3139 2658/3576 2984/4082
f 2704/626 2658/3576 1374/3139
f 2210/3561 2077/3160 2109/627
f 53/63 1119/1950 1604/4147
f 1668/2084 992/1645 2730/3408
f 2650/3580 2557/3581 2551/3602
f 3126/1996 1549/1780 1603/1712
f 325/1179 1245/2219 1257/849
f 2593/4036 3140/4108 2165/4118
f 2210/3561 2165/4118 3140/4108
f 2730/3408 2094/2109 1668/2084
f 1418/1647 3239/3426 620/193
f 3297/3402 3292/3595 3284/3596
f 2867/1798 996/1799 2859/3077
f 451/539 637/540 2190/3010
f 2120/3575 2658/3576 2628/1084
f 2120/3575 2640/1085 2230/4068
f 2628/1084 3142/3571 2325/4153
f 3306/4015 2253/4126 2165/4118
f 1179/3162 1312/3163 2865/3986
f 2204/4043 3156/3416 2618/3417
f 2256/4081 2165/4118 2253/4126
f 2204/4043 2121/4154 2126/2619
f 2230/4068 3133/434 3162/3565
f 2618/3417 2235/4063 2204/4043
f 2204/4043 2235/4063 2121/4154
f 2618/3417 2617/3569 2241/3439
f 2568/3403 3299/3404 3200/3294
f 2230/4068 2640/1085 3133/434
f 1603/1712 1588/4142 120/4071
f 2390/3306 2/3299 2387/3307
f 3252/3108 3253/2628 2231/3109
f 2777/3650 1970/3061 2544/237
f 3133/434 3130/435 3162/3565
f 239/2764 273/2676 205/4117
f 3296/3560 3140/4108 2192/3133
f 2165/4118 2256/4081 3156/3416
f 2760/3474 2898/968 1638/958
f 3142/3571 2109/627 2077/3160
f 2469/2364 1472/3129 444/3102
f 2117/2936 2628/1084 2760/3474
f 2297/3161 2606/3159 2325/4153
f 1633/4074 10/4129 1615/98
f 2262/3188 2264/3204 2276/3210
f 2628/1084 2640/1085 2120/3575
f 2469/2364 2358/2362 399/3089
f 1261/572 1372/3393 2702/3459
f 2077/3160 3296/3560 2793/2621
f 3296/3560 2192/3133 2078/2620
f 2159/376 2177/3050 2908/308
f 1603/1712 120/4071 3126/1996
f 2771/4013 2121/4154 2235/4063
f 1667/2418 1448/4124 1618/4156
f 2241/3439 290/52 2771/4013
f 2702/3459 2865/3986 2638/3424
f 1648/2428 1017/3983 1043/2246
f 2126/2619 2078/2620 2239/3134
f 1321/387 2315/385 2107/4064
f 1574/298 65/3016 2973/4111
f 24/3688 1177/3164 2771/4013
f 581/410 2320/416 2369/4133
f 2039/2534 2255/2537 2036/3214
f 2556/3422 2638/3424 2865/3986
f 290/52 2692/3438 2883/54
f 2142/2431 1051/2414 3118/3006
f 24/3688 23/3451 1177/3164
f 1321/387 2251/3450 23/3451
f 2635/194 2697/1646 1418/1647
f 2732/3460 2805/3461 2217/1563
f 1823/1761 1011/1762 572/2828
f 2579/3471 2116/3555 2732/3463
f 2649/350 2861/877 2571/349
f 1233/3431 2924/3252 2805/1561
f 2606/3159 2898/968 2325/4153
f 1233/3431 1209/959 2924/3252
f 2628/1084 2325/4153 2898/968
f 2290/3502 322/1189 997/412
f 294/3240 1426/3236 2303/641
f 2116/2935 328/433 3124/2937
f 1209/959 2214/960 1372/3393
f 287/3394 2898/968 2606/3159
f 2760/3474 2628/1084 2898/968
f 2126/2619 2865/3986 2702/3459
f 1638/958 1209/959 1233/3431
f 2192/3133 2593/4036 2239/3134
f 2608/2866 1799/147 1732/148
f 1639/444 1570/4105 1279/4072
f 2117/2936 3139/1083 2628/1084
f 2628/1084 2658/3576 2657/3572
f 2956/1713 3277/593 667/1726
f 3142/3571 2297/3161 2325/4153
f 139/3644 140/1033 1451/1031
f 813/1223 2848/1222 2890/1336
f 1179/3162 2865/3986 2126/2619
f 2638/3424 2324/574 2702/3459
f 2203/3072 2243/3140 2721/177
f 2590/4035 1030/3981 2239/3134
f 1179/3162 2121/4154 2771/4013
f 1179/3162 2126/2619 2121/4154
f 2816/2655 1291/2708 1937/2492
f 2738/2730 1691/1268 1682/1840
f 2956/1713 1463/1936 1588/4142
f 1618/4157 1123/2445 1607/2438
f 2771/4013 1177/3164 1179/3162
f 2315/385 2129/3421 2107/4064
f 1312/3163 2107/4064 2865/3986
f 2107/4064 1312/3163 2251/3450
f 2420/3321 564/381 137/382
f 2865/3986 2107/4064 2129/3421
f 1585/42 1601/4093 1983/814
f 1242/3238 2264/3204 2262/3188
f 2354/4136 2173/4134 7/4028
f 2272/3196 9/4135 2264/3204
f 1585/42 2575/40 1601/4093
f 3032/857 1242/3238 2680/860
f 2276/3210 2264/3204 2070/3209
f 1799/147 2608/2866 1896/3930
f 2184/3664 2334/3190 2301/3191
f 2070/3209 2372/3192 2279/3179
f 2176/4024 7/4028 2173/4134
f 2497/3872 3059/3827 3051/3831
f 3099/2858 2639/2979 2644/2978
f 1654/2033 1618/4157 2973/4111
f 2895/3829 3059/3827 2497/3872
f 2308/3181 2260/3288 2357/3180
f 1998/2991 1161/2964 2142/2994
f 1781/3044 1813/3075 3355/126
f 2300/3208 1429/3203 2276/3210
f 1544/168 2316/4158 1984/3544
f 2357/3180 459/4049 2305/910
f 1093/2505 1096/2483 2058/2484
f 2734/1174 751/1175 750/4159
f 2279/3179 2357/3180 2300/3208
f 2279/3179 2300/3208 2070/3209
f 2163/3264 2060/3265 2162/4151
f 2981/3845 609/2333 1069/1861
f 1429/3203 2300/3208 1207/3212
f 3096/3070 1201/452 1187/3051
f 1492/2004 219/2022 253/2018
f 49/259 1790/260 1443/3686
f 1188/3009 2212/2463 1189/3036
f 2075/3515 3333/3304 244/3239
f 2369/4133 2354/4136 2272/3196
f 2272/3196 2270/856 2369/4133
f 1063/2335 3137/2272 1062/2334
f 1574/298 2973/4111 1618/4157
f 2922/470 566/3512 368/469
f 1758/1227 2306/1600 2316/4025
f 9/4135 7/4028 2372/3192
f 2372/3192 2070/3209 9/4135
f 7/4028 9/4135 2354/4136
f 2272/3196 2354/4136 9/4135
f 1273/4112 1718/258 1776/916
f 1618/4157 1448/4123 1574/298
f 1835/1028 386/3655 1794/3631
f 2241/3439 2692/3438 290/52
f 520/3340 24/3688 2883/54
f 1515/91 2542/245 2801/90
f 2883/54 24/3688 323/53
f 2883/54 2094/2109 520/3340
f 2956/1713 1588/4142 1603/1712
f 323/53 2771/4013 290/52
f 1517/750 2393/3291 2406/749
f 1264/130 2773/3428 1376/3429
f 2160/3543 2158/3542 2177/3050
f 2775/2707 3060/2653 2978/2654
f 2816/2655 3060/2653 2775/2707
f 2662/2569 399/3089 2358/2362
f 2792/1050 2531/3883 2474/3882
f 2792/1050 2474/3882 2747/3865
f 1065/3297 2026/677 2389/3301
f 2019/1591 3021/1132 2969/1194
f 1076/3079 399/3080 2662/2571
f 2808/1164 2946/2573 2281/2574
f 2808/1164 2200/1170 2946/2573
f 2200/1170 748/1166 747/1167
f 1065/3297 1064/3309 2084/3468
f 976/1530 2044/3224 2075/3515
f 1501/3303 2084/3468 3333/3304
f 2828/4160 2747/3865 2524/3866
f 2828/4160 2792/1050 2747/3865
f 3145/4161 2414/2324 2338/2325
f 2053/397 2074/395 2067/2614
f 1064/3309 3333/3304 2084/3468
f 1064/3309 2423/361 244/3239
f 2080/4162 2075/3515 2044/3224
f 2857/4163 2604/3854 2494/3876
f 2857/4163 2602/1079 2879/981
f 2857/4163 2494/3876 2602/1079
f 2858/985 3050/1489 2562/3760
f 919/1488 3050/1489 2858/985
f 3048/1082 667/1726 3277/593
f 601/658 1225/3707 1227/830
f 2705/2419 2691/2416 568/2745
f 2895/3830 2768/2684 3199/3825
f 444/3102 3354/4125 2469/2364
f 2392/3296 1214/3292 1420/215
f 2351/3924 3084/3840 3031/3839
f 1087/3090 1472/3129 2469/2364
f 2407/709 2406/749 2390/3306
f 1448/4124 1667/2418 88/2400
f 1614/4141 1463/1936 53/60
f 1626/2661 1514/827 2796/3218
f 2074/395 1987/815 2065/4092
f 1200/1951 1604/4147 1119/1950
f 144/638 1235/4164 2029/870
f 3283/998 3048/1082 1205/584
f 1093/2505 2339/2566 2863/2601
f 482/1663 2499/2225 882/1662
f 1486/1556 2586/89 1240/592
f 1998/2424 1292/1639 2195/1640
f 2904/1126 3030/3812 2182/1422
f 2904/1126 3005/4089 3030/3812
f 2904/1126 2286/943 3005/4089
f 2914/1154 3003/1521 3056/3806
f 32/839 2064/4166 1964/4167
f 2978/2811 2920/3796 2737/2160
f 239/2764 134/3115 1520/23
f 557/1781 560/447 1541/721
f 2823/2153 485/3382 2767/3769
f 2050/4137 2049/3259 590/3260
f 3265/3519 3201/3520 2043/3586
f 1104/1804 3054/1805 192/1758
f 2956/1713 3054/1805 1463/1936
f 1618/4156 1607/2435 1667/2418
f 622/705 530/1144 1154/1226
f 40/72 12/70 448/1653
f 2187/955 794/1287 740/956
f 3277/593 1603/1712 1602/586
f 2759/2763 1678/2552 638/2453
f 1200/1951 241/85 1604/4147
f 2661/3189 1238/2207 2680/860
f 2940/963 2993/1528 3366/924
f 3175/3639 2283/3662 2637/3638
f 2190/3010 2212/2463 1188/3009
f 2949/1140 2745/2367 2884/4165
f 341/2119 2589/2881 412/343
f 2949/995 735/1073 734/996
f 370/1716 455/127 367/332
f 2948/3319 2950/4104 2269/4169
f 1433/3929 50/286 1799/147
f 1491/920 1901/3701 332/3152
f 205/4155 134/4171 239/4168
f 1214/3292 2347/3298 2393/3291
f 449/448 557/1781 1471/2877
f 1088/1886 2021/711 2407/709
f 3333/3304 1118/3275 2709/1576
f 1288/3358 2249/1 2529/2
f 747/1167 3269/1168 2200/1170
f 1975/1574 1970/3061 2777/3650
f 2777/3650 2772/1573 1975/1574
f 2288/4172 2326/686 188/166
f 2263/809 2044/3224 530/1144
f 375/4022 2348/207 510/227
f 1118/3275 2075/3515 2080/4162
f 144/638 2005/868 652/637
f 2053/397 246/3535 2080/4162
f 2080/4162 246/3535 2003/4173
f 2277/3274 1118/3275 2080/4162
f 2123/3637 3176/3661 3175/3639
f 2047/4143 2001/808 2891/1016
f 1996/4174 2020/807 2001/808
f 2340/1626 3307/2787 485/3382
f 1475/2502 1624/2437 59/2504
f 2044/3224 2085/3327 2080/4162
f 375/4022 1121/4146 202/4144
f 1983/814 2065/4092 1987/815
f 2085/3327 2280/3186 1735/2530
f 2044/3224 2280/3186 2085/3327
f 2277/3274 2080/4162 2003/4173
f 1982/1087 1523/3435 1977/3645
f 2080/4162 2085/3327 2053/397
f 2848/1222 3112/2208 2497/3875
f 2967/939 50/286 1791/3376
f 2132/896 2888/3651 2263/809
f 2453/897 2888/3651 2132/896
f 2453/897 1244/4011 2282/1017
f 2286/943 2904/1126 727/1128
f 2286/943 727/1128 724/945
f 3173/80 2906/3590 1397/3672
f 1235/4164 1513/396 2029/870
f 3206/1583 1622/4040 1587/4038
f 1938/4175 1948/4127 2038/2527
f 2991/4176 2745/2367 2949/1140
f 2991/4176 3030/3811 2745/2367
f 2001/808 2047/4143 1996/4174
f 2991/4177 2182/1422 3030/3812
f 2991/4177 2299/1391 2182/1422
f 2991/4177 2949/995 2299/1391
f 1989/518 1948/4127 1988/4128
f 2020/807 2037/4178 1735/2530
f 2074/395 1513/396 1234/636
f 2123/3637 2637/3638 67/3726
f 2891/1016 2282/1017 2047/4143
f 1915/4179 2047/4143 2123/3637
f 1882/251 188/166 2285/562
f 1634/2832 373/2966 366/2831
f 1234/636 1513/396 1235/4164
f 486/43 2119/1193 1532/3261
f 1915/4179 2123/3637 67/3726
f 2360/869 1988/4128 216/568
f 246/3535 2277/3274 2003/4173
f 2005/868 2367/867 2050/4137
f 32/839 1964/4167 2726/1039
f 2029/870 1513/396 1989/518
f 1587/4038 1639/444 3206/1583
f 3009/1274 2817/1433 3240/2652
f 1919/4180 254/569 1965/567
f 881/1432 2817/1433 3009/1274
f 2050/4137 2367/867 110/3850
f 42/4181 41/517 1949/1041
f 1965/567 1952/1040 1243/1295
f 216/568 254/569 110/3850
f 44/516 2033/1034 3347/3679
f 31/838 2726/1039 1948/4127
f 139/3644 1689/299 1887/3220
f 110/3850 1532/3258 2049/3259
f 1905/3705 1882/251 1225/3707
f 1997/4152 1900/163 2066/1032
f 1882/251 1227/830 1225/3707
f 254/569 1532/3258 110/3850
f 2050/4137 110/3850 2049/3259
f 1917/1567 1236/3946 1487/1313
f 1930/2003 526/164 392/3222
f 1652/3395 2967/939 1754/3375
f 2726/1039 1964/4167 1949/1041
f 1952/1040 1949/1041 2609/526
f 3014/1116 1395/1281 3052/3751
f 1949/1041 1964/4167 42/4181
f 96/3749 2835/2880 94/2878
f 2367/867 2360/869 110/3850
f 2425/859 2293/2862 2594/728
f 2029/870 1988/4128 2360/869
f 1938/4175 67/3726 31/838
f 1965/567 2726/1039 1952/1040
f 2050/4137 2266/236 2005/868
f 1837/2159 2438/1625 2091/1659
f 238/1188 1449/3119 606/901
f 722/1118 3016/1119 2817/1433
f 1851/3942 2902/3958 1931/3957
f 1929/3430 1859/3641 1903/3687
f 28/659 1039/264 601/658
f 327/3940 2404/3314 254/3954
f 1227/830 1228/657 601/658
f 1903/3687 528/3904 1548/3938
f 1243/1295 1919/4180 1965/567
f 1243/1295 1854/1296 327/3941
f 327/3941 1854/1296 355/3977
f 1919/4180 1243/1295 327/3941
f 852/1123 1562/1122 2427/1402
f 41/517 2609/526 1949/1041
f 1919/4180 327/3941 254/569
f 1936/3045 2625/3046 1454/3047
f 3347/3679 2596/293 1821/4114
f 3017/2441 841/1390 718/4183
f 1548/3938 528/3904 1850/854
f 556/3446 1375/3587 3070/3445
f 2908/308 2177/3050 2668/307
f 718/4184 884/1435 3017/1436
f 164/4034 1622/4040 1471/2877
f 2031/2494 1099/2493 1270/2501
f 3016/1119 719/1120 717/4185
f 2902/3958 1851/3942 1844/3937
f 3016/1119 717/4185 716/4186
f 2284/3706 1935/262 2283/3662
f 1735/2530 2280/3186 2020/807
f 2726/1039 1965/567 216/568
f 216/568 1948/4127 2726/1039
f 2360/869 2367/867 144/638
f 1969/3663 2637/3638 2283/3662
f 1916/4187 1254/252 207/4109
f 1989/518 1988/4128 2029/870
f 2045/4188 2037/4178 1996/4174
f 2045/4188 1996/4174 2047/4143
f 1601/4093 2065/4092 1983/814
f 3295/441 3180/1997 3227/4033
f 2153/3060 378/2469 1757/1783
f 557/1781 1541/721 1510/926
f 2020/807 1996/4174 2037/4178
f 634/250 2284/3706 2283/3662
f 1915/4179 1938/4175 2038/2527
f 2045/4188 2047/4143 1915/4179
f 1915/4179 67/3726 1938/4175
f 1793/1634 404/1679 2199/1724
f 1794/3631 1738/3683 1445/4008
f 2064/4166 32/839 38/840
f 1735/2528 1989/2526 2085/3328
f 1735/2530 2037/4178 2038/2527
f 1654/2033 1123/2445 1618/4157
f 777/1248 3174/1249 3187/3770
f 1989/518 2038/2527 1948/4127
f 2038/2527 2037/4178 1915/4179
f 2045/4188 1915/4179 2037/4178
f 1935/262 2033/1034 42/4181
f 1969/3663 2283/3662 1935/262
f 1948/4127 1938/4175 31/838
f 1969/3663 67/3726 2637/3638
f 2523/1212 2791/2567 3072/1529
f 376/3680 1650/3711 2955/3531
f 2060/3991 2370/289 1738/3683
f 3227/4033 1471/2877 3295/441
f 386/3655 673/1228 2060/3991
f 2033/1034 44/516 42/4181
f 188/166 1231/301 521/165
f 2064/4166 42/4181 1964/4167
f 2867/1798 2938/3400 1367/3399
f 2727/263 1451/1031 2066/1032
f 2760/3474 1233/3431 2117/2936
f 716/4186 799/1310 3016/1119
f 2727/263 1039/264 3278/243
f 2030/3034 1743/2993 36/1201
f 2609/526 1821/4114 2596/293
f 3347/3679 573/515 44/516
f 1952/1040 2609/526 1243/1295
f 42/4181 44/516 41/517
f 2413/3266 588/598 33/3197
f 1491/920 162/484 1867/3718
f 770/1240 1525/1237 2866/1301
f 1899/3177 1826/3267 1898/3219
f 139/3644 1451/1031 2727/263
f 42/4181 2064/4166 38/840
f 1997/4152 553/1206 1900/163
f 1997/4152 33/3197 553/1206
f 2555/1099 3362/1110 3004/3791
f 1650/3694 2551/3602 2480/3248
f 2406/749 2393/3291 2/3299
f 2066/1032 140/1033 1997/4152
f 882/1662 2457/2228 2470/3885
f 1741/2992 1743/2993 2030/3034
f 2368/3634 1443/3686 1744/4139
f 38/840 67/3726 1969/3663
f 1779/2944 602/1808 1146/2934
f 1935/262 42/4181 38/840
f 784/1262 930/1515 2294/1260
f 2285/562 1816/167 1876/4119
f 1234/636 1235/4164 144/638
f 2727/263 2033/1034 1935/262
f 3263/3592 1192/1581 3040/3648
f 1238/2207 1237/3241 1252/2217
f 1436/3247 388/3229 1714/3155
f 2551/3602 2557/3581 1719/3579
f 1882/251 1905/3705 634/250
f 3278/243 1039/264 28/659
f 1413/242 1815/3696 1432/125
f 2283/3662 3175/3639 3176/3661
f 658/829 1882/251 2285/562
f 601/658 1039/264 1225/3707
f 1877/284 1689/299 1813/3075
f 1887/3220 2024/3199 139/3644
f 207/4109 1999/3660 1916/4187
f 139/3644 2024/3199 1997/4152
f 1486/1556 1495/513 2586/89
f 53/63 1604/4147 1614/3338
f 2148/1029 673/1228 386/3655
f 1876/4119 1874/4190 1815/3696
f 2273/3654 2306/1600 2684/1703
f 1544/232 536/230 1748/1229
f 1240/592 1239/591 2577/1342
f 1698/1267 2500/2721 2768/3814
f 1415/16 2939/1678 2931/1680
f 2357/3180 2318/4026 459/4049
f 1900/163 553/1206 507/162
f 1867/3718 1890/3703 1901/3701
f 2516/401 3013/402 1121/4023
f 1738/3683 1914/2061 313/3510
f 2902/3950 1927/3789 1977/3646
f 1927/3789 2902/3950 71/3745
f 566/3512 743/3437 363/113
f 2796/3218 1514/827 971/828
f 1856/3668 1563/3988 1561/3105
f 1904/3697 1499/3936 1843/3692
f 276/294 1845/1991 2596/4189
f 3057/1346 2743/1092 711/1095
f 1845/1991 276/294 2218/1873
f 1491/920 2787/3700 1503/483
f 202/231 1121/4023 3013/402
f 1984/3544 2316/4158 2318/4026
f 2446/3817 1827/2890 1569/3945
f 2089/600 1115/3317 2446/3594
f 3093/1089 709/1088 708/4191
f 3093/1089 708/4191 707/4192
f 1830/685 1827/2890 2446/3817
f 1900/163 2033/1034 2066/1032
f 1867/3718 1901/3701 1491/920
f 2888/3651 2001/808 2263/809
f 1614/4141 1588/4142 1463/1936
f 1694/4014 1828/356 1847/357
f 1828/356 1694/4014 1820/3699
f 1826/3267 1115/3317 2413/3266
f 1899/3177 1855/241 1888/239
f 1897/3178 518/283 1855/241
f 1285/2260 2345/678 1116/3290
f 3257/4030 2416/3383 485/3382
f 33/3197 1997/4152 2024/3199
f 2835/2880 96/3749 2480/3248
f 2285/562 1876/4119 658/829
f 20/1683 3095/1681 1416/789
f 2609/1297 2596/4189 1845/1991
f 2368/3634 1445/4007 2452/3685
f 3347/3679 27/161 526/164
f 1213/2766 2411/3782 3148/2785
f 2693/2741 1646/1064 2685/3907
f 1691/1268 2738/2730 2728/2720
f 2812/2460 2069/2996 1711/2997
f 1753/3359 1725/3366 1718/255
f 1900/163 3347/3679 2033/1034
f 28/659 1413/242 3278/243
f 2024/3199 1887/3220 1226/3198
f 1813/3075 1689/299 139/3644
f 1815/3696 1818/3545 479/142
f 1242/3238 2262/3188 2680/860
f 1691/1268 2728/2720 1698/1267
f 1737/687 1936/3045 1884/3250
f 1375/3587 2807/4067 3070/3445
f 479/142 2133/420 508/141
f 3127/970 2559/3857 2414/2324
f 634/250 2283/3662 1999/3660
f 1874/4190 1818/3545 1815/3696
f 1693/3153 2787/3700 332/3152
f 1633/4074 1575/21 10/4129
f 2955/3531 2532/3695 1652/3396
f 3331/4054 3169/3775 2849/3776
f 3260/4193 3214/2442 2759/2763
f 3131/4194 2353/3923 2543/975
f 2288/4172 188/166 1882/251
f 3370/918 2857/4163 2879/981
f 2948/3319 163/1885 2420/3321
f 3176/3661 1244/4011 1999/3660
f 3145/4161 3127/970 2414/2324
f 3152/1006 2534/3887 2518/3886
f 3152/1006 2350/3934 2534/3887
f 2387/3307 318/3293 2390/3306
f 3160/937 2602/1079 2559/3857
f 1225/3707 1039/264 2284/3706
f 3170/1479 2444/3897 2746/1478
f 3170/1482 2804/1483 2444/4195
f 1542/2809 2335/2353 1213/2766
f 706/1080 2879/981 2602/1079
f 1254/252 1916/4187 1244/4011
f 1916/4187 1999/3660 1244/4011
f 2306/1600 1758/1227 2148/1029
f 3183/912 2353/3923 3131/4194
f 3183/912 2338/2325 2353/3923
f 3183/912 3145/4161 2338/2325
f 3184/905 3131/4194 2543/975
f 2888/3651 2453/897 2891/1016
f 3326/2565 3197/3926 2874/3851
f 3050/1489 3197/3927 3326/2563
f 3218/952 2524/3866 2333/948
f 1750/3367 1754/4182 1783/3387
f 3218/952 2828/4160 2524/3866
f 3218/952 3186/1487 2828/4160
f 1228/657 1876/4119 1815/3696
f 1254/252 1244/4011 672/706
f 672/706 1255/707 1254/252
f 1254/252 2288/4172 1882/251
f 2695/1714 163/1885 1231/301
f 1744/3669 1835/1028 1442/3632
f 2792/1050 2828/4160 3186/1487
f 917/1051 2792/1050 3186/1487
f 1424/1874 2305/910 2139/865
f 1802/4198 1913/4132 2164/1036
f 1244/4011 3176/3661 2282/1017
f 2835/2880 2480/3248 1719/3579
f 3020/3729 2802/1043 693/1045
f 693/1045 2562/1046 3020/3729
f 1736/1687 3037/256 2458/4199
f 2951/1596 49/259 2452/3685
f 1736/1687 1753/3359 3037/256
f 691/1038 2858/985 2562/3760
f 1247/300 2948/3319 3349/640
f 521/165 1247/300 3349/640
f 3349/640 1913/4132 521/165
f 3349/640 2164/1036 1913/4132
f 1652/3396 1750/3367 1752/3532
f 1874/4190 1876/4119 1802/4198
f 1816/167 1802/4198 1876/4119
f 1254/252 1255/707 2288/4172
f 1802/4198 1816/167 1913/4132
f 2288/4172 1255/707 2326/686
f 2663/2572 1076/3079 2662/2571
f 1088/1886 564/381 2420/3321
f 2021/711 595/654 3155/655
f 66/4200 1787/3606 65/3607
f 2420/3321 163/1885 1088/1886
f 65/3607 1719/3579 1836/3577
f 36/1201 1743/2993 2581/741
f 1738/3683 1794/3631 2060/3991
f 1744/3669 979/665 2100/1030
f 2021/711 3155/655 618/710
f 618/710 3155/655 742/596
f 595/654 2021/711 1154/1226
f 2021/711 1088/1886 2695/1714
f 2950/4104 158/3320 1810/908
f 1810/4201 2268/3193 2950/4170
f 2268/3193 2267/3194 2950/4170
f 1810/908 158/3320 138/3172
f 2098/909 2268/3193 1810/4201
f 2098/909 2274/1897 2268/3193
f 318/3293 1088/1886 2407/709
f 1544/232 1748/1229 2316/4025
f 3362/1110 3014/1116 3052/3751
f 1810/908 1207/3212 2305/910
f 2295/965 973/49 1804/50
f 870/1421 2904/1126 2182/1422
f 1984/3544 2318/4026 2357/3180
f 65/3607 1436/3017 66/4200
f 2101/3329 2171/4202 1790/260
f 2101/3329 1886/419 2171/4202
f 3079/3800 3199/3825 2768/2684
f 3327/4050 2691/2416 2834/3740
f 1654/2033 2973/4111 1193/2118
f 2274/1897 1424/1875 2273/3654
f 294/3240 2267/3194 2304/3195
f 2171/4202 1804/4203 56/668
f 1737/687 1686/684 612/682
f 2335/2353 1542/2809 2488/2352
f 2499/2761 3237/2551 1678/2552
f 1273/257 2951/4113 3037/256
f 1886/419 2101/3329 367/332
f 2164/1036 635/3498 1802/4198
f 2274/1897 2273/3654 2686/784
f 1732/148 51/149 1737/687
f 1886/1002 2295/965 1804/50
f 2951/1596 1445/4007 2458/1686
f 1787/3606 2835/2880 1719/3579
f 2267/3194 2269/4149 2950/4170
f 3320/3143 383/1582 3264/1580
f 2948/3319 1246/4150 3349/640
f 1752/3532 313/3510 376/3680
f 3269/1168 3020/3729 3026/3728
f 939/1139 2802/1043 3269/1168
f 1252/2217 1250/3245 127/2201
f 3269/1168 2802/1043 3020/3729
f 2989/4039 1595/209 1599/210
f 387/1048 2683/479 1706/400
f 1258/3385 1264/130 2720/3448
f 459/4049 2139/865 2305/910
f 202/4144 2428/4021 375/4022
f 2368/3634 2452/3685 1443/3686
f 2316/4025 1748/1229 1758/1227
f 2835/2880 1787/3606 2839/4019
f 3275/1517 1609/2397 3098/2459
f 1575/21 146/238 1643/18
f 2304/3195 2268/3193 2274/1897
f 2806/2458 2870/3761 3267/2449
f 3197/3926 3232/3852 2874/3851
f 2875/2564 2562/3760 3326/2563
f 2425/859 2571/349 2861/877
f 1804/4203 2171/4202 1886/419
f 390/826 1131/1955 1617/1218
f 2269/4169 1246/4150 2948/3319
f 1432/125 479/142 1889/143
f 1790/260 2171/4202 56/668
f 1802/4198 635/3498 1818/3545
f 1874/4190 1802/4198 1818/3545
f 1432/125 1815/3696 479/142
f 1791/3377 1783/3387 1754/4182
f 1783/3386 1782/2968 1725/2967
f 1781/3044 506/3151 614/3043
f 2839/4019 1787/3606 66/4200
f 1815/3696 1413/242 28/659
f 1983/814 1970/3061 1975/1574
f 614/3043 1785/4148 1784/742
f 1790/260 2103/1715 2101/3329
f 2772/1555 2756/2660 1495/513
f 1094/1688 1774/3967 1731/3670
f 1094/1688 1731/3670 2462/3682
f 2452/3685 1445/4007 2951/1596
f 367/332 2103/1715 370/1716
f 2955/3531 1650/3711 2532/3695
f 3037/256 2951/4113 2458/4199
f 457/261 2103/1715 1790/260
f 1252/2217 2088/1730 1238/2207
f 1595/209 1583/4044 1557/4073
f 1790/260 56/668 1443/3686
f 614/3043 506/3151 1785/4148
f 1785/4148 506/3151 455/127
f 94/2878 1722/2879 1716/3550
f 467/212 1266/3270 2347/3298
f 1268/3284 127/2201 1250/3245
f 2636/863 459/864 2306/1600
f 1443/3686 56/668 2147/4138
f 1442/4197 2368/3634 1744/4139
f 1781/3044 1819/2980 1877/284
f 1758/1227 673/1228 2148/1029
f 1717/2928 1871/3216 1454/3047
f 864/1197 1605/1196 1609/1413
f 133/4095 115/2375 183/22
f 101/2381 1765/2417 1437/2318
f 1722/2879 2839/4019 66/4200
f 672/706 3191/1145 622/705
f 108/3226 1270/2500 1114/2823
f 1436/3017 1871/3216 66/4200
f 1632/1216 2307/1214 1037/1618
f 3291/1406 2813/2409 2925/2410
f 3291/1406 2555/1099 2813/2409
f 66/4200 1871/3216 1713/3217
f 1501/3303 224/137 2408/3316
f 854/1100 2555/1099 3291/1406
f 3325/2066 3198/2067 3101/3653
f 858/1407 1550/1408 1586/1410
f 3101/3653 3217/3588 3325/2066
f 1784/742 1785/4148 370/1716
f 1644/20 1591/211 1557/19
f 2967/939 1652/3395 2535/3125
f 1055/2749 1474/2776 1407/2736
f 2233/3280 1045/3221 3185/1729
f 1668/2084 1306/2108 2194/1731
f 584/1999 1555/3406 1493/3469
f 1713/3217 1722/2879 66/4200
f 1754/4182 1750/3367 1652/3396
f 36/1201 1762/3698 2030/3034
f 1509/389 2254/676 562/459
f 1215/464 1185/3073 1202/3066
f 1762/3698 1273/4112 2030/3034
f 1718/258 93/915 1776/916
f 1071/1722 3326/2565 1402/2829
f 163/1885 2948/3319 1247/300
f 568/2745 3327/4050 1663/1288
f 1987/815 1234/636 652/637
f 1656/2038 3331/2036 1751/2751
f 455/127 506/3151 3355/126
f 1861/1959 3300/1969 3242/468
f 2312/363 2311/3256 856/1857
f 100/2005 106/2010 191/313
f 133/4095 183/22 22/35
f 69/1879 13/1671 2939/1678
f 13/1671 69/1879 217/383
f 1615/98 1614/3338 1551/84
f 34/1958 1861/1959 3348/36
f 1417/973 3091/184 1283/3537
f 1924/1918 3087/1919 329/2797
f 2821/2408 485/3382 3307/2787
f 2481/2791 2479/2183 1537/2790
f 1420/215 2384/417 2392/3296
f 1294/114 2824/3490 1295/3485
f 431/1225 2309/675 2376/957
f 1295/3485 1293/25 363/113
f 2754/2711 2744/3813 1419/4075
f 1305/4084 1419/4058 2758/2717
f 2759/2763 2351/3924 2820/2760
f 83/2013 2401/2011 1460/2044
f 3046/2658 2770/2144 2513/2142
f 3257/1215 2823/2806 571/3286
f 2685/3907 1751/2751 2849/4053
f 3087/1919 1287/2786 329/2797
f 3344/2434 305/426 1097/3676
f 382/583 743/3437 566/3512
f 2391/2773 2645/3794 2629/2346
f 2770/2144 2784/3529 2987/2143
f 2500/3871 3238/3757 3247/2631
f 1097/3676 3334/3674 2186/4100
f 630/1152 2501/2757 2441/1151
f 2619/2772 2394/3915 2391/2773
f 3331/4054 3254/3891 3169/3775
f 3064/2037 3254/3891 3331/4054
f 2880/2510 3255/2665 2988/2657
f 1407/2736 1474/2776 2464/2344
f 2806/2458 3321/2447 3274/4052
f 3214/2442 3260/4193 3321/2447
f 2379/2777 2464/2344 1474/2776
f 2159/376 2180/2863 2160/3543
f 1305/4084 1317/2714 80/4069
f 2758/2717 1317/2714 1305/4084
f 2614/3917 2379/2777 2363/2775
f 329/2797 1537/2790 1924/1918
f 3223/3762 3267/2449 2870/3761
f 1055/2749 2363/2775 1474/2776
f 2880/2510 3270/2509 3255/2665
f 2537/2570 1303/2750 2663/2572
f 3090/2641 2339/2566 2881/2477
f 1092/3414 223/3444 2383/3723
f 3260/4193 3274/4052 3321/2447
f 2383/3723 1383/2489 1092/3414
f 967/2076 2330/1644 2823/2806
f 2759/2763 3274/4052 3260/4193
f 1296/3953 1537/2790 329/2797
f 568/2745 2691/2416 3327/4050
f 2350/3934 3152/1006 669/1008
f 882/1662 3354/4125 444/3102
f 2005/868 2544/237 1970/3061
f 3348/36 1861/1959 133/4095
f 1983/814 652/637 1970/3061
f 243/24 239/2764 1520/23
f 1231/301 163/1885 1247/300
f 557/1781 449/448 560/447
f 2629/2346 1284/3724 3363/2341
f 1279/4072 3288/446 1639/444
f 1460/2044 2401/2011 2409/3452
f 1279/4072 1280/3928 3288/446
f 549/4204 905/1472 2792/1050
f 2792/1050 694/1052 549/4204
f 555/882 666/1005 3367/880
f 3367/880 3152/1006 2518/3886
f 911/885 3367/880 2804/4196
f 1234/636 1987/815 2074/395
f 3367/880 2444/3896 2804/4196
f 3367/880 2518/3886 2444/3896
f 907/976 2543/975 3369/1473
f 3369/1473 2531/3883 2792/1050
f 3369/1473 2533/3863 2531/3883
f 3369/1473 2541/3861 2587/3862
f 3369/1473 2543/975 2541/3861
f 3369/1473 2587/3862 2533/3863
f 2879/981 702/1081 576/982
f 3145/4161 3183/912 649/978
f 649/978 3127/970 3145/4161
f 582/907 3183/912 3131/4194
f 3131/4194 3184/905 582/907
f 3370/918 3136/922 2604/3854
f 3370/918 2604/3854 2857/4163
f 3366/924 592/4205 589/929
f 3184/905 2543/975 642/906
f 2559/3857 3127/970 636/972
f 3366/924 599/923 592/4205
f 636/972 3160/937 2559/3857
f 3366/924 2604/3853 3136/925
f 1755/3076 1855/241 172/2981
f 3348/36 133/4095 22/35
f 2177/3050 647/771 2668/307
f 135/3300 2345/678 1285/2260
f 3362/1110 3052/3751 2767/3769
f 605/1283 746/1161 2281/1162
f 2331/1306 2187/955 628/961
f 856/1857 529/128 2312/363
f 1237/3241 1274/3233 1250/3245
f 792/1282 2281/1162 2361/2576
f 13/1671 3361/1717 6/1651
f 608/4206 850/1401 3359/1156
f 3359/1156 613/1157 608/4206
f 1281/3324 1278/3323 149/3126
f 2631/2140 2632/2562 241/85
f 3359/1156 2427/1402 2342/2560
f 3359/1156 2342/2560 3050/1489
f 745/1155 3359/1156 3050/1489
f 2806/2458 2759/2763 638/2453
f 2746/1478 2286/947 624/946
f 2387/3307 1171/3234 2296/3237
f 3353/887 621/1009 617/888
f 3353/887 2332/3933 2350/3934
f 624/946 910/1477 2746/1478
f 3353/887 2333/948 2332/3933
f 669/1008 3353/887 2350/3934
usemtl Tile_+001_+004_texture_2
f 657/990 656/988 3328/989
f 3328/989 656/988 913/991
f 2435/993 659/992 657/990
f 687/1001 665/999 3221/1000
f 3221/1000 665/999 698/1004
f 2237/1014 680/1013 679/1015
f 909/1020 683/1018 3056/1019
f 3056/1019 683/1018 684/1021
f 2914/1022 684/1021 682/1023
f 846/1026 688/1024 2826/1025
f 2826/1025 688/1024 2319/1027
f 2615/1054 697/1053 696/1055
f 3221/1000 698/1004 697/1053
f 849/1059 699/1057 2900/1058
f 2900/1058 699/1057 700/1060
f 670/1069 704/1066 2884/1067
f 801/1131 729/1129 2278/1130
f 2278/1130 729/1129 730/1135
f 2261/1136 730/1135 728/1137
f 3330/1142 736/1141 663/1143
f 682/1023 741/1147 2914/1022
f 866/1265 785/1263 2465/1264
f 2465/1264 785/1263 802/1266
f 2465/1264 802/1266 3078/1320
f 3078/1320 802/1266 2278/1130
f 728/1137 803/1321 2261/1136
f 2261/1136 803/1321 804/1322
f 714/1251 838/1383 3174/1384
f 3174/1384 838/1383 839/1385
f 3280/1386 839/1385 678/1387
f 660/1400 847/1399 3330/1142
f 3330/1142 847/1399 849/1059
f 678/1387 865/1415 3280/1386
f 3280/1386 865/1415 866/1265
f 2960/1417 867/1416 738/1418
f 679/1015 868/1419 2237/1014
f 2237/1014 868/1419 869/1420
f 2960/1417 908/1475 3346/1476
f 3346/1476 908/1475 909/1020
f 3328/989 913/991 915/1484
f 3328/989 915/1484 3312/1485
f 3312/1485 915/1484 2826/1025
f 2739/1519 932/1518 744/1520
f 3003/1524 933/1522 2509/1523
f 1608/1741 1611/1740 2152/1742
f 2197/1747 1912/1744 1023/1746
f 1611/1740 643/1757 2152/1742
f 1611/1740 2112/1769 1534/1770
f 1534/1770 2112/1769 1522/1771
f 1780/1814 1760/1813 3251/1815
f 1780/1814 3251/1815 739/1816
f 739/1816 611/1810 1780/1814
f 3337/1845 3335/1844 1021/1846
f 1912/1744 2013/1947 1023/1746
f 2013/1947 1611/1740 1023/1746
f 2509/1523 933/1522 932/1518
f 2112/1769 1611/1740 2013/1947
f 2997/2520 2436/2522 3024/2523
f 2826/1025 2417/2524 2615/1054
f 2826/1025 915/1484 914/2525
f 2826/1025 2319/1027 2417/2524
f 3312/1485 2435/993 3328/989
f 2909/2701 739/1816 3251/1815
f 2507/2518 2909/2701 3335/1844
f 1021/1846 2889/2726 3337/1845
f 2151/2252 1564/2815 2152/1742
f 1611/1740 1534/1770 643/1757
f 1746/2949 2152/1742 643/1757
f 1023/1746 1611/1740 1608/1741
f 2197/1747 1023/1746 1608/1741
f 2237/1014 869/1420 867/1416
f 2826/1025 914/2525 846/1026
f 2757/3803 2960/1417 3056/1019
f 2757/3803 2615/1054 2960/1417
f 2748/3805 3056/1019 3003/1524
f 2748/3805 2757/3803 3056/1019
f 2739/1519 2854/3820 2745/3821
f 2509/1523 2748/3805 3003/1524
f 2492/3880 2615/1054 2757/3803
f 2436/2522 3078/1320 2965/3898
f 2436/2522 2997/2520 2889/2726
f 2436/2522 2965/3898 3024/2523
f 2436/2522 2522/3901 3078/1320
f 2435/993 3024/2523 2965/3898
f 2146/2853 1746/2949 643/1757
f 611/1810 1760/1813 1780/1814
f 1608/1741 2152/1742 1564/2815
f 2522/3901 3174/1384 839/1385
f 2615/1054 2909/2701 2507/2518
f 2237/1014 2960/1417 2615/1054
f 2965/3898 2261/1136 804/1322
f 739/1816 2615/1054 2492/3880
f 2278/1130 802/1266 801/1131
f 2278/1130 2965/3898 3078/1320
f 2909/2701 2615/1054 739/1816
f 2319/1027 2615/1054 2417/2524
f 2465/1264 3078/1320 2522/3901
f 3251/1815 3335/1844 2909/2701
f 2889/2726 2997/2520 2507/2518
f 2507/2518 3337/1845 2889/2726
f 3335/1844 3337/1845 2507/2518
f 932/1518 2739/1519 2509/1523
f 2900/1058 2745/3821 2854/3820
f 2900/1058 2884/1067 2745/3821
f 867/1416 2960/1417 2237/1014
f 2739/1519 744/1520 736/1141
f 2965/3898 2278/1130 730/1135
f 730/1135 2261/1136 2965/3898
f 866/1265 2465/1264 3280/1386
f 2884/1067 2900/1058 700/1060
f 849/1059 2900/1058 3330/1142
f 3221/1000 2615/1054 2319/1027
f 697/1053 2615/1054 3221/1000
f 2319/1027 688/1024 687/1001
f 684/1021 2914/1022 3056/1019
f 2615/1054 696/1055 680/1013
f 680/1013 2237/1014 2615/1054
f 839/1385 3280/1386 2522/3901
f 3280/1386 2465/1264 2522/3901
f 1021/1846 3335/1844 3251/1815
f 2884/1067 700/1060 670/1069
f 687/1001 3221/1000 2319/1027
f 3330/1142 2854/3820 2739/1519
f 736/1141 3330/1142 2739/1519
f 3330/1142 2900/1058 2854/3820
f 3330/1142 663/1143 660/1400
f 2965/3898 804/1322 659/992
f 659/992 2435/993 2965/3898
f 657/990 3328/989 2435/993
f 3346/1476 3056/1019 2960/1417
f 738/1418 908/1475 2960/1417
f 909/1020 3056/1019 3346/1476
